r,epsilon,seed,global_activity_mean,global_activity_std,wall_density_mean,wall_density_std,mean_wall_velocity,global_period,global_period_power,global_spectral_entropy,global_lowfreq_power,wall_period,wall_period_power,wall_spectral_entropy,wall_lowfreq_power,global_ac_peak_lag,global_ac_peak_value,wall_ac_peak_lag,wall_ac_peak_value,wall_ac_late_mean,max_cluster_lifetime,mean_cluster_lifetime,wall_ac,frame_25,motif_25,comp_25,frame_50,motif_50,comp_50,frame_75,motif_75,comp_75,frame_100,motif_100,comp_100,frame_125,motif_125,comp_125,frame_150,motif_150,comp_150,frame_175,motif_175,comp_175,frame_200,motif_200,comp_200,frame_225,motif_225,comp_225,frame_250,motif_250,comp_250,frame_260,motif_260,comp_260,odd_even_motif_index,even_decay_index,resonance_index,smooth_even_score,resonant_even_score,long_memory_score
3.855,0.103,101,0.600375,0.04990475303014734,0.73675,0.08276132852969437,0.25027856089886164,400.0,0.04989136644637785,0.9025356509176298,0.12938425960336014,400.0,0.21559119600871055,0.8010218625664768,0.32150394226420403,3,0.22141107402550955,4,0.43703780419924987,-0.05656372077777287,13.0,1.1207453888571972,"[ 1.00000000e+00  1.82592343e-01  1.36717021e-01  4.35518724e-01
  4.37037804e-01  9.11424068e-02  1.80985346e-01  2.94926978e-01
  2.73633966e-01  1.41930428e-01  1.80190663e-01  3.03553691e-01
  2.22520371e-01  1.67278403e-01  2.56450667e-01  2.88081708e-01
  1.97439936e-01  1.84655834e-01  2.62152868e-01  2.32405695e-01
  1.48634924e-01  1.91699387e-01  3.10499995e-01  1.44122077e-01
  1.89923990e-01  2.72225251e-01  2.31099406e-01  1.55299181e-01
  2.32312599e-01  2.73980961e-01  2.21234636e-01  1.65696111e-01
  2.34980792e-01  2.74824187e-01  1.54070453e-01  1.86372170e-01
  2.43123888e-01  1.64828020e-01  1.51747361e-01  1.69932955e-01
  1.88415107e-01  1.50213772e-01  1.15046445e-01  1.44907269e-01
  1.86146764e-01  1.23121310e-01  1.30840717e-01  1.62471759e-01
  1.79261253e-01  1.18731442e-01  1.21591873e-01  1.59181434e-01
  1.35392779e-01  1.13857958e-01  1.17443814e-01  1.57770825e-01
  1.02957725e-01  1.15855476e-01  1.53928653e-01  8.43287542e-02
  1.63167140e-01  1.09695390e-01  8.79735106e-02  1.10050848e-01
  1.32557053e-01  7.29397259e-02  7.96918999e-02  1.14356950e-01
  1.10642936e-01  9.87165689e-02  7.77201139e-02  9.70600004e-02
  1.09100017e-01  8.99285297e-02  9.39980017e-02  5.79181913e-02
  1.30907556e-01  1.29260318e-01  5.00519659e-02  4.17755336e-02
  8.96442226e-02  7.79596637e-02  4.04837532e-02  2.64906105e-02
  8.84754223e-02  7.74615388e-02  4.29101386e-02  4.97170616e-02
  8.27442034e-02  6.64972260e-02  2.28757380e-02  3.29037284e-02
  5.94887354e-02  5.18829785e-02 -6.06584026e-02  7.27419451e-02
  6.37400881e-02 -3.80932969e-02  2.55294230e-02  6.23935588e-02
  3.03925505e-02  1.73118915e-02  3.43979433e-02  1.86345822e-02
  6.35240120e-02  4.81916854e-03  1.52760263e-02  3.64408802e-02
  2.45145131e-02 -1.16200464e-02  2.25066383e-02  5.52919720e-02
 -9.80025732e-03 -1.07768202e-02 -1.22369994e-02  5.86308410e-02
 -8.44513692e-02  1.88370167e-02 -3.34804409e-02 -4.15798286e-03
 -3.56753748e-02  6.66366307e-03 -5.36243396e-02 -7.64364774e-04
  1.94332564e-02 -5.19916097e-02 -3.72141417e-02 -1.88414879e-02
 -3.87384001e-02 -5.22479264e-02 -3.63709155e-02 -3.37522926e-02
 -2.53622104e-02 -7.92628272e-02 -2.73700851e-02 -3.19965827e-02
 -8.42592914e-02 -2.61662226e-02 -8.66960334e-02 -4.47858629e-02
 -3.88914236e-02 -3.53055680e-02 -9.53517625e-02 -7.04597093e-04
 -3.74550830e-02 -7.24353505e-02 -3.70996250e-02 -2.36635080e-02
 -8.73596372e-02 -4.41081156e-02 -5.80465093e-02 -6.55975171e-02
 -1.06294495e-01 -1.46813379e-02 -8.40394284e-02 -7.04162522e-02
 -4.86354719e-02 -7.62611209e-02 -1.06195354e-01 -5.01690604e-02
 -7.14620726e-02 -1.48174782e-01 -7.25027146e-02 -3.28463788e-02
 -1.51049721e-01 -9.86733628e-02 -9.11410152e-02 -1.19008472e-01
 -1.16763968e-01 -9.01242118e-02 -1.31250057e-01 -8.38102353e-02
 -8.15657308e-02 -1.27495803e-01 -1.23426331e-01 -5.29326085e-02
 -1.27578542e-01 -1.27829680e-01 -8.81733445e-02 -5.85543293e-02
 -1.17633291e-01 -1.02614015e-01 -7.59742588e-02 -8.98579035e-02
 -9.21758174e-02 -1.09335278e-01 -1.26439991e-01 -8.38043954e-02
 -9.25644442e-02 -1.70618504e-01 -1.38745654e-01 -6.85484894e-02
 -1.16974204e-01 -1.35420267e-01 -1.40530381e-01 -6.18790548e-02
 -1.27400151e-01 -1.53871509e-01 -1.10378179e-01 -1.14279252e-01
 -1.47863419e-01 -1.23961115e-01 -1.08700030e-01 -1.26343108e-01
 -1.20877536e-01 -1.28912160e-01 -7.39854094e-02 -1.32932061e-01
 -8.20293637e-02 -9.39557309e-02 -1.00407196e-01 -1.12333563e-01
 -8.91019336e-02 -1.06074335e-01 -1.06325474e-01 -9.60556752e-02
 -1.16865071e-01 -1.13708083e-01 -9.38298309e-02 -1.04601906e-01
 -8.22827604e-02 -1.06687342e-01 -9.62304843e-02 -7.02614038e-02
 -1.23436596e-01 -9.77093238e-02 -9.01769762e-02 -1.02532211e-01
 -1.27475158e-01 -9.51186913e-02 -7.87033151e-02 -9.97545191e-02
 -8.04146326e-02 -7.17827422e-02 -8.04880419e-02 -8.02555639e-02
 -3.42665912e-02 -9.13335265e-02 -8.63515708e-02 -3.98789819e-02
 -7.27924738e-02 -4.75488179e-02 -8.82457957e-02 -8.07681972e-02
 -4.90824064e-02 -9.30004517e-02 -1.16789107e-01 -7.02617688e-02
 -6.53345621e-02 -9.32567683e-02 -9.25954230e-02 -5.17847953e-02
 -5.05075234e-02 -6.49295334e-02 -4.32810632e-02 -2.61950115e-02
 -3.83631868e-02 -1.01575700e-01 -2.51782081e-02 -4.32501528e-02
 -6.33888732e-02]",0.21586666666666668,0.0002666666666666667,0.0,0.8224285714285714,0.3236428571428571,0.0,0.2453076923076923,0.0016153846153846153,0.0,0.794,0.2795,0.0,0.26890909090909093,0.0024545454545454545,0.0,0.7655,0.2502,0.0,0.3,0.0033333333333333335,0.0,0.734,0.195875,0.0,0.3117142857142857,0.004428571428571428,0.0,0.7278333333333333,0.19266666666666668,0.0,0.7283928571428572,0.19339285714285714,0.0,0.2459572044622045,0.0,0.04967538095238096,0.0,1.3213391605393035e-05,1.3213391605393035e-05
3.855,0.103,707,0.5820625,0.04262990257729895,0.7923750000000002,0.07043159358554939,0.1908519311908299,2.0,0.05528199040246122,0.8964616637297704,0.10596924557400497,3.8095238095238093,0.053265019122442185,0.8940222279637039,0.15925881777133705,4,0.22886976577227236,4,0.2609898292485488,-0.006886798655269307,17.0,1.0888010992785984,"[ 1.00000000e+00 -1.42696131e-02 -3.71697183e-02  1.65264766e-01
  2.60989829e-01 -3.65741120e-02 -3.40835614e-02  2.20200021e-01
  7.61548953e-02 -3.58156681e-02 -1.10307296e-02  2.21641975e-01
 -1.29256738e-02 -1.13107717e-02 -4.35693384e-03  1.26261776e-01
  3.48343040e-02 -5.86216490e-02  3.33236372e-02  6.96400471e-02
  6.64073844e-02 -1.09627259e-01  1.43396398e-01  4.11209639e-02
  6.58229363e-03 -2.51372925e-02  5.54686609e-02  1.09616171e-01
  5.01302448e-03  4.06459246e-02  6.72672051e-02  9.17529112e-02
 -5.71397793e-02  2.74380904e-02  1.35496049e-02  8.37350659e-03
 -4.20528287e-02  4.61126799e-02  5.36429339e-02 -3.94287417e-02
  5.50363961e-02 -2.94949430e-03  3.28755445e-02 -2.20140781e-02
  1.84663868e-02  1.01940207e-02 -2.07570107e-02  5.82047395e-02
 -7.96478507e-02  7.58701442e-02  4.40934676e-03  2.13354978e-02
 -5.53652368e-03  9.16406046e-02  5.55206801e-03 -8.52855622e-03
  1.39286693e-02  3.67701722e-02 -4.98097354e-02 -1.33011869e-02
  3.97785365e-02 -1.86987250e-02  2.03296753e-02 -2.37829116e-03
  5.55489969e-02  7.60627868e-02  1.17772672e-02 -3.92254842e-02
  4.89400244e-02  7.46856564e-02 -2.34257226e-02 -5.09812539e-02
  9.47565666e-02  2.45344574e-03 -6.91994904e-02  7.62668554e-03
  6.73903156e-02 -1.74276881e-03 -5.84687334e-02 -1.94403331e-02
  5.77701202e-02 -2.01824451e-02 -2.56357271e-02 -4.24628873e-03
  3.01266855e-02  9.55429335e-03 -9.68851956e-02  4.54571247e-02
  3.95124717e-02 -6.16951751e-02 -6.65720410e-02  1.00776658e-01
  4.90903965e-02  2.25170011e-03  1.29853156e-02  1.42454304e-03
  1.19828272e-01 -7.67494622e-02  2.92471471e-02  6.64392054e-02
 -1.04967573e-03 -9.43134900e-02 -3.55105535e-02  8.30853143e-02
 -1.86137036e-02 -5.17853543e-02  4.24876449e-02  1.22410089e-01
 -4.30537768e-02 -3.69755874e-02  6.56255217e-02  1.03516217e-02
 -7.50878011e-03  3.27795460e-02  5.29090586e-02  4.81043628e-03
 -2.58413627e-02  4.48773226e-02  5.15319281e-02  3.26037391e-02
 -2.62577997e-02  3.92290435e-02 -1.11788496e-03 -2.18824158e-02
  2.95531043e-02  4.69706264e-02 -6.60677242e-02  3.23693299e-02
  8.59357627e-03  9.82420097e-03 -4.31219860e-02  2.84723478e-02
  5.91726382e-02 -5.94818319e-02  8.55724788e-02  1.33431266e-02
  1.97449280e-03  7.17703376e-03  5.79290441e-02 -2.56396407e-02
  3.20955087e-02 -2.63530029e-03 -1.65237858e-02  4.39233540e-02
  1.49157582e-02  1.68298927e-02 -2.35170358e-02  6.93038988e-02
 -2.75475543e-02 -3.63826426e-03  7.47962857e-03 -2.48163737e-02
 -7.81468381e-02  1.71939483e-02  3.68974011e-03 -7.60991672e-02
 -2.13752406e-02  3.15123441e-02 -2.03660557e-02 -3.91021060e-02
  6.34990031e-02  2.58640650e-02 -5.66338246e-03  1.23305557e-02
  8.70211573e-02 -6.92616677e-03 -6.34599926e-02  4.24746991e-03
  2.54447696e-02  1.84323294e-02 -4.40168484e-02  4.50243087e-02
  5.79785435e-02 -2.60815125e-02 -2.75628782e-02  5.35344464e-02
  1.98714246e-02 -4.36455403e-02  1.03098315e-02 -1.51101254e-02
 -6.12780688e-03 -4.71582451e-02 -4.97073980e-02  7.34424167e-03
  1.61344215e-02 -6.20102826e-02 -4.73047509e-02  3.09734896e-02
 -1.50966521e-02  1.25308288e-03 -3.29863550e-02  1.65057295e-02
 -1.84172181e-02 -5.33401658e-02  3.12377039e-02 -1.18212149e-02
 -4.08288107e-02 -2.08914369e-02 -2.07285994e-02  1.95597268e-02
  6.73902841e-03 -4.00996680e-02 -1.07126771e-03  2.42900869e-02
 -8.68942513e-03 -8.17944258e-02 -8.94016612e-03 -4.99755102e-03
 -8.65377553e-02 -3.70456707e-02 -6.45247402e-03 -1.92731724e-02
 -5.20605457e-02 -3.51343947e-02 -2.48921503e-02 -1.77461738e-02
 -4.92736212e-02 -6.44220326e-02 -1.24100964e-02 -6.91360610e-02
 -5.85095392e-02 -3.56680363e-02  4.42815115e-03 -6.13094331e-02
 -5.30106243e-02  2.61237751e-04 -4.33740972e-02 -9.27326453e-02
 -4.45004866e-02 -2.90264002e-02 -2.56602011e-02 -5.40913808e-02
 -6.99233020e-02 -3.86465955e-02 -9.99683444e-03 -4.63718466e-02
 -5.21243610e-02 -1.64914609e-02 -1.23567071e-02 -1.49058599e-02
  7.93564299e-03  1.22625355e-02 -1.52929958e-02 -4.95324336e-02
  2.35139647e-02 -1.87763994e-02 -1.41502745e-02 -4.78132963e-02
 -3.49692421e-04 -7.06290022e-03 -4.81783835e-02 -3.32807131e-02
  3.47259819e-02 -6.68873374e-03 -6.12791240e-02 -1.84709461e-02
  1.99810381e-02 -3.04452972e-02 -6.19727447e-02 -9.08515996e-03
  1.16207686e-02]",0.17466666666666666,6.666666666666667e-05,0.0,0.8629285714285714,0.42878571428571427,0.0,0.18407692307692308,0.00023076923076923076,0.0,0.8533333333333334,0.40125,0.0,0.19027272727272726,0.0001818181818181818,0.0,0.8492,0.4039,0.0,0.19433333333333333,0.00022222222222222223,0.0,0.841375,0.36775,0.0,0.19842857142857143,0.00014285714285714287,0.0,0.838,0.3625,0.0,0.8391071428571428,0.3775,0.0,0.39266827616827615,0.07856742857142857,0.07856742857142857,8.046364571611067e-07,8.046364571611067e-07,1.6092729143222134e-06
3.855,0.103,1313,0.5596875,0.03768573793559042,0.857125,0.06446304658484579,0.12941460476275649,3.773584905660377,0.07274267740963458,0.8591847019464314,0.10104084339306646,3.773584905660377,0.08357950738621098,0.8433670821909366,0.20164036962597026,4,0.35406656123220803,4,0.4524123240747356,-0.0037585190733531587,12.0,1.0440012180267966,"[ 1.00000000e+00  1.46112536e-02  9.42562728e-03  1.83434665e-01
  4.52412324e-01 -8.94999925e-02 -7.92382807e-04  2.55724335e-01
  2.52257070e-01 -1.09385197e-01  1.88295964e-03  3.39403321e-01
  1.10330587e-01 -1.07999566e-01  9.39394287e-02  2.28414868e-01
  3.85424383e-03 -9.24346308e-02  1.39156442e-01  1.65984232e-01
 -2.78526871e-02 -6.87065380e-02  1.75131152e-01  6.16549007e-02
 -6.17066302e-02 -4.69111321e-02  1.34832413e-01 -5.98618073e-02
 -9.87829713e-02  8.91910446e-02  3.24357682e-02 -3.29113164e-02
 -5.55024046e-02  4.11540378e-02 -2.84908310e-02 -4.95778828e-02
 -6.29304270e-02  5.02704164e-02 -6.01977620e-02 -7.05422333e-02
 -1.01969912e-02 -1.47396419e-02 -4.39898515e-02 -1.05685888e-01
 -2.32087490e-02 -4.40814755e-02 -9.58922320e-02 -6.45523329e-02
 -1.47353460e-02 -9.70592421e-02 -7.00171272e-02  5.69343695e-02
 -1.76550192e-02 -8.06407665e-02 -3.98479983e-02  3.29581859e-02
 -1.27789931e-01 -5.69164339e-02 -5.38108524e-03 -3.31310185e-02
 -1.35221714e-01  3.16957917e-02 -4.43162462e-03 -2.48757008e-02
 -7.13170471e-02 -9.46776850e-03  4.35716166e-02 -1.07937957e-01
 -8.70209174e-03  7.42036973e-02  5.63045448e-03 -6.59508612e-02
  2.98482803e-02  1.92894838e-02 -1.36155344e-02 -7.16605221e-02
  1.38246895e-02  4.10811296e-02 -9.36697174e-02 -2.13479175e-05
  9.49167328e-02  2.91372377e-02 -4.86745491e-02  6.43119691e-02
  5.05307745e-02 -2.77096627e-02 -5.11618118e-02  6.13960560e-02
 -1.55546698e-02 -5.89879433e-02  9.09180639e-03  5.00988998e-02
 -7.29935214e-03 -2.21559329e-02  2.31489447e-02  5.62072055e-02
 -7.89722919e-02 -1.13211926e-02  4.70913627e-02  1.69800922e-02
 -5.99706337e-02 -4.35182609e-03  1.23889382e-01  3.25412670e-02
 -1.04570917e-01  3.52739320e-02  1.08512527e-01 -8.66141037e-02
 -6.92391832e-02  1.23461267e-01  3.89903591e-02 -7.72796399e-02
 -4.46500295e-02  1.05723075e-01  5.45552940e-02 -1.21661838e-01
  1.32422514e-02  1.06676296e-01 -4.74089400e-02 -1.27367739e-01
  5.67371433e-02  1.51675224e-01 -8.62074029e-02 -9.37581265e-02
  8.08938865e-02  1.01919856e-01 -1.09965501e-01 -5.99341890e-02
  1.00967171e-01  5.75368207e-03 -1.52415013e-01  1.94432527e-02
  1.58859452e-01 -5.13075435e-02 -1.13003580e-01  7.36807250e-02
  5.83954939e-02 -8.15104380e-02 -9.89464413e-02  9.41826596e-02
  3.20579731e-02 -1.01831813e-01 -4.85781027e-02  1.33165442e-01
 -1.14669244e-02 -3.81414715e-02  4.58398352e-03  1.08546283e-01
 -3.28636854e-02 -3.22512512e-02  4.48527172e-02  8.22087621e-02
 -1.13346519e-01  1.16722911e-02  5.69771687e-02 -2.01878824e-02
 -8.96184260e-02 -1.57368557e-02 -7.38615384e-03 -7.61737219e-02
 -6.24536099e-02  4.64494493e-02  1.33301059e-02 -3.48296021e-02
 -5.91390519e-02  1.62465548e-02 -2.33175848e-02 -5.32145301e-02
 -3.77760565e-02 -1.92404804e-03 -3.93411756e-02 -7.07421574e-02
 -4.16644419e-03  2.00819230e-02 -2.07719279e-02 -4.72321499e-02
 -1.48206249e-02  5.97076811e-02 -8.32063237e-02 -2.52261789e-02
 -1.79508631e-02  6.29750405e-03 -3.32666356e-02  1.97727495e-02
  6.20588003e-03  7.67937515e-03 -1.96381476e-02 -2.63315705e-02
 -5.04266951e-02  4.65677888e-04 -2.14824347e-02 -3.52636294e-02
 -3.09963866e-02  4.64129671e-03 -2.03148888e-02 -1.75516825e-02
 -6.41099300e-03  4.21162827e-02  6.15696124e-04 -5.01234344e-02
  3.14926434e-02  4.54270806e-02 -3.53927791e-02 -1.82359438e-02
  4.68357329e-02  8.34321924e-03 -1.89743035e-02 -3.94183797e-02
  5.03646160e-02 -5.51628025e-02 -7.79682159e-02  1.43904422e-02
  4.57303413e-02 -8.21432990e-02 -1.21308625e-02  1.77050002e-02
  5.64216717e-03 -7.10942335e-02 -9.03062970e-03  1.45747619e-02
 -5.59311678e-02 -8.32486905e-02  1.83485116e-02  9.29375148e-03
 -6.50775519e-02 -5.22185008e-02  1.60755741e-02 -6.72983933e-03
 -5.76832950e-02 -1.06600558e-02  3.61488582e-02 -1.17965245e-02
 -6.76907400e-02  6.40515546e-03  3.66696685e-02 -7.40658054e-03
 -4.78317810e-02  2.26130659e-02  5.26632538e-02 -6.31780948e-02
 -6.91631165e-03  2.63562743e-02  5.23230031e-02 -4.91209565e-02
 -5.32011536e-03  5.00843670e-02  2.85686649e-02 -3.89291918e-02
  1.99120139e-02  4.99622017e-02 -1.34521961e-02 -1.30540870e-02
  2.96713680e-02  3.86650454e-02 -2.13126290e-02  1.53966802e-02
  5.03876278e-02  2.15660686e-02  3.27276453e-03  4.29901467e-02
  5.04797876e-02]",0.12386666666666667,0.00013333333333333334,0.0,0.9018571428571428,0.5361428571428571,0.0,0.12738461538461537,0.0,0.0,0.895,0.51325,0.0,0.1280909090909091,9.09090909090909e-05,0.0,0.8943,0.5175,0.0,0.13322222222222221,0.0,0.0,0.889625,0.50925,0.0,0.13642857142857143,0.0,0.0,0.8831666666666667,0.4856666666666667,0.0,0.8830357142857143,0.4907142857142857,0.0,0.5123170562770563,0.10247238095238095,0.10247238095238095,9.554493900071424e-07,9.554493900071424e-07,1.910898780014285e-06
3.855,0.103,2029,0.561875,0.04167864411182302,0.848875,0.07197210831287353,0.1392691196282993,3.6363636363636362,0.04801626101493344,0.8729696984366689,0.12825083801170156,400.0,0.07993002684907939,0.835344333681238,0.2139674306735748,11,0.3514667191364965,11,0.46406019715310454,-0.02712904891045721,11.0,1.0407662835249043,"[ 1.00000000e+00  2.50386780e-02  7.93064500e-02  2.25273340e-01
  3.20537254e-01  1.64273767e-02  6.46623120e-02  2.56478761e-01
  1.32201714e-01  3.92954175e-02  6.77178382e-03  4.64060197e-01
  9.84696805e-02  2.96404354e-02  1.19061547e-01  2.86773797e-01
  3.33668960e-02  4.54862542e-02  1.90219429e-01  6.71489492e-02
  2.73044682e-02 -1.36922846e-02  3.03607169e-01  3.69551745e-02
 -2.34552469e-02  4.53999243e-02  2.20297283e-01  2.00064928e-02
 -3.18222183e-02  1.19052385e-01  9.49475746e-02  1.89603688e-02
 -4.26023245e-02  2.65071738e-01  2.25782384e-02 -1.84456622e-02
  2.74032861e-02  2.77162116e-01 -7.61553636e-03 -2.93615072e-02
  1.14246544e-01  5.87981307e-02  1.89536497e-02 -6.79198100e-02
  2.08410649e-01  8.17415442e-03  8.11924807e-03  1.17383393e-02
  2.27794727e-01  3.23845013e-02 -3.64175960e-02  7.58197041e-02
  3.23555211e-02  3.11211952e-02 -1.58812466e-02  1.04747729e-01
 -3.50789548e-02  8.67837364e-02 -1.69273707e-02  1.70089957e-01
  1.11048990e-01 -1.80814750e-02  2.29412040e-02  8.80409343e-02
  3.49513603e-02  4.86800907e-03  7.97017215e-02 -2.63139292e-02
  8.82822101e-02 -4.56979087e-03  1.18580911e-01  5.84419671e-02
 -5.53386080e-03 -7.86616303e-03  6.33478473e-02  4.64281459e-02
 -1.26671171e-02  3.92418157e-02 -4.99361877e-02  4.30774782e-02
  1.64780902e-02  8.53061137e-02 -1.70626872e-02 -1.44207421e-04
 -5.08477945e-02  3.37198999e-02  2.03927528e-02 -2.19191585e-02
 -7.01824631e-02 -7.61344674e-02  3.35539592e-02 -5.80914744e-02
  1.78673621e-02 -6.28918177e-02 -7.36318280e-03 -7.01324434e-02
  1.43809555e-02  4.70065818e-03  2.87770987e-02 -1.29310982e-01
 -9.55277073e-02 -1.22751713e-02 -5.93862041e-02 -3.52283202e-02
 -6.77519539e-02 -1.22504668e-02 -9.06779551e-02 -2.91164835e-02
 -3.27096486e-02 -8.60606029e-03 -1.46128201e-01 -8.33601619e-02
  1.68114648e-02 -8.57202227e-02 -5.31435152e-02 -6.51283561e-02
  3.67251952e-03 -1.09799717e-01 -3.97922743e-02 -3.00589031e-02
  2.41817211e-02 -1.33906360e-01 -9.77099503e-02  3.98109686e-02
 -7.36341205e-02 -1.02565200e-01 -8.07661552e-02  3.50636992e-02
 -1.01360465e-01 -3.37661567e-02 -2.26904793e-02  9.91337601e-03
 -1.09564550e-01 -7.81129664e-02  2.32380799e-02 -4.91837195e-02
 -7.45493923e-02 -9.38550807e-02  3.04478929e-02 -7.58120877e-02
 -4.92953647e-02 -5.40136538e-02  5.10753531e-03 -1.03538432e-01
 -6.49017402e-02  2.56173477e-02 -8.65940263e-02 -9.98668779e-02
 -9.74000585e-02  1.48355750e-03 -9.87164386e-02 -3.11221303e-02
 -5.27595100e-02 -1.54379764e-02 -1.21643661e-01 -5.16905140e-02
  2.67086049e-02 -8.30624866e-02 -1.13308724e-01 -9.75968119e-02
  4.71092155e-02 -9.28532075e-02 -4.45911245e-02 -3.00586316e-02
  1.93557232e-02 -8.68499618e-02 -3.02504985e-02  4.20886359e-02
 -2.43003267e-02 -8.58901677e-02 -6.42268618e-02  6.12012358e-02
 -5.95104051e-02 -4.87333531e-02 -1.97220521e-02  4.77636651e-02
 -7.65676779e-02 -1.74736365e-02  4.52401069e-02 -3.31873814e-02
 -7.53907016e-02 -4.52814243e-02  3.30633991e-02 -3.20918484e-02
 -7.55831792e-02 -4.41858913e-02  4.01646210e-02 -7.20739007e-02
 -4.32254863e-02  7.86100570e-02 -1.55028068e-02 -8.30440412e-02
 -2.03302978e-02  6.65147925e-02 -5.90231178e-02 -5.54311744e-02
 -8.37565871e-03 -1.24545652e-03 -5.79818804e-02 -2.66660357e-02
  4.09011248e-02  1.19428977e-02 -7.86045596e-02 -1.58908162e-02
  5.15677533e-02 -4.73713799e-02 -6.79107834e-02  8.04805305e-03
 -1.85241872e-02 -4.87161294e-02 -2.09385435e-02  3.57695109e-02
 -1.25209415e-02 -4.40008944e-02 -1.26579020e-02  3.18758880e-02
 -2.60128077e-02 -6.10581671e-02 -1.76223535e-02  3.94102600e-04
 -7.80876812e-02 -3.70378545e-02 -2.37662246e-02 -5.69547296e-03
 -5.39859254e-02  2.66783352e-03  4.99891409e-03  5.05259880e-03
 -3.00199084e-02  8.93689351e-05  1.08935687e-02 -1.57058193e-02
 -2.66198317e-02 -3.63001291e-02  2.51798992e-02 -2.19854292e-02
 -9.94751432e-03  9.30265686e-03 -9.94873597e-03 -4.61463672e-02
  4.67587076e-02  5.75357596e-02 -3.17236870e-02  4.66211363e-02
 -2.69529348e-02  3.18349024e-03  1.03951357e-02  2.48461853e-02
 -4.19348514e-03  1.27792902e-02 -1.97714912e-02  1.99903248e-02
 -5.76226400e-04 -2.10341866e-02  4.05001372e-02 -4.15470531e-02
 -6.53006313e-03  5.56214727e-03  4.29108286e-02 -4.15494964e-02
  2.12999858e-02]",0.13726666666666668,0.00013333333333333334,0.0,0.8827142857142857,0.5101428571428571,0.0,0.149,0.00046153846153846153,0.0,0.8625,0.4845,0.0,0.16190909090909092,0.0003636363636363636,0.0,0.8545,0.4832,0.0,0.172,0.0003333333333333333,0.0,0.842,0.457625,0.0,0.18742857142857142,0.00028571428571428574,0.0,0.8131666666666667,0.402,0.0,0.8130357142857143,0.41678571428571426,0.0,0.4671780602730603,0.0934987142857143,0.0934987142857143,5.5505858764085704e-06,5.5505858764085704e-06,1.1101171752817141e-05
3.855,0.1083,101,0.6,0.051478150704935,0.7203750000000001,0.08918301057376343,0.2625823547321371,400.0,0.09865813236439144,0.8172550704899807,0.24211186631135115,400.0,0.2918746816621885,0.6944216462122386,0.5737873396173536,4,0.4304245283018868,4,0.6069832878547674,-0.064827628403402,17.0,1.1260257913247362,"[ 1.00000000e+00  4.41335749e-01  5.29245085e-01  5.55541278e-01
  6.06983288e-01  4.41862848e-01  5.22699924e-01  4.61771567e-01
  5.11176372e-01  4.26033380e-01  4.51863983e-01  3.98328103e-01
  4.85742381e-01  3.90704117e-01  3.94211914e-01  4.18791120e-01
  4.38160426e-01  3.61981525e-01  3.82311480e-01  3.59567438e-01
  4.11940628e-01  3.51303020e-01  3.77919429e-01  3.68854318e-01
  3.19072630e-01  3.44583017e-01  3.23410588e-01  3.43420327e-01
  3.00245309e-01  3.03578264e-01  2.81940245e-01  2.83556213e-01
  2.71813465e-01  2.53318673e-01  2.61075720e-01  2.24652747e-01
  2.61309802e-01  2.55242544e-01  2.04995266e-01  2.08503063e-01
  2.37302050e-01  1.79837137e-01  2.02349670e-01  1.87929286e-01
  2.04620956e-01  1.33797328e-01  1.70919973e-01  1.44712488e-01
  1.50402863e-01  1.37554093e-01  1.53139740e-01  1.25040425e-01
  1.83234479e-01  1.07346326e-01  1.45109404e-01  1.17475679e-01
  1.73603062e-01  9.12830800e-02  1.51048748e-01  1.30341909e-01
  1.14815502e-01  8.95391980e-02  2.00062089e-01  1.37998241e-01
  1.41942161e-01  1.48098127e-01  1.71862058e-01  1.68442968e-01
  1.56845595e-01  1.06743690e-01  1.58476448e-01  1.44841871e-01
  1.15025568e-01  1.04679592e-01  1.17762445e-01  1.41060785e-01
  7.88515631e-02  8.50075290e-02  1.16629527e-01  1.27354960e-01
  6.89293972e-02  8.18668755e-02  9.35234887e-02  1.25465703e-01
  5.65044369e-02  8.20148233e-02  7.68492783e-02  1.08005686e-01
  4.02958170e-02  9.03115871e-02  7.66770098e-02  7.71869542e-02
  2.39418228e-02  1.03498034e-01  4.12888115e-02  6.85161857e-02
  2.40603028e-02  6.27545621e-02  1.27980319e-02  7.57069265e-02
  1.61458732e-02  4.55558257e-02  4.38537240e-02  5.34731333e-02
  3.73062937e-02  4.71005450e-02  4.53984433e-02  4.18045119e-02
 -1.15859938e-02  2.36448222e-02  1.56562665e-02  7.66771081e-03
 -4.39525294e-03  1.46243696e-02  1.18162450e-02 -4.35059456e-03
 -4.33570843e-03  2.46086535e-02  9.37299496e-03  2.32121865e-02
  1.69700863e-02  2.98780968e-02  2.12491086e-02 -1.75312849e-02
 -5.19398622e-04  6.42237408e-03  2.16878049e-02 -1.11263509e-02
 -3.51512580e-02  2.97653728e-02  2.03505779e-02 -4.84653145e-02
 -1.54465445e-02  2.22870660e-02 -1.18079547e-02 -3.45814646e-02
 -1.88504433e-02  3.48724832e-03  2.80075182e-02 -3.35907391e-02
 -1.42509002e-02  5.41291739e-02  2.60003909e-02 -6.02795802e-03
  1.29916646e-02  5.29373211e-02  2.04139139e-02  1.11739609e-02
 -1.06384483e-03  5.14547199e-02 -1.07839699e-02 -1.90632741e-02
 -3.01950569e-02  1.69977025e-02 -3.15620561e-02 -1.04757618e-02
 -3.24634649e-02  5.91057814e-03 -2.97560561e-02 -3.50669753e-02
 -3.81953162e-02  6.29033890e-03 -4.32006007e-02 -8.97523923e-04
 -2.46022148e-02 -1.62636706e-02 -1.63867230e-03 -2.14143294e-02
 -1.98278297e-02  3.92679375e-02 -1.91870927e-02 -2.68554322e-02
  4.12613377e-03 -2.25764099e-02 -6.52858372e-02 -3.48296567e-03
 -3.01855093e-02 -8.84656976e-02 -1.03062584e-02 -6.15141858e-02
 -7.86122063e-02 -5.83117187e-02 -2.95127311e-02 -7.36483976e-02
 -5.17762965e-02 -6.93399076e-02 -4.80787712e-02 -9.40767998e-02
 -6.54526542e-02 -9.76263774e-02 -9.97940695e-02 -1.14854886e-01
 -8.73072956e-02 -1.48876085e-01 -1.09716235e-01 -1.44102005e-01
 -1.26158937e-01 -1.41539970e-01 -1.34277981e-01 -1.59554285e-01
 -1.25109276e-01 -1.49599774e-01 -1.81162532e-01 -1.51112147e-01
 -1.38204137e-01 -1.35977205e-01 -1.79006848e-01 -1.42990226e-01
 -1.41694474e-01 -1.40864314e-01 -1.81856753e-01 -1.54163789e-01
 -1.28973619e-01 -1.71857888e-01 -2.13141076e-01 -1.34516046e-01
 -1.70939019e-01 -2.14288879e-01 -2.14419367e-01 -1.72261665e-01
 -1.97537969e-01 -2.35852772e-01 -2.13980671e-01 -2.16759328e-01
 -2.05888522e-01 -2.23947191e-01 -2.39153382e-01 -2.20569882e-01
 -2.10339508e-01 -2.50080550e-01 -2.25530812e-01 -1.90474838e-01
 -1.96601032e-01 -2.26446803e-01 -2.00645668e-01 -1.89163897e-01
 -1.82396966e-01 -1.82527454e-01 -2.00731498e-01 -2.01502418e-01
 -1.68018058e-01 -1.97863829e-01 -1.82743772e-01 -1.93264590e-01
 -1.70606682e-01 -1.91808578e-01 -1.96653907e-01 -1.82349125e-01
 -1.67374443e-01 -1.95793974e-01 -1.77355849e-01 -1.51584182e-01
 -1.72145645e-01 -1.71810543e-01 -1.74764042e-01 -1.84499053e-01
 -1.69699213e-01 -1.84469281e-01 -1.70920838e-01 -1.50329602e-01
 -1.81746986e-01]",0.22606666666666667,0.0009333333333333333,0.0,0.8137857142857143,0.3344285714285714,0.0,0.26661538461538464,0.0013076923076923077,0.0,0.7716666666666666,0.2574166666666667,0.0,0.30072727272727273,0.004818181818181818,0.0,0.7414,0.2178,0.0,0.3178888888888889,0.0035555555555555557,0.0,0.72075,0.166375,0.0,0.3335714285714286,0.002,0.0,0.7033333333333334,0.129,0.0,0.6980357142857143,0.12428571428571429,0.0,0.21848109501609503,0.0,0.044200809523809524,0.0,9.432825423140732e-06,9.432825423140732e-06
3.855,0.1083,707,0.5868125000000001,0.04084455096766275,0.761375,0.0605339522499564,0.21705789265773787,2.0,0.22213387727916076,0.8125461387782725,0.07748673789507916,2.0,0.06821252059308072,0.8924300936909704,0.12200214212264868,6,0.25636518068085756,4,0.18436113918275285,0.0012326646766053849,12.0,1.1090677348871085,"[ 1.00000000e+00 -1.72624404e-01  1.13831267e-01  3.98598514e-02
  1.84361139e-01 -8.86261348e-02  1.35885728e-01  7.48801803e-03
  1.34933118e-01  8.62905564e-03  6.48261975e-02  9.22855931e-03
  1.58070647e-01 -6.28185030e-02  6.95899479e-02  1.20521685e-02
  2.48327854e-02  3.62958119e-02  8.39648600e-02 -5.03257625e-02
  1.28675928e-01  8.26477812e-03  5.47697415e-02  4.31301622e-02
  8.52943258e-02  1.63073141e-03 -1.00088479e-02  2.74264878e-02
 -1.09614573e-02  5.81045779e-02 -3.84279099e-02 -2.86705022e-02
 -1.08085059e-03 -4.59032424e-02 -2.96302219e-03  1.95097732e-02
 -1.88781719e-02 -4.15275202e-02  6.41325650e-02 -6.48066788e-02
 -5.33436523e-02  5.34805176e-02  4.23824722e-02 -8.95799807e-02
  3.48419105e-02 -9.48733898e-02 -5.72795808e-03 -5.27975025e-02
  8.05405106e-02 -4.48339900e-02  1.05870953e-02 -7.30764991e-02
 -1.52878871e-03 -2.85189366e-02 -8.24109560e-02 -9.23449166e-02
  1.92080812e-02 -1.50512506e-01  5.19798183e-02 -9.19219658e-02
  7.77755747e-02 -1.21482065e-01  1.64312700e-02 -6.04098495e-02
 -2.39040760e-02 -1.02992348e-01  2.01119525e-02 -5.38594634e-02
  6.13694413e-03 -1.08615816e-01  3.74375850e-02  1.12234936e-02
 -4.59262576e-02 -6.39727485e-03 -7.73454816e-02 -7.89141818e-03
 -3.48815661e-02 -6.05541235e-02 -3.19289695e-03 -5.84025068e-02
 -4.86450991e-02 -7.22240096e-02 -1.31571642e-02 -4.71734700e-03
 -7.35719068e-02  1.54200193e-02 -5.42105970e-02 -7.31760540e-03
 -5.57047403e-02  4.14272511e-02  1.90124254e-02 -8.36575075e-03
 -3.74495457e-02  1.61124152e-02  8.66012988e-03  7.79579693e-03
  3.74790955e-02 -6.75814859e-02  4.92418738e-02 -4.33378426e-02
  4.82892644e-02 -4.52200142e-02  3.86550557e-02 -8.64849223e-02
  6.46853347e-02 -1.27361802e-01  2.17148078e-02  7.71078250e-04
  6.13090197e-02 -7.44526989e-02  5.37684580e-02 -7.33406462e-03
  3.58742788e-03 -4.53619963e-04  5.52019879e-02 -1.00878287e-02
  1.57962041e-02 -4.56943467e-02  9.14429321e-02 -1.60993246e-02
  3.35026160e-03 -5.26354048e-02 -7.98956588e-03 -1.79235265e-02
  2.67223125e-02 -4.32963321e-02  2.73218161e-02 -4.70376281e-02
 -5.02697010e-03 -8.05504991e-02  5.41821771e-03  9.91389717e-02
 -9.29081652e-02  3.53129917e-02 -9.66290578e-03  7.70008507e-02
  1.76039468e-02  4.25874876e-03  7.59234859e-04 -4.05786951e-03
  1.74676679e-03 -6.14494028e-02  5.31268042e-02  3.90055497e-02
 -5.18685480e-02  3.75822428e-04  3.40118924e-02 -1.63153838e-02
 -3.00486101e-02 -3.48657145e-02  5.20480217e-03 -1.70565178e-02
  4.09868710e-03 -1.98682516e-02 -5.02696370e-02  7.24509528e-03
  8.67793654e-02 -6.58850349e-02  2.45779873e-02  3.56529855e-02
  4.10695935e-02 -8.99632972e-02  5.15147813e-02 -2.53263382e-02
  3.08708036e-02 -6.73673029e-02  3.14703073e-02 -2.73034381e-03
  5.09851227e-02 -4.25241558e-02 -8.11202930e-03  5.05661588e-03
  1.93893459e-02 -4.89236800e-02  6.47229649e-02 -5.68522700e-02
  4.67141681e-02  2.82521139e-02  2.55286565e-02  1.86179052e-02
  3.54323104e-02  5.96048721e-03 -3.76978198e-02  5.94341716e-02
  7.37669016e-02  2.04263834e-03  7.43664053e-02 -3.48814702e-02
  3.93014212e-02 -4.04114379e-04 -6.53880922e-03  6.89616726e-02
 -4.19918216e-02  4.62240479e-02  7.11785186e-02 -8.14427616e-03
  2.20805564e-02  5.30814454e-02  2.26800600e-02 -7.25348373e-02
  4.20413698e-02 -2.58836278e-02  4.26408734e-02  1.39451068e-02
  3.13010460e-02  2.40022663e-02  1.08418870e-01 -4.05997702e-02
  9.87846614e-02 -1.38744515e-02  3.77473680e-02 -2.46727451e-02
  1.23745624e-02  1.27651704e-03  6.25905151e-02 -8.35769170e-03
  1.71383129e-02 -2.65199941e-02  8.08457097e-02 -6.00328651e-02
  5.71785228e-02 -1.98161023e-02  4.49091332e-02 -6.86795420e-02
  5.44247588e-02 -4.04258290e-03  5.85890056e-02  1.02018706e-02
 -1.20594493e-02  3.29744179e-02  3.50259467e-03  2.09672777e-03
 -1.12484703e-02 -1.72296594e-02  2.36169138e-02 -5.46688115e-03
 -2.69521446e-02 -1.33954712e-02 -6.66127265e-03 -4.08619238e-02
 -4.90902656e-02 -6.15004541e-03  1.17474277e-02 -3.76502863e-02
  2.62988926e-02 -2.37938611e-02  3.01973401e-03 -2.56760326e-02
 -1.89418341e-02  2.95032705e-02 -1.66367117e-02 -1.57954260e-02
 -2.40237678e-02 -1.21727131e-02  1.25472350e-02 -4.08032505e-02
 -1.07319236e-02  1.26704340e-02 -1.33901518e-02 -6.42589620e-02
 -2.34123888e-02]",0.17773333333333333,0.0004,0.0,0.871,0.4865714285714286,0.0,0.18661538461538463,0.0006153846153846154,0.0,0.8583333333333333,0.4553333333333333,0.0,0.19818181818181818,0.0006363636363636364,0.0,0.8451,0.4256,0.0,0.20177777777777778,0.00011111111111111112,0.0,0.841125,0.42025,0.0,0.20285714285714285,0.0007142857142857143,0.0,0.8401666666666666,0.422,0.0,0.8480357142857143,0.44125,0.0,0.4414555233655233,0.08839019047619047,0.08839019047619047,1.1103445482784352e-06,1.1103445482784352e-06,2.2206890965568704e-06
3.855,0.1083,1313,0.5646875,0.037809917267166815,0.824375,0.056565089719720234,0.1408088606562733,2.0,0.23548272004937118,0.797377480181394,0.11571815100024907,400.0,0.05461518211939498,0.8856648929747037,0.25118105437072774,6,0.27630746635699166,4,0.28521425955316804,-0.007237241926356298,15.0,1.086133069828722,"[ 1.00000000e+00  1.09754304e-01  1.95238066e-01  2.06494018e-01
  2.85214260e-01  7.27856794e-02  1.34829081e-01  9.72997802e-02
  1.50577463e-01  9.25134294e-02  1.80902820e-01  7.21001709e-02
  1.79070932e-01  9.56620071e-02  6.29916982e-02  7.51999145e-02
  5.81565132e-02  9.95910145e-04  1.43078379e-01  9.57334269e-02
  1.03223050e-02  7.23168722e-02  6.11335612e-02  2.35554267e-02
  3.38102796e-02  4.20629349e-02  3.67885484e-02  7.33893908e-02
  1.29572702e-01  6.95000610e-03  6.99456721e-02  7.72948968e-02
  7.78317666e-02  3.14879136e-02  9.53668661e-03  8.82080942e-02
  4.67232328e-02  1.30029911e-02  7.11884996e-02  1.69823587e-02
  1.43486754e-01  3.94942620e-02  1.45885728e-02  7.66319741e-02
  9.77035771e-02  3.95418752e-02  3.70754487e-02  6.10526798e-02
  1.17187157e-01 -4.54550726e-02  6.24679526e-02 -4.55072641e-04
 -3.87376389e-03  4.42772555e-03  4.69863265e-02 -5.30994384e-02
  3.04309608e-02  2.66847760e-03 -4.46764742e-02 -1.21444268e-03
  3.83408619e-02  1.05295446e-02  1.19698450e-02 -3.05161152e-02
  3.04773532e-02 -1.49630692e-02 -1.15694054e-02 -1.36338664e-03
  1.76571847e-02 -3.75012209e-02 -4.80710536e-03 -1.70891832e-02
  4.19997558e-02 -9.30075693e-03  9.05261873e-04  7.65733732e-02
  2.23672323e-02 -2.70287511e-02  9.65211818e-02  2.27814064e-02
  5.05676963e-02 -1.44551947e-02  1.43810280e-02 -4.96407643e-02
 -9.89879136e-02  2.06064583e-02 -1.60682456e-02 -4.87385545e-02
  3.86985716e-02 -8.32926383e-04  3.47668172e-02  2.15813088e-02
 -1.40434623e-02 -3.11356977e-02 -2.67897693e-02 -5.16954584e-02
  8.34574533e-03 -3.60935783e-02 -1.41673788e-02  4.80435844e-03
  6.19887682e-02  2.24572702e-02 -5.45171530e-03  6.75650104e-03
  2.67781712e-02  2.04538518e-02  1.30795996e-02  2.42867171e-02
  9.60481016e-02  4.67009523e-02  9.98809669e-02  5.60645831e-03
  1.39079477e-02  4.86042608e-02 -3.09467708e-02  3.88612502e-02
  2.76291051e-02  4.76507752e-02  9.30661702e-02  6.52060188e-02
  5.59272372e-02  3.00692834e-02  4.21132951e-03  4.28143694e-02
 -4.26455866e-02 -5.10209376e-02  1.29758271e-02 -1.87910512e-02
  2.23171774e-03  1.15343059e-02 -3.38572824e-02  1.84012941e-03
  1.60993774e-02 -4.10123916e-02 -3.37120010e-02  1.93657673e-03
  8.74203394e-02 -5.76416188e-02  3.16512025e-02 -4.97466732e-03
  1.01391771e-02 -2.09406666e-03  3.35545110e-02  3.74099622e-03
 -1.67989257e-03 -1.00552436e-02  2.74978635e-02  1.32624222e-02
  2.45183738e-02 -3.75500549e-02  6.25106825e-02 -1.31824564e-02
  1.37004029e-02  8.64140520e-02 -9.50433403e-04  5.51840435e-02
  3.02295202e-02  2.97652912e-02  5.81186668e-03 -3.75775241e-02
 -2.34159443e-02 -1.60667196e-02 -1.55298498e-02 -2.97652912e-02
  1.47466732e-02  2.10947992e-02  1.47216457e-02 -1.11851422e-02
  3.13246246e-02 -1.40181297e-02  1.09571481e-03  3.18364669e-02
 -4.58100354e-02 -5.99478086e-02  4.79752167e-02 -1.49966427e-02
  1.66035893e-04 -1.10661091e-02  1.19094128e-03 -1.29468319e-02
  4.80954706e-02 -9.06513246e-03 -3.88786473e-02  3.97439263e-02
 -2.91856916e-02 -3.94655720e-02  3.22469784e-02 -1.90047003e-02
  7.82932487e-03 -3.17510072e-02  2.92912953e-02 -4.73385423e-04
 -4.19582469e-02 -1.21697595e-02 -8.39561714e-02 -3.65874130e-02
 -2.92870223e-02 -7.86341717e-02 -1.56873398e-02 -7.08457453e-02
 -5.76852643e-02 -3.47579661e-02 -7.23361006e-02 -4.45498108e-02
 -8.02234159e-02 -8.26898425e-02 -3.92278110e-02 -7.39003174e-02
 -6.55988280e-02 -1.91823343e-02 -6.65272860e-02 -3.67387987e-02
 -5.67854963e-02 -7.09721035e-02  8.38115004e-04 -4.26977780e-02
 -1.58637529e-02 -6.65883287e-03  4.07099255e-02 -2.62174948e-02
 -3.84507386e-02  4.01718349e-02 -5.21975339e-03 -7.50039678e-02
 -1.59150287e-02 -2.02859846e-02  1.83170553e-02 -2.68190697e-03
  4.37345867e-02 -8.51819070e-03  2.22225613e-02  3.92897693e-02
 -2.16798926e-02  9.10969357e-03 -1.09370040e-02 -1.92635209e-02
  6.61823953e-03 -5.04446954e-02 -2.19142962e-04 -3.67961787e-02
  3.76022464e-03 -8.56064583e-02 -1.96074960e-02 -3.57474667e-02
 -1.08179709e-02 -7.67931266e-02  1.64552558e-02 -5.13755952e-02
 -6.65633012e-02 -5.72607130e-02 -2.74722256e-02 -4.46132951e-02
 -5.39409108e-02 -4.65916860e-02 -6.13295080e-03 -3.89009278e-02
 -2.18825540e-02 -9.72317177e-03  1.12507630e-02 -2.53751068e-02
 -3.76083506e-02]",0.1348,0.0,0.0,0.8975,0.5363571428571429,0.0,0.13576923076923078,0.0,0.0,0.8945833333333333,0.5328333333333334,0.0,0.1398181818181818,0.0,0.0,0.8911,0.5234,0.0,0.13977777777777778,0.0,0.0,0.889875,0.5155,0.0,0.146,0.0,0.0,0.8925,0.5296666666666666,0.0,0.8776785714285714,0.4764285714285714,0.0,0.5275514285714286,0.10551028571428571,0.10551028571428571,9.98343223211355e-06,9.98343223211355e-06,1.99668644642271e-05
3.855,0.1083,2029,0.527625,0.02673919174171127,0.9235,0.038700775186034694,0.05464393051772879,2.0,0.26719681908548704,0.7620893566893844,0.11907748061664483,200.0,0.09277975326454474,0.8364382610185458,0.3544264904615701,6,0.3542556655521321,4,0.3963712235019198,6.655932333121603e-05,11.0,1.027538247566064,"[ 1.00000000e+00  1.74549741e-01  3.90369721e-01  3.11873227e-01
  3.96371224e-01  1.75995243e-01  2.73012018e-01  2.23726006e-01
  2.39245535e-01  1.92171173e-01  2.03517777e-01  1.54231764e-01
  2.49036889e-01  1.49675764e-01  2.29750459e-01  5.33153898e-02
  2.31579035e-01  3.42793357e-02  1.74986647e-01  2.16278585e-02
  1.87372726e-01  6.29740444e-02  9.54356535e-02  7.33988483e-02
  8.49958271e-02  6.07473711e-02  4.09222167e-02  4.80958938e-02
  5.74812218e-02 -6.28484393e-03  1.05211985e-01  2.08316642e-02
  7.83308296e-02  4.37752462e-02  1.43003672e-01  2.72012185e-02
  1.32563846e-01  3.12414455e-02  7.84334836e-02  6.05696044e-02
  7.43782340e-02  9.43210649e-02  1.55742781e-01  1.06707144e-01
  1.24688700e-01  1.23516525e-01  1.64323986e-01  4.23873310e-02
  1.62230012e-01  4.44662828e-02  1.18406777e-01  6.77724921e-03
  1.16312803e-01 -3.66257720e-03  9.77774996e-02  3.40114338e-02
  3.94742113e-02  3.43794859e-02  4.81881155e-02  1.58441829e-02
  4.42330162e-04 -2.13440995e-02  6.53655483e-02 -3.98794024e-02
 -3.49524286e-03 -3.14158738e-02  6.33892505e-02 -6.68932566e-02
  5.31997997e-02 -7.48710566e-02  4.10490736e-02 -6.41958771e-02
  1.19562677e-02 -8.07699049e-02 -6.32865966e-03 -5.75759473e-02
  8.26907027e-03 -4.05161910e-02  4.61934569e-02 -3.84372392e-02
  4.82724086e-02 -6.11454682e-02  7.34276415e-02 -6.52007177e-02
  3.59889835e-02 -5.27875146e-04  5.05867134e-02  1.55107661e-03
  6.32231681e-02  1.19758805e-02  4.44374896e-02  1.43052078e-02
  4.03822400e-02  2.25183609e-02  4.46728426e-02  3.31935403e-02
  4.89634452e-02 -6.48777333e-02  6.35611751e-02  2.09101152e-02
  1.58153898e-02 -2.04510933e-02  4.95668503e-02 -2.45063428e-02
 -2.35186113e-03 -4.30416458e-02 -4.39634452e-02  2.99770489e-02
 -2.32315139e-02 -9.67325989e-03  1.22308463e-02  1.76936238e-02
  3.73860791e-02 -1.80341345e-02  2.66958771e-02 -9.82098147e-03
  2.87748289e-02 -3.89137873e-02 -1.28367551e-02 -1.79314806e-02
  2.06643298e-02 -4.92359372e-02  3.52620598e-02  4.87940244e-03
  8.13052913e-03 -2.00404774e-02  1.02094809e-02 -2.01731764e-02
  2.03839092e-02  1.30775330e-02  2.44241362e-02 -3.49186279e-02
 -6.88032048e-03  2.50500751e-03  4.11008179e-02 -2.87994492e-02
  1.81422133e-02  2.53158905e-02  2.41437156e-02 -5.18907528e-02
  4.92989484e-02 -2.69858955e-02 -6.58487732e-04 -3.79193791e-03
  1.81121683e-02 -5.57106493e-02 -6.80771157e-03 -5.36316975e-02
 -8.65131030e-03 -8.07632282e-02 -4.61108329e-03 -6.61654982e-02
 -1.08779836e-02 -2.84914872e-02 -2.74520114e-02 -9.72083125e-03
  2.69137039e-02 -1.37760808e-02  1.42622267e-02 -3.06004841e-02
  2.05141045e-02 -2.43486062e-02 -6.61742614e-03 -3.25767818e-02
  4.97095643e-02 -1.18448506e-02  1.71340344e-03  7.91604073e-04
  4.57719913e-02  9.09280588e-04 -4.43582040e-03  6.11588216e-02
  2.88148890e-02 -1.56776832e-03  5.56810215e-02 -1.42192455e-02
  7.22400267e-02 -1.83316642e-03  2.00709397e-02  1.27645635e-02
  3.46686697e-02 -1.85398932e-02  4.28818227e-02  6.36496411e-03
  7.40443999e-03  2.05933901e-03 -5.24703722e-03 -2.89947421e-02
  2.21198464e-02 -1.02240861e-02 -4.67409448e-02 -2.04135370e-02
 -2.15857119e-02 -5.39296445e-02 -2.81505592e-03 -4.12931898e-02
  2.65131030e-02 -2.89071107e-02  3.55449841e-03 -2.04435820e-02
 -7.51126690e-04 -1.02691537e-02  1.99808045e-02 -3.51890336e-02
 -7.15072609e-03 -1.02841763e-02 -2.86012352e-03  1.06981305e-02
  7.56468035e-03 -1.95334669e-03  6.61033216e-02 -6.63908363e-02
  2.22800868e-02 -1.42367718e-02  3.29552662e-02 -1.60803706e-02
  4.95142714e-02 -3.69429144e-03  4.74202971e-02  2.53834919e-02
 -2.78751461e-03  1.07707394e-02  5.35394759e-02  1.70226173e-02
 -6.97546319e-03 -1.64934902e-02  3.46210983e-02 -4.16637456e-02
  1.97579703e-02 -8.41303622e-03  4.46628276e-02 -6.50054248e-02
  2.80086797e-03 -2.73314138e-02 -3.65990653e-02 -5.22512936e-02
 -5.30963111e-03 -1.06547321e-02 -4.49599399e-02 -1.88829077e-02
 -3.03622100e-02 -2.93227341e-02 -1.15915540e-02 -4.19742113e-02
  7.94525121e-04 -7.10670172e-02 -3.26072442e-03 -6.06422133e-02
 -2.81806042e-02 -2.10357202e-03  1.56276081e-02  8.32123185e-03
 -1.37155734e-02  4.79565181e-02  1.13253213e-03  4.13328326e-03
  1.79419129e-02 -1.44020197e-02  2.41937907e-02  1.71377900e-02
  7.61976298e-03]",0.06306666666666666,6.666666666666667e-05,0.0,0.9495,0.803,0.0,0.06738461538461539,0.0,0.0,0.9463333333333334,0.7985,0.0,0.06981818181818182,0.0,0.0,0.9419,0.7915,0.0,0.07366666666666667,0.0,0.0,0.9415,0.78175,0.0,0.077,0.00014285714285714287,0.0,0.9308333333333333,0.7688333333333334,0.0,0.9296428571428571,0.7639285714285714,0.0,0.7886747619047619,0.15774333333333335,0.15774333333333335,1.2265486350345102e-05,1.2265486350345102e-05,2.4530972700690204e-05
3.855,0.1137,101,0.5953125,0.03997924266103599,0.758,0.05688585061331158,0.2276113002146837,2.0,0.33514395455951046,0.7017183102358379,0.0577552212704092,2.0,0.16842068026248302,0.809042689906885,0.14444276347862456,8,0.40639701839066383,8,0.4033436341161928,-0.012162379036939413,12.0,1.12755671253254,"[ 1.         -0.15633807  0.21343634 -0.04704265  0.3475309  -0.13181397
  0.24344561 -0.10518232  0.40334363 -0.10852596  0.16274722 -0.11349197
  0.30039555 -0.08848269  0.24652658 -0.15973424  0.33017305 -0.10444067
  0.14914091 -0.09194685  0.26237639 -0.1455068   0.18339926 -0.06927689
  0.24000618 -0.15760198  0.19386279 -0.15994129  0.17089617 -0.12110321
  0.17597342 -0.11409456  0.23057169 -0.08460445  0.17121755 -0.17486094
  0.17629481 -0.06711063  0.16877936 -0.13928925  0.17833745 -0.08530902
  0.12871755 -0.13013906  0.1949042  -0.09029666  0.14142151 -0.10839617
  0.15067058 -0.08207355  0.10460445 -0.12559023  0.18855995 -0.07833127
  0.11669036 -0.10384734  0.20736712 -0.08687268  0.1113937  -0.16484549
  0.21010507 -0.04774722  0.11961681 -0.12216625  0.19260198 -0.08170581
  0.06340853 -0.07631953  0.14249691 -0.05131026  0.07673053 -0.16698393
  0.16964771 -0.11269468  0.05752781 -0.06837145  0.101233   -0.07295117
  0.07409456 -0.13871755  0.13997219 -0.08411928  0.02653894 -0.02434487
  0.09627936 -0.03765451  0.06690049 -0.07576329  0.15077874 -0.04016996
  0.05279666 -0.03254326  0.09356613 -0.05875464  0.0744623  -0.07075093
  0.11492274 -0.08182015  0.06074475  0.00599815  0.06868047 -0.06432633
  0.09430779 -0.04063041  0.10834672 -0.04397404  0.07572311 -0.01703337
  0.09555624 -0.0683529   0.02785847 -0.05137824  0.09373609 -0.09559023
  0.05663164 -0.06671817  0.10605377 -0.08875773  0.04384116 -0.06050371
  0.07943449 -0.02460136  0.04487948 -0.07460754  0.04570766 -0.02000927
  0.03595179 -0.03555933  0.09279048 -0.06501545  0.04726514 -0.08025649
  0.0516471  -0.05014833  0.01353832 -0.0775958   0.05075402 -0.068733
 -0.02629172 -0.06914091  0.06438504 -0.055411    0.02179543 -0.06292645
  0.06998146 -0.03019159 -0.04376082 -0.06505562  0.03888133 -0.04970334
  0.04264524 -0.0771508   0.03899258 -0.06890606 -0.00877318 -0.11311805
  0.03168727 -0.06848578 -0.01252472 -0.0354419   0.03403894 -0.12407602
  0.00558714 -0.06654203  0.008733   -0.07374845  0.00701174 -0.08929852
  0.03039864 -0.09619592 -0.01868047 -0.08246601  0.04688813 -0.05714771
  0.05127009 -0.10684487  0.09041718 -0.04938813 -0.01305006 -0.06331582
  0.05730841 -0.03513906  0.03078801 -0.04976205  0.08021014 -0.063767
  0.01537083 -0.10797899  0.08796972 -0.05662546  0.02575711 -0.05865575
  0.09580655 -0.03109703 -0.00511125 -0.06341162  0.07204574 -0.03423053
 -0.02493201 -0.05619283  0.04225896 -0.10843943 -0.01029666 -0.07245983
  0.06075711 -0.05100433  0.04327565 -0.08525031  0.05244747 -0.09245674
  0.03944685 -0.05972188  0.05449011 -0.08948702  0.0672157  -0.05644314
  0.01975896 -0.08976205  0.02282756 -0.09665946 -0.00755562 -0.05689431
  0.02417491 -0.10365575  0.00762052 -0.07130717  0.01586527 -0.06306242
  0.00286465 -0.04740111  0.02594252 -0.08775031 -0.0173424  -0.03091162
  0.0041131  -0.04066749 -0.01112794 -0.03049135  0.00940049 -0.08690977
 -0.00939431 -0.01137515 -0.02463535 -0.07490111  0.01806551 -0.06696539
 -0.01872991 -0.05323548  0.01655439 -0.03533375 -0.05083436 -0.05119283
  0.01280284 -0.02811496 -0.04940977 -0.02821384 -0.02216007 -0.03217553
 -0.02612176 -0.05514215  0.01433869]",0.2022,0.0002,0.0,0.8096428571428571,0.27185714285714285,0.0,0.21684615384615386,0.0006153846153846154,0.0,0.8795,0.53975,0.0,0.23627272727272727,0.0017272727272727272,0.0,0.7753,0.2478,0.0,0.2607777777777778,0.003,0.0,0.822125,0.439875,0.0,0.279,0.005571428571428572,0.0,0.7408333333333333,0.21416666666666667,0.0,0.7928571428571428,0.38571428571428573,0.0,0.34046694472194466,0.0,0.06853795238095237,0.0,6.259137297433216e-07,6.259137297433216e-07
3.855,0.1137,707,0.58925,0.03925159232438857,0.769875,0.06981213630164887,0.21257341821528025,400.0,0.08314966539927544,0.8695680633483519,0.1944526785164065,400.0,0.2545764791803245,0.6850206196420104,0.5411519857311141,8,0.29759522940245814,8,0.6054115972415918,-0.041743641601670246,9.0,1.1151548071700164,"[ 1.00000000e+00  4.16049672e-01  5.53818764e-01  5.20783897e-01
  5.58280162e-01  4.38552918e-01  5.50427467e-01  4.39167164e-01
  6.05411597e-01  4.35671368e-01  4.88556244e-01  4.37058251e-01
  4.95072663e-01  4.33052708e-01  4.59780151e-01  3.86991374e-01
  4.82967565e-01  3.81456588e-01  4.38451505e-01  3.95420454e-01
  4.37026760e-01  3.98615498e-01  4.29962731e-01  3.57683702e-01
  4.40836050e-01  3.73686558e-01  4.25289049e-01  3.70206792e-01
  4.09495189e-01  3.36196665e-01  4.10372324e-01  3.29379494e-01
  3.91750807e-01  3.12303250e-01  3.67752894e-01  3.04713443e-01
  3.29122977e-01  2.82244773e-01  3.31019608e-01  2.61568236e-01
  3.24449296e-01  2.88849661e-01  2.93513685e-01  2.42015692e-01
  3.19002978e-01  2.84438869e-01  2.75259555e-01  2.30683230e-01
  3.31788958e-01  2.41556550e-01  2.58534668e-01  2.66026348e-01
  2.65560835e-01  2.35863373e-01  2.92858290e-01  1.94421829e-01
  3.08598258e-01  2.26060155e-01  2.64066168e-01  1.76908276e-01
  2.44918873e-01  1.95213012e-01  2.25524720e-01  1.39649212e-01
  2.42547072e-01  1.77962348e-01  2.02634771e-01  1.10610231e-01
  2.08378553e-01  1.57637167e-01  1.72050516e-01  1.53631624e-01
  1.86770989e-01  1.26543165e-01  1.67376835e-01  1.13067215e-01
  1.70308990e-01  1.23940534e-01  1.67338973e-01  9.12127908e-02
  1.46662435e-01  9.10544003e-02  1.51123833e-01  7.34684085e-02
  1.13776301e-01  5.43211138e-02  1.50807052e-01  7.99689182e-03
  1.09102620e-01  2.19447276e-02  1.14073766e-01  2.76885105e-02
  6.36395026e-02  2.67574835e-02  1.27600323e-01 -1.70019701e-02
  9.28175584e-02  4.36214450e-02  6.67646248e-02  1.11565903e-02
  8.22417038e-02 -7.21806783e-03  1.01581965e-01  4.42788833e-03
  6.34617962e-02  1.88854719e-02  6.43229011e-02 -1.69328175e-02
  3.15791279e-02 -2.73812272e-03  6.42529791e-02 -3.70111391e-02
  2.81878308e-02 -2.53651829e-02  3.54608568e-02 -5.91284516e-02
  2.11962400e-02 -4.15963519e-02  1.64180605e-02 -2.89309003e-02
  1.89055492e-03 -4.44779013e-02  1.37833700e-02 -5.95151546e-02
  3.89168342e-03 -2.42765349e-02  8.59994101e-03 -2.87918258e-02
  1.33242284e-02 -4.02287854e-02 -7.35230941e-03 -3.44850025e-02
 -1.95619055e-02 -3.72081614e-02  1.72059573e-02 -2.99351354e-02
 -9.10986506e-03 -1.05948740e-02 -7.98587133e-03 -4.92247907e-02
 -1.30109099e-02 -2.34726083e-02 -8.54951125e-03 -3.90196093e-02
  7.45334526e-03 -2.91657850e-02  1.98719379e-02 -1.44453127e-02
  1.22821309e-02 -3.02391727e-02  4.23912137e-02 -2.39856421e-02
  1.45941735e-03 -3.15754491e-02  3.41332686e-02 -9.16067152e-03
  2.68790936e-03 -2.39350360e-02  2.89498395e-02 -2.07560216e-02
 -1.86567667e-02 -4.11696707e-02  7.09541580e-03 -4.31201931e-02
 -1.17729603e-02 -3.22468734e-02  5.24939167e-03 -1.80361488e-02
  4.87241880e-04 -5.28028831e-02 -8.63180826e-03 -4.85883434e-02
 -1.07986368e-03 -4.05266511e-02 -2.20032605e-02 -2.91275539e-02
  1.19690048e-02 -6.00471356e-02 -3.05221868e-03 -4.94206749e-02
 -2.42194288e-03 -5.82768363e-02  2.56523328e-03 -8.09923650e-02
 -6.55381686e-03 -6.90835201e-02 -4.36384606e-02 -8.41047435e-02
 -4.12160529e-02 -1.00655210e-01 -3.10993399e-02 -1.03115480e-01
 -4.66303111e-02 -1.29925021e-01 -4.62629240e-02 -9.36508757e-02
 -8.74415794e-02 -1.08934988e-01 -5.50145871e-02 -1.28050223e-01
 -7.77140860e-02 -1.06885770e-01 -5.55301376e-02 -9.26590156e-02
 -9.87638137e-02 -9.76840542e-02 -7.32584902e-02 -1.17834814e-01
 -7.03263347e-02 -1.10019981e-01 -7.04686954e-02 -8.17030303e-02
 -1.05235430e-01 -1.07230186e-01 -7.07534168e-02 -1.38922405e-01
 -8.09079921e-02 -1.11624949e-01 -1.18239495e-01 -1.27928557e-01
 -8.63222503e-02 -1.18831339e-01 -8.95391271e-02 -1.03075342e-01
 -9.81484296e-02 -1.23735850e-01 -1.03930075e-01 -1.20031058e-01
 -1.04335324e-01 -1.13251750e-01 -1.10889606e-01 -1.19296284e-01
 -1.04620046e-01 -1.18156260e-01 -1.27335574e-01 -1.28310836e-01
 -9.23598434e-02 -1.28978974e-01 -9.32748406e-02 -1.29647112e-01
 -1.18818026e-01 -1.23130693e-01 -1.20258801e-01 -1.32775520e-01
 -1.11950250e-01 -1.32161274e-01 -1.07488851e-01 -1.59759481e-01
 -1.31239905e-01 -1.32724914e-01 -1.38829712e-01 -1.54683836e-01
 -1.22826856e-01 -1.51241933e-01 -1.40675736e-01 -1.64733913e-01
 -1.55187212e-01 -1.75398236e-01 -1.50725813e-01 -1.80686164e-01
 -1.80888788e-01]",0.19386666666666666,0.0006,0.0,0.8262857142857143,0.35992857142857143,0.0,0.20923076923076922,0.0012307692307692308,0.0,0.864,0.5040833333333333,0.0,0.23163636363636364,0.0007272727272727272,0.0,0.7931,0.3187,0.0,0.24433333333333335,0.0015555555555555555,0.0,0.81225,0.41075,0.0,0.2601428571428571,0.002142857142857143,0.0,0.7768333333333334,0.32016666666666665,0.0,0.77875,0.3392857142857143,0.0,0.38147442335442333,0.0,0.07654514285714285,0.0,2.9531282727994085e-05,2.9531282727994085e-05
3.855,0.1137,1313,0.5827499999999999,0.03248942135526577,0.8030000000000002,0.05876648704831692,0.1820922003529257,4.0,0.07231713630648627,0.8511133687771838,0.12771850080721397,4.0,0.10376302419702059,0.7648075361024127,0.2966225704172814,3,0.3436137426727453,8,0.48851020703633996,-0.021023911205463035,11.0,1.1209213051823417,"[ 1.00000000e+00  2.23498625e-01  1.50776024e-01  3.08001303e-01
  3.54939916e-01  1.77359925e-01  2.06092370e-01  1.33912697e-01
  4.88510207e-01  1.60720284e-01  7.20356160e-02  2.51195164e-01
  3.77654553e-01  7.52012451e-02  1.74731432e-01  1.20540756e-01
  3.68471116e-01  1.89189952e-01  2.29028522e-02  1.09656146e-01
  3.48429130e-01  8.79260171e-02  1.44130592e-01  1.69134936e-01
  3.08154047e-01  1.64959461e-01  7.41392790e-02  7.77522803e-02
  3.85296076e-01  1.39053858e-01  4.84508470e-02  1.44035761e-01
  2.66658462e-01  1.00154191e-01  8.19415086e-02  1.29470103e-02
  3.16871290e-01  9.21289996e-02 -7.30563197e-03  5.07087013e-02
  2.24004633e-01 -2.22165919e-03 -1.31953091e-02 -6.03641234e-02
  2.25353989e-01  8.06790213e-03 -6.07094252e-02  4.65252642e-03
  1.78165629e-01  5.85637759e-04  3.32633560e-02 -4.96525264e-03
  1.73868539e-01  2.71630230e-02 -4.90705082e-02 -5.53424063e-03
  1.80647170e-01 -2.95084697e-02 -2.02490227e-02 -3.30324309e-02
  1.13334299e-01  2.28398726e-02 -2.59215289e-02 -7.14977559e-02
  2.12519183e-01  2.23794701e-02 -6.81149558e-02 -4.61872014e-02
  1.05500217e-01 -6.64333285e-02 -8.62385985e-02 -1.17011003e-01
  1.39968148e-01 -5.73020125e-02 -9.89329666e-02 -6.97661792e-02
  6.95786883e-02 -7.15889677e-02 -2.96452874e-02 -9.82054438e-02
  1.31627335e-01 -2.39098017e-02 -1.08757782e-01 -6.14934125e-02
  1.46622267e-01 -5.07564789e-02 -3.43665846e-02 -3.41559288e-02
  1.55753583e-01 -6.91400029e-03 -4.30070943e-02 -7.00513971e-02
  1.00276531e-01 -4.27008832e-02 -3.52511944e-02 -4.39807442e-02
  8.81250905e-02 -5.12328073e-02 -5.64514261e-02 -5.81591139e-02
  1.02685681e-01  1.40010135e-02 -3.82713190e-02 -9.24619951e-02
  8.48877950e-02 -5.43615173e-02 -8.50253366e-02 -1.21118431e-01
  6.34703924e-02  3.85044158e-03 -2.30852758e-02 -5.01295787e-02
  1.25410453e-01  4.25872303e-03 -5.90893297e-02 -8.45410453e-02
  1.27302736e-01 -2.89778486e-03 -3.37787752e-02 -4.10243232e-02
  8.04401332e-02 -1.01628782e-02 -4.52294773e-03 -7.87295497e-02
  9.86202403e-02 -1.51838714e-02 -6.03257565e-02 -9.47176777e-02
  1.04566382e-01 -3.29817576e-02 -6.35369915e-02 -9.96300854e-02
  6.88880846e-02 -1.05306211e-02 -3.40639931e-02 -1.04651079e-01
  1.03573187e-01 -5.38822933e-02 -5.19704647e-02 -3.36622267e-02
  9.68510207e-02 -3.68604314e-02 -2.23888808e-02 -7.64709715e-02
  6.84117562e-02  2.67808021e-02 -1.48501520e-02 -8.54372376e-02
  1.17249168e-01 -2.21087303e-02 -2.23324164e-02 -4.93767193e-02
  7.35717388e-02 -1.17105835e-02 -3.14072680e-02 -7.48479803e-02
  5.72578544e-02 -3.66389170e-02 -8.36991458e-02 -8.90263501e-02
  5.96930650e-02 -7.23172144e-02 -2.51614304e-02 -7.41400029e-02
  5.06182134e-02 -1.28384248e-02 -4.70131750e-02 -9.20464746e-02
  7.64716954e-02 -4.64897930e-02 -7.53438541e-02 -5.91711307e-02
  4.40871580e-02 -1.20218619e-02  8.57101491e-04 -6.78116404e-02
  8.61198784e-02 -1.33147531e-02 -4.03590560e-02 -2.96156074e-02
  5.36267555e-02 -2.96286376e-02 -4.29853772e-03 -5.30599392e-02
  4.66874186e-02 -1.84703924e-02 -5.82915882e-02 -6.92652382e-02
  3.20747068e-02 -3.90980165e-03 -9.12842044e-03 -1.10264225e-01
  9.17330245e-03 -1.24417258e-02 -6.84421601e-02 -8.29267410e-02
  6.01462285e-02 -1.58701318e-02 -2.30070943e-02 -8.29528015e-02
  5.84189952e-02  2.52714637e-03 -7.37063848e-02 -8.62726220e-02
  6.93600695e-02 -3.73135949e-02 -3.37005936e-02 -7.88424786e-02
 -8.15983785e-03 -2.98834516e-02 -3.51020704e-02 -6.74670624e-02
  8.29535254e-02 -9.35065875e-03 -3.84218908e-02 -9.09113942e-02
  1.37975966e-03 -3.64145070e-02 -4.35514695e-02 -9.06116983e-02
  4.87331692e-02 -3.99514985e-02 -8.16910381e-02 -6.16816273e-02
  9.00101346e-03 -4.51896627e-02 -1.43217026e-02 -1.06408716e-01
  9.40929492e-03  1.13211235e-02 -9.01404372e-02 -1.26233531e-01
  3.85565368e-02 -4.99109599e-02 -3.70319965e-02 -8.20652961e-02
 -2.55103518e-03 -6.28565224e-03 -6.79325322e-02 -1.25742725e-01
  5.89546837e-02 -6.19798755e-02 -6.36875633e-02 -4.92160127e-02
 -1.10004343e-02 -2.36752570e-02 -6.53062111e-02 -1.08529752e-01
  3.24077023e-02 -4.37172434e-02 -8.34298538e-02 -5.65071666e-02
  5.01809758e-03 -4.92811640e-02 -2.57608224e-02 -1.18065007e-01
 -9.48602867e-03 -3.11010569e-02 -1.01470971e-01 -8.15701462e-02
  5.50890401e-03]",0.16853333333333334,6.666666666666667e-05,0.0,0.8415714285714285,0.429,0.0,0.16715384615384615,0.0,0.0,0.9339166666666666,0.6648333333333334,0.0,0.17,0.0,0.0,0.8371,0.4085,0.0,0.172,0.0,0.0,0.925,0.632,0.0,0.17514285714285716,0.0,0.0,0.8341666666666666,0.387,0.0,0.9201785714285714,0.61625,0.0,0.5042533333333334,0.0,0.10085333333333335,0.0,1.1188440194242948e-06,1.1188440194242948e-06
3.855,0.1137,2029,0.5864375,0.035603666858204354,0.7776249999999999,0.051895176799005134,0.20535562730388032,2.0100502512562812,0.04623696157242534,0.8814144937797047,0.049013901045388955,2.0100502512562812,0.04385297276700108,0.894758944235756,0.1351176967260293,8,0.19539312997094083,8,0.2221942573349811,-0.008511687141245354,13.0,1.1071365011567895,"[ 1.00000000e+00 -1.30420242e-01  1.49680579e-01  1.10101155e-02
  9.51304545e-02 -4.79378071e-02  1.46052048e-01  6.33229625e-02
  2.22194257e-01 -6.26826711e-02  5.19250518e-03  6.27462012e-02
 -3.77539322e-02 -1.52549765e-02  1.88505184e-01 -8.81273244e-02
  5.99351354e-02 -5.55279533e-02  8.30078789e-02 -8.32677580e-02
  5.75888117e-02 -3.21024867e-02  6.61859549e-02 -8.38445193e-02
  4.69342477e-02 -1.20623597e-01  6.56091936e-02  3.52306813e-03
  4.81908691e-02 -4.38211669e-02  4.28635870e-02 -2.25818060e-02
  2.90482075e-02 -4.23208681e-02  1.04459384e-01  3.54110461e-02
  2.43811463e-02  2.39164041e-02  3.27346121e-02 -3.96729936e-02
 -5.30236309e-02  1.16963997e-01 -1.81035223e-02  3.84116437e-02
  4.36269066e-02  1.89162591e-02  6.46225901e-02 -5.54819737e-02
  8.89775411e-02  6.00477782e-03  1.23653972e-01 -4.45133413e-03
  1.03914910e-01 -5.07570391e-02  6.68921553e-02 -3.25694481e-02
  6.33982560e-02 -2.75752499e-02  2.17340261e-02  2.59107589e-02
 -1.40065213e-02  3.68286396e-02  3.84409575e-02 -5.07926769e-03
  5.94366410e-02  1.97630382e-02 -5.54526599e-02  1.01017788e-02
 -1.25318086e-02 -1.39286315e-03  8.46387482e-03 -3.24919354e-02
  1.39816430e-01 -1.82147872e-02 -6.66201649e-02 -2.10425623e-03
  1.67917544e-02 -4.27299561e-02  3.65052304e-02  2.10775329e-02
  6.44631264e-02 -4.97177548e-02 -2.05002640e-02  2.64882745e-02
 -1.34290057e-02  1.85965775e-02  6.79058535e-02  5.68759537e-02
 -6.49237928e-03  6.13827970e-02 -5.89654442e-02  3.36429922e-02
 -5.47943536e-03  2.06224653e-02  7.45732164e-02  8.83403246e-04
  4.78719417e-02 -2.09327189e-02 -3.31891575e-03 -1.46292042e-03
  5.66419508e-02 -7.97077756e-02  9.15620594e-02 -3.31839794e-02
 -3.98160816e-02  2.34176196e-02  2.37477300e-02  6.14533184e-02
 -3.90468151e-02 -2.22278645e-02 -5.16523651e-03 -4.76469317e-02
 -2.28272385e-02  7.98590007e-02  3.86595130e-02 -7.65598982e-02
  1.32404458e-02 -5.19612698e-02 -5.74933714e-04 -6.03403217e-02
  1.81000122e-02  4.31633828e-02 -1.55634751e-02  1.18206331e-02
 -4.09825423e-02 -3.11258043e-02 -5.27208617e-02 -2.12937822e-03
  1.49332498e-02  2.47899878e-02 -5.92213055e-02 -4.44794151e-02
 -3.69434146e-02 -2.83688841e-02 -4.58772098e-03  5.29659751e-02
  4.06477178e-04 -1.75856352e-02 -6.59910129e-02  3.96122338e-03
 -2.09931016e-02  1.23146891e-02 -2.42433235e-02  3.12333124e-02
 -8.68396776e-03 -2.89968177e-02  1.74655806e-03 -1.98484994e-02
  3.89874042e-02  2.20338218e-02  3.52498274e-02 -8.27039783e-03
  3.90707767e-03 -4.57805075e-02  3.52876844e-03  1.77833040e-02
  2.11192917e-03  4.18945776e-02 -2.79486131e-02 -2.65799726e-02
 -3.78535499e-02 -7.56937700e-02  2.50288642e-03  2.98869946e-02
  5.97119965e-03 -5.84356634e-02  6.28164761e-02 -8.77013530e-02
 -1.07869041e-02 -7.77581821e-02  2.75921188e-03 -2.89136483e-02
 -2.73013304e-02 -4.32163827e-02  2.73362575e-03 -7.43154550e-02
  1.08434140e-02 -3.57924013e-02 -4.78608312e-02 -2.51181981e-02
 -4.31103105e-02 -2.26884149e-02 -3.24361072e-02 -7.86009144e-03
 -7.28630359e-03  3.86637048e-02 -4.30268509e-02  2.46046479e-02
 -6.61251806e-02  9.75073828e-03 -1.77680017e-02 -2.18356889e-02
 -1.79026335e-02  2.10851624e-02  1.44530602e-02  2.38463034e-03
 -3.77763273e-02  1.38536862e-02  1.98638017e-02 -2.57334836e-02
  3.00506501e-02  4.63822458e-02 -4.09883151e-02 -1.87330369e-02
 -1.15630225e-01  5.30751948e-02 -1.02878962e-01  2.27709751e-02
 -3.10707303e-02  2.15978133e-02 -8.45823253e-02 -4.24789393e-02
 -2.23007212e-02  1.69307521e-02 -5.46820009e-02  5.19243266e-03
 -6.87599719e-03 -2.71888471e-02 -8.84801200e-02  3.86957020e-02
 -5.22778039e-02 -2.96852790e-03 -5.68102333e-02  1.00264129e-02
 -7.37412030e-02 -3.03556095e-02 -6.09899396e-02  4.76199821e-02
 -4.02379336e-02  1.70720850e-02 -3.54874129e-02  3.34262934e-02
 -9.62048979e-02 -3.04528629e-03 -3.05640262e-02  9.99710633e-02
 -3.88833771e-03  3.02143056e-02 -3.52310874e-02  8.15450600e-03
 -9.46663650e-02  3.09835721e-02 -1.38112892e-04  5.99799981e-02
 -3.01986551e-02  4.23179962e-02 -2.92947569e-02 -4.49661317e-02
  9.77947192e-03  5.21265353e-02 -3.78084405e-02  4.96711660e-02
 -2.76215921e-02  1.03276736e-02 -4.37577092e-02 -2.69387586e-02
 -1.47612831e-02  5.43961006e-02 -8.04277409e-02  3.15414484e-02
 -3.49424747e-02]",0.188,0.0003333333333333333,0.0,0.8324285714285714,0.3585,0.0,0.2033076923076923,0.0014615384615384616,0.0,0.8784166666666666,0.5678333333333333,0.0,0.21936363636363637,0.0015454545454545454,0.0,0.8104,0.3324,0.0,0.21855555555555556,0.0011111111111111111,0.0,0.862375,0.551625,0.0,0.227,0.003,0.0,0.8013333333333333,0.31166666666666665,0.0,0.8508928571428571,0.5105357142857143,0.0,0.42291471250971246,0.0,0.084881,0.0,1.0130003002744945e-06,1.0130003002744945e-06
3.855,0.119,101,0.559125,0.033323930965598866,0.858,0.04484417464955733,0.12382478383781952,2.0,0.16144971026490051,0.7347926219225809,0.04344028373703487,2.0,0.20125223613595716,0.72111749705011,0.06679202517333922,8,0.5248402301923428,8,0.5589109895574341,-0.0005452057880552078,25.0,1.0558375634517767,"[ 1.00000000e+00 -4.04356042e-01  2.95340627e-01 -9.22327200e-02
  9.36648434e-02 -2.31750373e-01  3.59169567e-01 -4.45857782e-01
  5.58910990e-01 -2.73590254e-01  7.96369965e-02 -9.03828941e-02
  1.01730482e-01 -3.08095475e-01  3.51198409e-01 -4.10318250e-01
  3.79507708e-01 -1.88324217e-01  1.26156141e-02 -1.70333168e-01
  2.26404774e-01 -4.25837892e-01  4.03396320e-01 -2.95962208e-01
  2.85136748e-01 -1.02933864e-01  9.58925908e-02 -2.05156638e-01
  3.38150174e-01 -4.01611139e-01  3.01690701e-01 -2.01869717e-01
  1.39920438e-01 -8.34311288e-02  1.52690204e-01 -3.09970164e-01
  4.04768772e-01 -2.82158130e-01  1.59582297e-01 -6.06613625e-02
  8.53306813e-02 -1.50452511e-01  2.06877176e-01 -3.30870214e-01
  3.15494779e-01 -2.06713078e-01  1.07105917e-01 -1.31874689e-02
  1.17265042e-01 -1.73963202e-01  3.01964197e-01 -3.44559920e-01
  2.54689209e-01 -1.20452511e-01 -2.92889110e-03 -6.10641472e-02
  1.75057185e-01 -2.97424167e-01  2.53092989e-01 -2.26101442e-01
  1.45773247e-01 -8.70711089e-03  3.64495276e-03 -1.04216808e-01
  2.41178518e-01 -3.11611139e-01  1.98503232e-01 -1.30517156e-01
  4.81700646e-02 -1.61810045e-02  7.69766285e-02 -1.89885629e-01
  3.22839383e-01 -2.29950273e-01  1.24271507e-01 -2.71009448e-02
  4.06961711e-02 -7.02734958e-02  1.66345102e-01 -2.38259572e-01
  2.18523123e-01 -1.45181502e-01  1.89607161e-02  4.16310293e-02
  7.52411735e-02 -1.41397315e-01  2.41292889e-01 -2.37404276e-01
  1.22536052e-01 -5.68075584e-02 -7.60318250e-02 -2.84982596e-02
  1.58393834e-01 -2.32784684e-01  2.21387369e-01 -1.21556440e-01
  5.14122327e-02  5.54351069e-02 -3.21631029e-02 -4.98955743e-02
  2.30233715e-01 -1.98736947e-01  1.49766285e-01 -5.80457484e-02
 -3.78617603e-02  3.76429637e-02  5.52163103e-02 -1.39666832e-01
  2.77210343e-01 -1.51263053e-01  8.53555445e-02  5.46494281e-03
 -5.77672800e-02 -2.21680756e-02  6.83789160e-02 -1.92764794e-01
  1.99746395e-01 -1.35987071e-01  4.28642466e-03  2.95673794e-02
 -3.67727499e-02 -5.18945798e-02  1.15852810e-01 -1.58219791e-01
  1.21909498e-01 -4.23918449e-02 -8.07608155e-02  7.17553456e-03
  3.92938836e-02 -1.21899552e-01  1.11611139e-01 -6.92242665e-02
  5.14072601e-02  4.29985082e-02 -3.93784187e-02 -4.46792640e-02
  9.45997016e-02 -1.47399304e-01  1.22909000e-01 -2.63500746e-02
 -2.64296370e-02  7.08304326e-02  1.38140229e-02 -8.47240179e-02
  1.29641969e-01 -8.12779712e-02  2.17006464e-02  6.87369468e-02
 -6.85877673e-02  3.17802089e-02  4.10243660e-02 -1.30487320e-01
  4.96916957e-02 -4.62357036e-02 -6.23520636e-02  9.08503232e-02
 -9.67677772e-03 -2.11934361e-02  1.21690701e-01 -1.23913476e-01
  1.53654898e-02  3.84883143e-03 -9.04624565e-02  2.23371457e-02
  4.61263053e-02 -7.51616111e-02  8.01541522e-02 -6.64942815e-02
 -3.07707608e-02  3.80208851e-02 -5.57931377e-02 -2.74042765e-02
  7.40825460e-02 -6.84634510e-02  4.33416211e-02 -3.35653904e-03
 -1.10596718e-01  7.94032819e-02 -6.08155147e-03 -6.11089010e-02
  1.21680756e-01 -3.27996022e-02 -2.66633516e-02  7.94231726e-02
 -8.37593237e-02  3.88612631e-02  2.68473396e-02 -5.40377921e-02
  3.96171059e-02 -8.69716559e-03 -8.02585778e-02  8.89806067e-02
 -4.78468424e-02  2.79462954e-03  6.27598210e-02 -5.59174540e-02
  4.42565888e-04  2.57235206e-02 -1.26643461e-01  7.47936350e-02
 -1.90203879e-02 -3.51367479e-02  7.61710592e-02 -3.26852312e-02
 -3.53754351e-02  9.55743411e-02 -9.14768772e-02  7.10492292e-02
  1.91297862e-02 -4.00000000e-02  4.53257086e-02  1.41670811e-02
 -1.02521134e-01  9.36946793e-02 -4.93485828e-02  3.90353058e-03
  5.50422675e-02 -1.49030333e-02 -2.38090502e-02  7.86723023e-02
 -1.03779214e-01  4.48234709e-02 -1.64196917e-02 -3.66384883e-02
  4.14768772e-02 -9.82098458e-03 -5.34112382e-02  6.15017404e-02
 -5.92889110e-02 -1.37444058e-02  4.26156141e-02 -6.67379413e-02
  8.26951765e-03  2.84535057e-02 -8.09000497e-02  3.09050224e-02
 -1.89010443e-02 -5.10542019e-02  3.99900547e-02 -1.48682248e-03
 -3.47588265e-02  7.96568871e-02 -5.71705619e-02  8.01591248e-03
  2.44704127e-02 -5.11934361e-02  4.29587270e-02  2.68423670e-02
 -5.66534063e-02  6.75832919e-02 -7.58329189e-03 -3.25261064e-02
  6.47339632e-02 -3.21879662e-02 -6.91198409e-04  4.63451019e-02
 -5.57981104e-02  2.49278966e-02  4.08751865e-03 -4.98209846e-02
  3.81153655e-02]",0.12413333333333333,0.0,0.0,0.8862857142857142,0.5723571428571429,0.0,0.12584615384615386,0.0,0.0,0.9543333333333334,0.8041666666666667,0.0,0.1310909090909091,0.0,0.0,0.8866,0.5601,0.0,0.12788888888888889,0.0,0.0,0.931,0.71325,0.0,0.13042857142857142,0.0,0.0,0.894,0.566,0.0,0.9410714285714286,0.75625,0.0,0.6431747619047619,0.0,0.12863495238095238,0.0,1.633234647057939e-06,1.633234647057939e-06
3.855,0.119,707,0.555125,0.023952752973301395,0.866,0.034554305086341996,0.12266911150425082,2.684563758389262,0.18526263456706651,0.7195690496050623,0.02958833508658851,2.0,0.25637749281248573,0.6665699996039749,0.07013603421883066,8,0.6075432337481959,8,0.6711725293132323,0.0006799652035499832,3.0,1.0288090288090288,"[ 1.         -0.07528476  0.23824958 -0.10776382 -0.32814908 -0.15259631
  0.21851759 -0.13105528  0.67117253 -0.12144891  0.1659129  -0.14157454
 -0.26417923 -0.1740536   0.22323283 -0.16298157  0.61286432 -0.13097152
  0.11451424 -0.1739196  -0.24773869 -0.21351759  0.18544389 -0.15889447
  0.52796482 -0.13735343  0.09242881 -0.1698325  -0.19130653 -0.19540201
  0.22973199 -0.1460134   0.47970687 -0.11588777  0.08248744 -0.17977387
 -0.12273032 -0.19487437  0.1988526  -0.14025126  0.40004188 -0.10489112
  0.09348409 -0.20018425 -0.10126466 -0.19958124  0.19938023 -0.09261307
  0.40580402 -0.09556951  0.09401173 -0.18751256 -0.08859296 -0.22522613
  0.17896985 -0.15657454  0.31734506 -0.12477387  0.06313233 -0.1660469
 -0.04786432 -0.19329146  0.19520101 -0.13866834  0.31431323 -0.12948074
  0.06533501 -0.18645729 -0.04566164 -0.19988275  0.19907873 -0.13479062
  0.27463987 -0.09754606  0.0641876  -0.16499162 -0.01372697 -0.16794807
  0.21530988 -0.10809045  0.28731156 -0.10225293  0.05068677 -0.13661642
  0.02867672 -0.16742044  0.22107203 -0.11970687  0.22858459 -0.08078727
  0.06000838 -0.13776382  0.02752931 -0.16856784  0.19375209 -0.10871022
  0.2081742  -0.08716918  0.03792295 -0.14938023  0.06825796 -0.16448074
  0.1978392  -0.10106365  0.14253769 -0.1040201   0.03321608 -0.12791457
  0.10019263 -0.11684255  0.21407035 -0.09530151  0.1221273  -0.12087102
  0.02515913 -0.13073702  0.14092127 -0.11275544  0.21292295 -0.07907035
  0.07386935 -0.09417085  0.02045226 -0.12497487  0.15191792 -0.12269682
  0.20298157 -0.08545226  0.05178392 -0.10222781  0.01762982 -0.11732831
  0.18573702 -0.10981575  0.20015913 -0.08659966 -0.00526801 -0.0790871
  0.00412898 -0.12559464  0.20887772 -0.13378559  0.17095477 -0.09130653
 -0.04829146 -0.09237856  0.01177554 -0.10747906  0.25840034 -0.11567002
  0.17336683 -0.07319095 -0.0808459  -0.07258794  0.03847571 -0.12265494
  0.30080402 -0.08896985  0.1651005  -0.04837521 -0.0681742  -0.09655779
  0.03900335 -0.11165829  0.28562814 -0.06750419  0.15515913 -0.0390536
 -0.06932161 -0.09603015  0.06046901 -0.12683417  0.22145729 -0.07932998
  0.12595477 -0.0508794  -0.03738693 -0.09194305  0.0540871  -0.10704355
  0.19937186 -0.06477387  0.10910385 -0.04846734 -0.02283082 -0.0861809
  0.04414573 -0.0960469   0.16849246 -0.05901173  0.10963149 -0.06887772
 -0.02921273 -0.10994137  0.03608878 -0.08316583  0.15520101 -0.02519263
  0.10680905 -0.05432161  0.01319095 -0.09726968  0.03473199 -0.0740536
  0.11720268 -0.03178392  0.11592127 -0.05735343  0.00324958 -0.1088861
  0.02144054 -0.06117253  0.12484925 -0.01890285  0.11309883 -0.07064489
 -0.00313233 -0.10835846  0.00626466 -0.0711139   0.10443886 -0.04454774
  0.06128141 -0.08058626 -0.02521776 -0.1059464   0.03652429 -0.05655779
  0.11899497 -0.05092965  0.07060302 -0.10267169 -0.02992462 -0.08113065
  0.02302345 -0.03697655  0.13334171 -0.01899497  0.07113065 -0.07597152
 -0.03107203 -0.08751256  0.03925461 -0.0259799   0.13386935 -0.01846734
  0.06118928 -0.05283082 -0.00793132 -0.06269682  0.04669179 -0.02545226
  0.08205193 -0.03364322  0.03554439 -0.07491625 -0.01431323 -0.07598827
  0.02816583 -0.0178057   0.08969849]",0.11013333333333333,0.0,0.0,0.8905714285714286,0.6025714285714285,0.0,0.10961538461538461,0.0,0.0,0.9635833333333333,0.802,0.0,0.10981818181818181,0.0,0.0,0.8903,0.6059,0.0,0.11077777777777778,0.0,0.0,0.967,0.8185,0.0,0.11071428571428571,0.0,0.0,0.8888333333333334,0.6051666666666666,0.0,0.9683928571428572,0.8269642857142857,0.0,0.6868276190476189,0.0,0.13736552380952377,0.0,1.3559968876514993e-06,1.3559968876514993e-06
3.855,0.119,1313,0.5906874999999999,0.032775216913851234,0.7905,0.04209809971958354,0.21853928818490959,2.0,0.6041510161817554,0.4193639418998996,0.014670811322700766,2.0,0.4674503445480341,0.5229152947957154,0.02115655655536719,36,0.6977149371452258,36,0.7134306672309211,0.0022732480249145095,5.0,1.0698697343935037,"[ 1.         -0.37835414  0.17166667 -0.20580583  0.17056567 -0.28801841
  0.27325222 -0.39273064  0.57275779 -0.26535795  0.08851389 -0.16200134
  0.25601918 -0.36126146  0.23460502 -0.34673967  0.46357878 -0.2136539
  0.15365425 -0.20332875  0.3508887  -0.35388666  0.20957046 -0.35699781
  0.32988997 -0.18511955  0.1081302  -0.25523593  0.4711144  -0.37119798
  0.23591832 -0.28967097  0.26387643 -0.22006383  0.14590422 -0.34861581
  0.71343067 -0.35458351  0.15311821 -0.20252469  0.20777261 -0.27902419
  0.23573071 -0.36391698  0.48166737 -0.22596452  0.08139159 -0.15434723
  0.3159021  -0.37258041  0.22681267 -0.31221294  0.35418536 -0.16787735
  0.13947877 -0.18576492  0.35367612 -0.34404606  0.19186839 -0.29425836
  0.2550924  -0.15059282  0.10319439 -0.25664515  0.48381154 -0.35850085
  0.21973268 -0.24943116  0.21309494 -0.17848392  0.13878192 -0.32685534
  0.6569361  -0.33701968  0.12483637 -0.17857773  0.16824094 -0.24030082
  0.21097545 -0.35693292  0.44985894 -0.23442693  0.06587601 -0.11763401
  0.27922697 -0.3274739   0.21549372 -0.29179257  0.31751023 -0.16290344
  0.10918677 -0.14132847  0.32405417 -0.28483319  0.1763528  -0.28441776
  0.23319368 -0.16258182  0.10245521 -0.20162893  0.44427987 -0.30214452
  0.19850402 -0.23825046  0.19186627 -0.18627627  0.11335661 -0.26764247
  0.55745239 -0.26941353  0.10713429 -0.16739702  0.14768232 -0.25094971
  0.1862202  -0.3005766   0.40814078 -0.16615073  0.06009381 -0.12341621
  0.25161518 -0.31696325  0.18368529 -0.22199993  0.25681902 -0.10721717
  0.09014459 -0.15046093  0.28670899 -0.28338588  0.13615108 -0.22234836
  0.20424178 -0.12805509  0.10524263 -0.20169805  0.41180138 -0.28944738
  0.16602553 -0.17903759  0.14242488 -0.1475529   0.09918113 -0.24302546
  0.48685146 -0.25537629  0.08304909 -0.13858337  0.12426717 -0.20383305
  0.17624136 -0.2689064   0.40034843 -0.17041649  0.04877486 -0.08469283
  0.1816843  -0.26699006  0.17017986 -0.18898963  0.22987727 -0.09469636
  0.05815983 -0.12535019  0.22718155 -0.23778565  0.11760262 -0.19857773
  0.20970941 -0.13249718  0.10432713 -0.16382106  0.32339117 -0.24384716
  0.13337072 -0.15526696  0.14436592 -0.12730886  0.07357949 -0.21220165
  0.36955847 -0.21111617  0.06668712 -0.12387608  0.1453576  -0.17568945
  0.15568275 -0.21826315  0.30707152 -0.12968296  0.0507159  -0.08627839
  0.17875864 -0.23045317  0.13971152 -0.15950592  0.16414304 -0.08284561
  0.04465439 -0.13532903  0.24255889 -0.20124877  0.10191071 -0.13382811
  0.14111863 -0.11006665  0.10559811 -0.16255008  0.30283256 -0.18329419
  0.10995556 -0.11167689  0.08635492 -0.11126146  0.06494075 -0.18910107
  0.35386655 -0.17743582  0.06224503 -0.09372232  0.10145296 -0.16316864
  0.13999083 -0.20926894  0.27374665 -0.10372584  0.03788052 -0.04688496
  0.11940753 -0.20096946  0.11276978 -0.14412858  0.1555043  -0.06746826
  0.03601566 -0.08115919  0.18740443 -0.19359465  0.08487869 -0.12197736
  0.13533644 -0.07705635  0.09981591 -0.11190683  0.23290168 -0.15314043
  0.09073706 -0.09915609  0.08476936 -0.09235753  0.05496191 -0.13274475
  0.25857949 -0.14509557  0.05293624 -0.08825469  0.08643109 -0.12529165
  0.10733601 -0.13259945  0.20868247]",0.1814,0.0,0.0,0.8187857142857143,0.39385714285714285,0.0,0.18184615384615385,0.0,0.0,0.9625,0.7878333333333334,0.0,0.182,0.0,0.0,0.8187,0.3726,0.0,0.18166666666666667,0.0,0.0,0.955625,0.743875,0.0,0.181,0.0,0.0,0.8201666666666667,0.3635,0.0,0.9651785714285714,0.8082142857142857,0.0,0.5323330952380954,0.0,0.10646661904761907,0.0,1.0343872453999217e-06,1.0343872453999217e-06
3.855,0.119,2029,0.592375,0.04349550982572799,0.7752500000000001,0.05852296557762603,0.21676619365694996,2.0,0.6592586440771807,0.3766947172275018,0.021772910688401165,2.0,0.5157970288314396,0.49483041546506934,0.14139203832053276,8,0.7631057408799216,8,0.7763550429752366,-0.004563934253347173,9.0,1.0951792336217552,"[ 1.         -0.23863579  0.50908767 -0.1218728   0.27730415 -0.19306944
  0.55190761 -0.28708585  0.77635504 -0.20223038  0.39766191 -0.15573327
  0.2872401  -0.27164789  0.53356749 -0.31547177  0.63390682 -0.19869053
  0.35193078 -0.2133168   0.31542455 -0.35752573  0.4549708  -0.29460497
  0.48049125 -0.20154679  0.34452152 -0.28824554  0.36641052 -0.39960716
  0.39191272 -0.2545681   0.38548915 -0.24637461  0.37818053 -0.38232609
  0.37452162 -0.38782811  0.2558971  -0.24183101  0.35901933 -0.31479776
  0.43751519 -0.39508216  0.33713918 -0.34766351  0.1993446  -0.25001583
  0.33441085 -0.3649724   0.45028878 -0.41970889  0.26960109 -0.31116686
  0.12817506 -0.29016291  0.34718444 -0.43064915  0.45120997 -0.36951673
  0.21306684 -0.27647681  0.11632229 -0.32391389  0.37820654 -0.42152526
  0.42475839 -0.30015452  0.17658771 -0.29194278  0.16747249 -0.36948078
  0.41020493 -0.37675291  0.3782882  -0.25903187  0.20219    -0.31286506
  0.22319395 -0.38402521  0.36646289 -0.31467185  0.31080485 -0.24165053
  0.24056625 -0.35752865  0.26157019 -0.37667143  0.30172594 -0.24436983
  0.27891522 -0.26441591  0.29809431 -0.38849673  0.26617758 -0.32098647
  0.23059289 -0.21148639  0.2862325  -0.29269234  0.35833227 -0.37570489
  0.2497718  -0.25160601  0.18226136 -0.2096254   0.33736446 -0.31272957
  0.39576872 -0.32731934  0.19321931 -0.2114414   0.17040858 -0.23607698
  0.36932636 -0.32001109  0.37023869 -0.27438078  0.14944077 -0.19682471
  0.17317287 -0.28168037  0.37299394 -0.32181805  0.3255386  -0.22418863
  0.12571735 -0.22145144  0.17956861 -0.3209059   0.34471751 -0.2789253
  0.27901367 -0.19954438  0.13211309 -0.25612397  0.1950886  -0.31815987
  0.30366713 -0.22051219  0.24618424 -0.2077292   0.17867379 -0.286207
  0.20697713 -0.27707371  0.23526223 -0.17212664  0.25350152 -0.21866042
  0.22158479 -0.29531337  0.17962226 -0.23963727  0.17415674 -0.14838569
  0.27816402 -0.25696441  0.25809969 -0.29619879  0.12306976 -0.19126996
  0.1321848  -0.17118757  0.29460556 -0.27337018  0.25629272 -0.26515844
  0.07199182 -0.16935387  0.13037784 -0.19033974  0.3210929  -0.2706059
  0.25267915 -0.20763039  0.0455585  -0.16201833  0.16326128 -0.20855212
  0.33207814 -0.238644    0.20525092 -0.15469183  0.04830453 -0.162922
  0.19247678 -0.21858004  0.30745141 -0.1984794   0.15964753 -0.13642544
  0.08391613 -0.19847958  0.20436532 -0.2139909   0.24359952 -0.16013965
  0.13684565 -0.14553181  0.10218252 -0.2048578   0.18248499 -0.18842511
  0.18339732 -0.132749    0.13868839 -0.15920943  0.13869742 -0.20848962
  0.16150797 -0.15008536  0.13961879 -0.11903561  0.18159939 -0.1728688
  0.16153506 -0.18839837  0.11225488 -0.10627105  0.12229147 -0.11993928
  0.20534033 -0.18107187  0.15515685 -0.16100773  0.06847634 -0.09255767
  0.1369264  -0.13815165  0.21085102 -0.17738604  0.13237322 -0.14180154
  0.05208882 -0.09891764  0.12874158 -0.14817957  0.2035695  -0.15364509
  0.10136864 -0.11623574  0.04298244 -0.11714826  0.14335827 -0.13995899
  0.18349578 -0.11987659  0.07948831 -0.10982176  0.06672339 -0.12807948
  0.14612256 -0.1253423   0.15341274 -0.08608985  0.07585649 -0.11345358
  0.08591133 -0.1280616   0.12606708]",0.18846666666666667,0.0,0.0,0.8115,0.31107142857142855,0.0,0.19223076923076923,0.0,0.0,0.94675,0.7493333333333333,0.0,0.19418181818181818,0.0001818181818181818,0.0,0.8121,0.3041,0.0,0.19477777777777777,0.0003333333333333333,0.0,0.9165,0.604375,0.0,0.197,0.0,0.0,0.8108333333333333,0.3075,0.0,0.9216071428571428,0.6557142857142857,0.0,0.45517292207792204,0.0,0.09105519047619047,0.0,7.719667477431427e-07,7.719667477431427e-07
3.8717,0.103,101,0.6140000000000001,0.046780070542913894,0.7252500000000001,0.08038928722161928,0.3054115028213878,2.1164021164021163,0.046686179902442455,0.8942853332125317,0.11904295616660619,200.0,0.10519125862367293,0.8671252989062401,0.21895145834527793,11,0.20536813845890226,11,0.3429914457586629,-0.003039500900310066,17.0,1.1142692529287497,"[ 1.00000000e+00  3.14313968e-03  1.30547636e-01  1.99924492e-01
  2.33048579e-01  1.16736985e-01  1.54706380e-01  1.15755302e-01
  2.03507577e-01  5.91589619e-02  5.06772309e-02  3.42991446e-01
  4.77709649e-02  5.96085794e-02  2.64699368e-02  2.23019202e-01
  5.35156046e-02  1.49493298e-01  2.30123599e-02  1.47036746e-01
  3.17116220e-02  1.54928723e-02  1.23076094e-01  6.33462848e-02
 -4.57070184e-02 -5.32022795e-02  1.98502258e-01  1.69434182e-02
  5.92600509e-02 -5.70418718e-02  9.79499318e-02  8.25851797e-03
 -6.06444937e-02  2.56522549e-02  2.97528506e-02 -3.62487790e-02
 -3.26462538e-02  4.35198358e-02 -7.98455498e-03  1.59663295e-02
 -3.36038066e-02  1.88531562e-02  2.00717125e-02 -2.85119537e-02
 -3.45710307e-02 -8.21683479e-03 -1.23126433e-02 -1.20708856e-02
 -2.48805114e-02 -1.06395855e-02 -4.08732193e-03 -1.06361062e-01
  4.76345999e-02 -2.22258678e-02 -8.14479347e-02 -8.84741390e-02
 -2.14837668e-03 -1.88265119e-02 -7.12980300e-02 -4.78548874e-02
 -7.22893838e-02 -4.78694426e-02 -9.64724514e-02 -8.60806923e-02
 -4.57079856e-02 -1.27672052e-01 -7.47170185e-02 -3.67476233e-02
 -2.92475749e-02 -3.33530547e-02 -4.66317373e-02 -1.03460164e-01
 -1.85802571e-02 -6.52296686e-02 -6.78892929e-02 -8.69900821e-02
 -6.06262150e-02 -1.03905188e-01 -3.98233542e-02 -2.89431958e-02
 -6.44754785e-02 -8.84119044e-02 -1.11390874e-01 -2.21637298e-02
 -5.28507046e-02 -9.42050939e-02 -1.10892900e-01 -1.44171365e-02
 -1.11855240e-01 -3.71543487e-02 -1.03136636e-01 -8.79092399e-02
 -7.55832261e-02 -9.66279413e-02 -7.31654561e-02 -2.93836256e-02
 -1.29703769e-01 -8.45147680e-02 -1.02160031e-01 -8.73920202e-02
 -6.77980445e-02 -1.40090837e-01 -1.06478351e-01 -1.31372233e-01
 -8.71310167e-02 -1.07677661e-01 -4.35861565e-02 -9.65267314e-02
 -7.21358040e-02 -1.13939908e-01 -3.14826546e-02 -1.01352794e-01
 -6.72422364e-02 -1.00840264e-01 -4.01482123e-02 -7.03661302e-02
 -1.02020232e-01 -5.53466910e-02 -5.46068627e-02 -1.11425618e-01
 -3.37943307e-02 -5.62655587e-02 -4.87558390e-02  1.38704678e-02
 -9.90126597e-02  2.59981963e-02 -1.00128144e-02 -2.95923316e-02
 -4.21493438e-03  3.71442422e-02 -8.25377905e-02 -1.02402103e-02
 -3.12655828e-02 -1.11832078e-02  1.71245853e-02  3.14041964e-02
 -3.21941218e-02  4.70579986e-04 -1.23583884e-02 -2.12898336e-02
  5.19652028e-02 -1.78952649e-02  1.04028569e-02 -9.67473090e-03
  5.29225621e-02 -1.25906682e-02  4.32464047e-02 -1.50182062e-02
  3.31011905e-02  1.39907301e-02  1.42421590e-02  7.05676312e-02
  1.76367276e-02  3.57558342e-02  3.93873732e-02  6.76564812e-02
 -7.67802397e-04  5.99145785e-02  1.22786971e-02  4.63602404e-02
  7.12685809e-02  8.79515034e-02  5.43438041e-02  1.27608512e-01
  4.12972079e-02  8.45519541e-02  1.02680732e-01  5.45757938e-02
  8.86573371e-02  4.92468738e-02  7.41262004e-02  7.48563574e-02
  1.07013317e-01  2.26265970e-02  9.05575973e-02  3.56634252e-02
  6.00736951e-02  2.88693072e-02  7.69790327e-02  6.31926082e-02
  6.58473486e-02  8.78349646e-02  6.63115214e-02  4.52764775e-02
  5.90580180e-02  2.01262827e-02  7.06393195e-02  5.73219519e-02
 -1.40133850e-02  6.60115427e-02  1.40284239e-02  3.65237817e-02
  3.91785220e-02  2.44346415e-02  1.35495991e-02  7.13402692e-02
  5.22201375e-02  6.50345506e-02  5.70412190e-02  1.18376628e-02
  5.12529135e-02  6.55228532e-02  2.99905705e-02  5.10110591e-02
  1.64362325e-02  2.92313030e-02  5.70410255e-02  3.84189644e-02
  5.36560315e-02  2.14941876e-02  2.85155079e-02  4.80998124e-02
  7.00970996e-02  2.97098376e-02  5.60446910e-02  1.46806304e-02
  1.44339887e-02 -4.66680045e-03  6.23067438e-02 -1.77030242e-03
 -2.13691622e-02  3.06090726e-02  5.16392325e-02  1.17403698e-02
  3.75964951e-02 -2.50346957e-02 -3.44738827e-02  3.24899902e-02
 -1.51458912e-02  3.15179789e-02 -2.19109953e-02 -9.00177951e-04
 -2.77379859e-02  4.88971605e-02  8.52924110e-03  2.08552549e-02
 -3.26027331e-02 -9.62864728e-03  4.04250041e-02  4.88305013e-03
 -4.22644320e-02  2.42303842e-02  5.11992379e-03 -9.47408341e-02
 -2.14325090e-03 -3.83574793e-03 -4.42326812e-02 -7.15492171e-02
 -1.66792716e-02  1.25956489e-02  3.15646186e-03 -8.94363340e-02
 -2.16278687e-03 -3.36688459e-03 -6.93685142e-02  7.74536021e-03
 -5.19651060e-02 -3.67570528e-02 -4.61962398e-02 -7.88271405e-02
  5.08563913e-03]",0.25653333333333334,0.0009333333333333333,0.0,0.7958571428571428,0.25757142857142856,0.0,0.2806153846153846,0.0012307692307692308,0.0,0.7606666666666667,0.19225,0.0,0.299,0.0026363636363636363,0.0,0.7557,0.1882,0.0,0.3006666666666667,0.0013333333333333333,0.0,0.75875,0.217125,0.0,0.30942857142857144,0.001,0.0,0.7558333333333334,0.21116666666666667,0.0,0.7560714285714286,0.21303571428571427,0.0,0.21183585914085915,0.0,0.042652523809523814,0.0,2.0032314406105086e-06,2.0032314406105086e-06
3.8717,0.103,707,0.58725,0.044860199509141725,0.811125,0.08700565714365935,0.2744476855360197,3.7037037037037033,0.11839577882581151,0.7881897197793686,0.08248177596260564,3.7037037037037033,0.13113862512400506,0.742833529906284,0.13108572312899736,11,0.5304348737538435,11,0.6626936822855066,-0.005858864518801471,10.0,1.0481343886286545,"[ 1.00000000e+00 -3.64800177e-02  6.02614252e-02  5.58178837e-02
  1.87510274e-01 -3.00384795e-02 -5.34714921e-02  6.37269778e-02
  4.75388613e-02 -1.15799085e-02 -5.63884606e-02  6.62693682e-01
 -4.78465114e-02  7.51313628e-02 -5.93033651e-02  2.17883463e-01
 -5.33311867e-02 -1.31623130e-01 -6.09344161e-02  3.14720039e-03
 -8.09241474e-02 -6.44524376e-02  4.66937360e-01 -4.20584948e-02
  8.85337445e-02 -7.11280830e-02  2.64587598e-01 -3.50658491e-02
 -1.05559725e-01 -6.97311390e-02 -1.50059652e-02 -1.17883082e-01
 -5.58180644e-02  3.24848998e-01  3.08726488e-03  9.50586352e-02
 -7.88225909e-02  3.42758525e-01 -2.22104467e-02 -7.70173681e-02
 -1.86222726e-02 -3.98549834e-02 -9.53967148e-02 -2.03053332e-02
  2.24591138e-01  3.19949626e-02  9.02992390e-02 -4.78962298e-02
  4.39093294e-01 -2.59605112e-02 -2.13221316e-02  2.76394333e-03
  3.36499621e-03 -7.69456106e-02 -2.41462169e-02  1.52223032e-01
  6.32887287e-02  2.79295026e-02 -5.49488110e-02  4.86990463e-01
  3.49829404e-03  3.82482522e-03 -9.24241298e-03  3.96125374e-02
 -4.51936204e-02 -6.12888536e-02  5.99469430e-02  7.40325845e-02
 -4.98526665e-02 -6.62224214e-02  3.99117041e-01 -1.81220961e-03
  2.77787479e-02 -2.42767643e-02  7.42996394e-02 -1.06902208e-02
 -8.34772818e-02 -1.81097478e-02  2.09284716e-02 -7.58947189e-02
 -5.34599023e-02  2.74183190e-01  3.65448141e-02  9.62558233e-03
 -6.45382153e-02  1.22747916e-01  2.66574712e-02 -9.85116331e-02
 -3.39697283e-02 -1.29116484e-02 -1.03497210e-01 -1.03170679e-01
  2.16216121e-01  2.05011311e-02  1.85344772e-02 -8.56264926e-02
  1.43583024e-01  6.90518216e-02 -7.39137197e-02 -3.26731344e-02
 -3.76677833e-02 -4.58741297e-02 -9.36177935e-02  1.39536167e-01
  2.64769784e-02 -1.28266911e-02 -8.21275329e-02  2.18911723e-01
  6.90645621e-02 -4.61969920e-02  3.64773293e-04 -5.08651097e-02
  3.32153096e-02 -1.01677642e-01  8.91855271e-02  2.36454263e-02
 -1.85025357e-02 -8.07401198e-02  2.38830383e-01  6.45817517e-02
  1.79306017e-03 -1.08159538e-02 -1.05823059e-02  6.54255241e-02
 -1.38362055e-01  3.94747502e-02  1.61325568e-02 -4.93167248e-02
 -9.93535736e-02  1.77742436e-01  3.56933427e-02  3.82033587e-03
 -2.90620027e-02 -2.36908772e-02  7.74532333e-02 -1.61468996e-01
 -3.17023854e-02 -3.21364290e-03 -1.07467496e-01 -1.32368064e-01
  1.48214164e-01  1.15770704e-02  9.79411904e-03 -6.81304195e-02
  6.40985471e-03  1.03242117e-01 -1.26598191e-01 -5.58186578e-02
 -2.42111010e-02 -8.44320858e-02 -1.36303896e-01  1.05931986e-01
  3.88314457e-02  2.31036175e-02 -8.47272740e-02  5.68726663e-02
  1.33064199e-01 -7.50352286e-02 -3.62715309e-02 -1.95252993e-02
 -3.08504600e-02 -1.24003729e-01  5.59425589e-02  3.58120631e-02
  9.11061161e-04 -7.74717016e-02  9.15577043e-02  1.28760963e-01
 -1.92512369e-02 -4.65378737e-02 -4.74043767e-02  1.04396114e-02
 -1.08308162e-01  5.77149371e-03  3.18762320e-02 -4.56829656e-02
 -9.07660394e-02  1.02574018e-01  9.42768520e-02  3.80931939e-02
 -3.21261603e-02 -4.72120618e-02  5.98951554e-02 -9.35290436e-02
 -1.84376619e-02  3.07846935e-02 -5.44796885e-02 -6.77306292e-02
  8.71722613e-02  7.03442822e-02  4.40669771e-02 -5.25725109e-02
 -1.23412573e-02  6.75201970e-02 -9.96651764e-02 -6.22782154e-02
  1.18038346e-02 -1.11439490e-01 -1.09461700e-01  6.38795541e-02
  4.54911358e-02  7.28761721e-03 -9.34800167e-02 -6.46242149e-03
  6.51427410e-02 -9.11257505e-02 -7.27282607e-02  6.12386192e-03
 -1.29503900e-01 -1.05785230e-01  2.79258234e-02  5.69656734e-02
  9.58941461e-03 -1.08790954e-01  2.98738748e-02  1.03955925e-01
 -4.82752400e-02 -8.46437978e-02  7.14387001e-03 -6.40848159e-02
 -9.32064135e-02 -2.47200653e-02  9.33040338e-02 -1.98480378e-02
 -8.57555436e-02  3.42872188e-02  1.40843329e-01 -2.37722739e-02
 -7.89466004e-02 -6.14840375e-03 -1.02266042e-02 -9.53072837e-02
 -5.07641817e-02  9.01938319e-02 -1.70880162e-02 -4.78608722e-02
  1.74158426e-02  1.42686902e-01  2.76090501e-02 -4.83897083e-02
 -1.60473416e-02  2.62933946e-02 -8.41072678e-02 -5.77280078e-02
  6.69011247e-02 -3.27663583e-02 -5.13384791e-02 -1.05561180e-02
  9.75604309e-02  2.30292283e-02 -4.59970917e-02 -6.48437342e-02
  1.85947585e-02 -9.34571622e-02 -8.04716716e-02  2.07653221e-02
 -7.39483858e-02 -9.35298382e-02 -2.53180117e-02  8.43589763e-02
 -1.91473727e-03]",0.18106666666666665,0.0,0.0,0.8512857142857143,0.38935714285714285,0.0,0.19046153846153846,0.0005384615384615384,0.0,0.8256666666666667,0.33058333333333334,0.0,0.20827272727272728,0.0007272727272727272,0.0,0.8094,0.3457,0.0,0.2301111111111111,0.0014444444444444444,0.0,0.8105,0.410625,0.0,0.24957142857142858,0.005,0.0,0.7706666666666667,0.3135,0.0,0.7775,0.3455357142857143,0.0,0.35641105949605945,0.0,0.07159061904761904,0.0,4.870232157275986e-07,4.870232157275986e-07
3.8717,0.103,1313,0.6204999999999999,0.05032767628253862,0.707125,0.08302399878950664,0.3241901231314102,2.0100502512562812,0.037149496337486654,0.9175962839951106,0.11168630128732647,400.0,0.10299501200968346,0.870214313614979,0.26136589164373725,4,0.23502837684449499,4,0.40343218081790577,-0.032163944979638946,14.0,1.132759311173408,"[ 1.00000000e+00  9.83129983e-02  7.25165646e-02  2.55655394e-01
  4.03432181e-01  4.99225605e-02  8.65605314e-02  2.58041221e-01
  1.88593067e-01  4.19445893e-02  5.72111930e-02  3.12110031e-01
  9.33116552e-02  3.31913732e-02  1.08559847e-01  2.62812875e-01
  4.64762406e-02  3.36345548e-02  1.15869158e-01  1.72844837e-01
 -6.31631800e-03  4.31449266e-02  1.69937969e-01  6.25368241e-02
  8.37368611e-03  5.77057232e-02  1.44084032e-01  6.37552505e-02
 -4.54593325e-02  9.89489937e-02  1.17194169e-01 -8.59977083e-03
  3.69761828e-02  1.19079312e-01  4.23774059e-02 -8.05671697e-02
  8.01620987e-02  6.53755007e-02  3.27152041e-02 -9.56696857e-02
  6.77797398e-02  1.05324430e-01  1.34689823e-02 -1.69902539e-02
  6.12275842e-02  6.31518176e-02 -3.29788100e-02  6.76920714e-03
  6.50392269e-02  7.08510181e-02 -7.42424363e-02  3.73970647e-02
  4.65750503e-02  2.46661744e-02 -3.97292877e-02  6.47856686e-02
  6.78750360e-02 -1.99659130e-02  7.99475690e-03 -2.19453826e-02
  5.69207596e-02 -3.50661622e-02  3.70653246e-02  6.47688093e-03
  6.25458403e-02  1.43421130e-02  5.86237252e-02  7.97182654e-02
  7.85347194e-02  2.22997284e-02  2.77216305e-02  9.24701576e-02
  9.41359761e-02  2.89630025e-02  7.23378956e-02  1.06516391e-01
  6.84157805e-02  1.93053342e-02  5.03737836e-02  9.16768238e-02
  6.09591727e-02  2.44135851e-02  7.90567289e-02  8.09809623e-02
  2.20720343e-03  1.64378807e-02  3.53313605e-02  5.24114022e-02
 -3.08959517e-02  6.06642567e-02  6.11626745e-02  1.45139703e-02
 -3.00628810e-02  1.90107412e-02  5.62970162e-02 -6.28500785e-03
  2.62092571e-02  3.29255006e-02  3.18711620e-02 -3.33018116e-02
  2.03054056e-02  2.41722845e-02 -1.84619212e-02 -2.84542424e-02
  4.36749775e-02  7.64621978e-03  1.68242053e-02 -2.21831244e-02
  1.17346895e-02  1.62498725e-02  2.16717745e-02 -4.98482322e-02
  3.51042614e-02  1.29369706e-02 -7.04995908e-02 -4.06909992e-03
  5.36730054e-03 -3.13074945e-02 -1.06064488e-01 -2.32931015e-03
  2.61504564e-02 -5.11974868e-02 -8.45060875e-02  4.24161625e-02
 -4.68483354e-02 -7.06998567e-02 -3.71696653e-02 -2.26805731e-02
 -4.19984994e-02 -7.99699026e-02 -3.99634706e-02 -3.90751636e-02
 -8.45587339e-02 -1.14111251e-01 -6.67218594e-02 -6.09123350e-02
 -8.46346489e-02 -1.10947912e-01 -1.48541089e-02 -2.27723104e-02
 -6.10021285e-02 -4.98814975e-02 -2.94329946e-02 -4.97868474e-02
 -7.67484149e-02 -5.77257277e-02 -6.33136613e-02 -3.13384929e-02
 -7.72119524e-02 -8.00797289e-02 -3.23004481e-02 -3.38738833e-02
 -6.71824840e-02 -5.58011713e-02 -5.06376841e-02 -4.31439292e-02
 -3.22817131e-02 -6.81789965e-02 -4.76012862e-02 -4.28276883e-02
 -9.46582916e-02 -1.17244436e-04 -8.35538058e-02 -4.45833003e-02
 -1.10143896e-01 -2.81677079e-02 -7.93500071e-02 -6.11048315e-02
 -1.18763371e-01 -1.67101571e-02 -4.80761123e-02 -4.70585978e-02
 -1.00307378e-02 -8.20698412e-02 -5.68293283e-02 -6.25464693e-02
 -2.53894018e-02 -6.77651926e-02 -3.48833053e-02 -8.39937516e-02
 -1.19914723e-02 -2.48331580e-02 -7.95153927e-02 -3.08293929e-02
  5.67937056e-03 -5.21966968e-03 -1.01615660e-02 -2.66301278e-02
 -1.92655803e-02 -3.53465197e-02 -2.74628755e-02 -2.96823480e-02
 -6.12606568e-03 -4.05998003e-02 -4.34675769e-02 -3.26053607e-02
  1.99659300e-02 -8.69161183e-02 -8.51210923e-02 -5.73585348e-03
 -6.35258676e-02 -7.05396168e-02 -2.74231386e-02  2.60548712e-02
 -9.08010862e-02 -1.64685391e-02 -1.64869512e-02  1.78207519e-02
 -6.28956525e-02 -1.84848329e-02 -1.88908673e-02 -2.55147274e-02
 -4.43158238e-02 -1.33765819e-02 -1.71510775e-02 -6.47087675e-02
 -4.93129563e-02 -2.82184161e-02 -3.57489952e-02 -4.32818411e-02
 -6.06571219e-02 -5.48453307e-02  7.57066175e-03 -1.21371537e-02
 -1.04382490e-01 -3.91171334e-02 -8.56551385e-03 -1.14332904e-02
 -8.25656748e-02 -1.47093682e-02 -2.36657630e-02 -7.49795365e-02
 -7.71990090e-02 -1.06370438e-02 -5.76756371e-02 -8.07496469e-02
 -6.49639466e-02 -5.61735834e-02 -6.07255906e-02 -6.61843167e-02
 -8.13562703e-02 -1.25932447e-02 -9.30512342e-02 -6.88466477e-02
 -4.39937572e-02 -3.31315411e-02 -8.18543651e-02 -8.66647871e-02
 -1.63467384e-02 -6.96031574e-02 -4.85086172e-02 -4.60652872e-02
  1.99775814e-02 -6.85116717e-02 -3.29096273e-02 -1.67363046e-02
 -1.34049339e-03 -6.18506645e-02 -9.66699611e-03  1.71285399e-02
 -1.79934988e-02]",0.2714,0.0006666666666666666,0.0,0.7843571428571429,0.24042857142857144,0.0,0.29784615384615387,0.0013846153846153845,0.0,0.75625,0.19741666666666666,0.0,0.32445454545454544,0.0019090909090909091,0.0,0.7296,0.1684,0.0,0.33944444444444444,0.003111111111111111,0.0,0.7055,0.15875,0.0,0.3707142857142857,0.011857142857142858,0.0,0.6806666666666666,0.14316666666666666,0.0,0.67125,0.13303571428571428,0.0,0.17784665556665555,0.0,0.03632647619047619,0.0,1.307938556191602e-06,1.307938556191602e-06
3.8717,0.103,2029,0.610625,0.0627214825637915,0.75225,0.1161677128121235,0.3458181745385824,3.7037037037037033,0.21136652557737165,0.7172993149255608,0.10434566013627933,3.7037037037037033,0.21643340727131516,0.677562765187727,0.14539023606037713,11,0.5925183695760102,11,0.7124281443504276,-0.03767054718877466,14.0,1.1060466825951112,"[ 1.00000000e+00 -3.93003974e-02 -5.51105044e-02  1.30059849e-01
  2.99566921e-01 -9.87181536e-03 -3.03132888e-02  1.54940429e-01
  1.38245731e-01 -7.89454495e-02 -6.56613128e-02  7.12428144e-01
  8.88096925e-03 -9.58096902e-02  6.48004576e-03  4.08523393e-01
  6.51985235e-03 -9.21291896e-02  7.23042206e-02  1.58909834e-01
 -7.72907896e-02 -9.02387122e-02  5.53962574e-01  3.98799666e-02
 -7.72945410e-02 -4.59063931e-02  5.14971980e-01  7.39412696e-03
 -6.99923119e-02  3.20318036e-03  1.91214877e-01 -4.77854080e-02
 -8.90471890e-02  3.64362643e-01  9.79956141e-02 -9.46701657e-02
 -8.46905089e-02  5.73025104e-01  1.39348784e-02 -5.92624896e-02
 -1.39177191e-02  2.23165620e-01 -7.49820535e-03 -5.66333093e-02
  1.78597483e-01  1.35925451e-01 -8.13490939e-02 -1.23703877e-01
  5.28370732e-01  3.94025074e-04 -8.16446214e-02 -5.34567477e-02
  2.96652773e-01 -3.53754533e-02 -7.20058679e-02  7.80286242e-02
  1.45099134e-01 -9.53114015e-02 -1.47750985e-01  4.23337235e-01
  1.52712360e-02 -7.78618487e-02 -9.23659104e-02  3.24940105e-01
 -2.65398599e-02 -9.70417726e-02 -3.21618987e-02  1.72585240e-01
 -1.08139024e-01 -1.69315681e-01  2.96219068e-01  7.43965214e-02
 -1.13658733e-01 -1.03637394e-01  3.47940732e-01 -6.28415633e-02
 -1.08755552e-01 -7.90949036e-02  1.68723943e-01 -7.86336427e-02
 -1.60713971e-01  1.39902452e-01  1.46869405e-01 -1.36654521e-01
 -1.59156952e-01  3.27156422e-01 -6.92686378e-02 -1.20761107e-01
 -1.16151520e-01  1.89096270e-01 -7.57979844e-02 -1.71709889e-01
  2.56270639e-02  1.90523611e-01 -1.41525456e-01 -1.76490895e-01
  2.38520278e-01 -3.97215738e-02 -1.09697826e-01 -1.35780304e-01
  1.59320162e-01 -3.27991168e-02 -1.65298816e-01 -6.01052131e-02
  2.40995188e-01 -1.34083904e-01 -1.80502712e-01  1.77521814e-01
  5.33825184e-03 -9.51216544e-02 -1.61918474e-01  1.63665645e-01
 -3.40321139e-02 -1.59563922e-01 -1.12283240e-01  2.43930421e-01
 -1.01065631e-01 -1.79040254e-01  4.65271931e-02  7.34715449e-02
 -9.97216549e-02 -2.08242454e-01  1.09510025e-01 -5.53258745e-02
 -1.61343420e-01 -1.46019167e-01  1.94406166e-01 -9.08661003e-02
 -1.75662725e-01 -6.67848707e-02  1.39435043e-01 -1.00387310e-01
 -1.95940283e-01  4.03418296e-02 -3.09196273e-02 -1.35948376e-01
 -1.68389720e-01  1.51215305e-01 -7.79757455e-02 -1.61382961e-01
 -1.27533242e-01  1.90765739e-01 -1.01391054e-01 -2.02459985e-01
  5.08681496e-03 -2.12712290e-02 -1.28678185e-01 -1.70444785e-01
  7.28052186e-02 -6.80100987e-02 -1.57500614e-01 -1.67607193e-01
  2.17362622e-01 -7.11099185e-02 -1.79609877e-01 -4.19550271e-02
  4.33028589e-02 -1.15028286e-01 -1.45237311e-01  1.83323492e-02
 -5.98553161e-02 -1.29727363e-01 -1.56548544e-01  2.03391052e-01
 -7.44501873e-02 -1.62108997e-01 -8.89343458e-02  8.43403429e-02
 -9.80739073e-02 -1.53292311e-01 -3.73840422e-02 -5.21219879e-02
 -1.27109379e-01 -1.72435184e-01  1.57442212e-01 -5.78755807e-02
 -1.60672011e-01 -1.01833755e-01  1.46047615e-01 -9.51849884e-02
 -1.26804265e-01 -7.66613985e-02 -4.09174505e-02 -1.23315028e-01
 -1.75124746e-01  9.59134560e-02 -3.59980595e-02 -1.55467409e-01
 -1.22205873e-01  1.91440899e-01 -8.82320454e-02 -1.18040457e-01
 -1.06379615e-01 -1.08701990e-02 -1.04320532e-01 -1.52487681e-01
  4.63220467e-02 -2.95290942e-02 -1.26242225e-01 -1.34158168e-01
  2.06371371e-01 -5.74924046e-02 -1.09406328e-01 -1.19512908e-01
  6.72344259e-02 -7.11193202e-02 -1.34569978e-01 -2.47276757e-03
 -5.38164775e-05 -1.01861450e-01 -1.27501633e-01  1.60630943e-01
 -3.42463146e-02 -9.31489702e-02 -1.19990992e-01  1.00081338e-01
 -4.24614786e-02 -1.03533929e-01 -4.69905150e-02  2.02467245e-02
 -6.25306249e-02 -1.30737696e-01  1.03671029e-01  1.29995160e-02
 -8.74812314e-02 -1.13396980e-01  1.35811276e-01 -3.49620344e-02
 -7.61196097e-02 -6.21847660e-02  1.70940260e-02 -3.23374854e-02
 -1.06544491e-01  5.97831478e-02  2.88145786e-02 -6.42768237e-02
 -1.04232559e-01  1.34323554e-01 -1.24083337e-02 -5.08079303e-02
 -7.25137667e-02  5.72469190e-02 -1.58462433e-02 -6.59701439e-02
 -1.43155535e-04  2.62963773e-02 -3.56606644e-02 -9.50681390e-02
  1.07384158e-01 -1.06124172e-02 -2.16452698e-02 -7.31585803e-02
  7.45602286e-02 -1.88901046e-02 -4.53731955e-02 -2.54175756e-02
  3.34415221e-02 -2.16101524e-02 -7.54391462e-02  9.36881539e-02
  2.11120837e-03]",0.2344,0.0007333333333333333,0.0,0.8190714285714286,0.3467142857142857,0.0,0.2376923076923077,0.0013076923076923077,0.0,0.8049166666666666,0.29325,0.0,0.2469090909090909,0.0005454545454545455,0.0,0.7849,0.2329,0.0,0.2588888888888889,0.001,0.0,0.7795,0.207375,0.0,0.2777142857142857,0.0005714285714285715,0.0,0.7735,0.18683333333333332,0.0,0.7582142857142857,0.15857142857142856,0.0,0.2525829420579421,0.0,0.05068290476190477,0.0,2.267137189128706e-07,2.267137189128706e-07
3.8717,0.1083,101,0.5865,0.042193008899579554,0.784,0.06887670143089027,0.2020853856407815,3.3057851239669422,0.03966125818412282,0.8980741969121595,0.125211969127636,400.0,0.0568814867154194,0.8799256924817581,0.27256210576405876,10,0.16162055891026544,3,0.3294329679595277,-0.006104599703725781,11.0,1.0951632617426226,"[ 1.00000000e+00  1.03100759e-01  9.81176223e-02  3.29432968e-01
  2.84926223e-01  1.30174958e-01  1.80946459e-01  2.17700253e-01
  1.78463322e-01  1.01441821e-01  1.93054384e-01  1.77953204e-01
  1.03988196e-01  1.21823356e-01  1.18157673e-01  4.76707420e-02
  8.87457841e-02  3.59127319e-02  8.22575885e-02  3.85940135e-02
  1.30059022e-02  8.79658516e-02  5.25295110e-03  4.22217538e-03
  3.17010961e-02  6.75590219e-02  3.22744519e-02 -4.91209949e-02
  3.19519393e-02  8.44097808e-02 -9.68591906e-03 -3.26391231e-02
  9.76538786e-02  4.39776560e-02  2.22892074e-02  3.40113828e-02
  4.13596121e-02  5.61382799e-02  7.84000843e-02  2.99936762e-02
  9.13048061e-02  3.84717538e-02  1.04209528e-01  3.73587690e-02
  1.01304806e-01  8.48861720e-02  1.37502108e-01  6.01117201e-02
  4.32188027e-02  9.27255481e-02  1.88343170e-01 -1.60497470e-02
  9.09506745e-02  1.75554384e-01  5.11045531e-02  5.84000843e-02
  1.35099073e-01  9.10666105e-02  3.24894604e-02 -1.47765599e-03
  9.01876054e-02  5.40071669e-02  9.44772344e-03  9.93212479e-02
  4.56450253e-02 -1.73587690e-02  9.61762226e-02  3.28035413e-02
 -4.63785835e-02 -2.33263069e-02  4.19371838e-02 -4.78372681e-02
 -3.43760540e-02  3.92137437e-02  1.26243676e-02 -5.38048061e-02
  1.49894604e-02 -3.69477234e-02 -1.29468803e-02 -1.48208263e-02
 -2.06998314e-02  2.87942664e-03  2.81977234e-02 -2.90092749e-02
  2.22892074e-02  2.12584317e-02  6.68128162e-02  2.85244519e-02
  3.85075885e-02 -1.12162732e-02  1.80543845e-02  9.12752951e-02
  3.58073356e-02 -4.69435076e-03  7.72744519e-02  6.52824621e-02
  2.69940978e-02  3.56661046e-03  1.08406408e-01  8.23967116e-02
  1.05396290e-04 -9.25379427e-04  1.15349916e-01  1.22259696e-04
 -8.60687184e-02  2.49367622e-02  5.20467960e-02 -3.33010118e-02
 -3.25400506e-02 -2.12394604e-02  1.46184654e-02 -6.63553963e-02
  1.17411467e-03 -6.99831366e-04 -4.17284992e-02 -3.66462901e-02
  2.29258010e-02  7.45573356e-03 -1.68676223e-02  3.00042159e-02
  4.39397133e-02 -4.75210793e-02 -2.04110455e-02  7.03583474e-02
  2.27951096e-02 -1.11720067e-01  6.55796796e-02  2.76602024e-02
  1.12415683e-02  1.54806071e-02  6.63575042e-02  5.08347386e-02
  2.69856661e-02  1.76285835e-02  7.58832209e-02  5.37731872e-02
  6.90261383e-02  3.90113828e-02  2.04321248e-02  8.74873524e-02
  9.52044688e-02  1.51264755e-02  2.20531197e-02  6.88722597e-02
  3.31661046e-02  3.74051433e-02  4.68612985e-02  3.82946880e-02
  9.08579258e-02  2.88026981e-02 -1.48081788e-02  7.77529511e-02
  6.13343170e-02 -2.44877740e-02 -3.54342327e-03  4.37500000e-02
  4.51306914e-03 -2.41842327e-02  2.48482293e-02  1.42263912e-02
 -5.24873524e-03  1.00042159e-02 -3.18676223e-02  2.06956155e-02
 -1.42200675e-02 -5.38258853e-02 -6.58705734e-02 -6.12099494e-02
 -1.66041315e-02 -6.72238617e-02 -7.52634907e-02 -5.79026138e-02
 -1.24009275e-02 -4.85286678e-02 -5.48292580e-02 -2.11846543e-02
  2.81618887e-03 -1.13254637e-01 -2.46985666e-02 -3.75421585e-03
 -6.01180438e-02 -1.59338111e-02  5.90640809e-03 -2.50210793e-03
  2.80860034e-02  2.04679595e-02  5.76960371e-02  1.40324621e-02
 -3.79574199e-02  4.31155143e-02  4.00505902e-04 -4.89544688e-02
  2.29131535e-03  3.50927487e-02 -8.51812816e-03 -1.74009275e-02
  4.08537099e-02 -1.77234401e-02 -2.18107083e-02 -1.31977234e-02
  2.70341484e-02  2.71079258e-03 -7.82630691e-02 -1.51602024e-02
 -1.70868465e-02 -2.20699831e-02 -4.01749578e-02 -3.50400506e-02
 -2.33178752e-02 -4.58494941e-02 -4.51412310e-02 -2.46184654e-02
  6.39123103e-03 -7.59000843e-02 -1.54848229e-02 -9.87563238e-03
 -3.33031197e-02 -4.75084317e-02 -2.69329680e-02 -1.29974705e-02
 -4.91779089e-02 -2.91294266e-02 -3.18992411e-02 -1.04072513e-01
 -3.04300169e-02 -1.16989882e-02 -4.78794266e-02 -8.18465430e-02
 -4.02445194e-02  1.30480607e-03 -5.51117201e-02 -5.52466273e-02
 -3.86762226e-02 -5.92748735e-03 -7.89966273e-02 -3.30733558e-02
 -4.63301012e-02 -7.33410624e-02 -6.28583474e-03 -2.04679595e-03
 -6.97934233e-02 -7.21416526e-02 -1.82082631e-02 -5.61277403e-02
 -5.97934233e-02 -4.36973019e-02 -9.57841484e-03 -4.26496627e-02
 -7.70910624e-02 -5.24030354e-03 -3.58347386e-03 -6.95910624e-02
 -6.31387015e-02 -4.35118044e-02 -2.01517707e-03 -7.81935076e-02
 -2.12563238e-02 -2.40261383e-02 -4.87352445e-03 -4.53752108e-02
 -5.69456155e-02]",0.18726666666666666,0.0002666666666666667,0.0,0.8637857142857143,0.44592857142857145,0.0,0.19030769230769232,0.00023076923076923076,0.0,0.8524166666666667,0.41475,0.0,0.19972727272727273,0.00045454545454545455,0.0,0.8455,0.3998,0.0,0.20255555555555554,0.00011111111111111112,0.0,0.8455,0.387125,0.0,0.20642857142857143,0.001,0.0,0.8361666666666666,0.3606666666666667,0.0,0.8369642857142857,0.3732142857142857,0.0,0.4012414291264292,0.08033080952380953,0.08033080952380953,6.246943856663367e-06,6.246943856663367e-06,1.2493887713326733e-05
3.8717,0.1083,707,0.5713124999999999,0.04341474223981987,0.8217500000000001,0.07795471441805171,0.15915745379289106,400.0,0.13390706470832342,0.85175345824252,0.20584441188992922,400.0,0.32639141183267856,0.7276390425560325,0.43709186261424376,4,0.3111653427118931,4,0.5349766021124951,-0.08549945931006363,12.0,1.0666883011520363,"[ 1.00000000e+00  2.85907555e-01  3.39193827e-01  4.22172275e-01
  5.34976602e-01  3.08516702e-01  3.52994055e-01  4.06280327e-01
  3.96695704e-01  2.89539319e-01  3.82355165e-01  3.96559251e-01
  3.68909401e-01  2.90997804e-01  3.56178431e-01  3.79638824e-01
  2.98060701e-01  2.85390642e-01  3.75121052e-01  3.04408805e-01
  2.91872448e-01  2.74641087e-01  3.35574097e-01  3.04391424e-01
  2.73208750e-01  3.02973717e-01  2.76933437e-01  2.44542301e-01
  2.64783557e-01  3.09127207e-01  2.97171941e-01  2.35716001e-01
  2.78450083e-01  3.26460260e-01  2.13266705e-01  2.67314051e-01
  2.98421183e-01  2.84275257e-01  1.96973650e-01  2.63496441e-01
  3.05916837e-01  2.11549583e-01  2.00489093e-01  2.79934717e-01
  2.13470087e-01  2.32682863e-01  1.95015633e-01  2.52282117e-01
  2.44307063e-01  1.82270032e-01  2.15567823e-01  2.40504083e-01
  1.63487262e-01  1.74158525e-01  2.11883916e-01  2.10974509e-01
  1.31139657e-01  1.89434620e-01  1.95410877e-01  1.58504721e-01
  1.84022071e-01  2.08063555e-01  1.70977415e-01  1.75344103e-01
  1.47066882e-01  2.03885978e-01  1.39925692e-01  1.40312169e-01
  1.71239317e-01  1.91346870e-01  7.94954798e-02  1.64664587e-01
  1.75202147e-01  1.21974036e-01  8.88681079e-02  1.50382208e-01
  1.23313449e-01  1.10643390e-01  1.09687702e-01  1.39318967e-01
  1.41494996e-01  7.63725304e-02  1.02470971e-01  1.41672229e-01
  1.00652158e-01  5.77088326e-02  9.40920591e-02  1.20056798e-01
  7.69797698e-02  4.04747200e-02  9.05418539e-02  1.43961828e-01
  1.11169586e-01  5.24853956e-02  3.61488106e-02  1.45286611e-01
  6.84034927e-02  8.93595407e-02  4.01116413e-02  1.07081821e-01
  8.11752425e-02  3.16136572e-02  7.75668768e-02  7.50479014e-02
  4.90076210e-02  4.21947476e-02  2.77814174e-02  8.76859489e-02
  1.03554422e-02  4.39669190e-02  2.82114243e-02  3.37402937e-02
  1.12328373e-02  2.17703973e-02  2.02799004e-02  2.30370201e-02
 -1.32880460e-02 -6.93528813e-04 -1.73437998e-02  9.74200615e-04
 -1.31717251e-02 -1.43948175e-02  1.18373255e-02 -5.31514383e-02
 -2.05684401e-02 -3.10478397e-02 -4.28694038e-02 -4.05596723e-02
 -4.38397219e-02 -7.21169432e-02 -5.64369903e-02 -4.69279088e-02
 -2.59718608e-02 -1.22128668e-01 -1.00144141e-01 -3.31739620e-02
 -6.65935761e-02 -1.42000828e-01 -7.23926011e-02 -5.93506958e-02
 -6.38392077e-02 -1.38084279e-01 -6.44958398e-02 -7.90891537e-02
 -1.35716387e-01 -9.74099053e-02 -1.00823657e-01 -1.17340226e-01
 -1.60283552e-01 -1.26538373e-01 -7.98703603e-02 -1.36631296e-01
 -1.17418519e-01 -1.18060521e-01 -9.12010059e-02 -1.24306934e-01
 -1.49185034e-01 -1.01041155e-01 -1.55030340e-01 -1.71680611e-01
 -1.29260215e-01 -1.46938965e-01 -1.88139019e-01 -1.59088845e-01
 -1.34733675e-01 -1.46107851e-01 -2.09487046e-01 -1.57049269e-01
 -1.20218655e-01 -1.67275895e-01 -1.59556366e-01 -1.83673391e-01
 -1.21711903e-01 -1.80216109e-01 -1.72316597e-01 -1.30029903e-01
 -1.65907581e-01 -2.03261126e-01 -1.28063118e-01 -1.42342746e-01
 -2.12607605e-01 -2.06631347e-01 -1.48336384e-01 -1.30018384e-01
 -2.26576298e-01 -1.88850907e-01 -1.36726816e-01 -1.56282538e-01
 -1.89969557e-01 -1.58281335e-01 -8.71972416e-02 -1.96096898e-01
 -1.73798686e-01 -1.12865676e-01 -1.56390092e-01 -1.69774943e-01
 -1.94205655e-01 -1.31215687e-01 -1.89005101e-01 -1.54946236e-01
 -1.56169329e-01 -1.37851328e-01 -1.61387263e-01 -1.56439484e-01
 -1.22246917e-01 -1.31250450e-01 -1.60062480e-01 -1.51134489e-01
 -1.21055836e-01 -1.81035909e-01 -1.59318787e-01 -1.31430794e-01
 -1.19283665e-01 -1.86910476e-01 -1.13903128e-01 -1.27601665e-01
 -1.60841295e-01 -1.47352002e-01 -9.40657301e-02 -1.49931889e-01
 -1.77895424e-01 -1.56625690e-01 -1.29766175e-01 -1.31704060e-01
 -1.67000648e-01 -1.75109404e-01 -1.26651839e-01 -1.57834513e-01
 -1.62857833e-01 -1.32779181e-01 -1.53810770e-01 -1.64603856e-01
 -1.45838467e-01 -1.46033081e-01 -1.32677490e-01 -1.53889063e-01
 -1.42636711e-01 -1.40908069e-01 -1.27285074e-01 -1.54086428e-01
 -1.16227335e-01 -1.23173911e-01 -1.40852660e-01 -1.41360960e-01
 -9.73309953e-02 -1.32493881e-01 -1.41944802e-01 -1.04800501e-01
 -8.07590172e-02 -1.34568219e-01 -1.13164783e-01 -9.11802563e-02
 -7.49192130e-02 -1.32261239e-01 -8.19267003e-02 -7.91695807e-02
 -1.08742685e-01 -1.00575768e-01 -9.35710319e-02 -7.24350002e-02
 -9.73130997e-02]",0.16313333333333332,0.0004,0.0,0.8587142857142858,0.46264285714285713,0.0,0.18938461538461537,0.0006923076923076923,0.0,0.8273333333333334,0.4221666666666667,0.0,0.22536363636363638,0.002,0.0,0.7791,0.3644,0.0,0.27011111111111114,0.0057777777777777775,0.0,0.726875,0.3105,0.0,0.3201428571428571,0.014,0.0,0.6768333333333333,0.273,0.0,0.6748214285714286,0.27732142857142855,0.0,0.3619678876678876,0.07330838095238094,0.07330838095238094,1.6776495469493474e-05,1.6776495469493474e-05,3.355299093898695e-05
3.8717,0.1083,1313,0.629625,0.053914138915501564,0.659,0.07479304780526061,0.3625813819782197,2.0202020202020203,0.07627550230705216,0.8890993895146382,0.09520002160227425,200.0,0.06012644807584869,0.8929593354566696,0.24158120238472236,2,0.2412079438373175,3,0.28240391490883093,-0.021995177350634155,14.0,1.1855183269619969,"[ 1.00000000e+00 -1.95883983e-02  1.58937254e-01  2.82403915e-01
  2.55664998e-01  4.50683768e-02  1.88645871e-01  1.72051752e-01
  5.56185198e-02  1.38260189e-01  9.26170897e-02  1.27618430e-01
  7.28360744e-02  4.88232928e-02  9.38800501e-02  7.93193600e-02
  7.88809439e-02  4.57289060e-02  5.68653915e-02  6.72868252e-02
  1.52529496e-02  6.90467465e-02  6.45414730e-02  4.45955488e-02
  6.57874508e-02  7.41754558e-02  9.96353236e-02  6.40476403e-02
  7.03128352e-02  6.95615838e-02  9.50214516e-02  6.16683053e-02
  1.47068287e-02  8.61758134e-02  2.02207723e-02  6.57624240e-03
  7.43805863e-02 -3.10810690e-02  9.81944941e-03  3.16146764e-02
  4.42706471e-02 -1.20311941e-02  5.58848767e-02 -1.48520737e-02
  2.71657133e-02  6.64350197e-02 -1.83124777e-02  2.69453879e-02
  1.90883089e-02  7.36548087e-03 -5.67572399e-03  1.13835806e-01
 -3.51358598e-03  1.82816410e-02  4.82105828e-02  4.77721666e-02
  3.92000358e-02  2.39242939e-02  4.39989274e-02 -7.94556668e-03
  5.25518413e-02 -1.52355202e-02 -1.53834465e-02 -2.84246514e-02
 -3.27761888e-03  3.71089560e-02 -1.20870576e-02 -5.86463175e-02
 -2.58795138e-02 -5.40266357e-03 -4.01859135e-02 -7.05000894e-02
 -2.95101895e-02 -3.49316232e-02  3.01930640e-03 -2.47474973e-02
 -6.85582767e-02 -3.61936897e-02  8.46085091e-03 -1.01268770e-01
 -5.66142295e-02  4.49092778e-02 -1.08393815e-01 -8.90342331e-02
 -4.04004290e-04 -9.22573293e-02 -5.92894172e-02 -4.28794244e-02
 -7.06462281e-02  3.66061852e-03 -6.18922059e-02 -1.05340543e-02
 -5.59760458e-02 -1.91423847e-02 -4.40713264e-02 -1.50585449e-02
 -3.11762603e-03 -3.38340186e-02 -7.13434036e-02 -2.14153557e-02
 -1.17089739e-02 -4.52632285e-02 -5.10868788e-02 -1.15883089e-03
 -2.24231319e-02 -1.93086343e-02 -3.49865928e-02 -3.55367358e-02
 -5.79183053e-02 -3.37768144e-02 -7.54647837e-02 -6.94538792e-03
 -7.04647837e-02 -9.87455309e-02 -3.56113693e-02 -9.87285484e-02
 -6.97157669e-02 -3.54294780e-02 -9.50831248e-02 -8.97340901e-02
  2.84590633e-02 -1.20576064e-01 -8.98426886e-02 -4.65065248e-02
 -1.05445120e-01 -6.95276189e-02 -6.45808009e-02 -1.64255005e-01
 -6.68877369e-02 -9.86096711e-02 -9.34617447e-02 -6.80018770e-02
 -9.28190919e-02 -7.55823203e-02 -6.33285663e-02 -4.34550411e-02
 -1.13879156e-01 -4.44436003e-02 -1.16700036e-01 -1.26291562e-02
 -1.08750447e-01 -8.88769217e-02 -4.98087236e-02 -8.65136754e-02
 -7.44610297e-02 -7.52122810e-02  7.25777619e-04 -6.65476403e-02
 -6.65838398e-02 -2.32476761e-02 -1.67813729e-02 -6.70946550e-02
 -5.26063640e-02 -5.30447801e-02 -9.23864855e-02 -7.07923668e-02
  6.26296031e-03 -8.28418842e-02 -9.51680372e-02  2.19923132e-03
 -5.78566321e-02 -1.85873257e-02 -3.38630676e-02 -1.17550054e-02
 -4.86610654e-02  3.52989811e-02 -4.16276368e-02 -1.12964784e-02
 -1.05282445e-02  6.70852699e-03 -3.72139793e-02  1.25089381e-03
 -2.69181266e-02 -1.51783161e-02 -3.84760458e-02 -7.83205220e-03
  9.80693600e-03 -6.78718270e-03 -5.32347158e-02 -5.14385949e-02
  8.35716839e-04 -5.21143189e-02 -3.09224169e-02 -7.94033786e-02
  1.62432964e-02 -1.90315517e-02 -4.62844119e-02 -5.27113872e-02
  2.84107973e-02 -5.93756704e-02  3.15516625e-03 -7.53977476e-03
  2.59420808e-02 -3.94990168e-02  2.07972828e-02  2.89841795e-02
 -6.88577047e-02  5.15699857e-02 -2.55577404e-02 -1.25889346e-02
  4.52717197e-02  8.16455130e-03 -1.90883089e-02 -2.36548087e-03
  6.66678584e-02 -6.24575438e-02  5.52216661e-02  1.60810690e-02
  8.73793350e-03 -1.36436360e-02  4.71666071e-02 -4.26394351e-03
  1.96764390e-02  8.06533786e-03  4.63291026e-02  2.80143904e-02
  5.41893100e-02  4.81645513e-02  3.54361816e-02  4.11646407e-03
  8.30041115e-02  2.35515731e-02  3.98721845e-02  2.47081695e-02
  4.05148373e-02  3.02221130e-02  3.18171255e-02  3.98029138e-02
  1.91419378e-02 -1.20620307e-03  9.32695745e-03  4.47305148e-02
 -4.41732213e-02  3.81556132e-02  1.48578834e-02 -3.97077226e-03
  6.24955309e-03  7.66012692e-02 -4.54183053e-02  6.89090990e-02
  2.99696103e-02  4.70052735e-02  3.04111548e-02  1.92022703e-02
  8.30622095e-03  5.74298355e-02  1.93242760e-03 -3.62920093e-02
  7.16446192e-02  4.57230962e-03  2.57642117e-02  2.21750983e-02
  1.41169110e-02  6.25983196e-03 -1.63228459e-02  2.72144262e-02
  1.52904898e-02 -1.73476046e-02  1.96871648e-02  2.97063818e-02
 -1.18698606e-02]",0.30186666666666667,0.0018666666666666666,0.0,0.7535714285714286,0.18885714285714286,0.0,0.33915384615384614,0.003,0.0,0.7388333333333333,0.15683333333333332,0.0,0.36254545454545456,0.0036363636363636364,0.0,0.7036,0.1287,0.0,0.36777777777777776,0.0022222222222222222,0.0,0.71075,0.144625,0.0,0.354,0.005,0.0,0.7186666666666667,0.12166666666666667,0.0,0.7217857142857143,0.12071428571428572,0.0,0.14499137806637807,0.0,0.029627285714285717,0.0,1.0118735157871703e-06,1.0118735157871703e-06
3.8717,0.1083,2029,0.5553125000000001,0.03479712407297475,0.8626250000000002,0.057090799390094364,0.11467872313591486,2.0100502512562812,0.048831298135704276,0.8815321576991597,0.1500290125324125,400.0,0.10509036477343316,0.8575716796270679,0.29868247030000344,4,0.2861609807242517,4,0.36530371670046363,-0.03087803228902608,13.0,1.0463987869598181,"[ 1.          0.09670946  0.19535086  0.29159053  0.36530372  0.11014668
  0.19920031  0.24941866  0.16013969  0.14612955  0.16471783  0.20678178
  0.10456412  0.16150349  0.09331763  0.16462908  0.07581513  0.06850684
  0.17003416  0.04959013  0.08303467  0.08388078  0.08089178  0.00982
  0.06244009  0.15484464 -0.03606472  0.04865044  0.12619874  0.02636363
  0.01233431  0.04145956  0.01497572  0.00383232  0.0449279  -0.00359823
  0.02792875  0.01151687  0.0075595   0.05250937  0.04136597 -0.04504625
  0.06269874  0.05442208  0.04087695  0.01677567  0.1096644   0.07262443
  0.01881064  0.07573084  0.1134755  -0.02565989  0.11323098  0.07619101
  0.05114054 -0.0300032   0.05521532  0.04790702  0.0770131  -0.00939912
  0.0710351   0.05892333  0.07989417  0.0332856   0.06959688  0.07714484
  0.02286605  0.15459006  0.04995149  0.0675714   0.05019116  0.13924478
 -0.00229234  0.00382225  0.05595815  0.08556758 -0.02288693  0.06663171
  0.10247798  0.0184675   0.02746801  0.01632461  0.07037807 -0.03952899
 -0.01518804  0.00243188  0.04449583 -0.01842155 -0.0113386   0.0369622
  0.0387575  -0.0366144   0.02510928  0.01826599 -0.03794953 -0.03615424
  0.04234325 -0.00668624 -0.08974753 -0.01460097 -0.04060063 -0.10737229
 -0.04710116 -0.04050239 -0.05021242 -0.06040663 -0.01210583 -0.07167229
  0.00107254 -0.05225707 -0.01211068 -0.0050469  -0.01235519 -0.07048827
  0.0295865   0.0313818  -0.01811269  0.00334233 -0.00348178  0.0126856
 -0.02003509  0.06086413 -0.03226911 -0.00697898  0.05666226 -0.04220448
 -0.05815136  0.06301652  0.01449039 -0.0393234  -0.02745615  0.09179417
 -0.0559798   0.01006317  0.02193043 -0.00792352 -0.00515985 -0.02062255
  0.0085027  -0.00936173  0.00155634 -0.0163081   0.03391025 -0.05777045
  0.05621139 -0.06039752  0.00181034 -0.02947697 -0.00275346 -0.04409356
 -0.08591784 -0.01795731 -0.03101827 -0.0584513  -0.05041915  0.01082034
 -0.0204478   0.00100723  0.00231835  0.00508201 -0.0520827   0.02017794
 -0.03123411 -0.02752126 -0.02380841 -0.03638518 -0.04801277 -0.00641383
 -0.06598028 -0.02199878 -0.05471946 -0.03806791 -0.08277811 -0.03112638
 -0.02789771 -0.08122732 -0.11875148 -0.00333627 -0.07489223 -0.09659177
 -0.09911577 -0.05896937 -0.07396706 -0.07217176 -0.1020257  -0.02786668
 -0.04381356 -0.09714317 -0.08000743 -0.05857158 -0.07881857 -0.10675496
 -0.06325764 -0.1007818  -0.10041987 -0.06219103 -0.07190106 -0.13338507
 -0.07357895 -0.09527849 -0.11074118 -0.08210012 -0.0386028  -0.11302551
 -0.069044   -0.0461556  -0.04052519 -0.06700903 -0.03358367 -0.05336566
 -0.03719828 -0.03443462 -0.08970096  0.00605452 -0.04919264 -0.0996555
 -0.06768268  0.00409378 -0.10341155 -0.05896504 -0.03799419 -0.0481884
 -0.05838261 -0.01296774 -0.02411114 -0.06930552  0.01351126 -0.0158585
 -0.08501273 -0.03576274 -0.0018532  -0.04799677  0.00365496 -0.02523062
 -0.01814767  0.01816362 -0.06344513  0.01121725  0.01301255 -0.00771863
 -0.09845014  0.0284704  -0.04546812 -0.0230639  -0.05338285 -0.01370147
 -0.03491683 -0.03071979  0.00129138 -0.061626   -0.00517081 -0.03932486
  0.03438832 -0.0347659  -0.02770212  0.01724775 -0.01498876 -0.04674108
 -0.05788448  0.01917963 -0.05237633]",0.12413333333333333,0.00013333333333333334,0.0,0.897,0.5683571428571429,0.0,0.13476923076923078,0.0003846153846153846,0.0,0.8866666666666667,0.54275,0.0,0.14163636363636364,0.0001818181818181818,0.0,0.8768,0.5172,0.0,0.14888888888888888,0.00011111111111111112,0.0,0.875625,0.5245,0.0,0.13457142857142856,0.0,0.0,0.893,0.5605,0.0,0.8866071428571428,0.5426785714285715,0.0,0.542499252969253,0.10853228571428572,0.10853228571428572,7.262684571291738e-06,7.262684571291738e-06,1.4525369142583475e-05
3.8717,0.1137,101,0.583375,0.04324909681137861,0.7646250000000001,0.07885023382971036,0.2036152572432805,400.0,0.14733378744299366,0.8483899908146941,0.24868661753264096,400.0,0.3563935642830019,0.6758494903523395,0.5621688734228925,4,0.2753807920742453,4,0.5611961217458172,-0.14436676378019578,12.0,1.0911523367820193,"[ 1.          0.49339118  0.50205839  0.55897759  0.56119612  0.51830155
  0.46618883  0.49165125  0.47619247  0.43430314  0.4479966   0.41402613
  0.42239931  0.45158869  0.38356287  0.38791504  0.40030921  0.43280839
  0.41202931  0.32259921  0.38353941  0.37683383  0.38550104  0.29678215
  0.29238111  0.36957621  0.31202006  0.27515699  0.33195305  0.29638926
  0.28264694  0.24134568  0.32239089  0.30332828  0.28355445  0.2784422
  0.25163162  0.24924108  0.2706825   0.24889818  0.24751289  0.21437678
  0.26727498  0.18061434  0.19389062  0.22006425  0.22529853  0.18541971
  0.15932035  0.17100331  0.17305095  0.14925612  0.1013353   0.1191729
  0.12323104  0.10961185  0.08250724  0.08041074  0.10138723  0.05103873
  0.0875589   0.05199511  0.04771722  0.03900114  0.06978385 -0.0117274
 -0.0039423   0.08543894 -0.01245035 -0.05446281 -0.01936507 -0.00768211
 -0.04496237 -0.05036866 -0.00622367 -0.0649082  -0.03383146 -0.01251318
 -0.05222111 -0.04397108 -0.04866616 -0.05679416 -0.09880663 -0.07405542
 -0.03694718 -0.09433243 -0.10476497 -0.0943813  -0.11084534 -0.07243781
 -0.12425649 -0.1524895  -0.09498222 -0.11316272 -0.13264251 -0.1190722
 -0.1332317  -0.10286617 -0.15924618 -0.1238544  -0.13860197 -0.12444359
 -0.12134295 -0.15359695 -0.11129157 -0.144968   -0.12176237 -0.15041255
 -0.18668755 -0.11753445 -0.17935788 -0.171231   -0.12738004 -0.16206172
 -0.17533912 -0.19334873 -0.17001995 -0.15586157 -0.17676379 -0.15988369
 -0.18291955 -0.16775591 -0.13278131 -0.1813656  -0.14366929 -0.14890469
 -0.16159401 -0.17286091 -0.19749009 -0.13135275 -0.16502918 -0.1396899
 -0.18886226 -0.16737309 -0.11660853 -0.14266014 -0.16929982 -0.11924647
 -0.12406469 -0.13893541 -0.15954359 -0.10576328 -0.14618243 -0.15330518
 -0.12235158 -0.13822755 -0.11661524 -0.1505857  -0.15540392 -0.16495436
 -0.14422415 -0.11444669 -0.15788159 -0.15939002 -0.15545503 -0.15738064
 -0.16563179 -0.15277269 -0.16462766 -0.14975806 -0.1640407  -0.18092192
 -0.18213632 -0.14473404 -0.15457851 -0.21640194 -0.18213856 -0.16182553
 -0.20023417 -0.18838032 -0.20224579 -0.16325019 -0.22377434 -0.18892288
 -0.20722653 -0.21878746 -0.17665297 -0.20329265 -0.2095333  -0.18490524
 -0.19818263 -0.19236028 -0.20362718 -0.18704112 -0.18854955 -0.18302123
 -0.18783945 -0.19466817 -0.23177753 -0.19307597 -0.21812233 -0.20827898
 -0.18796595 -0.20254264 -0.21783053 -0.19692943 -0.15550616 -0.19249237
 -0.18537074 -0.15370592 -0.17703582 -0.16015572 -0.1867954  -0.14951627
 -0.17644999 -0.17222096 -0.2066086  -0.19073375 -0.17012669 -0.18700791
 -0.2103378  -0.17406392 -0.19567735 -0.16744547 -0.18131093 -0.1831134
 -0.18763759 -0.15094652 -0.15245496 -0.16673761 -0.18102025 -0.13197216
 -0.18173259 -0.16887349 -0.14525067 -0.14433143 -0.17800786 -0.16615401
 -0.1705073  -0.1556377  -0.13976285 -0.14357582 -0.16087422 -0.15505186
 -0.13674934 -0.1215857  -0.13314663 -0.12791235 -0.09252058 -0.13193447
 -0.09151644 -0.07463634 -0.11807124 -0.05754821 -0.08791486 -0.07103476
 -0.06290787 -0.03786263 -0.05545506 -0.04460646 -0.03996025 -0.03933505
 -0.03983823 -0.0074622  -0.03741167 -0.00876261  0.00652417 -0.01378997
 -0.00683923  0.00199887  0.01858493]",0.19306666666666666,0.0004,0.0,0.8387857142857142,0.42214285714285715,0.0,0.21069230769230768,0.0008461538461538462,0.0,0.8261666666666667,0.39641666666666664,0.0,0.22172727272727272,0.0001818181818181818,0.0,0.8016,0.3367,0.0,0.24077777777777779,0.0005555555555555556,0.0,0.7855,0.301125,0.0,0.25871428571428573,0.00042857142857142855,0.0,0.775,0.2865,0.0,0.7785714285714286,0.2908928571428571,0.0,0.3480944849594849,0.06971538095238095,0.06971538095238095,1.3269005741664075e-05,1.3269005741664075e-05,2.653801148332815e-05
3.8717,0.1137,707,0.5960625,0.05007927309526367,0.738375,0.06797874208162431,0.22962314112247773,2.0,0.33126007173675726,0.7004867659821936,0.08688665699955071,2.0,0.056826544021024966,0.8912572462914581,0.21263050623952703,4,0.418132940621247,4,0.34135982634040096,0.0034768809643904793,14.0,1.1427742309924551,"[ 1.00000000e+00  3.28971922e-02  1.01486571e-01  2.12317566e-01
  3.41359826e-01 -5.73831111e-02  1.14938800e-01  7.79393561e-02
  1.70149957e-01 -9.48974813e-03  6.14901556e-02  7.49419360e-02
  1.16481533e-01 -6.38817536e-02  1.02401294e-01 -2.85151191e-03
  2.68301375e-02 -8.88334528e-02  4.69712528e-02 -5.49476671e-02
  2.71666030e-02 -1.19384457e-01  4.34700305e-02 -2.46366623e-02
 -3.01197291e-02 -5.90042384e-02  7.45046171e-02 -3.28242593e-02
  6.71868227e-02 -1.81877745e-02  4.90491156e-02 -2.47819872e-02
  8.50109721e-02 -3.92713550e-02  8.91419978e-02 -5.29089504e-03
  1.05540100e-01 -2.00000423e-02  1.28386193e-01 -3.50236432e-02
  4.26240317e-02 -1.76676495e-03  8.74244043e-02 -3.91537729e-02
  6.83433361e-02 -1.65274589e-02  4.12420076e-02 -5.17437219e-02
 -7.36700806e-04 -3.66034350e-02  1.05743937e-01 -8.23251570e-02
 -8.01136767e-03  2.10652711e-03  4.53130674e-02 -8.09506561e-02
  8.42943557e-02 -4.99896281e-02  2.15245088e-02 -2.39043232e-02
  2.16927415e-02 -2.77935578e-02  6.26001265e-03 -1.51384695e-02
  5.98989014e-02 -9.03004977e-02 -5.62469273e-02  1.46383022e-02
  1.52887733e-02 -7.54011060e-02 -2.04312919e-02 -4.99447086e-02
 -5.70947182e-02 -8.04745969e-02 -2.51246826e-03 -1.33053439e-01
 -1.30694740e-02 -8.99200087e-02  3.17308986e-02 -4.80443938e-02
 -4.06314772e-02 -2.75888247e-02  4.26674973e-02 -1.21685700e-01
 -1.32452299e-02 -4.78541493e-02  2.42929018e-03 -5.65244327e-02
 -9.57487887e-03 -1.57815274e-02  1.15095976e-02 -3.92345165e-02
  1.81258221e-02  1.46241517e-02  3.45239238e-02 -8.10525577e-03
  4.65501046e-02  1.23503133e-02  4.40133592e-02  1.01280215e-02
  4.04385784e-02 -7.69523180e-03  2.36533604e-02 -4.81016717e-02
  2.48596285e-02  2.14526325e-02  6.67352435e-02  2.44205176e-02
  1.66416005e-02  1.99970499e-02  7.53759920e-02 -2.47813110e-02
  1.27008193e-02  4.19832055e-03  5.40726320e-02 -6.23145399e-02
  1.84472411e-02  1.40022096e-02  5.85612390e-02 -3.41191577e-03
  1.00398646e-02 -7.58484333e-04  2.31987550e-02  3.46721566e-03
  3.10727943e-02  8.63627680e-03  3.05174454e-02  2.05677834e-02
  4.27634057e-02 -3.03441155e-02  3.45022502e-02  2.92389628e-02
  3.45758087e-02 -1.17963845e-02  2.96485388e-02  3.46709310e-02
  2.27398724e-02  2.02762374e-02  2.59275370e-02  1.97208885e-02
  2.13147208e-02  2.80040558e-02  3.26173200e-02  3.08772667e-02
  2.10222789e-02  6.21527484e-02  3.39918208e-02  2.03938195e-02
  9.70034590e-02  4.65737986e-02  2.62133518e-02  2.40641705e-02
  3.13824129e-02  2.28799142e-02 -3.27399231e-02 -2.30311563e-02
  6.85505374e-02 -3.16067655e-02 -4.65572559e-02 -5.01765844e-03
  1.01032287e-01 -8.43318281e-02 -4.92253619e-03  1.45681080e-02
  2.22008041e-02 -1.31427155e-01 -3.08823977e-04 -4.46996206e-02
 -2.59325581e-02 -9.76875902e-02 -6.82947818e-03 -5.04966932e-02
 -5.16078390e-02 -4.11754905e-02 -2.57423136e-02 -3.28923233e-02
 -6.64632072e-02 -2.69996805e-02 -3.04244111e-03 -4.50427133e-02
 -3.97058674e-02 -3.30165325e-02  4.78005146e-03 -3.52388242e-02
 -5.99711920e-02  3.12960480e-02  3.18518450e-02 -4.46842361e-02
  9.02776322e-03  1.16596309e-02 -2.59687203e-02 -3.92522680e-02
  5.77393821e-02 -1.30722889e-02 -1.75173203e-02 -3.02750456e-03
  2.42636204e-02 -1.74221981e-02  2.17268750e-02 -2.32928291e-02
  1.24276841e-02 -4.59887710e-03  1.12434277e-02 -5.51016480e-02
  3.57564641e-02  8.33091012e-04  1.93803740e-02 -3.99950465e-03
 -7.18672126e-03 -7.57428546e-03 -3.03252567e-02 -3.14364026e-02
 -5.81222042e-03 -1.43147191e-02 -5.64398768e-03 -3.61954397e-02
  4.96618439e-02 -3.99900000e-02 -4.07866922e-02 -1.92199773e-02
  1.72241176e-02 -6.53508272e-02 -5.59565141e-02 -1.71218948e-02
  1.42266975e-02 -7.07387718e-02 -3.46091307e-02  4.57435224e-02
 -4.68613800e-03 -1.93221747e-02  1.27499992e-02  4.87640786e-03
  7.45830107e-04  5.78045383e-04  2.92216594e-02  1.69761472e-02
 -9.51783764e-03  2.17232571e-03  3.65403498e-02 -1.65942888e-02
  5.09570551e-02  6.23327647e-02  8.76424932e-02  6.18720900e-02
  9.29062286e-02  5.60014590e-02  9.00550294e-02  3.03777248e-02
  5.97449206e-02  6.84156520e-02  2.29868200e-02  6.68384046e-03
  1.57636999e-02 -7.71085305e-03  3.03594916e-03  1.95071614e-02
 -4.28184520e-03  7.40546947e-04 -1.72293754e-02 -8.55864393e-03
 -7.27926533e-03]",0.20286666666666667,0.00013333333333333334,0.0,0.8447142857142858,0.371,0.0,0.22146153846153846,0.00015384615384615385,0.0,0.8198333333333333,0.30983333333333335,0.0,0.2381818181818182,0.0,0.0,0.8088,0.284,0.0,0.24044444444444443,0.00022222222222222223,0.0,0.807875,0.293875,0.0,0.24428571428571427,0.00028571428571428574,0.0,0.8136666666666666,0.3145,0.0,0.8035714285714286,0.2980357142857143,0.0,0.31448264346764343,0.06292833333333334,0.06292833333333334,5.851908867858405e-07,5.851908867858405e-07,1.170381773571681e-06
3.8717,0.1137,1313,0.5659375,0.04169152904068162,0.8220000000000001,0.061773780845922,0.1453687259470099,2.0100502512562812,0.13644100723504127,0.8292521789392816,0.12141057236161232,133.33333333333334,0.09487008933561895,0.852354559196074,0.29299213165403615,4,0.32124220461823694,4,0.41290880503144656,-0.0026990166440807747,11.0,1.0887417218543047,"[ 1.00000000e+00  1.17607442e-01  1.72059748e-01  2.87832809e-01
  4.12908805e-01  8.71855346e-02  1.87693920e-01  2.14696017e-01
  2.46939203e-01  9.28616352e-02  2.03393606e-01  1.95804507e-01
  2.11865828e-01  9.19863732e-02  2.28527254e-01  1.82154088e-01
  8.33700210e-02  1.69858491e-01  1.33508910e-01  9.13286164e-02
  1.88364780e-01  1.21289308e-01  1.52287736e-01  5.91378407e-02
  2.21360063e-01  3.59669811e-02  1.33003145e-01  6.27830189e-02
  1.18349057e-01 -1.64675052e-02  7.25759958e-02  1.96514675e-02
  6.61111111e-02 -3.90277778e-02  9.58752621e-02 -4.54664570e-03
 -1.79664570e-02 -2.62578616e-03  5.11058700e-02 -3.87683438e-02
 -6.87631027e-02  2.35560797e-02  3.58490566e-03 -7.13522013e-02
 -3.68815514e-02  4.37762055e-02  5.59224319e-03 -8.66404612e-02
 -6.76100629e-04  2.92085954e-02 -6.11897275e-02 -6.66168763e-02
 -1.26886792e-02 -5.81446541e-02 -4.06420335e-02 -1.22327044e-01
  7.85901468e-03 -7.45466457e-02 -3.30005241e-02 -3.09591195e-02
 -2.16457023e-02 -6.87395178e-02  1.17216981e-02 -5.66640461e-02
 -5.06263103e-02 -6.35220126e-02 -1.81761006e-02 -7.22484277e-03
 -5.85115304e-02 -6.88522013e-02 -3.22196017e-02 -2.38233753e-02
 -8.47405660e-02 -7.16194969e-03 -2.07783019e-02 -5.56865828e-02
 -2.25262055e-02 -1.41299790e-02 -9.53354298e-03 -1.98742138e-02
 -5.22274633e-02 -1.59879455e-02  6.53904612e-02 -5.97955975e-02
 -5.93920335e-02  1.28799790e-02  4.76781971e-02 -1.44462788e-01
 -2.61346960e-02 -2.33726415e-02 -8.52070231e-02 -9.22720126e-02
 -8.33857442e-03 -3.76126834e-02 -8.47064990e-02 -1.00484801e-01
  1.60089099e-02 -2.14544025e-02 -7.58202306e-02 -5.10455975e-02
  5.30660377e-02 -7.91954927e-02 -3.38495807e-02  2.20440252e-02
 -5.39570231e-03 -4.68553459e-02  3.96331237e-02  1.12762055e-02
 -2.67112159e-02 -4.75995807e-02  9.22169811e-02 -6.29743187e-02
  3.15068134e-02 -1.15906709e-02 -9.54926625e-03 -7.04664570e-02
  4.45859539e-02 -4.08988470e-02  1.09984277e-02  9.96069182e-03
  5.71409853e-02 -2.08752621e-02  6.45440252e-03  5.61897275e-02
  4.49318658e-02 -8.78537736e-02  7.06996855e-02  8.83988470e-02
 -2.82049266e-02 -2.76048218e-02  1.13128931e-01  3.32783019e-02
 -1.21776730e-02  9.71436059e-03  8.82101677e-02 -6.27882600e-02
 -1.16116352e-02  5.36687631e-03  4.65199161e-02 -7.37526205e-02
  1.87631027e-02  1.82494759e-02  3.66692872e-02 -4.66535639e-02
  3.34800839e-02  4.84276730e-02  4.60953878e-03 -3.92085954e-02
  4.23663522e-02  1.56472746e-02 -2.01781971e-02  3.59119497e-02
  1.43029350e-02  2.05372117e-02 -7.23008386e-03  2.84853249e-02
  8.31761006e-03 -2.56734801e-02  1.33176101e-02  2.82651992e-02
 -5.64989518e-02 -3.38862683e-02  1.47353249e-02 -1.29009434e-02
 -6.49082809e-02 -9.73532495e-03 -3.88128931e-02 -8.40408805e-03
 -3.09302935e-02 -4.45466457e-02 -3.17610063e-02 -1.68134172e-02
 -5.99109015e-02 -3.84119497e-02 -2.23506289e-02  1.57232704e-02
 -7.48715933e-02  6.76100629e-04 -4.55005241e-02  3.26022013e-02
 -5.63548218e-02 -5.03170860e-02 -2.44287212e-02 -1.02017820e-02
 -7.95047170e-02 -2.43317610e-02 -1.71802935e-02 -4.29821803e-02
 -4.34958071e-02  3.46069182e-02 -6.39806080e-02 -7.16981132e-03
 -2.24240042e-02 -4.65880503e-02 -9.43134172e-03 -4.43396226e-02
 -5.34853249e-03 -2.80712788e-02 -5.13181342e-02 -7.41352201e-03
 -5.19523061e-02 -1.13233753e-02 -4.60351153e-02 -1.19575472e-02
 -3.63181342e-02  2.56027254e-02 -5.35272537e-02 -4.25759958e-02
 -1.43291405e-02  2.11897275e-02 -6.77672956e-02 -1.07599581e-02
  1.49318658e-02  9.50471698e-03 -8.67243187e-02  2.31918239e-03
  2.30974843e-02 -2.16378407e-02 -6.47353249e-02  2.99423480e-02
  6.49895178e-03 -6.77175052e-02 -2.07337526e-02  4.77384696e-02
 -4.46540881e-03 -1.48060797e-02  2.81813417e-02  2.29507338e-02
  2.27987421e-04  9.54140461e-03  3.43160377e-02  1.10691824e-02
 -5.82285115e-03  6.82835430e-02  4.95571279e-02  1.39281971e-02
  7.23768344e-02  1.12088574e-01  2.05765199e-02  3.80791405e-02
  6.23296646e-02  4.30791405e-02  2.34014675e-03  3.96933962e-02
  2.53563941e-02  2.81184486e-02  2.12500000e-02  6.22720126e-02
  4.72143606e-02  7.58909853e-03  1.14452306e-01  4.42321803e-02
  3.38915094e-02  3.84879455e-02  7.98375262e-02  5.56734801e-02
  4.60534591e-02  4.59329140e-02  9.19994759e-02  6.78354298e-02
  4.43920335e-02]",0.14053333333333334,0.0,0.0,0.8853571428571428,0.5059285714285714,0.0,0.1539230769230769,7.692307692307693e-05,0.0,0.8716666666666667,0.47925,0.0,0.16918181818181818,9.09090909090909e-05,0.0,0.8557,0.4605,0.0,0.18911111111111112,0.0,0.0,0.830125,0.39975,0.0,0.20885714285714285,0.0,0.0,0.8108333333333333,0.3928333333333333,0.0,0.8128571428571428,0.40785714285714286,0.0,0.4476188145188146,0.0895304761904762,0.0895304761904762,5.124465247912683e-06,5.124465247912683e-06,1.0248930495825365e-05
3.8717,0.1137,2029,0.5483125,0.041479993294960875,0.865,0.0794512429103535,0.10028941116897075,400.0,0.2394178417804311,0.7137934624739531,0.32769997246295557,400.0,0.5640193089606844,0.493607088765915,0.7207250555510826,6,0.5131621945599145,3,0.7420099009900993,-0.12209124227339861,26.0,1.0634701091132626,"[ 1.          0.66030693  0.69358416  0.7420099   0.73835644  0.65935644
  0.71837624  0.6830396   0.69423762  0.62355446  0.71485149  0.65040594
  0.65635644  0.62319802  0.65479208  0.60618812  0.65005941  0.60739604
  0.61225743  0.58216832  0.61405941  0.57733663  0.59219802  0.55151485
  0.59429703  0.54074257  0.57431683  0.55937624  0.54671287  0.53642574
  0.55415842  0.51713861  0.53556436  0.52557426  0.53934653  0.50490099
  0.51936634  0.52323762  0.51027723  0.47325743  0.52366337  0.49644554
  0.50992079  0.48537624  0.52192079  0.48717822  0.48649505  0.50551485
  0.50869307  0.42939604  0.50980198  0.47733663  0.46734653  0.48240594
  0.48429703  0.44787129  0.45114851  0.42927723  0.48928713  0.41890099
  0.43108911  0.45337624  0.43744554  0.3980495   0.44746535  0.40975248
  0.39283168  0.39670297  0.42235644  0.39157426  0.37534653  0.38149505
  0.37279208  0.34270297  0.37330693  0.34648515  0.3210495   0.35006931
  0.3189901   0.31127723  0.31881188  0.30921782  0.27546535  0.28230693
  0.29449505  0.27688119  0.26649505  0.25393069  0.27027723  0.23355446
  0.23108911  0.23961386  0.22338614  0.20092079  0.22786139  0.18717822
  0.196       0.17808911  0.1799802   0.14167327  0.15544554  0.16951485
  0.12457426  0.11131683  0.14231683  0.11480198  0.1140198   0.08719802
  0.11582178  0.05890099  0.0750495   0.07822772  0.06556436  0.04369307
  0.05974257  0.03816832  0.03342574  0.02046535  0.03483168 -0.00525743
  0.01811881  0.0129802   0.00754455 -0.01858416  0.00835644 -0.01361386
 -0.01637624 -0.00131683 -0.00734653 -0.03258416 -0.00435644 -0.04573267
 -0.03562376 -0.0209604  -0.0340198  -0.05361386 -0.03419802 -0.04884158
 -0.02031683 -0.05634653 -0.0749505  -0.06226733 -0.03631683 -0.10046535
 -0.07451485 -0.07688119 -0.08954455 -0.10191089 -0.05784158 -0.09852475
 -0.10326733 -0.1139505  -0.09126733 -0.12343564 -0.1089703  -0.11569307
 -0.13627723 -0.14161386 -0.11863366 -0.14783168 -0.15019802 -0.16345545
 -0.14710891 -0.18254455 -0.176      -0.18242574 -0.19172277 -0.22260396
 -0.20289109 -0.20535644 -0.22821782 -0.22870297 -0.21760396 -0.24254455
 -0.21471287 -0.22480198 -0.25271287 -0.24131683 -0.22962376 -0.25624752
 -0.24485149 -0.25751485 -0.25047525 -0.26848515 -0.25738614 -0.25529703
 -0.25548515 -0.28171287 -0.23041584 -0.25406931 -0.26445545 -0.2609802
 -0.25720792 -0.26729703 -0.25689109 -0.25410891 -0.24835644 -0.27458416
 -0.24180198 -0.25060396 -0.25148515 -0.27711881 -0.24136634 -0.2709604
 -0.25758416 -0.26866337 -0.24013861 -0.27824752 -0.27348515 -0.26179208
 -0.25633663 -0.29741584 -0.27255446 -0.27769307 -0.28312871 -0.29420792
 -0.26736634 -0.29983168 -0.3000198  -0.28307921 -0.30168317 -0.30216832
 -0.28522772 -0.30818812 -0.29382178 -0.28806931 -0.29221782 -0.303
 -0.28437624 -0.2960495  -0.29158416 -0.29959406 -0.28918812 -0.27937624
 -0.29738614 -0.29876238 -0.27548515 -0.30557426 -0.28655446 -0.27911881
 -0.26960396 -0.2699901  -0.26552475 -0.26729703 -0.25580198 -0.28628713
 -0.25538614 -0.27953465 -0.26615842 -0.26426733 -0.2660396  -0.27969307
 -0.24809901 -0.26244554 -0.2609505  -0.27757426 -0.25914851 -0.2559703
 -0.25180198 -0.25753465 -0.25079208]",0.10153333333333334,6.666666666666667e-05,0.0,0.9195714285714286,0.6607857142857143,0.0,0.11223076923076923,0.00023076923076923076,0.0,0.90275,0.6120833333333333,0.0,0.12445454545454546,9.09090909090909e-05,0.0,0.8896,0.5774,0.0,0.13522222222222222,0.0,0.0,0.871125,0.51475,0.0,0.16071428571428573,0.0,0.0,0.8493333333333334,0.44616666666666666,0.0,0.8460714285714286,0.4376785714285714,0.0,0.5621594738594738,0.11244742857142857,0.11244742857142857,2.4965539798637608e-05,2.4965539798637608e-05,4.9931079597275216e-05
3.8717,0.119,101,0.5742499999999999,0.033110610081966155,0.8277500000000001,0.04891254951441398,0.158891401814887,2.0,0.6173627737873546,0.4637488159595996,0.035499087113078164,2.0,0.5797343425348767,0.4980079258563132,0.06666321363117901,8,0.5511698306824011,8,0.6014023354842079,0.0008057408971264902,6.0,1.0949074074074074,"[ 1.         -0.44284862  0.41350074 -0.33967469  0.49577549 -0.38540747
  0.4735543  -0.38382971  0.60140234 -0.43942429  0.43259947 -0.4003978
  0.4661138  -0.39794489  0.39541955 -0.41522865  0.46173254 -0.40377603
  0.38291374 -0.42367218  0.4442893  -0.41599447  0.36837026 -0.43444075
  0.46864443 -0.39802666  0.34715209 -0.40979826  0.43320176 -0.40473295
  0.33260861 -0.41099238  0.4412947  -0.41637667  0.3000657  -0.39679949
  0.4308135  -0.41902068  0.32093328 -0.42266772  0.3930458  -0.4202148
  0.35921249 -0.40151277  0.41420074 -0.39238519  0.30199548 -0.440443
  0.41968129 -0.42347821  0.3350499  -0.39432659  0.44896079 -0.39564859
  0.29089488 -0.38245872  0.4175804  -0.39423032  0.3381738  -0.36362882
  0.45208469 -0.41081148  0.30214334 -0.36859786  0.37658089 -0.37775706
  0.34129771 -0.39330357  0.4499838  -0.3957881   0.29714269 -0.36837372
  0.35213093 -0.37230812  0.33513454 -0.3803048   0.41073461 -0.3569527
  0.31624141 -0.35449979  0.38690405 -0.350597    0.30082277 -0.31389554
  0.43157057 -0.34511645  0.30891572 -0.33163921  0.39380287 -0.37098468
  0.33529546 -0.30003468  0.34326053 -0.32109335  0.32626414 -0.34302718
  0.37080279 -0.33796187  0.28065924 -0.324772    0.33303508 -0.32203173
  0.28962734 -0.3079667   0.3588401  -0.32525046  0.25012239 -0.29522369
  0.32717234 -0.29277078  0.28143956 -0.30164261  0.36110191 -0.31108917
  0.25267157 -0.28889959  0.32943415 -0.32418278  0.25408984 -0.28341904
  0.35987617 -0.29664052  0.24244612 -0.32786143  0.3023718  -0.32105887
  0.26505094 -0.28551993  0.33281381 -0.3248654   0.21799616 -0.31835021
  0.3107205  -0.29877302  0.26121281 -0.28790819  0.34754983 -0.30519195
  0.2611812  -0.29316459  0.30978213 -0.27591245  0.27768607 -0.28478428
  0.34283654 -0.28088149  0.25530539 -0.27291642  0.31029363 -0.24956432
  0.24772395 -0.25843615  0.30909951 -0.26237056  0.22679315 -0.27007987
  0.28555631 -0.26385205  0.20963727 -0.23121287  0.26172575 -0.25894622
  0.23689216 -0.25214367  0.26575642 -0.24040368  0.20579913 -0.2402758
  0.2787868  -0.23521049  0.22666671 -0.23102034  0.25408109 -0.24162942
  0.17583701 -0.23221446  0.25956164 -0.21263728  0.19554207 -0.22063396
  0.25140547 -0.21440614  0.14297513 -0.22850277  0.22786227 -0.21560026
  0.16645511 -0.19224816  0.23566786 -0.20401976  0.15452402 -0.21434148
  0.23157397 -0.1843147   0.17190405 -0.18767438  0.22950469 -0.20757053
  0.15764793 -0.18654347  0.22047337 -0.17974092  0.15006649 -0.18745023
  0.23756603 -0.1942844   0.16977155 -0.18196968  0.20153557 -0.17284209
  0.16102759 -0.17532662  0.23140286 -0.17926102  0.13603451 -0.1820329
  0.19741007 -0.1612932   0.16473928 -0.17016504  0.20521565 -0.15348762
  0.13829632 -0.1640967   0.18922229 -0.14451951  0.15277659 -0.16122855
  0.15812926 -0.13787645  0.15158246 -0.13629869  0.17783432 -0.15213257
  0.12020207 -0.1363303   0.14645393 -0.12981511  0.11523303 -0.14652414
  0.16093419 -0.1533583   0.07717796 -0.12333153  0.13449124 -0.1223285
  0.07830886 -0.11175103  0.12662243 -0.13397222  0.07305246 -0.13500686
  0.1332655  -0.11426716  0.08114541 -0.10630208  0.12684657 -0.13897287
  0.08488871 -0.11910832  0.12855221]",0.1488,0.0,0.0,0.8548571428571429,0.4602142857142857,0.0,0.15007692307692308,0.0,0.0,0.95575,0.7606666666666667,0.0,0.15009090909090908,0.0,0.0,0.8537,0.454,0.0,0.15044444444444444,0.0,0.0,0.9485,0.7245,0.0,0.14885714285714285,0.0,0.0,0.8628333333333333,0.4736666666666667,0.0,0.945,0.7107142857142857,0.0,0.5746095238095238,0.0,0.11492190476190475,0.0,9.70097440155552e-07,9.70097440155552e-07
3.8717,0.119,707,0.5571875,0.02877546426645448,0.8589999999999999,0.052263754170553026,0.12395867384053795,400.0,0.11195573583594619,0.8513539298115878,0.23118104648631707,400.0,0.2268259114756604,0.7332012291429264,0.5238617779314915,3,0.35686195306050233,8,0.5519421563243639,-0.033843040524755806,10.0,1.0655915645836564,"[ 1.          0.41540271  0.44965038  0.5300723   0.50066447  0.43423485
  0.53067362  0.47609647  0.55194216  0.39897584  0.42553542  0.49181677
  0.43993959  0.36852187  0.52216365  0.39894289  0.41072122  0.40982336
  0.39954421  0.40592257  0.40314845  0.31841388  0.41444078  0.35528739
  0.29302215  0.35015102  0.35465312  0.30529288  0.35596925  0.29681585
  0.32648728  0.30353194  0.29782903  0.32022424  0.28312832  0.25788486
  0.31542559  0.26167216  0.30278418  0.26340015  0.26831411  0.24805876
  0.28688267  0.23042925  0.28650558  0.20488285  0.20979681  0.23072762
  0.28598023  0.23639118  0.2367289   0.21459729  0.25882116  0.19467966
  0.21561047  0.26628684  0.20983342  0.16294435  0.26395936  0.15634358
  0.17956251  0.2046577   0.19584294  0.19471627  0.16343218  0.1587818
  0.21861065  0.1525929   0.17311184  0.16470895  0.19790408  0.14145067
  0.153229    0.12610928  0.16804503  0.13593721  0.15645616  0.10270273
  0.15566722  0.11024254  0.14490207  0.14482793  0.11770822  0.11763408
  0.12254805  0.06380652  0.12363537  0.07093447  0.07397218  0.09677924
  0.10398133  0.07644975  0.06534688  0.08856581  0.06185795  0.03245012
  0.09539081  0.06557111  0.05945634  0.03961285  0.0536793   0.06545762
  0.02044481  0.06572122  0.04587772  0.00919367  0.03470071  0.04917902
  0.01061871  0.03260205  0.04438038  0.02371316  0.01073403  0.03125297
  0.01786198  0.02424034  0.00128501 -0.00835347  0.0080011   0.00563884
  0.03219843  0.01194307 -0.01787662  0.01554732 -0.01697236 -0.0220346
  0.00763683 -0.02030661 -0.009352    0.01761944 -0.02405272 -0.00664562
  0.00284459 -0.02052261 -0.02059674 -0.022959   -0.00244005 -0.03225975
 -0.0296339  -0.00536244 -0.04433461 -0.02651565 -0.02096101 -0.03018763
 -0.02527366 -0.03408841 -0.03416255 -0.0300723  -0.05760388 -0.0260562
 -0.02571847 -0.02620447 -0.0606004  -0.02635274 -0.04660809 -0.07226341
 -0.04904448 -0.05598298 -0.02672341 -0.01764507 -0.09093904 -0.0296458
 -0.02514369 -0.07409207 -0.02112759 -0.0368067  -0.0895076  -0.03009061
 -0.0434816  -0.04437946 -0.0444536  -0.07884953 -0.03316127 -0.03739978
 -0.0809482  -0.06958173 -0.03222222 -0.0647419  -0.06065166 -0.03555647
 -0.06995241 -0.02696412 -0.06282446 -0.05832235 -0.05798462 -0.06304686
 -0.05396852 -0.04676643 -0.07658612 -0.05002654 -0.07485814 -0.06847977
 -0.08685887 -0.05947556 -0.06494966 -0.07687626 -0.07466227 -0.05455519
 -0.09165111 -0.06239154 -0.06058942 -0.06336354 -0.07986637 -0.07806425
 -0.08770273 -0.04430258 -0.10199158 -0.07085576 -0.10296357 -0.09159711
 -0.0920831  -0.05742358 -0.0651858  -0.07898865 -0.09009152 -0.10389438
 -0.05861798 -0.06972085 -0.09954055 -0.03929984 -0.07639575 -0.09935109
 -0.09942522 -0.09533498 -0.09582098 -0.06990207 -0.10658612 -0.08606718
 -0.09488193 -0.10410855 -0.08816584 -0.08823998 -0.0845616  -0.05905455
 -0.08658612 -0.08208402 -0.09089877 -0.07683233 -0.09145891 -0.07093996
 -0.08515468 -0.11955061 -0.06699799 -0.08578894 -0.07442248 -0.09010159
 -0.09516383 -0.1062667  -0.0788834  -0.09726249 -0.07715541 -0.07452956
 -0.0795918  -0.10483526 -0.10303313 -0.10539539 -0.10048142 -0.09327933
 -0.10708219 -0.10381567 -0.10201355]",0.11873333333333333,0.0,0.0,0.885,0.5092857142857142,0.0,0.12915384615384615,0.0,0.0,0.92925,0.6885833333333333,0.0,0.14281818181818182,0.0,0.0,0.8604,0.4565,0.0,0.15388888888888888,0.0003333333333333333,0.0,0.900625,0.64375,0.0,0.16414285714285715,0.0005714285714285715,0.0,0.8346666666666667,0.42983333333333335,0.0,0.885,0.6426785714285714,0.0,0.5454095238095239,0.0,0.10911809523809526,0.0,4.64624626810053e-05,4.64624626810053e-05
3.8717,0.119,1313,0.5993125,0.04521990539297932,0.74575,0.06741244321340091,0.24293039691646504,2.0,0.4413402331979562,0.6316205001228146,0.06345075720264819,2.0,0.29427013078411823,0.7236778471714456,0.1916325294356423,8,0.4167417986203839,4,0.44091141642942616,-0.0078106328155565785,17.0,1.1394194041252865,"[ 1.         -0.12776227  0.36104654 -0.02955079  0.44091142 -0.07322981
  0.37821189 -0.0767911   0.42518629 -0.09158865  0.30747445 -0.10776151
  0.35468265 -0.10342166  0.27351962 -0.06033939  0.33035497 -0.10401841
  0.29366939 -0.10231227  0.25824222 -0.06885715  0.22442416 -0.08789753
  0.40307739 -0.10143668  0.24799845 -0.09595532  0.30448309 -0.13700063
  0.27569866 -0.08487571  0.3131628  -0.08281887  0.19246655 -0.12810699
  0.29594546 -0.09201816  0.18086734 -0.07231612  0.28525395 -0.11221992
  0.20145721 -0.07086366  0.24006285 -0.06113948  0.13335348 -0.07421102
  0.26948907 -0.10346306  0.1099335  -0.05247965  0.22394727 -0.09513406
  0.1179118  -0.05802062  0.21451417 -0.06617544  0.11810586 -0.06906283
  0.18559296 -0.06483988  0.10466374 -0.04364563  0.15014592 -0.10429595
  0.13362235 -0.07016693  0.14460494 -0.10020977  0.13507482 -0.11822554
  0.15258324 -0.05395666  0.06293456 -0.08973453  0.19058451 -0.1431576
  0.08089072 -0.07051997  0.16052179 -0.10881466  0.09161963 -0.07456874
  0.19887376 -0.1268503   0.0944474  -0.10223154  0.15631638 -0.1006423
  0.09303235 -0.08553379  0.0973722  -0.10056515  0.06686175 -0.1490715
  0.07509373 -0.07666766  0.05959477 -0.07668754  0.14575167 -0.13218732
  0.06435484 -0.08717275  0.13286655 -0.07332264  0.03347382 -0.04343645
  0.1682341  -0.06546124  0.06793367 -0.09711319  0.16544374 -0.09599156
  0.08290541 -0.01612669  0.1309044  -0.08216133  0.06074384 -0.10693674
  0.13361527 -0.04380936  0.04019137 -0.00520372  0.10457716 -0.0602359
  0.06341496 -0.05899737  0.11153086 -0.06463537  0.04514551 -0.04162572
  0.14253868 -0.06628423  0.04762257 -0.07879877  0.12084471 -0.0884458
  0.06271121 -0.05030776  0.09546492 -0.04769392  0.0334393  -0.09286514
  0.10815365 -0.06652037  0.02848283 -0.03329905  0.0368317  -0.03882016
  0.02054194 -0.06473708  0.06453191 -0.07564251 -0.00264424 -0.04678092
  0.07423622 -0.11579998 -0.00315159 -0.05668162  0.07121206 -0.09210879
  0.00804493 -0.03357494  0.10646271 -0.10923674  0.05991617 -0.03212248
  0.09003617 -0.10526746  0.05826732 -0.05852687  0.10088198 -0.09603076
  0.04962502 -0.09330002  0.05223886 -0.07154877  0.02734655 -0.09518268
  0.08772332 -0.11205694  0.02007956 -0.07895253  0.06693705 -0.08974106
  0.017523   -0.07062353  0.09577877 -0.09539894  0.03363624 -0.04339092
  0.07774312 -0.09280497  0.03222119 -0.06818621  0.08996424 -0.10109657
  0.07630819 -0.08036992  0.07778053 -0.11064657  0.04762079 -0.10504831
  0.11098197 -0.13245743  0.05594979 -0.09271028  0.08744509 -0.1366231
  0.07103843 -0.1052447   0.09554029 -0.15477565  0.08302575 -0.09439889
  0.06799439 -0.13819481  0.00757788 -0.10921632  0.09259328 -0.15497205
  0.08695527 -0.11946772  0.07306542 -0.09634117 -0.00408858 -0.12799312
  0.0959383  -0.10773408  0.08766658 -0.10912926  0.09578166 -0.11075824
  0.07776588 -0.10928591  0.09585881 -0.12993539  0.06637297 -0.14016693
  0.11047984 -0.15083856  0.02943372 -0.12472759  0.10332976 -0.16486519
  0.11006952 -0.12500113  0.09515507 -0.14553372  0.06487842 -0.14807041
  0.08984789 -0.1329619   0.06381407 -0.12862204  0.07628887 -0.16829204
  0.06160822 -0.15157442  0.05597021]",0.20833333333333334,6.666666666666667e-05,0.0,0.8107142857142857,0.29,0.0,0.2163846153846154,0.0003846153846153846,0.0,0.8839166666666667,0.5135,0.0,0.21945454545454546,0.0003636363636363636,0.0,0.8099,0.2963,0.0,0.22211111111111112,0.00044444444444444447,0.0,0.875125,0.4985,0.0,0.23014285714285715,0.001,0.0,0.7991666666666667,0.278,0.0,0.8521428571428571,0.44142857142857145,0.0,0.3748081274281274,0.0,0.075052,0.0,8.018146790283035e-07,8.018146790283035e-07
3.8717,0.119,2029,0.5974375000000001,0.046043415313701486,0.751375,0.06512955838173633,0.23298925999058684,2.0,0.618627890166054,0.45519414064616764,0.0810633178787084,2.0,0.39627244801512296,0.6356499485802669,0.17140652080596655,8,0.6012437006996252,8,0.5481550322492718,-0.0023988898014943626,16.0,1.1421242637279119,"[ 1.         -0.17307896  0.46179776 -0.15854968  0.47497519 -0.21318965
  0.48795003 -0.20176926  0.54815503 -0.21523478  0.43441657 -0.27138868
  0.41808527 -0.25247969  0.39864507 -0.23938329  0.46199949 -0.26598795
  0.37928368 -0.29263312  0.35861319 -0.28534934  0.34379582 -0.28539208
  0.32603163 -0.29582974  0.31858131 -0.32390781  0.28022989 -0.28703425
  0.28317448 -0.30913764  0.29790636 -0.33128154  0.2034843  -0.34900522
  0.24035785 -0.32535184  0.25075054 -0.32678696  0.2420294  -0.36059659
  0.19643249 -0.29859403  0.23486049 -0.30731516  0.30271618 -0.25705936
  0.26751417 -0.33662575  0.2188894  -0.26136249  0.21020878 -0.26275709
  0.22940141 -0.27155926  0.2205182  -0.31584484  0.22636909 -0.25830303
  0.20577964 -0.27005202  0.20446607 -0.21983674  0.21481824 -0.28024879
  0.2193578  -0.25356756  0.18268238 -0.23425338  0.18861431 -0.22099491
  0.20621197 -0.25934633  0.18431118 -0.22382463  0.18733681 -0.24727987
  0.17116759 -0.18834568  0.1710438  -0.24736537  0.13870758 -0.1942843
  0.13878639 -0.26492919  0.17565994 -0.24573657  0.155111   -0.17497457
  0.14622779 -0.22941195  0.18911654 -0.23375338  0.1936561  -0.19385196
  0.17585139 -0.19098841  0.16848211 -0.22193226  0.16704699 -0.18219292
  0.13757655 -0.22631643  0.17600455 -0.22464265  0.17023024 -0.21875124
  0.17026853 -0.19223208  0.14665121 -0.20254818  0.13490222 -0.24225145
  0.16006953 -0.19502351  0.18507476 -0.17001828  0.17029791 -0.1965419
  0.1071011  -0.2126706   0.19407061 -0.17718942  0.15870653 -0.18026003
  0.13062846 -0.18611538  0.11298583 -0.212639    0.16307956 -0.1978666
  0.14989767 -0.17417271  0.14707018 -0.21096968  0.13376674 -0.19329098
  0.15885301 -0.16378448  0.16335205 -0.17397903  0.17673207 -0.17684704
  0.13400094 -0.16506198  0.1605201  -0.12818843  0.19154052 -0.13400327
  0.16653084 -0.17386861  0.14733375 -0.13404824  0.19444014 -0.08698237
  0.16934942 -0.14886784  0.15760042 -0.14891059  0.17380571 -0.11355097
  0.1678288  -0.10614562  0.17376073 -0.15035017  0.14727763 -0.12677783
  0.17522969 -0.09444606  0.17224012 -0.12674176  0.15165066 -0.15191353
  0.13396751 -0.10026535  0.15893222 -0.10476885  0.15598317 -0.12241148
  0.1590088  -0.13714782  0.14275854 -0.13723108  0.16629036 -0.10625117
  0.15446033 -0.09745346  0.13084301 -0.14026563  0.13820784 -0.13142739
  0.12351202 -0.09889304  0.15743875 -0.12684954  0.12207467 -0.12107969
  0.12649268 -0.16233741  0.12943727 -0.09006149  0.1235414  -0.13426603
  0.13090622 -0.10639502  0.12501035 -0.12993129  0.11473477 -0.13128538
  0.11329965 -0.10623963  0.10887719 -0.09748243  0.13830265 -0.10636564
  0.1235258  -0.07685914  0.08664779 -0.07104876  0.11165302 -0.1005192
  0.11173183 -0.06659247  0.07342093 -0.09467054  0.08217812 -0.07543739
  0.08364931 -0.10502939  0.10578875 -0.06512797  0.0910119  -0.03721644
  0.07328823 -0.07847416  0.08806062 -0.07405616  0.07336481 -0.04602307
  0.06886131 -0.0607594   0.06738567 -0.07111603  0.06889737 -0.06522461
  0.05854075 -0.07414834  0.06881188 -0.04464184  0.04224774 -0.04914534
  0.05702014 -0.0873752   0.0364712  -0.07554963  0.04383602 -0.0534507
  0.02173264 -0.05631871  0.03805948]",0.1962,0.00013333333333333334,0.0,0.8221428571428572,0.28514285714285714,0.0,0.20246153846153847,0.0,0.0,0.8938333333333334,0.5025,0.0,0.20554545454545456,0.0,0.0,0.8256,0.2851,0.0,0.20766666666666667,0.0003333333333333333,0.0,0.871625,0.427375,0.0,0.20442857142857143,0.0,0.0,0.84,0.322,0.0,0.8539285714285715,0.3726785714285714,0.0,0.36433023809523807,0.0,0.07288471428571427,0.0,6.58001075426726e-07,6.58001075426726e-07
3.8883,0.103,101,0.6298125,0.05006523088681406,0.70125,0.09286246550679128,0.38735904086412704,400.0,0.04565114723266566,0.888707335274048,0.16363833338636846,400.0,0.12447858672101489,0.8289996450393669,0.2625276508302536,26,0.22620098929202034,11,0.36594899438304046,-0.030056314749949693,10.0,1.1267322755573408,"[ 1.00000000e+00  6.57723319e-02  9.25520928e-02  2.57128556e-01
  3.56475811e-01  1.41907501e-01  1.26705019e-01  2.05015854e-01
  3.07280304e-01  3.47304765e-02  7.31790179e-02  3.65948994e-01
  1.41324515e-01  3.18295887e-02  4.34797971e-02  3.65349248e-01
  1.12404421e-01  7.25810835e-03  9.50452981e-02  2.63191248e-01
  7.41166878e-02  1.25652292e-02  1.52445189e-01  2.19214079e-01
  2.34716434e-02  1.77273963e-02  3.19212720e-01  8.44777134e-02
  6.55970284e-02  9.87996014e-03  1.75163073e-01  1.54941566e-01
 -3.04040587e-03  6.07388114e-02  1.63003261e-01  4.42131727e-02
  6.59720964e-03  1.35587516e-01  1.19678384e-01  1.02301594e-01
 -5.05888748e-02  1.90033974e-01  1.15436673e-01  7.91252944e-02
 -7.08642870e-03  1.53848070e-01  7.27459685e-02  1.01150571e-03
  1.03964486e-01  9.02115419e-02  7.64948360e-02  4.32274869e-02
  9.60808117e-02  9.39241710e-02  7.58950897e-02  2.51426889e-02
  1.46214894e-01  5.85536329e-02  6.21770248e-02  8.53872984e-02
  1.01349882e-01  7.88997101e-02  4.77885487e-02  8.11093495e-02
  1.06475811e-01  7.09073202e-02  2.77858308e-03  1.12870538e-01
  2.01177750e-02  4.04108534e-02  5.63960862e-03  9.12343722e-02
 -1.74451893e-02  5.78320348e-03  5.29470919e-02  8.01096213e-03
  4.20384128e-02 -2.31187715e-02  2.25412212e-02  7.90908679e-02
  1.25022649e-02  1.03093858e-02  6.17675303e-02  1.61125204e-03
  3.85740170e-02 -7.72105454e-03  6.83973546e-02  9.52133539e-02
 -5.91810111e-02  2.70660446e-02  8.72938938e-02  1.40374162e-02
 -5.34027904e-02  2.62488675e-02  4.21933321e-02  2.11021018e-02
 -1.80358761e-02  4.35146766e-02  1.30558072e-02 -3.03945461e-02
 -5.36419641e-02  6.79017938e-04  7.45687625e-02 -6.75226490e-02
 -3.78438123e-02  3.02840188e-02  4.25684001e-02 -4.95320710e-02
  1.20366008e-02  4.03021381e-02  2.65491937e-02 -5.67815727e-02
  4.03188984e-02  5.54842363e-02  7.66714985e-03 -2.49841457e-02
  4.53179924e-02  7.29131183e-02 -2.56921544e-02 -1.92059250e-02
  6.26019206e-02  3.00231020e-02 -1.14241710e-03 -2.64676572e-03
  1.03261460e-02  2.04724588e-02 -4.98849429e-02 -4.40691248e-02
  6.60590687e-02 -3.03537779e-02 -6.59222685e-02 -2.82890922e-02
  2.89672042e-02 -2.17489581e-02 -2.54638521e-02 -5.95465664e-02
  3.17919913e-02 -6.53093858e-02 -4.94011596e-02  3.36156912e-03
 -6.00652292e-03 -8.50067947e-02 -6.25575285e-02 -1.83651930e-02
 -9.53071209e-04 -4.73387389e-02 -8.86691430e-02  4.10459322e-02
 -1.17720602e-02 -8.28179924e-02 -3.50380504e-02  5.20062511e-02
 -1.00884218e-01 -4.80308933e-02  2.68436311e-03  4.85821707e-03
 -7.77115419e-02 -4.37022105e-02 -8.93187172e-03 -9.58461678e-03
 -5.31074470e-02 -6.32909041e-02 -6.74125747e-03 -4.80354231e-02
 -1.03154557e-01 -3.87977895e-03 -4.07709730e-02 -6.46525639e-02
 -7.47816633e-02 -3.06074470e-02  3.61433231e-02 -7.25362384e-02
 -8.19586882e-02  4.92059250e-02 -1.66760283e-02 -6.88598478e-02
  1.95252763e-02 -6.56685994e-03 -4.57591955e-02 -3.49062330e-02
 -4.50896902e-02  3.89105816e-02 -6.40614242e-02 -6.98419098e-02
 -3.58506976e-02 -1.80512774e-03 -6.06024642e-02 -7.36849973e-02
 -4.47490487e-02  2.33063055e-02 -1.07895452e-01 -6.37031165e-02
 -1.88403696e-02 -6.53786918e-03 -8.47952528e-02 -4.20343359e-02
  1.81572749e-02 -5.14028810e-02 -6.81454974e-02 -3.41361660e-02
  1.87533974e-02 -6.02649937e-02 -7.77142598e-02 -4.22735097e-02
  4.61659721e-02 -1.21944646e-01 -4.65691248e-02 -3.06065410e-02
 -5.30929516e-02 -8.72300236e-02 -7.49275231e-02 -2.34874977e-02
 -1.55879688e-02 -8.88444465e-02 -8.67068309e-02  1.46697771e-02
 -8.75412212e-02 -8.97884581e-02 -7.67249502e-02  1.67154376e-02
 -5.51096213e-02 -1.17476445e-01 -5.66144229e-02 -4.79720058e-02
 -5.15963037e-02 -1.19036510e-01 -5.45325240e-02 -2.32954340e-02
 -7.91212176e-02 -1.07387661e-01 -2.98514224e-03 -6.23441747e-02
 -4.49864106e-02 -1.27592408e-01  1.30485595e-02 -1.87692517e-02
 -1.09383946e-01 -7.10078819e-02  2.32297518e-02 -5.14037869e-02
 -9.42018482e-02 -4.42294800e-02 -3.83593042e-02 -2.38824968e-02
 -1.19606813e-01 -2.86510237e-03 -3.40306215e-02 -9.42050190e-02
 -1.18901975e-01 -3.04443740e-02 -5.06658815e-02 -1.15949900e-01
 -1.04372169e-01 -2.45574379e-02 -7.96584526e-02 -1.26062240e-01
 -8.54756296e-02 -3.97975177e-02 -8.54765356e-02 -1.59421544e-01
 -2.31654285e-02]",0.2885333333333333,0.0009333333333333333,0.0,0.7682142857142857,0.22385714285714287,0.0,0.331,0.0043076923076923075,0.0,0.7368333333333333,0.18741666666666668,0.0,0.35363636363636364,0.004636363636363636,0.0,0.705,0.1519,0.0,0.38533333333333336,0.013111111111111112,0.0,0.671125,0.155,0.0,0.40885714285714286,0.023714285714285716,0.0,0.6436666666666667,0.12466666666666666,0.0,0.6375,0.13142857142857142,0.0,0.15922753801753806,0.0,0.033713619047619055,0.0,7.182864398619809e-06,7.182864398619809e-06
3.8883,0.103,707,0.6337499999999999,0.04512136411945012,0.69825,0.07580855822398946,0.37486419392932,3.8095238095238093,0.038749815014402354,0.9059528108510965,0.09893456279152889,3.8095238095238093,0.0571794878341591,0.8803728320911879,0.13238829515970058,4,0.18335379892555637,15,0.23948801535600484,-0.00799337726777491,10.0,1.1406983867674085,"[ 1.00000000e+00 -1.15660760e-01 -3.83301976e-04  8.66562898e-02
  1.67094539e-01  1.16990435e-01  1.24714794e-02 -1.47563104e-02
  2.07023523e-01 -8.66124621e-02 -7.29981186e-03  2.26557107e-01
  1.33607030e-02 -4.53294961e-02 -8.11814445e-02  2.39488015e-01
  3.83306326e-02 -3.24747148e-02 -1.06390414e-01  1.19739562e-01
  5.87981642e-02 -1.73306707e-02 -3.23210188e-03  9.89187991e-02
 -8.16134680e-02 -3.70258344e-02  2.00093691e-01  2.60105110e-02
  5.26987200e-03 -5.87818784e-02  1.17359518e-01  1.10794907e-01
 -3.16355450e-02 -1.01124974e-01  1.51143924e-01 -2.92741515e-02
  4.25780035e-02  6.72605518e-03 -1.50640559e-02 -2.09108656e-03
 -5.75567422e-02  8.60347087e-02  1.00209405e-01 -3.13837533e-02
 -1.21726681e-01  1.27393802e-01  2.39243184e-02  2.49724582e-02
 -6.85950126e-02  7.72095736e-02 -1.63198334e-02 -2.95238497e-02
 -4.02863482e-02  1.14142396e-01 -8.60035780e-02 -8.27042392e-02
  6.29480919e-02  1.10836397e-01 -9.80098639e-02 -1.06749546e-01
  6.42896760e-03  7.50185153e-02 -2.27398288e-03 -1.08777691e-01
  5.87014823e-02 -3.15653174e-02 -5.10661657e-02 -6.63310622e-02
  6.75106307e-02 -7.16952779e-02 -9.23978532e-02  1.05276180e-03
  1.07667997e-01 -4.45883405e-02 -7.17780666e-02 -1.40638764e-02
  1.08712140e-01 -1.13030310e-03 -1.08607356e-01  2.52343368e-02
 -4.65824189e-02 -3.03849061e-02 -5.74604409e-02  6.55058944e-02
 -1.06610042e-02 -7.59525454e-02  5.72549510e-03  4.48754500e-02
 -3.66530000e-02 -6.04659275e-02 -3.64653457e-02  8.00809670e-03
  6.01323531e-02 -8.33095072e-02 -3.80653826e-03  1.78667171e-02
 -4.20632728e-02 -1.04499407e-02  6.45506302e-02 -7.67922861e-02
  5.35584170e-02 -7.58596698e-02  1.17720362e-01  3.93022642e-02
 -5.74897500e-02 -6.30077433e-03  7.40232841e-02 -3.04576079e-02
  2.49292558e-02 -6.41738807e-02  5.10274494e-02 -1.54658188e-02
  7.33303607e-03  6.49710987e-02 -3.40721145e-02  7.17678437e-03
 -2.65381562e-02  3.87507205e-02  9.30500484e-02 -3.08542321e-02
 -4.83322639e-02  4.63200781e-02  1.36546095e-02  3.86285359e-02
 -8.02264249e-03  3.22909756e-02 -1.22993225e-02 -4.16641200e-02
  7.80015443e-02  2.47870877e-02 -3.72799100e-02 -6.00814292e-02
 -2.48143033e-03  3.99311318e-02  2.35786995e-02 -8.84007515e-02
  6.28965427e-03  2.15899501e-02 -7.81291122e-03  3.58013779e-02
 -2.51780840e-02 -2.52174800e-02 -1.22825744e-02  2.94159389e-03
  3.10639362e-02  2.78380605e-02 -1.23406869e-01  8.75356712e-02
  1.78178595e-02 -1.81102163e-02 -4.41743429e-02 -5.28378974e-02
 -2.46013638e-02  3.40481071e-02 -3.32281868e-02 -2.02171537e-02
 -2.24316212e-02 -5.94472328e-02  1.13554502e-02  2.33170112e-02
 -3.42475884e-02 -8.65648280e-02 -5.39400877e-02  8.01005427e-03
  2.66110211e-02 -4.06652728e-02 -1.02694207e-01 -2.10922937e-02
  1.91832606e-02  4.96783613e-03  6.09210340e-03 -3.18968527e-02
 -6.55356657e-02  3.12917478e-02 -4.16506074e-02  2.90378843e-02
 -5.90157801e-02 -6.77554621e-02  1.26827876e-02 -9.03119596e-03
 -2.96576437e-02 -6.98216713e-02 -6.97468761e-02 -3.93733347e-02
  2.37404705e-02 -7.52266153e-02  8.55036922e-03 -3.71655284e-02
 -2.39261128e-02 -5.75649259e-02  7.51511675e-02 -9.54790867e-02
 -4.87163816e-02 -6.82933573e-02  1.99479614e-02  2.75593795e-02
 -7.35066503e-02 -5.05936042e-02  2.22699590e-02 -1.01290633e-02
  8.43383976e-03  2.37341356e-02 -2.49779230e-02  2.20913856e-03
 -4.77427108e-02  2.95471229e-02 -1.50431752e-02 -5.51310752e-02
 -7.79706583e-02  3.07815848e-02  1.67564790e-02 -1.80079336e-02
 -5.59968896e-02  1.83149177e-03  1.26674533e-02 -2.31844950e-02
  6.17763809e-03 -2.64117030e-02  2.46250177e-02 -5.03401540e-02
  2.69496797e-02  2.04611967e-02 -5.34545029e-02 -2.63055051e-02
 -2.41911453e-03  3.89439756e-02  8.49164229e-03 -6.55382486e-02
  2.04138074e-02  6.29024970e-02  2.07529010e-03  3.03879512e-02
 -3.60291895e-02  2.05594012e-02 -7.67979685e-03 -1.85945504e-02
  3.37580885e-02  7.77008950e-03 -9.77602745e-02  4.68806484e-02
  3.80648389e-02 -9.71193897e-03 -5.36312819e-03  1.65004459e-02
  2.84239432e-02  2.18593327e-02  2.24429316e-03  4.48091103e-02
  6.66789921e-03 -5.33439006e-03 -3.12258703e-03  4.58532534e-02
  2.31242727e-03 -4.13045263e-02  9.77025807e-03 -7.70777371e-03
  8.64199411e-03 -4.80634523e-02 -3.28392840e-02  2.35970517e-02
 -2.32063817e-02]",0.29206666666666664,0.00046666666666666666,0.0,0.7760714285714285,0.19835714285714287,0.0,0.3038461538461538,0.0006923076923076923,0.0,0.76475,0.16075,0.0,0.3120909090909091,0.0012727272727272728,0.0,0.7526,0.1421,0.0,0.31377777777777777,0.0026666666666666666,0.0,0.76975,0.201625,0.0,0.30942857142857144,0.0027142857142857142,0.0,0.762,0.20583333333333334,0.0,0.7469642857142857,0.1644642857142857,0.0,0.18017056443556445,0.0,0.03634661904761905,0.0,1.9422048878693988e-07,1.9422048878693988e-07
3.8883,0.103,1313,0.6318125000000001,0.05427501583371488,0.6942500000000001,0.09449570096041407,0.38250821501871923,400.0,0.05213577247849373,0.8957186804491604,0.14171385974372533,400.0,0.10901259782152056,0.854692369013865,0.27210371686688495,4,0.17904096037893225,4,0.3419463012087828,-0.020413242429296506,10.0,1.1350909462497445,"[ 1.00000000e+00  1.00577986e-01  8.30704272e-02  3.26637544e-01
  3.41946301e-01  1.56833000e-01  1.14827817e-01  2.16767171e-01
  2.36195029e-01  6.03418293e-02  6.60125218e-02  2.57704170e-01
  9.66300369e-02  1.16999304e-01  6.58950032e-02  1.94512270e-01
  8.28358449e-02  1.67598865e-01  7.02990460e-02  1.23267651e-01
  9.16809569e-02  1.49605081e-01  7.55640053e-02  9.59332720e-02
  1.63037005e-01  9.10957262e-02  1.02743839e-01  6.74405058e-02
  1.38043900e-01  4.49436730e-02  8.25697657e-02  1.28756028e-01
  1.64982257e-01  7.18820299e-02  1.33466799e-01  1.54833469e-01
  7.53539207e-02  1.11499657e-01  1.02769246e-01  9.48997522e-02
  1.21785387e-01  1.53864500e-02  7.89100307e-02  6.87797559e-02
  9.19577801e-03  1.25375251e-01  3.61526482e-02  1.03658843e-01
  6.76555774e-02  6.40661681e-02  6.33569794e-02  1.12664939e-01
  7.20596202e-02  7.37721966e-02  4.00857067e-02  1.18010390e-01
  1.37599233e-01  9.41136935e-02  4.44897495e-02  9.00565720e-02
  1.09403938e-01  5.81386531e-02  6.23289891e-02  3.93829574e-02
  1.44604993e-01 -2.37904298e-02  3.95161719e-02  1.44738208e-01
  6.98362159e-02  5.75517425e-03  5.97211820e-02  8.94870373e-02
  7.96787312e-02  3.29350078e-02  3.40281443e-02  9.58298920e-02
 -1.19689090e-02  3.60756732e-02  7.16019696e-02  2.82774146e-02
  1.00699232e-02  1.45017358e-02  9.64650279e-02 -1.07948254e-02
  6.69422066e-03  1.04297496e-01  1.34580496e-02  2.81473672e-02
  7.30142576e-02  2.75094141e-02  4.28181716e-02  5.11276081e-02
  8.68148890e-02  5.11895871e-02 -4.03381372e-03  7.27884770e-02
  7.35596447e-02  2.19968888e-02 -9.42882040e-03  1.00209787e-01
  3.11487286e-02  2.37621876e-02  6.99484500e-02  3.65839289e-02
  6.45719565e-02  3.91008322e-03  6.97749368e-02  9.72240168e-02
  1.68030601e-02  4.05355006e-02  6.01243429e-02  4.83772249e-02
  7.09267801e-02  4.01205108e-02  5.22515766e-02  7.74398758e-02
  2.83548796e-02  4.65438577e-02  3.37188443e-02  6.19483485e-02
  4.67015699e-02 -3.37193867e-02  2.46071981e-02  9.94906769e-02
  2.03890923e-02 -2.64351233e-02 -1.02654493e-02  8.92766377e-02
  1.83327617e-02 -1.18863188e-01  1.55145201e-02  5.78670619e-03
 -9.08210904e-03 -7.82236598e-02 -2.44991286e-02  4.15267094e-02
 -2.72368780e-02 -7.09638940e-02  7.19739835e-02  5.08057793e-02
 -8.06297289e-02 -1.50868441e-02  8.23554465e-02  7.77542328e-03
 -7.42063820e-02 -1.47214095e-02  7.23828839e-02 -1.28022832e-03
 -8.27230859e-02  6.78335526e-02 -1.83478453e-02 -5.48340636e-02
  1.22696698e-02 -2.28971765e-02 -1.80069083e-02 -8.83655535e-03
 -6.64012291e-02 -1.04964093e-02 -1.68050549e-02  4.42512826e-03
 -9.90473924e-03 -5.39292264e-02 -3.62386349e-03  1.87647073e-02
 -3.85584898e-02 -6.68625018e-02 -2.33149834e-02 -2.33242400e-02
 -3.66322067e-02 -7.66740801e-02  5.29650874e-02 -2.27978211e-02
 -4.24856689e-02 -3.02741109e-02  5.81495545e-02  6.88426973e-03
 -4.55394027e-02 -2.72699323e-02  2.59961434e-02  1.10468360e-02
 -3.49164631e-02 -2.09270776e-02 -1.75976580e-02  4.79091278e-03
 -5.01350169e-02  2.88958221e-03 -5.14729021e-02 -2.64789565e-03
 -9.60700912e-02 -2.95857977e-02 -6.94106922e-02 -3.00627664e-02
 -7.44897145e-02 -8.77171889e-02 -2.51910115e-02 -6.02773656e-02
 -8.76644665e-02 -1.06330413e-01 -3.74488525e-02 -5.85365645e-02
 -1.18739982e-01 -7.74532445e-02  7.84872367e-03 -1.33249347e-01
 -4.83253424e-02 -3.30165849e-02 -3.52061300e-02 -5.52719411e-02
 -5.38008413e-02  1.86250184e-03  1.46130075e-02 -5.18093070e-02
 -8.47153726e-02  2.20430143e-02 -5.72195547e-02 -6.39866558e-02
 -1.65615135e-02 -2.38920600e-02 -8.82950704e-02  4.26066172e-04
 -5.97773516e-02 -8.75424159e-02 -6.81950501e-02 -5.97246292e-02
 -4.63546836e-02 -1.06477609e-01 -8.14502943e-02 -2.31237095e-02
 -1.03303190e-01 -1.13891920e-01 -1.88713945e-02 -7.47142352e-02
 -6.50609291e-02 -1.11965637e-01 -2.08555270e-03 -8.10261530e-02
 -8.90321339e-02 -8.26615093e-02 -6.72722596e-02 -7.71610579e-02
 -1.16985952e-01 -2.63260039e-02 -6.31901856e-02 -1.19194011e-01
 -1.19983692e-01 -4.31614008e-02 -9.97846659e-02 -9.20946693e-02
 -9.78643672e-02 -6.15576464e-02 -9.94437290e-02 -1.07932663e-01
 -1.02961903e-01 -5.98168453e-02 -1.01983013e-01 -1.01670300e-01
 -5.82837665e-02 -1.15068016e-01 -5.66609389e-02 -7.40075138e-02
 -7.35583148e-02]",0.29473333333333335,0.0008,0.0,0.7645,0.19078571428571428,0.0,0.3223076923076923,0.0016923076923076924,0.0,0.7335,0.15591666666666668,0.0,0.3533636363636364,0.0024545454545454545,0.0,0.7081,0.1423,0.0,0.37,0.009555555555555555,0.0,0.684625,0.1345,0.0,0.396,0.014,0.0,0.6771666666666667,0.12833333333333333,0.0,0.6630357142857143,0.11107142857142857,0.0,0.14466666111666113,0.0,0.030073428571428574,0.0,6.275651710625544e-06,6.275651710625544e-06
3.8883,0.103,2029,0.6225624999999999,0.05776024665589648,0.7301249999999999,0.10349509348273472,0.4003369692359485,2.162162162162162,0.1509785294324711,0.749144176535924,0.0442422532464847,2.162162162162162,0.15573525117080025,0.7164428760059095,0.07751780993204763,26,0.5057051338342238,26,0.5752105120354067,-0.007569777212553382,8.0,1.1077185662810545,"[ 1.         -0.20035069 -0.10253458 -0.02152035  0.4066688  -0.08472998
 -0.11481989  0.10004768  0.09866886 -0.09165147 -0.18207376  0.51371701
 -0.09275079 -0.06670513 -0.17241074  0.55570446 -0.1143648  -0.08015014
 -0.05316212  0.18527736 -0.08696484 -0.11787019  0.2079819  -0.06179939
 -0.01171792 -0.22152568  0.57521051 -0.1250811  -0.07814907 -0.12807066
  0.38835382 -0.09008835 -0.06322725 -0.03239397  0.05807587 -0.05206579
 -0.12194599  0.35211498 -0.13683019 -0.03901409 -0.12850133  0.51570955
 -0.14536797 -0.04288387 -0.09501985  0.24250223 -0.11340505 -0.07837495
  0.13136074 -0.03934526 -0.0725846  -0.15110497  0.47326693 -0.14264919
 -0.09757999 -0.12778222  0.45900648 -0.17277645 -0.05605643 -0.04074569
  0.13864802 -0.10161404 -0.14885737  0.27385564 -0.06034984 -0.07771508
 -0.19135774  0.49999698 -0.10611926 -0.1076104  -0.15484644  0.35340176
 -0.14942778 -0.07471971 -0.00187447  0.0336268  -0.05294294 -0.15585067
  0.3042136  -0.02696205 -0.10349268 -0.19437157  0.47783999 -0.14857912
 -0.08028955 -0.10838972  0.17078241 -0.05885704 -0.12220642  0.11390637
 -0.02785659 -0.06120826 -0.16155005  0.3751773  -0.09241033 -0.03951639
 -0.17124754  0.32369979 -0.1349034  -0.0142112  -0.04301449  0.0236442
 -0.0679378  -0.10188027  0.20938434 -0.08910805 -0.05267172 -0.15627527
  0.41335999 -0.14758755 -0.03495202 -0.11754959  0.19651289 -0.09229195
 -0.07279169  0.0361182  -0.01578584 -0.0871773  -0.12391764  0.30205713
 -0.10403111 -0.0642061  -0.14097597  0.34498693 -0.12038632 -0.0371577
 -0.06724032  0.10969248 -0.08715137 -0.0581955   0.11851265 -0.01368237
 -0.07049364 -0.1519315   0.34208077 -0.08863407 -0.05056686 -0.14903853
  0.22266349 -0.08364633 -0.04827197 -0.04696522  0.03509639 -0.06979377
 -0.08587969  0.17170295 -0.06190866 -0.01624866 -0.16069718  0.29071233
 -0.07640106 -0.04533584 -0.11229854  0.11434405 -0.08985336 -0.00767942
  0.01580031 -0.02105236 -0.02662799 -0.1311739   0.25547447 -0.0886505
 -0.04883279 -0.13376436  0.2217193  -0.10430989 -0.0176999  -0.08337598
  0.05411809 -0.08332843 -0.07210949  0.12012121 -0.04614873 -0.05382642
 -0.12172418  0.23901097 -0.08398839 -0.05000568 -0.10984677  0.1366348
 -0.10724057 -0.02086981 -0.01489507 -0.01627389 -0.05837805 -0.08671745
  0.16747652 -0.02517052 -0.08174255 -0.10984272  0.23011838 -0.09672624
 -0.01933262 -0.09726219  0.07757584 -0.05030275 -0.05471867  0.03563155
 -0.00658493 -0.05090347 -0.08554176  0.14589573 -0.0244587  -0.04041771
 -0.10819585  0.13946001 -0.06485701 -0.00613538 -0.03330049  0.00324816
 -0.0429332  -0.03731731  0.08395839 -0.01754311 -0.03864128 -0.08494956
  0.18137828 -0.0713692   0.01536041 -0.08719576  0.06394345 -0.03172305
 -0.01689079  0.00437456 -0.01940918 -0.06407928 -0.03477185  0.07471424
 -0.03099137 -0.04146694 -0.08672054  0.12172124 -0.07057424  0.00798638
 -0.03901772  0.0277533  -0.03920211 -0.01281218  0.03646114  0.00859291
 -0.0466998  -0.0597486   0.13912524 -0.02632926 -0.02700496 -0.05137219
  0.0897352  -0.03802377  0.02115445 -0.02071777  0.01559895 -0.01891972
 -0.01913883  0.06397746  0.00635805 -0.02186174 -0.06361434  0.11110408
 -0.02412806  0.01475459 -0.04053812]",0.2633333333333333,0.0009333333333333333,0.0,0.7845714285714286,0.25807142857142856,0.0,0.284,0.0005384615384615384,0.0,0.7671666666666667,0.21408333333333332,0.0,0.29645454545454547,0.0016363636363636363,0.0,0.7613,0.173,0.0,0.295,0.0023333333333333335,0.0,0.753375,0.134,0.0,0.29842857142857143,0.0017142857142857142,0.0,0.7471666666666666,0.1305,0.0,0.7635714285714286,0.1982142857142857,0.0,0.18049979686979686,0.0,0.036386190476190475,0.0,1.2661609286177266e-07,1.2661609286177266e-07
3.8883,0.1083,101,0.584375,0.0439770892056307,0.794125,0.08349691236806304,0.2199676121635141,400.0,0.06646900160522434,0.8658449819238404,0.11672951731627727,400.0,0.21809494669255902,0.7734952142024755,0.2842170201845059,11,0.3710992728741669,11,0.5101229126091742,-0.06169208889075337,13.0,1.053216180371353,"[ 1.00000000e+00  1.52130988e-01  4.66503246e-02  2.83993699e-01
  4.46454344e-01  1.22233276e-01  1.09564884e-01  4.42936640e-01
  2.09154420e-01  1.16699569e-01  1.49856844e-01  5.10122913e-01
  1.84003555e-01  6.82402996e-02  2.38769238e-01  2.83210918e-01
  2.03833426e-01  7.56248277e-02  3.88798956e-01  1.93670586e-01
  1.16877189e-01  1.43653788e-01  3.74827159e-01  2.53209909e-01
  6.59391606e-02  2.42532766e-01  2.30075046e-01  1.93307110e-01
  7.50650954e-02  2.81242444e-01  2.43578030e-01  8.72626353e-02
  1.05285136e-01  2.58359665e-01  2.19007634e-01  6.56976777e-02
  1.43678806e-01  1.75359134e-01  1.08110977e-01  7.66165667e-02
  2.13765181e-01  2.38273693e-01  9.11337409e-02  7.15042045e-02
  2.33859513e-01  1.66506020e-01  8.39124164e-02  1.31307988e-01
  1.67840499e-01  1.20209501e-01  9.96834876e-02  1.71283940e-01
  2.40194961e-01  1.22533416e-01  2.24316156e-02  1.77404436e-01
  1.73700814e-01  7.61831088e-02  1.38818791e-01  1.24462781e-01
  9.76614275e-02  3.13097474e-02  1.84594949e-01  1.62275982e-01
  1.00617359e-01  1.82344276e-02  1.53695424e-01  1.52997242e-01
  3.91322774e-02  1.02875108e-01  9.34228279e-02  1.22308389e-01
  2.98535381e-02  1.44590226e-01  1.45684998e-01  1.10710015e-01
  4.25653812e-02  7.58279918e-02  1.17158896e-01  5.58700702e-02
  5.87577965e-02  9.53418547e-02  1.05296062e-01  2.51812172e-02
  4.74754309e-02  1.36424956e-01  4.77666851e-02  6.62169900e-03
  2.89159127e-02  7.10379580e-02  2.44087734e-02  2.31839112e-02
  5.87661562e-02  3.99277608e-02  3.61188034e-02 -3.66135523e-02
  7.99160897e-02  6.08670222e-02 -3.79703983e-03  2.40867084e-02
  3.93144416e-02  2.13725232e-02 -1.47096087e-02  5.73121881e-02
  4.57509452e-02  2.70766891e-03 -2.63079825e-02  1.85034940e-02
  5.89379212e-02 -3.55205562e-02 -8.63862113e-03 -5.07854204e-02
  1.74397960e-02 -4.63277890e-02  2.34797094e-02  3.99199278e-02
 -3.71894772e-02 -7.21644598e-02 -3.28371818e-02  5.24210988e-02
 -6.07580610e-02 -5.43897625e-02 -3.71584030e-02 -8.48351379e-03
 -5.69056525e-02  9.31635779e-04  3.81936211e-03 -7.86689052e-02
 -6.15428819e-02 -1.34615053e-02 -6.09139360e-03 -9.01619430e-02
 -3.64910319e-02 -4.33592172e-02 -1.02328409e-01 -8.69953394e-02
  1.57711384e-02 -6.33715718e-03 -1.18093160e-01 -7.67622554e-02
 -1.59195277e-02 -6.50274714e-02 -9.24092933e-02 -3.80525773e-02
 -8.23621274e-02 -1.13645866e-01 -9.22481292e-02 -5.93015267e-02
 -6.22677956e-02 -9.16532438e-02 -8.74992436e-02 -1.26956612e-01
 -4.96612886e-02 -8.27379810e-02 -6.87227331e-02 -1.34547733e-01
 -6.76941265e-02 -9.62884337e-02 -1.09062162e-01 -7.75925052e-02
 -8.35642135e-02 -7.66154461e-02 -1.64482576e-01 -7.64295279e-02
 -1.09295548e-01 -1.03348594e-01 -1.11429265e-01 -7.64790359e-02
 -1.16938217e-01 -1.39783865e-01 -6.74976075e-02 -9.57759065e-02
 -6.46222582e-02 -1.38251091e-01 -1.31672120e-01 -9.78290407e-02
 -8.82961781e-02 -9.34767454e-02 -1.16902862e-01 -8.22686417e-02
 -1.16557819e-01 -6.36780493e-02 -1.00656658e-01 -5.67416588e-02
 -1.40917544e-01 -1.49103551e-01 -1.19321513e-01 -6.31718423e-02
 -1.03736360e-01 -1.28058953e-01 -1.20899514e-01 -1.23917330e-01
 -1.31522868e-01 -1.31640581e-01 -7.79696699e-02 -1.36253056e-01
 -1.37056574e-01 -1.62961450e-01 -7.65422319e-02 -1.10726074e-01
 -1.32464572e-01 -1.25515805e-01 -7.54308021e-02 -1.18104282e-01
 -1.47595066e-01 -5.15790603e-02 -1.14344832e-01 -1.62872307e-01
 -1.66575928e-01 -5.67429699e-02 -9.74128232e-02 -1.64660980e-01
 -8.76816655e-02 -8.70082375e-02 -1.25885137e-01 -1.76786034e-01
 -5.67758202e-02 -1.14057394e-01 -1.43653514e-01 -1.28636453e-01
 -1.04443949e-01 -8.76339337e-02 -1.19339016e-01 -7.46328758e-02
 -1.10293663e-01 -7.47629659e-02 -1.40428841e-01 -6.57176131e-02
 -4.52163535e-02 -1.04606889e-01 -1.05990876e-01 -9.19756282e-02
 -6.01361749e-02 -1.00595356e-01 -7.55063751e-02 -6.74504584e-02
 -7.40541831e-02 -1.09609635e-01 -8.07240733e-02 -2.60513491e-02
 -8.81313160e-02 -7.97593912e-02 -9.04241569e-02 -6.01669857e-02
 -6.36599349e-02 -4.16301819e-02 -5.27700805e-02 -8.71645943e-02
 -6.82456168e-02 -6.08755051e-02 -5.64054967e-02 -7.37669462e-02
 -3.68130913e-02 -5.50194704e-02 -5.61389965e-02 -6.25320491e-02
 -4.27165945e-02 -2.96516122e-02 -5.59778324e-02 -9.50138562e-02
 -2.13044414e-02]",0.19006666666666666,0.0006,0.0,0.8417142857142857,0.3806428571428571,0.0,0.20115384615384616,0.0019230769230769232,0.0,0.83925,0.383,0.0,0.2070909090909091,0.0013636363636363637,0.0,0.8206,0.3438,0.0,0.2141111111111111,0.0006666666666666666,0.0,0.81475,0.338875,0.0,0.22042857142857142,0.0012857142857142856,0.0,0.8033333333333333,0.33616666666666667,0.0,0.8128571428571428,0.3483928571428571,0.0,0.3553290859140859,0.07129938095238095,0.07129938095238095,2.2659436203471385e-05,2.2659436203471385e-05,4.531887240694277e-05
3.8883,0.1083,707,0.58625,0.047351742312189526,0.7982499999999999,0.08615066743792528,0.21234286652563383,2.1978021978021975,0.05475721697581566,0.8593319948840001,0.1849106815980042,400.0,0.09915022539317882,0.8046080446376285,0.3001141700563423,11,0.33872648083623697,11,0.4762751682091098,-0.028930739798131797,10.0,1.0618556701030928,"[ 1.00000000e+00  6.19605519e-02  2.11911942e-01  2.74255648e-01
  4.06640870e-01  1.15244398e-01  1.33015848e-01  3.52078235e-01
  2.35926603e-01  1.14751855e-01  1.01395146e-01  4.76275168e-01
  4.94482573e-02  1.06709901e-01  1.24510825e-01  2.82070572e-01
  4.54399542e-02 -1.17648062e-02  2.39267838e-01  1.08046859e-01
  3.98653485e-02 -4.67833745e-02  3.44037566e-01 -4.58843926e-02
  8.71071402e-02 -1.72256444e-02  2.39642740e-01 -1.12740735e-02
 -6.17715219e-02  1.43758347e-01  3.52150719e-02 -4.38842410e-02
 -3.63653359e-02  2.28199826e-01 -7.15881550e-02  3.29783539e-02
 -6.89165565e-02  1.54326848e-01 -7.46364662e-02 -4.58587928e-02
  6.78529023e-02  3.00163999e-02 -1.20600669e-02 -5.41660070e-02
  1.79241522e-01 -5.21596660e-02  2.78386287e-02 -6.89447457e-02
  1.73666916e-01 -2.15829972e-02 -4.25775362e-02  6.01868826e-02
  3.82912986e-02  9.74734950e-03 -8.29729013e-02  1.19247522e-01
 -3.48869483e-02  2.83283299e-02 -7.52213034e-02  1.28683316e-01
 -4.31057423e-02 -1.77848818e-02  8.37807682e-03 -1.86585166e-02
 -2.87941996e-02 -1.22238655e-01  5.70977508e-02 -5.99549267e-02
 -6.12062214e-03 -1.10630247e-01  6.28704179e-02 -6.17611431e-02
 -6.60021389e-02 -4.58517612e-02  4.62606631e-04 -5.93863420e-02
 -1.21732112e-01  4.58158247e-03 -5.61094643e-02 -4.42916481e-02
 -1.67297960e-01  7.44421310e-02 -7.04292595e-02 -6.86282010e-02
 -7.45533932e-02  5.41542808e-03 -3.91873332e-02 -1.44480110e-01
  1.71722343e-02 -3.67525537e-02 -7.13090837e-02 -1.23549675e-01
  7.44307837e-02 -5.95228040e-02 -4.94776044e-02 -7.30868582e-02
  6.25488627e-02 -2.16619860e-02 -1.21872700e-01  1.45461722e-02
  1.87261581e-02 -5.72519389e-03 -1.20281050e-01  1.20587469e-01
 -4.37406001e-02 -2.69291416e-02 -6.05846267e-02  9.26762090e-02
  1.93242162e-02 -6.83139721e-02  5.21050349e-02  5.45418775e-02
 -3.65234819e-03 -1.38418561e-01  8.80753425e-02  1.30872582e-03
 -9.21652028e-02 -7.70968876e-02  1.07410001e-01 -3.41814174e-02
 -9.82703304e-02  3.73359172e-02  1.78782073e-02 -3.69476257e-02
 -1.55743446e-01  8.84345184e-02 -1.77887765e-02 -6.84041187e-02
 -8.95165514e-02  1.02569220e-01  1.39710402e-02 -1.16584681e-01
  1.81499945e-02  3.65572290e-02 -2.16664702e-02 -1.37064425e-01
  8.28105869e-02 -3.10505385e-02 -4.03441234e-02 -9.76373041e-02
  5.74845686e-02  1.36060117e-02 -1.03476139e-01  2.62354212e-02
  1.43271215e-02  1.09576972e-02 -1.37399980e-01  5.39321143e-02
 -2.61271905e-02 -3.21113296e-02 -9.35265808e-02  5.39574614e-02
  6.68103848e-03 -3.54249017e-02 -1.10050863e-02  1.58820768e-02
  2.58683295e-02 -8.95590984e-02  1.41063654e-02 -3.48247804e-02
  1.35493596e-03 -8.62832524e-02  2.66158180e-02  2.07604568e-03
 -5.60592332e-02 -5.35634437e-02 -1.48869062e-02  3.64800507e-02
 -1.08420813e-01  1.95476038e-02 -1.25415786e-02  2.02107982e-02
 -1.07006004e-01  8.38988724e-03  1.17277749e-02 -4.80622268e-02
 -5.07074467e-02  1.40446607e-02  3.76223779e-02 -8.53544602e-02
  2.33046459e-02 -2.56265000e-02  4.51676617e-02 -9.38679885e-02
  2.99488846e-02 -4.66659228e-03 -3.32694883e-02 -6.36155274e-02
 -1.64295880e-02  7.19602151e-02 -8.63552728e-02 -8.76537882e-03
  1.39112934e-02  1.90217977e-02 -6.68143005e-02  1.07166466e-02
  3.92880060e-02 -4.23376014e-02 -2.72103393e-02  4.09985811e-02
  4.52669872e-02 -2.37271476e-02  1.92188276e-02  5.62406422e-02
  4.45091831e-02 -7.68129321e-02  4.78755126e-02  4.14432300e-03
 -4.63236520e-02 -2.44890780e-02 -3.31976152e-03  1.35211703e-02
 -3.61931268e-02 -1.51122306e-02 -2.51126306e-03  1.52012404e-02
 -8.08874031e-02 -8.59634866e-04 -2.11594429e-02 -6.23643380e-02
 -8.35062442e-02 -7.68896683e-03 -1.10878645e-02 -9.95092041e-02
 -5.49674529e-02  9.75518101e-03 -3.48770537e-02 -8.79597435e-02
 -2.14055461e-02 -4.16758806e-02 -7.79755539e-02 -9.91174601e-02
 -4.77799766e-02 -2.84716971e-02 -1.42155982e-01 -5.37956522e-02
 -4.62472737e-02 -6.90144294e-02 -1.17132950e-01 -4.46545924e-02
 -5.56618471e-02 -8.34815917e-02 -1.23149658e-01 -5.31681207e-02
 -3.30177430e-02 -1.38398940e-01 -9.71961078e-02 -2.89871875e-02
 -7.61457167e-02 -1.16685354e-01 -5.17269328e-02 -4.83006248e-02
 -9.80738689e-02 -8.80286692e-02 -5.33268351e-02 -5.17910375e-02
 -1.10738941e-01 -7.29634487e-02 -4.68299635e-02 -4.43341740e-02
 -6.46339820e-02]",0.18786666666666665,0.0011333333333333334,0.0,0.8467142857142858,0.3836428571428571,0.0,0.19130769230769232,0.00023076923076923076,0.0,0.8448333333333333,0.38275,0.0,0.19536363636363635,0.0003636363636363636,0.0,0.8344,0.3538,0.0,0.20455555555555555,0.00022222222222222223,0.0,0.82975,0.363125,0.0,0.20785714285714285,0.0008571428571428571,0.0,0.8276666666666667,0.344,0.0,0.8225,0.33464285714285713,0.0,0.3649021506271506,0.07309271428571427,0.07309271428571427,3.9964614546431774e-06,3.9964614546431774e-06,7.992922909286355e-06
3.8883,0.1083,1313,0.552875,0.03709594822888342,0.8938749999999999,0.07428818462582053,0.1884476224019451,3.6363636363636362,0.369712740838013,0.5823301462916345,0.016549957558388246,3.6363636363636362,0.36938191560616984,0.5805345065142355,0.021538986960548772,11,0.8025678429903144,11,0.8035667499058605,-0.0006220481030688099,4.0,1.000979843225084,"[ 1.         -0.08722279 -0.34445739 -0.00104759  0.26394183 -0.26028673
 -0.20185226  0.34894488 -0.02706412 -0.36556169 -0.03900075  0.80356675
 -0.12184641 -0.30546811  0.02095409  0.15528912 -0.3110429  -0.16568292
  0.43113076 -0.07171891 -0.37185001 -0.00620628  0.72297188 -0.15841228
 -0.26828236  0.04667606  0.11206695 -0.33161495 -0.10358203  0.51008051
 -0.10403222 -0.34767674 -0.00440567  0.62171444 -0.20262822 -0.19145889
  0.10551816  0.04619466 -0.35771079 -0.06286002  0.54329118 -0.11626053
 -0.32026734  0.01734119  0.5038856  -0.24344665 -0.13460433  0.15756523
  0.03396635 -0.33709643 -0.04337817  0.51592409 -0.15028392 -0.29313541
  0.03980437  0.40870688 -0.28653009 -0.05664836  0.21966612 -0.00826205
 -0.34534965 -0.02077626  0.488557   -0.19789738 -0.25453968  0.06353879
  0.30899814 -0.31928224  0.00586873  0.26505689 -0.03662291 -0.31821771
 -0.00298183  0.42353975 -0.24918583 -0.18918     0.10738085  0.23859583
 -0.31748163  0.05310831  0.28525505 -0.07177881 -0.27848948  0.00942753
  0.37026376 -0.29226927 -0.11547659  0.14824159  0.18092854 -0.32589623
  0.090849    0.26623171 -0.10325972 -0.25900762  0.01645182  0.29461511
 -0.3078951  -0.05083322  0.20269241  0.12199002 -0.31149932  0.1052459
  0.24438842 -0.13968686 -0.22068936  0.04910755  0.27191678 -0.33186466
  0.02159896  0.22642682  0.07211154 -0.27204855  0.10193891  0.21376255
 -0.17937278 -0.18322613  0.08416703  0.2087257  -0.3348942   0.07392349
  0.23571613  0.01897428 -0.24903045  0.09650563  0.16742032 -0.22118498
 -0.12098651  0.13394908  0.16903978 -0.33367117  0.11365172  0.23000539
 -0.01717539 -0.22982605  0.11330628  0.12519192 -0.2564796  -0.07233696
  0.17127357  0.13614889 -0.30073797  0.14092239  0.1915907  -0.07611391
 -0.19675412  0.11593928  0.09172346 -0.27182797 -0.01421117  0.20208049
  0.09348165 -0.27531612  0.15247671  0.14751349 -0.11099234 -0.14130954
  0.12268611  0.06562761 -0.28292378  0.0256558   0.21236357  0.07078332
 -0.23699785  0.16248232  0.09763502 -0.14728075 -0.1004488   0.15122801
  0.06033307 -0.27802577  0.0530652   0.19914148  0.03731486 -0.211576
  0.18238037  0.05057648 -0.18287549 -0.07035819  0.16178855  0.04371347
 -0.26379024  0.07183075  0.16440178  0.00909273 -0.16179395  0.17921211
  0.01909557 -0.20855514 -0.031485    0.18041537  0.0409614  -0.24148845
  0.08366252  0.1264033  -0.02650201 -0.10891449  0.19797766  0.00275343
 -0.22249354 -0.00777323  0.18459707  0.027023   -0.20106655  0.09463926
  0.09307356 -0.06096425 -0.07882388  0.20655065 -0.01231748 -0.22397437
  0.00886604  0.15933361  0.03487969 -0.18329478  0.11340481  0.05181629
 -0.09528776 -0.04420325  0.2127199  -0.01860579 -0.22319018  0.00724647
  0.13719021  0.03185015 -0.1478191   0.12722414  0.03505796 -0.12364862
 -0.02372762  0.20855786 -0.02135786 -0.21008717  0.00987947  0.1194381
 -0.01053962 -0.11659599  0.14471844  0.00739076 -0.14805703 -0.0051008
  0.20439582 -0.0199961  -0.20292414  0.01251247  0.08455967 -0.01384662
 -0.08153651  0.16279033 -0.00412125 -0.15503901  0.00504354  0.18636625
 -0.01297181 -0.1675872   0.03058436  0.0550663  -0.03767746 -0.04959709
  0.1719409  -0.01861457 -0.15906231]",0.10573333333333333,0.0,0.0,0.8966428571428572,0.5772857142857143,0.0,0.10615384615384615,0.0,0.0,0.89425,0.5708333333333333,0.0,0.1070909090909091,0.0,0.0,0.9036,0.6036,0.0,0.10711111111111112,0.0,0.0,0.9115,0.619375,0.0,0.10514285714285715,0.0,0.0,0.91,0.6131666666666666,0.0,0.9010714285714285,0.5735714285714286,0.0,0.5968521428571428,0.11937042857142857,0.11937042857142857,7.540547999535975e-07,7.540547999535975e-07,1.508109599907195e-06
3.8883,0.1083,2029,0.5989375,0.047701505151829325,0.7751249999999998,0.08852956780082008,0.2537001907500523,3.6697247706422016,0.07272884521145878,0.8486645023179853,0.13169032607631698,3.6697247706422016,0.0730262216740653,0.8245928724687203,0.2038663427166874,11,0.41703770830078757,11,0.5376286087093476,-0.003699967779284924,13.0,1.0878947368421052,"[ 1.00000000e+00 -1.37759495e-02  5.38059187e-02  1.63660598e-01
  3.46471963e-01 -1.41727007e-02 -1.63736670e-02  3.86934548e-01
  7.49223583e-02 -3.83378456e-03 -1.16129119e-02  5.37628609e-01
 -4.63139480e-02 -9.03915777e-03  1.04394078e-01  2.07861185e-01
 -6.26676688e-02 -8.16150800e-02  3.44025716e-01 -5.86733127e-03
 -3.91648508e-02 -4.33534606e-02  3.64747428e-01 -6.84771252e-02
 -6.94759360e-02  8.50239683e-02  1.23500914e-01 -5.89157225e-02
 -1.14942554e-01  2.51294216e-01 -9.50043262e-02 -5.65233932e-02
 -6.19021968e-02  2.78010757e-01 -1.16932221e-01 -8.20457926e-02
  7.68500535e-02  3.03926194e-02 -6.74903558e-02 -6.72909984e-02
  2.03644545e-01 -7.60609620e-02 -5.91151597e-02 -1.78411590e-02
  1.68167979e-01 -8.44282235e-02 -6.42966094e-02  9.53966864e-02
 -1.12622234e-02 -7.08715976e-02 -8.10350998e-02  1.69567468e-01
 -1.37652049e-01 -1.07951038e-01 -5.31243782e-02  7.58651084e-02
 -1.69161302e-01 -9.75921852e-02  7.20632517e-02 -3.93843439e-02
 -9.42169941e-02 -5.81323976e-02  9.27889509e-02 -1.53415692e-01
 -1.06964248e-01 -6.28223441e-03  3.10005303e-02 -1.63385827e-01
 -6.86866800e-02  6.78805729e-02 -9.93845183e-02 -1.13943962e-01
 -7.78593657e-02  7.86441311e-02 -1.74344815e-01 -1.12341108e-01
  2.18337955e-02 -6.13023401e-02 -1.00578739e-01 -8.96158037e-02
  7.36640225e-02 -1.25094353e-01 -6.46895329e-02 -7.64479345e-02
  6.72963662e-02 -1.25883848e-01 -5.70998248e-02  3.52069731e-02
 -8.85412451e-03 -1.10331605e-01 -3.91512443e-02  9.54203906e-02
 -9.41693066e-02 -5.24985746e-02 -3.47513352e-02  7.31214077e-03
 -3.55428141e-02 -7.56166629e-02  3.10402433e-02 -2.85651437e-02
 -8.93726861e-02 -2.53773482e-02  7.29083292e-02 -6.56405964e-02
 -5.26740683e-02  5.73513404e-03  3.94313685e-02 -1.57900385e-02
 -4.42948850e-02  6.87416193e-02 -4.03136270e-02 -3.09455910e-02
 -3.95141936e-02  7.67121097e-02 -3.11369939e-02 -2.61529379e-02
 -1.51939896e-02  2.04978628e-02 -4.03056924e-02 -2.17649906e-02
  4.14328976e-02 -3.45222030e-02 -5.26641899e-02 -5.40557447e-02
  5.42000482e-02 -6.04253846e-02 -2.47375194e-02 -1.21756971e-02
  1.31453213e-02 -2.33300355e-02 -3.78815049e-02  5.56234612e-02
 -4.26562453e-02 -2.57144303e-02 -4.38524299e-02  3.09144606e-02
 -6.93608640e-02 -4.96480755e-03 -2.58998622e-02  3.61078322e-02
 -2.37510442e-03 -3.04792324e-02  3.98996908e-02 -5.75865532e-02
  3.61571694e-03 -4.92093535e-02  3.83167331e-02 -4.52201211e-02
 -2.86710500e-02 -1.49070722e-02 -1.23113782e-02  1.02125852e-02
 -1.98911481e-02  4.33107273e-02 -5.81627655e-02  1.02165525e-02
 -6.25487491e-02  2.53780560e-02  4.84371978e-03 -3.68250286e-02
  4.84570344e-03  3.85486713e-03  5.98717202e-02 -4.43948403e-02
  8.61935331e-02 -2.04613895e-02  2.03999310e-02 -6.83143657e-02
  6.62612565e-02  1.66140234e-02 -6.71736786e-03  6.64589144e-03
  8.02106264e-02  2.57707202e-02 -4.06149833e-02  1.21867393e-01
  8.03143547e-03  8.61954968e-03 -1.19147865e-02  8.07847554e-02
  2.75509919e-02  1.25908295e-02  7.21202594e-03  6.76208336e-02
  2.35517615e-02 -3.40699692e-02  9.17297184e-02  2.21398468e-03
  2.07506993e-02 -9.77817938e-04  6.10258892e-02  3.13188872e-02
  3.60351596e-03 -8.95632268e-03  3.39125776e-02  8.58158110e-03
 -4.86314566e-02  8.51387413e-02  1.95425130e-02  4.00708584e-02
 -6.33982524e-02  5.88109177e-02  3.78718757e-02  3.60716279e-02
  6.36462593e-03  2.41118653e-02  2.90839595e-02 -4.76646036e-02
  9.28859109e-02  6.15925769e-03  7.77283747e-02 -5.48456586e-02
  5.02203354e-02  3.84539592e-02  9.54440699e-03  2.76883776e-02
 -8.40220973e-03  5.91716840e-02 -5.50610049e-02  4.64184588e-02
  2.74710476e-02  9.54496470e-02 -1.28081495e-02  4.00228918e-02
  7.33064460e-02 -3.04937310e-03  7.12009992e-03  5.43128076e-04
  5.85436374e-02 -5.05076216e-02  2.82465176e-02  3.28258679e-02
  2.78358210e-02 -2.10020006e-02 -4.65680753e-04  3.16236924e-02
 -2.31969960e-02 -1.38209855e-02 -5.98737139e-02  1.76742826e-02
 -5.98717302e-02 -3.17576441e-02  7.36434881e-04  2.53069185e-03
 -2.67676172e-02 -5.24833831e-02  1.98831836e-02 -5.92617160e-02
  4.73760913e-03 -4.53023680e-02  1.62966334e-02 -8.79659399e-02
 -6.30376655e-02 -1.69829535e-02 -1.67875833e-02 -4.40942616e-02
 -9.13371837e-02  1.05350240e-02 -8.77486698e-02 -5.64447846e-02
 -5.66381711e-02]",0.2136,0.0013333333333333333,0.0,0.8275,0.3350714285714286,0.0,0.22530769230769232,0.003076923076923077,0.0,0.8158333333333333,0.27508333333333335,0.0,0.22527272727272726,0.0019090909090909091,0.0,0.821,0.3277,0.0,0.2361111111111111,0.0022222222222222222,0.0,0.791625,0.28625,0.0,0.23957142857142857,0.004,0.0,0.794,0.2815,0.0,0.7966071428571428,0.2935714285714286,0.0,0.29861263847263847,0.0,0.06022419047619047,0.0,4.419718931958376e-07,4.419718931958376e-07
3.8883,0.1137,101,0.5509375,0.03593478250595096,0.8702500000000001,0.057248908286534145,0.10457194946780948,2.072538860103627,0.05463278753279021,0.885821641839512,0.1596989845442027,400.0,0.08508129073672045,0.8583386067232667,0.2995447460828962,4,0.26556076533313155,4,0.3728978432082992,-0.028146086391986694,15.0,1.044874681074591,"[ 1.00000000e+00  3.39842007e-02  2.19420565e-01  2.87396642e-01
  3.72897843e-01  1.40706106e-01  1.81212170e-01  1.96565200e-01
  2.55368714e-01  2.85355842e-02  2.18558230e-01  1.40469355e-01
  1.32938653e-01  9.98449150e-02  1.14063293e-01  1.13388175e-01
  6.88525716e-02  9.86890959e-02  1.12135148e-01  3.21392952e-02
  1.30627014e-01  1.08612817e-01  5.15006960e-02  7.48439616e-02
  1.25657240e-01  1.25754448e-01 -1.37677111e-02  1.34301426e-01
  6.27058106e-02  3.91469612e-02 -3.89166460e-03  1.26242348e-01
 -1.40044623e-02  4.17574229e-02 -3.59691260e-02  1.24314203e-01
 -9.75703198e-02  4.93641660e-02  1.37693320e-03  1.86369401e-02
 -7.96353859e-03  5.35192795e-02 -2.61142470e-02  5.40760217e-02
  9.54041839e-03 -7.52517210e-03 -3.25168291e-03  2.16362345e-02
  3.24029825e-02 -1.32672724e-02  2.76011175e-02  4.29541467e-02
  1.93952974e-02 -3.46751940e-02  6.68541544e-02  1.50529663e-02
 -3.59758958e-02  2.24652930e-02  4.69432102e-02 -2.23831023e-02
 -5.54768398e-02  3.07966876e-02  1.98143557e-02 -4.53356757e-02
  2.43597323e-03 -1.16356624e-02 -2.83389271e-02 -2.72635824e-03
  7.63038960e-03 -1.07101060e-01 -2.35068365e-02  1.35475982e-02
 -4.16575450e-02 -8.96447777e-02  1.56985259e-02 -7.49799767e-03
 -3.29638246e-02 -4.88947634e-02  5.56762143e-02 -2.81812678e-02
 -8.76103663e-02  7.83938958e-02 -2.26263849e-02  2.16936345e-02
 -7.12887355e-02  4.66310856e-02 -3.30024409e-02 -5.61989645e-02
  1.67257194e-02 -7.60545586e-03 -9.10529377e-02  8.56943306e-03
 -3.75108221e-02 -3.62789622e-02 -8.15868914e-02 -4.14431530e-02
  4.40580484e-02 -1.19120168e-01 -6.56953794e-05 -4.11496691e-02
 -3.34722249e-02 -2.34778028e-02 -3.94087416e-02 -8.96652778e-02
 -2.59131562e-02  3.15104216e-03  4.38290204e-03 -7.33436469e-02
 -5.77757013e-03  4.34910563e-02 -6.36124831e-02 -5.05764317e-02
  1.93066229e-02 -3.59461946e-02 -3.47143348e-02 -3.27578234e-02
  2.75903431e-02 -1.12704142e-01 -1.95750300e-02 -4.73578348e-02
 -5.52985373e-02 -9.18439043e-02 -7.27245943e-02 -1.85073609e-02
 -1.23703923e-01 -9.04634432e-02 -1.10455005e-02 -1.09748803e-01
 -1.15782528e-01 -3.22131429e-03 -1.07645550e-01 -4.38934286e-02
 -9.41499647e-02 -3.42117985e-02 -7.98820534e-02 -4.70038998e-02
 -7.02004233e-02 -3.61876180e-02 -7.42299624e-02  2.91586891e-02
 -5.12471634e-02 -7.93922939e-02  4.97425580e-03  1.53310036e-02
 -9.55864910e-02 -2.57034364e-02 -6.76074105e-02  4.07775225e-02
 -7.43162532e-02 -3.19032114e-02  5.15122333e-03 -2.87148401e-02
 -4.54181048e-02  5.39517344e-03 -1.78013501e-02  4.06398387e-02
 -5.96081161e-02  2.74377372e-02  4.42877439e-02  2.37705238e-02
  1.85091249e-02  2.61208261e-04  5.75200709e-02  7.81840329e-02
  5.57121608e-02 -1.02101966e-02  1.18379164e-01  6.69403021e-02
  3.64781937e-02  3.15791205e-02  1.23573581e-01  2.14186483e-02
  6.99149488e-02  3.63026564e-03  7.04240165e-02 -1.57027689e-02
  1.14544518e-02  1.60677168e-03  1.65498007e-02 -2.57164992e-02
  2.65937566e-02 -5.45844219e-02  4.84895784e-02 -1.36188238e-02
 -1.88802227e-02 -1.76483629e-02  8.73653197e-03  4.24745895e-03
 -3.80188409e-02 -2.03965083e-02  2.66028147e-02 -1.41188333e-02
 -4.12441122e-03  7.00466256e-03 -6.24697267e-03 -4.23823395e-02
 -1.98113999e-02  6.34204981e-02 -1.05068651e-01 -2.48783825e-02
 -6.44653788e-02  1.22732604e-02 -1.13490055e-01 -4.17000229e-02
 -2.33053643e-02 -2.36181563e-02 -1.28404718e-01  1.28088350e-02
 -1.20992391e-01 -3.85328191e-02 -8.68823776e-02 -7.03946967e-02
 -1.00446805e-01 -3.97363127e-02 -7.09230725e-02 -6.17009764e-02
 -1.11957513e-01 -1.80560747e-02 -6.49086558e-02 -9.34161121e-02
 -7.73384313e-02 -2.50281756e-02 -6.53874979e-02 -7.90491333e-02
 -5.64781937e-02 -1.21581743e-02 -1.05912870e-01 -5.43749404e-02
 -2.53107420e-02 -7.21633231e-02 -5.79926200e-02 -4.99051755e-02
 -1.85716738e-02 -7.19175137e-02 -6.42400694e-02  3.32600736e-03
 -3.20847079e-02 -9.65100879e-02  1.37818227e-02 -4.90989054e-02
 -4.82770457e-02 -5.92593776e-02 -2.25672686e-02 -3.81358817e-02
 -4.45319323e-02 -2.08263411e-02 -3.10363470e-02 -3.70700719e-02
  4.20831824e-03 -2.01228570e-02 -3.49191441e-02 -5.31670608e-02
 -1.45679742e-02 -3.80122619e-03 -2.89047274e-02 -2.88551937e-02
 -2.95303114e-02 -4.12849692e-02 -3.85561319e-02 -4.76314861e-02
 -2.61951982e-02]",0.11813333333333334,0.0003333333333333333,0.0,0.901,0.6035714285714285,0.0,0.13153846153846155,0.0003846153846153846,0.0,0.8908333333333334,0.58075,0.0,0.14172727272727273,0.00027272727272727274,0.0,0.873,0.544,0.0,0.14933333333333335,0.00011111111111111112,0.0,0.871625,0.5475,0.0,0.15057142857142858,0.00014285714285714287,0.0,0.8693333333333333,0.5525,0.0,0.8714285714285714,0.5585714285714286,0.0,0.5654153568653569,0.11313285714285715,0.11313285714285715,7.90097361393163e-06,7.90097361393163e-06,1.580194722786326e-05
3.8883,0.1137,707,0.615875,0.050816920164449164,0.6927500000000001,0.07597655888496135,0.31752044732750173,2.0833333333333335,0.04121449844186457,0.9038478815746884,0.08844206101005998,80.0,0.04811534433744881,0.8872023487064012,0.2626975281825199,6,0.1822344210418041,3,0.33869674314360276,-0.017340120185590994,11.0,1.1379876796714579,"[ 1.00000000e+00  7.65642493e-02  1.26661127e-01  3.38696743e-01
  2.35971481e-01 -2.05016566e-02  2.86359586e-01  1.99718300e-01
  5.13613183e-02  1.20162383e-01  1.91913890e-01  6.79887450e-02
  9.03893503e-02  7.75308037e-02  1.05502063e-01  2.31917030e-02
  1.15515110e-01  4.38750690e-02  4.57037755e-02  1.04462505e-01
  3.32934527e-02  9.57551240e-02  6.80523284e-02  3.86388170e-02
  1.37132277e-02  3.11711636e-02  3.05366559e-02  9.48724542e-03
  4.98395392e-02  1.22202790e-01 -1.86311025e-03  3.09100629e-02
  6.63034463e-02  2.68476001e-02 -5.40660358e-02  4.98534252e-02
 -1.28107710e-02 -5.67545394e-02 -2.02898472e-03 -2.97748460e-03
 -1.90842257e-02 -2.54463831e-02  5.21735294e-02 -1.91525190e-02
 -2.65974079e-02  4.40713682e-02  2.73528839e-02 -1.34996860e-02
  1.63392847e-02 -5.15815730e-02  1.66077480e-02 -1.77484327e-02
  3.74481101e-02 -1.06734942e-01 -2.75613097e-02 -2.54186111e-02
 -4.46165506e-02 -5.28301790e-02 -1.71228034e-02 -8.41179257e-02
 -8.07354995e-02  1.52908488e-02 -4.95388105e-02 -6.03888901e-02
 -5.97836702e-02 -3.81518044e-02 -1.97681330e-02 -4.69999404e-02
 -2.64508061e-02 -4.22435550e-02 -7.35085373e-02 -3.11477766e-02
  6.27031475e-03 -5.62368854e-02  5.14017584e-02 -5.92118797e-04
 -3.27828365e-02  9.57792419e-03  3.33914941e-02 -5.52582585e-02
  3.98423543e-02  2.26528817e-02 -2.25306142e-02 -1.17260635e-02
 -1.39250100e-03 -3.86828842e-02 -1.14803647e-02  1.66478903e-02
 -3.36352711e-02 -7.13966424e-02 -1.12574302e-02 -5.98461168e-02
 -6.76049979e-02 -2.83354356e-02 -2.95979277e-02 -5.56062484e-02
 -3.69085850e-02 -3.01209682e-02 -7.99493823e-02 -6.21774543e-02
 -5.02901720e-02 -4.24198237e-02 -5.80555766e-02 -2.88445901e-02
 -7.97557358e-02 -8.59608972e-02 -7.76358016e-02 -6.31120681e-02
 -3.51408092e-02 -7.36709200e-02 -8.90089217e-02 -5.54670092e-02
 -2.56442794e-02 -9.69703277e-02 -7.64211934e-02 -5.33926039e-02
 -7.87891813e-02 -1.14228094e-01 -3.58394417e-02 -4.06641204e-02
 -7.06893752e-02 -8.81928399e-02 -2.52764214e-02 -5.66983997e-02
 -4.91420435e-02 -6.94389556e-02  1.48343421e-02 -6.23763521e-02
 -3.99757468e-02  6.55894390e-03 -3.33678905e-02 -9.10894174e-02
  1.49955067e-02 -1.85919347e-02 -6.96600764e-02 -1.13723351e-02
 -1.91312162e-02 -2.93695525e-02 -2.53753830e-02  4.76133891e-03
  1.29294384e-02 -3.31960340e-02  1.59751080e-02 -1.65296019e-02
  6.14341862e-04 -3.04936444e-02 -4.53085243e-03 -1.44551966e-02
  2.04834396e-02  3.45096309e-03  1.41973170e-03 -8.34761637e-03
 -2.53800929e-02  4.59004266e-02  3.07194210e-02  1.13644853e-02
  6.23870982e-02  1.81293377e-02  4.16126745e-02  1.60753419e-02
  1.14581145e-01  9.37642785e-03  8.71533364e-02  4.59867744e-02
  1.01026321e-01  4.37757825e-02  5.14891348e-02  3.86305882e-02
  7.00070378e-02  2.20300945e-02  4.18104895e-02  4.44079353e-02
  1.62341515e-02  6.62379952e-03  1.04646001e-04  3.59690176e-02
  6.86949837e-03 -9.86522699e-03 -1.11277190e-02  1.46780769e-02
 -4.95398391e-02 -1.92241687e-03  2.92970366e-02 -5.27155718e-02
 -7.10661657e-03  3.81883466e-02 -3.90223476e-02 -1.01253532e-02
 -4.71179853e-02  8.07855759e-03 -3.92704014e-02 -2.73831191e-02
 -2.32319536e-02 -2.34117141e-02 -3.96754512e-02  3.29705280e-03
 -2.41079916e-02 -7.96478145e-02 -9.45170476e-04 -1.59591918e-03
 -2.40420533e-02 -2.37508256e-02 -1.35742591e-02 -3.88138406e-02
 -4.67134768e-02  9.25180545e-03 -1.05741184e-02 -7.55607737e-02
 -7.52844877e-03 -4.34383493e-02 -5.53711604e-02 -2.36807187e-02
 -2.15380201e-02 -1.05088107e-01 -1.55581481e-02 -4.94595816e-02
 -5.72184627e-02 -8.09043244e-02  3.82372048e-03 -4.18307637e-02
 -4.61844541e-02  7.61536504e-03  1.28492621e-02 -5.77080469e-02
 -5.17054104e-02 -5.01372362e-03 -4.71060211e-02 -3.08878128e-02
 -1.77608030e-02 -3.18590771e-02 -2.81788997e-02 -4.84595708e-02
  1.07539060e-02 -4.66536288e-02 -3.35266190e-02 -2.03996091e-02
 -2.89272296e-02  5.54041837e-03 -3.14419818e-03 -3.90540987e-02
  2.24818372e-02  1.05490261e-02 -2.90638162e-02 -1.53250631e-02
  7.54653039e-03 -1.50565998e-02  1.53941143e-02  3.91914432e-02
  2.19881116e-03  1.44000855e-02  5.76865817e-02  6.43172024e-02
 -3.82510638e-02  2.91695179e-02  3.54861465e-02 -2.19213883e-02
  3.25064152e-02  5.25836681e-03 -2.50808800e-02 -2.24671932e-02
 -2.31179419e-02]",0.27626666666666666,0.0011333333333333334,0.0,0.7855,0.26635714285714285,0.0,0.2986923076923077,0.0031538461538461538,0.0,0.7643333333333333,0.23941666666666667,0.0,0.31527272727272726,0.002818181818181818,0.0,0.7558,0.2186,0.0,0.32233333333333336,0.0032222222222222222,0.0,0.7405,0.1965,0.0,0.3335714285714286,0.0037142857142857142,0.0,0.7263333333333334,0.1705,0.0,0.7117857142857142,0.16428571428571428,0.0,0.2154663880563881,0.0,0.04365495238095239,0.0,1.0981495120211751e-06,1.0981495120211751e-06
3.8883,0.1137,1313,0.5418125,0.034189213851008614,0.89125,0.05532573994082681,0.08549782255161222,80.0,0.04308680257300063,0.8895312402915124,0.19990939235447092,80.0,0.10476770436004228,0.8342114087615291,0.3922874436923147,4,0.29273721005617587,3,0.41655564063297573,-0.023102397491109174,11.0,1.0361866007847698,"[ 1.00000000e+00  2.54659265e-01  3.09012251e-01  4.16555641e-01
  3.95717203e-01  2.20054875e-01  2.74765186e-01  3.56376978e-01
  3.18591118e-01  1.87492343e-01  2.72830526e-01  2.89102859e-01
  2.04966820e-01  1.69835375e-01  2.26944870e-01  2.18357580e-01
  1.44430832e-01  1.46410158e-01  1.34453803e-01  1.44600562e-01
  1.11510975e-01  5.25918836e-02  1.19196018e-01  9.70303726e-02
  4.72690148e-03  4.75433895e-02  4.71235324e-02 -2.23621746e-02
 -2.72077591e-03  7.42598264e-03  5.56533946e-02 -5.50267994e-02
 -2.65033180e-02 -2.00829505e-02  2.73098520e-04 -1.08722563e-01
 -4.54874936e-02 -2.41615620e-02 -8.37953037e-02 -1.34904288e-01
 -4.13986728e-02 -7.89293007e-02 -1.21156202e-01 -9.87582950e-02
 -3.38386932e-02 -1.01639867e-01 -1.22120980e-01 -7.76199592e-02
 -1.24645227e-01 -4.71171516e-02 -1.45188872e-01 -6.63335886e-02
 -6.19550791e-02 -5.34928535e-02 -3.18095967e-02 -6.01008167e-02
 -4.17866258e-02 -3.74081164e-02 -6.40148035e-02 -3.95750383e-02
  2.12608474e-02 -4.00574273e-02 -4.66028586e-02  1.45903522e-02
 -3.03930577e-02 -6.88935681e-02  1.03190403e-02  3.88425217e-02
  3.02552323e-02  9.41679428e-03  5.39178152e-02  5.18134252e-02
 -3.02807555e-02  6.11830015e-02  4.47856049e-02 -1.97805003e-04
  2.73557938e-02  7.79823890e-02 -1.36064319e-02  4.55449209e-02
  7.40173558e-03  5.70584482e-02  3.48928025e-02  2.16054109e-03
  3.71669219e-02  6.43631955e-02 -6.81470138e-04  3.43249107e-02
  2.47677386e-02  5.97115875e-03 -8.74170495e-03  5.00523226e-02
 -2.76008167e-02 -2.01084737e-02 -4.36013272e-02 -3.88654926e-02
 -4.46962736e-02 -4.98124043e-02 -3.14982134e-02 -8.63335886e-02
 -6.08218479e-02 -8.26301685e-02 -1.15005105e-01 -1.16752169e-01
 -9.97651863e-02 -1.33467330e-01 -1.43739153e-01 -9.07133742e-02
 -1.50959673e-01 -1.53676621e-01 -1.24438489e-01 -1.48645993e-01
 -1.30944359e-01 -1.38102348e-01 -1.01411434e-01 -1.15052323e-01
 -1.23894844e-01 -1.12063553e-01 -1.28460949e-01 -9.14127106e-02
 -1.45533435e-01 -8.46975498e-02 -3.53981623e-02 -1.47762889e-01
 -7.73302705e-02 -8.55602348e-02 -7.00025523e-02 -9.72217968e-02
 -8.98315467e-02 -3.60911179e-02 -9.22537009e-02 -1.04210056e-01
 -5.28688106e-02 -6.89088821e-02 -5.60056151e-02 -4.79007147e-02
 -5.64880041e-02 -4.32274119e-02 -7.35604900e-02 -4.70788668e-02
 -4.30576825e-02 -1.86179173e-02 -2.88897397e-02 -6.43785094e-02
  2.94844308e-02 -3.24783053e-03 -4.41475242e-02  9.23557938e-03
 -1.77284329e-02 -1.33499234e-02 -2.93899949e-02  6.58626850e-03
  4.94027565e-02 -4.62697805e-02  1.45661052e-02  3.25229709e-02
  2.39356815e-02 -2.47741194e-02  9.28764676e-02  2.06342522e-02
  4.23685554e-03  2.13246554e-03  1.80474732e-02 -2.48940786e-02
  1.62378765e-02 -2.26199592e-02  2.15237366e-02  1.84494640e-02
  1.83869321e-02 -2.01135784e-02  2.42470648e-04 -3.17751404e-02
 -4.64880041e-02 -2.16909137e-02 -4.72256253e-02 -2.03866769e-02
  4.76773864e-03 -1.33141909e-02 -4.49464012e-03 -5.45316488e-02
 -6.03624298e-02 -2.87251149e-02 -7.81495661e-02 -6.96873405e-02
 -2.41143441e-02 -8.50752935e-02 -4.26161307e-02 -7.46337417e-02
 -2.56916794e-02 -2.23851455e-02 -6.36421644e-02 -6.29900459e-02
 -1.84890250e-02 -5.32631445e-02 -9.58473711e-02 -4.89471669e-02
 -3.30321593e-02 -8.00574273e-02 -3.31572231e-02 -5.80793772e-02
 -4.92598264e-02 -2.61472690e-02 -7.55717203e-02 -2.86715161e-02
 -1.85247575e-02 -2.71120470e-02 -2.10490046e-02  1.39573762e-02
 -1.67330271e-02  1.14331291e-02 -1.03751914e-02  3.82095457e-02
  1.49719245e-02  8.78381827e-03  4.41475242e-02  2.33090863e-02
  1.13527310e-02  2.01722818e-02  3.47600817e-02  5.68006636e-02
  4.55589587e-02  4.78956100e-02  8.77003573e-02  1.48455845e-02
  4.37263910e-02  6.88808065e-02  4.87570189e-02  1.70967330e-02
  4.80193977e-02  6.18925472e-02  3.80423686e-02  5.02309852e-02
  2.80653395e-02  8.31329760e-02  2.49285350e-02  4.86536498e-02
  4.04236856e-02  6.11370597e-02  2.63629403e-02  3.81942318e-02
  7.50382848e-03  6.05296069e-02 -2.19218989e-02  3.85566616e-02
  4.70188872e-02  3.23060235e-02  5.34201123e-03  1.92151608e-02
  3.17508933e-03  4.39497192e-02 -1.19576314e-02  1.07976008e-02
 -1.13680449e-02 -7.70418581e-03 -2.98698315e-02 -2.17649311e-02
  4.71669219e-03 -2.80155692e-02 -2.67508933e-02 -2.69270036e-04
  1.71005615e-03]",0.10086666666666666,0.0003333333333333333,0.0,0.9062857142857143,0.6710714285714285,0.0,0.12530769230769231,0.001,0.0,0.8880833333333333,0.6534166666666666,0.0,0.13072727272727272,0.0027272727272727275,0.0,0.8978,0.6714,0.0,0.12066666666666667,0.0008888888888888889,0.0,0.897375,0.677375,0.0,0.13285714285714287,0.0027142857142857142,0.0,0.8653333333333333,0.641,0.0,0.8530357142857142,0.6253571428571428,0.0,0.6613198629148629,0.1325705238095238,0.1325705238095238,2.447371962088073e-05,2.447371962088073e-05,4.894743924176146e-05
3.8883,0.1137,2029,0.5271250000000001,0.03814261887967316,0.92925,0.08437675924091893,0.05732798736607601,400.0,0.47134483387469994,0.577146375591382,0.5849184422464886,400.0,0.68168830237126,0.34674843247184356,0.8542342801534347,4,0.6878952003522678,4,0.8764088630597573,-0.14195823059691218,12.0,1.0224178242332553,"[ 1.          0.82076163  0.86559731  0.82491447  0.87640886  0.8060274
  0.82994325  0.82189115  0.84178192  0.79334742  0.80621516  0.80606397
  0.80137414  0.79068841  0.78512071  0.8151817   0.77237879  0.80470909
  0.75349172  0.79284505  0.760941    0.78185889  0.75785574  0.76911696
  0.74826101  0.75637504  0.73815272  0.74311956  0.73630966  0.72057174
  0.72027131  0.70314195  0.71549613  0.67744693  0.70172709  0.67369887
  0.69022737  0.6658599   0.67924121  0.65611594  0.65420899  0.6398625
  0.64395146  0.63626368  0.63033166  0.62176601  0.60339445  0.60609197
  0.5927726   0.58369339  0.57146698  0.58133677  0.56157377  0.55285888
  0.5366074   0.53067537  0.52934782  0.50710043  0.51031152  0.51615623
  0.50129619  0.47729304  0.48577139  0.4758143   0.48290121  0.44836353
  0.45669264  0.44307479  0.44716375  0.42264704  0.4175929   0.41590103
  0.40206811  0.3866945   0.38149112  0.37153403  0.36209049  0.3521334
  0.35410228  0.35607117  0.3396046   0.34018205  0.32671344  0.32692657
  0.3148494   0.31294245  0.30964406  0.30246984  0.29602426  0.28394709
  0.26593986  0.26439723  0.25232006  0.24551016  0.22889436  0.232619
  0.22544478  0.20268383  0.19850756  0.19293986  0.18825004  0.17968438
  0.17024085  0.17345193  0.16188832  0.14578607  0.14687708  0.14145862
  0.12462774  0.1164264   0.12417611  0.10910099  0.10755836  0.08531097
  0.09693651  0.08712866  0.08068308  0.05770705  0.06442964  0.05286603
  0.04817621  0.02344442  0.03909504  0.02087272  0.01721001  0.00162133
  0.01288256 -0.00394832 -0.01390542 -0.018446   -0.01684144 -0.0222599
 -0.03382351 -0.04238917 -0.05234626 -0.06003404 -0.06896402 -0.06787301
 -0.08346169 -0.06956683 -0.09342074 -0.09320761 -0.10492046 -0.09892651
 -0.11524383 -0.11730002 -0.12323204 -0.12162748 -0.13933624 -0.14087887
 -0.14505513 -0.14345057 -0.16240152 -0.15867688 -0.15707232 -0.1751454
 -0.18758689 -0.17859498 -0.18613352 -0.19821069 -0.1987262  -0.20026883
 -0.20605161 -0.2184931  -0.20759619 -0.20898958 -0.21389449 -0.22809173
 -0.20929392 -0.22473337 -0.21910373 -0.23629893 -0.2250377  -0.23872139
 -0.23045812 -0.25028696 -0.23726997 -0.25446517 -0.24847122 -0.2665443
 -0.25703883 -0.26808888 -0.26245924 -0.27753437 -0.26751534 -0.28068547
 -0.27732515 -0.28610589 -0.27872049 -0.28398972 -0.28925894 -0.28750514
 -0.28626489 -0.29592351 -0.29943697 -0.29644097 -0.30222375 -0.30625078
 -0.30186334 -0.30713256 -0.3067702  -0.31430874 -0.30289827 -0.31167901
 -0.31131664 -0.31973306 -0.31146979 -0.31849477 -0.3193746  -0.3242795
 -0.31901419 -0.32691704 -0.32604112 -0.33006815 -0.32568071 -0.33285493
 -0.33110112 -0.32722724 -0.33176783 -0.32877183 -0.33279885 -0.32768277
 -0.33258768 -0.33098311 -0.33501014 -0.33516133 -0.33304321 -0.33794811
 -0.33407423 -0.33861482 -0.33386306 -0.33876796 -0.32874894 -0.3433105
 -0.3311714  -0.34222145 -0.3330803  -0.34588611 -0.333747   -0.3430413
 -0.33404939 -0.34158793 -0.33698541 -0.34189031 -0.33992143 -0.33568323
 -0.33883238 -0.33898357 -0.33789257 -0.33401869 -0.34031503 -0.32956736
 -0.33901089 -0.32511603 -0.33229025 -0.32154259 -0.32711029 -0.31972489
 -0.32426548 -0.31842076 -0.31732976]",0.06433333333333334,0.0002,0.0,0.9478571428571428,0.8045714285714286,0.0,0.07253846153846154,0.0005384615384615384,0.0,0.9288333333333333,0.7645833333333333,0.0,0.08836363636363637,0.00027272727272727274,0.0,0.9045,0.7203,0.0,0.10877777777777778,0.0006666666666666666,0.0,0.87925,0.666125,0.0,0.13614285714285715,0.001142857142857143,0.0,0.8498333333333333,0.6055,0.0,0.84375,0.5960714285714286,0.0,0.71165180985681,0.1424431904761905,0.1424431904761905,1.7385396824380634e-05,1.7385396824380634e-05,3.477079364876127e-05
3.8883,0.119,101,0.586875,0.05410854253257983,0.7617499999999999,0.10197763235141322,0.2287840441649888,400.0,0.15649861987348965,0.7743567153660058,0.29415495508054756,400.0,0.3833921572706722,0.6309433957699062,0.6465232734310575,4,0.40711007338225474,4,0.6511885258217094,-0.08880802078682337,11.0,1.0889921372408864,"[ 1.00000000e+00  5.91044453e-01  6.24844222e-01  6.50407369e-01
  6.51188526e-01  5.45876204e-01  5.71721818e-01  5.50689896e-01
  5.61970419e-01  4.79495871e-01  5.06261006e-01  4.96789204e-01
  4.66742372e-01  4.29342377e-01  4.55788985e-01  4.07571098e-01
  4.24365741e-01  3.88450202e-01  4.27800151e-01  3.55683736e-01
  3.63640762e-01  3.81072459e-01  3.71282131e-01  2.95983452e-01
  4.06674399e-01  3.48380847e-01  3.20136997e-01  3.30461939e-01
  3.42166163e-01  3.39128003e-01  3.30115962e-01  2.54534816e-01
  3.47974229e-01  3.14567840e-01  2.74445343e-01  2.72008177e-01
  3.23236774e-01  2.69396587e-01  2.82903793e-01  2.48613942e-01
  3.04932959e-01  2.86728714e-01  2.57529283e-01  2.62021579e-01
  2.94442067e-01  2.52339294e-01  2.68109243e-01  2.19113068e-01
  3.14920398e-01  2.37818737e-01  2.35381571e-01  2.76215976e-01
  2.63844379e-01  2.46842122e-01  2.68763244e-01  2.45468580e-01
  2.65727954e-01  2.20938738e-01  2.42577393e-01  2.68386947e-01
  2.42970774e-01  2.20595630e-01  2.67439976e-01  1.91717596e-01
  2.13957245e-01  2.44433518e-01  2.38672855e-01  1.99893579e-01
  2.20435420e-01  2.31078889e-01  2.19344346e-01  1.70348171e-01
  2.27409415e-01  2.22568273e-01  1.60809990e-01  1.63039542e-01
  1.95318797e-01  1.61170180e-01  1.66545937e-01  1.22640182e-01
  2.12437572e-01  1.57855157e-01  1.36964469e-01  1.62455496e-01
  1.68432247e-01  1.36086612e-01  1.48214537e-01  1.21277849e-01
  1.44965894e-01  1.19372427e-01  1.14672518e-01  8.92563450e-02
  1.10681647e-01  7.89370068e-02  1.10155507e-01  5.13661346e-02
  1.00896924e-01  6.97532769e-02  8.08204470e-02  6.96508375e-02
  6.16274318e-02  4.56498699e-02  8.87109579e-02  2.29921240e-02
  7.20631525e-02  4.10607395e-02  4.76384841e-02  3.01404072e-02
  4.30105595e-02  3.73546346e-03  4.98015217e-02 -2.10077318e-02
  2.73210690e-02  7.41901605e-03  2.77835640e-02 -4.96345956e-04
  1.04295905e-02 -2.02903552e-02  2.81796792e-02 -4.29120415e-02
 -6.60312156e-03  4.28675529e-03 -3.96189998e-02 -6.66969217e-02
  7.22454940e-04 -5.83854445e-02 -2.35970395e-02 -6.43565908e-02
 -6.87164570e-03 -5.34999038e-02 -6.78157172e-02 -3.30273122e-02
 -2.64856272e-02 -7.77806041e-02 -3.07950250e-02 -5.67070184e-02
 -3.82866862e-02 -6.26781647e-02 -4.21723831e-02 -3.44287101e-02
 -4.69415413e-02 -9.16255837e-02 -2.39237399e-02 -6.30215426e-02
 -7.38726253e-02 -4.88413586e-02 -5.68647643e-02 -8.32004586e-02
 -3.38109032e-02 -9.00550661e-02 -7.17759675e-02 -9.83941289e-02
 -6.23676761e-02 -6.85880997e-02 -7.78134935e-02 -8.10289469e-02
 -4.32355716e-02 -9.16668119e-02 -5.35549098e-02 -9.44556947e-02
 -7.13686437e-02 -8.01342771e-02 -7.67027363e-02 -8.92516272e-02
 -6.60233426e-02 -9.53640071e-02 -7.98074115e-02 -8.30228648e-02
 -8.81825339e-02 -8.05800945e-02 -9.13260032e-02 -1.09848775e-01
 -6.43837107e-02 -1.12355190e-01 -1.01465314e-01 -8.33274486e-02
 -1.00224531e-01 -8.67533851e-02 -1.05735917e-01 -8.91185671e-02
 -5.95978749e-02 -1.08771343e-01 -1.04315107e-01 -1.07671794e-01
 -1.02614564e-01 -1.14986162e-01 -1.07242489e-01 -1.11058936e-01
 -1.00592760e-01 -1.44357282e-01 -1.27280171e-01 -1.51070656e-01
 -1.48841103e-01 -1.71288366e-01 -1.48342549e-01 -2.06071167e-01
 -1.70363241e-01 -1.95815474e-01 -1.88495502e-01 -2.06276046e-01
 -2.06168002e-01 -2.17478845e-01 -2.32855413e-01 -2.31545381e-01
 -2.00504174e-01 -2.56147343e-01 -2.50771586e-01 -2.41648632e-01
 -2.18420347e-01 -2.44437515e-01 -2.39981279e-01 -2.28914109e-01
 -2.27003083e-01 -2.33965734e-01 -2.25762301e-01 -2.32442485e-01
 -2.20774321e-01 -2.39756853e-01 -2.14866820e-01 -2.39258298e-01
 -2.10302540e-01 -2.11432544e-01 -2.27268873e-01 -2.30625560e-01
 -2.04533538e-01 -2.24435591e-01 -2.10504685e-01 -2.30265504e-01
 -1.75467002e-01 -2.17747069e-01 -2.04417156e-01 -1.89921315e-01
 -1.83520864e-01 -1.92887491e-01 -1.85285051e-01 -1.91364241e-01
 -1.60004507e-01 -1.89062705e-01 -1.66753941e-01 -1.83155204e-01
 -1.57664177e-01 -1.79651679e-01 -1.56847095e-01 -1.81238574e-01
 -1.65363451e-01 -1.69639659e-01 -1.47012368e-01 -1.74868578e-01
 -1.63059180e-01 -1.68501316e-01 -1.79493632e-01 -2.11097040e-01
 -1.48945376e-01 -1.98118844e-01 -1.78778990e-01 -2.01827247e-01
 -1.77396975e-01 -1.86445075e-01 -1.89483235e-01 -2.10728510e-01
 -1.73677362e-01]",0.19953333333333334,0.0012666666666666666,0.0,0.832,0.4190714285714286,0.0,0.2196923076923077,0.0006923076923076923,0.0,0.8171666666666667,0.3945,0.0,0.23745454545454545,0.001090909090909091,0.0,0.781,0.3443,0.0,0.26944444444444443,0.0011111111111111111,0.0,0.75175,0.306125,0.0,0.30157142857142855,0.0034285714285714284,0.0,0.7103333333333334,0.24716666666666667,0.0,0.7075,0.24964285714285714,0.0,0.34071470584970587,0.0,0.06844652380952382,0.0,1.6989001658592683e-05,1.6989001658592683e-05
3.8883,0.119,707,0.54975,0.040038262949333846,0.8623750000000001,0.0569263504451146,0.10975580722854286,2.0100502512562812,0.11947583920741578,0.8319309265919087,0.11645985769023297,400.0,0.07035214338679815,0.838931539907507,0.3574767975899612,4,0.33521735740184805,4,0.41948124147175236,-0.0021619236404465288,12.0,1.0423024626076447,"[ 1.00000000e+00  1.06439749e-01  3.64264027e-01  2.93263191e-01
  4.19481241e-01  1.09805194e-01  3.58960193e-01  1.83334937e-01
  2.59388811e-01  1.34385785e-01  2.26842825e-01  5.74808582e-02
  2.44919069e-01  4.51760495e-02  1.62208907e-01  2.65886648e-02
  1.63404645e-01  3.64729700e-02  1.29884691e-01  3.04314510e-02
  1.93274558e-01  2.91455118e-04  1.19749589e-01  7.62271877e-02
  1.28679213e-01  4.70804464e-02  1.25062970e-01  6.61113723e-02
  9.20396434e-02  4.03253029e-02  1.00472640e-01  1.26105839e-02
  6.64946311e-02  1.33289818e-02  8.84474612e-02 -1.36253068e-03
  5.44501661e-02  4.22634993e-02  3.25021095e-02  1.79094523e-02
  1.14223791e-01 -8.37324433e-03  5.03227836e-02  8.73263251e-02
 -1.93448859e-02  6.82808861e-02  8.74492404e-02  6.08073448e-02
  3.94740573e-02  6.20030834e-02  4.45270951e-02  7.47707197e-02
  3.51056177e-02  6.87292007e-02  3.19667163e-02  7.37822386e-02
 -2.75996509e-02  3.30250266e-02  1.55490383e-02  1.01222884e-02
 -1.84482567e-02 -6.03981938e-03 -2.93017565e-02 -1.01334023e-02
 -1.45861841e-02 -1.51816667e-02 -4.52035207e-02 -6.70141491e-02
  8.56238458e-03 -9.13681961e-02 -1.00057136e-02 -4.86968476e-02
 -6.76241448e-02 -3.54518705e-02  3.00297976e-03 -7.18551560e-02
 -1.50877777e-02  6.00922618e-03 -1.29180710e-02 -7.37983187e-02
  3.74678759e-02 -3.54616102e-02  6.27813779e-02 -1.49600890e-02
  1.62575037e-02  4.84490644e-02  6.32827786e-02  2.12309727e-02
  1.14642694e-01  2.87092874e-02  1.20211645e-01  2.12550326e-02
  1.23832661e-01  8.03295459e-02  1.19758364e-01  8.87818287e-02
  1.03118916e-01  1.30001868e-01  1.20240478e-01  8.34779941e-02
  1.11315628e-01  1.18434744e-01  1.14459303e-01  1.54834040e-02
  8.23906576e-02  6.05607428e-02  6.67058906e-02 -9.10692675e-03
  6.06836581e-02  1.71612568e-02  7.39986692e-03  1.49963235e-02
 -2.75521097e-02  4.99530735e-02 -5.47894879e-02  5.35784888e-03
 -1.25954802e-02  3.26192870e-02 -5.28367784e-02 -1.05246289e-02
  3.83174461e-03  3.26433469e-02 -3.78608624e-02  1.16647139e-04
 -4.33613470e-03  1.96442003e-02 -8.65496700e-02  6.23155488e-02
 -3.85402051e-03 -6.37815274e-03 -3.59033795e-02  4.16018038e-02
 -4.96402104e-02  6.25806658e-02 -7.01369582e-02  5.75131148e-02
 -3.51802082e-02  3.50877174e-02 -6.62941721e-02  8.30483874e-02
 -4.33866605e-02  7.50975053e-02 -2.86903746e-02  5.60327798e-02
 -2.74946359e-02  1.06418727e-01 -7.21091471e-02  8.54253516e-02
 -8.71928023e-03  3.21415605e-02 -4.75478426e-02  7.33423136e-02
 -1.00831634e-01  3.35590697e-02 -7.69887270e-02  1.16110131e-02
 -5.69838331e-02  7.02080290e-03 -8.27891890e-02 -1.49272537e-02
 -5.79723142e-02 -6.53277137e-02 -6.44911740e-02 -3.86649646e-03
 -7.53446738e-02 -4.60557307e-02 -8.76494824e-02 -2.50768687e-02
 -8.06485084e-02 -4.07423493e-02 -3.26685519e-02 -5.06218810e-02
 -7.19551685e-02  6.52398276e-03 -6.88114938e-02 -1.39534786e-02
 -5.21672718e-02  9.90871460e-03 -7.74760004e-02  2.02896470e-02
 -4.82859127e-02  2.73099075e-02 -4.62130965e-03  2.97514694e-03
  1.15455716e-02  4.75944315e-02  1.66178959e-02  2.18083621e-02
  5.68832540e-02  4.03812338e-02  3.35031750e-02  3.86936412e-02
  3.42408594e-02  3.65287079e-02  4.41251645e-02  2.85778258e-02
  6.55813673e-02  1.38670268e-02  4.84645779e-02  1.45854247e-02
 -2.41322282e-03 -1.74832207e-02  7.11165435e-04  5.93023592e-04
 -6.07645649e-02 -1.60464250e-02 -5.47375590e-02 -4.71411024e-02
 -3.90673050e-02 -8.80439395e-03 -2.48290734e-02 -2.97784825e-02
 -5.01378020e-02  3.12246804e-02 -3.68735384e-02  2.85824064e-02
 -1.83006668e-02  3.46286988e-02 -1.56343329e-02  4.30809816e-02
 -3.36865173e-02  5.78158405e-02 -2.56777998e-03  2.76951311e-02
 -4.71630046e-02  4.38427259e-02 -6.33058260e-02  7.93606768e-03
 -3.50897063e-02 -1.01354033e-02 -4.93038780e-02 -3.54441318e-02
 -6.88266578e-02 -2.89337220e-03 -6.95402823e-02 -5.13458961e-02
 -4.52007483e-02  1.63978973e-02 -6.37688465e-02 -1.27874170e-02
 -2.59287653e-02  1.97440561e-02 -7.44005757e-02 -7.98994932e-03
 -3.07745457e-02  4.77768697e-03 -5.70572423e-02 -1.90990193e-02
 -4.47862333e-02 -2.03092710e-02 -3.63532370e-02 -8.13269471e-02
 -8.67536970e-02 -5.16788051e-02 -1.00509814e-01 -9.00300267e-02
 -7.18356405e-02 -8.78603200e-02 -1.14998843e-01 -9.53531478e-02
 -9.64452577e-02]",0.12466666666666666,0.0006,0.0,0.8907857142857143,0.6314285714285715,0.0,0.146,0.0012307692307692308,0.0,0.8750833333333333,0.5959166666666667,0.0,0.15509090909090908,0.0015454545454545454,0.0,0.863,0.5724,0.0,0.16744444444444445,0.0006666666666666666,0.0,0.8535,0.538125,0.0,0.16185714285714287,0.00028571428571428574,0.0,0.8516666666666667,0.5153333333333333,0.0,0.8475,0.5060714285714286,0.0,0.5697749933399935,0.11412814285714287,0.11412814285714287,8.96217814186078e-06,8.96217814186078e-06,1.792435628372156e-05
3.8883,0.119,1313,0.576875,0.044471725568050534,0.7929999999999999,0.06462197768561405,0.17778725300286558,2.0,0.19820781642573962,0.8109036796987996,0.12625300648195023,400.0,0.10674262657594921,0.8566378608532479,0.3058199519812735,6,0.33416255184673116,4,0.30525862068965526,-0.015148652653415483,13.0,1.0947368421052632,"[ 1.00000000e+00  1.79598300e-01  2.58681753e-01  2.75983597e-01
  3.05258621e-01  1.18148348e-01  2.69070881e-01  1.49100216e-01
  2.25399904e-01  2.07201269e-01  1.92205460e-01  1.15428041e-01
  2.03910441e-01  1.25217313e-01  2.32946600e-01  1.24949114e-01
  1.61916906e-01  1.07379670e-01  2.17892720e-01  9.96282328e-02
  1.48988266e-01  1.33992457e-01  1.64973659e-01  2.40499282e-02
  1.18099856e-01  1.26766044e-02  1.36449952e-01  2.52496408e-02
  8.93666188e-02  9.08339320e-02  8.43989464e-02 -1.18348898e-02
  8.75431034e-02 -1.16840278e-02 -2.85955460e-02  5.79711446e-02
  1.37892720e-01 -1.74389368e-03  1.04907807e-01  2.85494492e-02
  8.11123084e-02  1.84333094e-02  9.88038793e-02  2.98910441e-03
  1.00660920e-01  1.44546216e-02  1.07217433e-01  7.33937979e-02
  5.88170498e-02  7.86631944e-02  1.58165709e-01  6.55537596e-02
  9.13864943e-02  5.83872126e-03  8.77059387e-02  6.80106561e-02
  9.38433908e-02  3.37386255e-02  7.11254789e-02  8.44647989e-03
  4.77490421e-02  1.11410441e-03  3.87104885e-02  4.46779215e-03
  9.14535441e-02  7.64577347e-02  9.92971743e-02  1.39589320e-02
  1.25100575e-01  7.50532807e-02  6.00574713e-02  1.64158285e-02
  6.38601533e-02 -5.25023946e-04  1.27059387e-02 -6.94294780e-02
  5.32662835e-02  9.62464080e-03  3.50383142e-02 -2.18636255e-02
 -1.35895594e-03 -6.08351293e-02  4.88098659e-02 -4.10183190e-02
 -2.00945881e-02  1.92079741e-02  2.51652299e-02  4.20180795e-02
  5.67456897e-02 -1.06418223e-01  1.02664033e-01  1.73257902e-02
  4.35775862e-02 -7.54729406e-03  4.35189176e-02 -8.26448755e-03
  1.45749521e-02  5.35620211e-03  3.41822318e-02  2.72329981e-03
  5.67828065e-02  4.39122366e-02 -6.58405172e-03 -1.83770354e-02
  6.90277778e-02  1.98186063e-02  6.70234674e-02  3.23617098e-02
  3.38290230e-02 -2.58566810e-02  4.65816571e-02 -7.11745690e-03
  2.76951628e-02  3.74838362e-02  1.18482998e-01  4.06279933e-02
  7.99305556e-02  1.96162596e-02  5.80806992e-02  5.97575431e-02
  2.97952586e-02 -7.44073276e-03  6.32914272e-02  4.95827347e-02
  3.62931034e-02  4.83417146e-03  5.24880268e-02  3.49179837e-02
  2.46216475e-02  7.71012931e-03 -7.07614943e-03  1.14828784e-02
  5.01568487e-02  3.40834531e-02  6.88960728e-02  4.92007902e-02
  6.09351054e-02  5.94091236e-02  8.49377395e-03 -1.86847462e-02
  4.99221743e-02 -4.31088362e-02  5.71372126e-02 -4.67373084e-03
 -2.13757184e-02 -3.18815852e-02 -9.88026820e-03 -5.78023228e-02
 -4.28651820e-02 -4.63068726e-02 -4.29238506e-02 -3.46318247e-02
 -4.32219828e-02 -6.22886734e-02 -2.81046456e-02 -5.65702826e-02
  1.99389368e-02 -5.96222462e-02 -1.99006226e-02 -8.89852730e-02
 -4.09123563e-02 -6.21042864e-02 -2.94169061e-02 -4.95611830e-02
 -3.19444444e-03 -8.25460967e-02 -3.55507663e-02 -5.50365182e-02
 -5.22820881e-02 -3.88415948e-02 -4.02897510e-03 -6.52113266e-02
 -2.29154693e-02 -2.74347462e-02 -8.99042146e-02 -1.83039990e-02
 -4.50634579e-02 -7.63128592e-02  1.21695402e-02 -6.69725814e-02
 -4.52107280e-02 -5.97874761e-02  2.14212165e-02 -5.43085489e-02
 -9.43845785e-03 -4.96677443e-02  7.17552682e-03 -7.82028257e-03
 -2.90122126e-02 -6.66672653e-02 -5.08620690e-02 -1.64685105e-02
 -1.41630747e-02 -5.46018918e-02 -3.51748084e-02 -6.36404454e-02
 -4.84937739e-02 -9.98281849e-02 -5.47485632e-02 -8.42917864e-02
  7.60296935e-03 -7.11200910e-02 -3.48108238e-02 -5.10937500e-02
  2.33716475e-03 -8.12948994e-02 -3.19348659e-02 -4.99239703e-02
 -5.74365421e-02 -8.20707615e-02 -4.61805556e-02 -6.47982519e-02
 -6.80304119e-02 -7.12625718e-02 -3.08824234e-02 -9.22743056e-02
 -5.46779215e-02 -8.16469109e-02 -2.41750479e-02 -6.41948036e-02
 -4.88386015e-02 -5.55130508e-02  1.20162835e-02 -6.11392481e-02
 -1.15696839e-02 -2.03693726e-02 -3.10847701e-02 -2.77017481e-02
  2.20186782e-03 -6.38829023e-03  1.62416188e-02 -2.82680795e-02
  2.85751916e-02 -2.25496887e-02 -3.60488506e-02  4.69947318e-04
 -1.75191571e-02 -5.19713841e-02  1.22006705e-03  9.81202107e-04
 -1.42241379e-02 -1.10506466e-02  1.11602011e-02  2.98910441e-03
 -1.22162356e-02 -6.74119971e-02 -2.10452586e-02 -3.62505987e-02
 -1.93977490e-02 -3.24778496e-02 -2.11925287e-02 -5.97156370e-02
 -4.22042625e-02 -6.31866619e-02 -3.77729885e-02 -8.01275144e-02
 -2.02909483e-02 -4.89661159e-02 -2.99580939e-02 -5.69270833e-02
 -1.67564655e-02]",0.179,0.0006,0.0,0.8615,0.4717142857142857,0.0,0.19292307692307692,0.0005384615384615384,0.0,0.8524166666666667,0.44716666666666666,0.0,0.1928181818181818,0.00045454545454545455,0.0,0.8418,0.4254,0.0,0.20222222222222222,0.0003333333333333333,0.0,0.84025,0.42975,0.0,0.2017142857142857,0.00028571428571428574,0.0,0.833,0.41433333333333333,0.0,0.8358928571428571,0.415,0.0,0.43723044622044616,0.08753457142857142,0.08753457142857142,7.015480857885765e-06,7.015480857885765e-06,1.403096171577153e-05
3.8883,0.119,2029,0.6080000000000001,0.0548725796732758,0.707375,0.08479009007543276,0.2830194547659165,2.0,0.23712750142938827,0.7935991407235338,0.1444123285635488,400.0,0.09784490790943345,0.8295321788110099,0.3994083279091951,4,0.34304965127864495,4,0.45987927036266696,-0.0018953891450060613,14.0,1.1450829623634156,"[ 1.00000000e+00  2.35318032e-01  3.58104306e-01  3.70869041e-01
  4.59879270e-01  2.72823960e-01  2.82852447e-01  2.05462245e-01
  3.61668134e-01  1.68655668e-01  2.50226517e-01  1.48494786e-01
  2.26331819e-01  1.91795747e-01  1.68304645e-01  1.07303681e-01
  2.11733834e-01  1.37949221e-01  1.47877734e-01  8.66485681e-02
  1.68960530e-01  1.03384662e-01  1.35787796e-01  5.93951619e-02
  1.44956283e-01  5.35284079e-02  1.15004455e-01  3.25264388e-02
  1.25042283e-01  4.72956507e-02  1.12861944e-01  2.55525690e-02
  1.49108209e-01  7.77150585e-03  1.19284609e-01  3.51961395e-02
  1.36020703e-01  4.06308096e-02  1.66666243e-01  2.24650634e-02
  1.32111258e-01  6.29298019e-02  1.07603674e-01  2.84747913e-02
  7.85211869e-02  2.70829666e-02  8.20889487e-02  6.56565475e-03
 -1.63375127e-03  1.20003249e-02  3.51971447e-02 -4.56704190e-02
  7.46865485e-03 -4.31002252e-02  8.17194030e-03 -5.73039529e-02
 -5.21068245e-02 -4.92490530e-03 -1.26396541e-02 -2.50857876e-02
  4.00958230e-02 -8.17589634e-02  3.57112943e-02 -6.54075522e-02
  4.51079829e-02 -3.99780546e-02 -3.48467462e-03  4.58430319e-04
  3.88187186e-02 -6.60339445e-02  5.11798578e-02 -3.70271115e-02
  4.16792612e-02 -5.67033365e-02  4.11285233e-02  1.21649236e-02
  2.41885469e-02 -6.12821737e-02  5.44494033e-02  2.88295528e-03
  2.63362304e-02  2.99229058e-02  5.52430893e-02  2.55383770e-02
  6.82453670e-02  5.05831915e-02  7.90243068e-02  5.76283146e-02
  6.64310320e-02  3.64698643e-02  9.55660927e-02  7.35572156e-02
  6.18521948e-02  2.53209876e-02  1.26273779e-01  6.40187919e-02
  1.31323766e-01  5.29359959e-02  1.75494068e-01  9.08926875e-02
  1.31604541e-01  7.22140305e-02  1.44835021e-01  7.63946772e-02
  1.13629170e-01  6.98867847e-02  1.30949896e-01  1.99118761e-02
  1.36769249e-01  5.65145701e-02  1.11748754e-01  5.47380623e-02
  1.39301615e-01  3.93085647e-02  1.02495039e-01  6.29993817e-02
  8.03672746e-02  5.43963790e-02  6.85433660e-02  5.58690306e-02
  2.81594544e-02  7.09946720e-02  4.91140227e-02 -1.26280538e-02
  5.92800775e-02  5.31757817e-02  3.50289490e-02 -3.88838920e-02
  5.37601794e-02 -1.19439156e-02  7.16265792e-03 -3.33305677e-02
  6.16650693e-02 -1.64662457e-02  4.57509144e-02 -1.67322747e-02
  6.46103725e-02 -5.44042411e-03  4.94373303e-02 -1.36587437e-02
  5.98598406e-02  2.04641571e-02  1.94476755e-02  3.42420656e-03
  7.75556758e-02 -2.05704666e-02  2.36187486e-02 -2.75630163e-02
  1.50157459e-02 -2.12590058e-02  5.83816361e-04 -4.56383620e-02
 -5.69586998e-02 -4.19423725e-02 -2.61849326e-02 -7.05402026e-02
 -7.03026608e-02 -7.01933467e-02 -3.17048307e-02 -1.16177983e-01
 -4.60085326e-02 -7.12383155e-02 -2.24459433e-02 -1.14486703e-01
 -9.19027686e-02 -5.32860249e-02 -2.90916372e-02 -1.40386112e-01
 -5.88152630e-02 -8.82635199e-02 -2.08585714e-02 -7.50330404e-02
 -6.44916424e-02 -6.53798963e-02 -3.18792204e-02 -5.89759117e-02
 -7.26478150e-02 -8.38399251e-02 -1.84018591e-02 -4.65960925e-02
 -7.95217107e-02 -3.95509694e-02 -4.86197158e-02 -4.41637000e-02
 -3.47480978e-02 -7.32744410e-02 -3.22061575e-02 -5.74359405e-02
 -6.61482573e-02 -6.20769247e-02 -4.84428485e-02 -5.62858250e-02
 -4.32646337e-02 -7.71878199e-02 -5.12547515e-02 -7.12684925e-02
 -4.66894216e-02 -8.58286498e-02 -8.32395424e-02 -6.89643277e-02
  4.91068615e-03 -8.46502807e-02 -3.03854112e-02 -5.56151941e-02
  1.13050972e-02 -4.93111836e-02 -7.60176172e-03 -1.55729659e-02
  2.35284350e-02 -3.47362802e-02  1.56665450e-02 -7.21167242e-03
  2.64172312e-02 -2.14154001e-02 -1.10022299e-02  1.18099068e-02
 -2.93244574e-02 -7.73809058e-03 -1.28448184e-02  7.64400622e-03
 -1.41084154e-02 -2.18231642e-02  1.69218072e-02 -1.09679778e-03
 -2.72616432e-03  2.35915872e-02 -1.48065283e-02  7.39272340e-03
 -1.08823370e-02 -5.55698091e-03  2.11172001e-02 -1.23213288e-02
  3.43611109e-03 -4.53509310e-03 -1.84634518e-02 -6.43982861e-03
  2.17448312e-02 -3.13038420e-02  1.83578705e-02 -2.49998316e-02
 -5.89325805e-03 -2.78738815e-02 -1.06342164e-02 -1.56127165e-02
 -8.54867980e-03 -2.83059654e-02 -1.26767532e-02 -2.73462246e-02
 -3.58020860e-02 -9.74078988e-03 -4.03148425e-02 -2.62960832e-02
 -4.86613898e-02 -2.43387743e-02 -4.42242876e-02 -8.08837225e-02
 -5.55635390e-02 -5.18486359e-02 -8.17815500e-02 -4.10696961e-02
 -8.39427409e-02]",0.25006666666666666,0.0014,0.0,0.7937857142857143,0.2545,0.0,0.2704615384615385,0.0012307692307692308,0.0,0.7874166666666667,0.253,0.0,0.2771818181818182,0.0011818181818181819,0.0,0.7707,0.2321,0.0,0.30333333333333334,0.0025555555555555557,0.0,0.73575,0.171875,0.0,0.3231428571428571,0.0025714285714285713,0.0,0.7198333333333333,0.15666666666666668,0.0,0.7180357142857143,0.15428571428571428,0.0,0.21184041902541906,0.0,0.042725666666666676,0.0,2.1327452192552294e-06,2.1327452192552294e-06
3.905,0.103,101,0.641875,0.0550248523396474,0.67475,0.09320642413482023,0.4516402581109627,3.8095238095238093,0.03369717437610459,0.9046991302225755,0.07019102697156718,133.33333333333334,0.0394849372332092,0.8988405679194856,0.16656642265951155,15,0.14527964133660173,15,0.2595555543565061,-0.0012742022986055156,11.0,1.1178297784220335,"[ 1.00000000e+00 -6.63853877e-02  8.38063223e-02  1.63493928e-01
  2.02886280e-01  7.68170095e-02  5.21729293e-02  1.16389201e-01
  2.03983338e-01 -6.27358830e-03  7.30435111e-02  1.26468338e-01
  6.04606508e-02  4.98634343e-02 -6.09382082e-03  2.59555554e-01
  4.82086921e-02 -1.67306419e-02 -1.79824675e-02  1.71407366e-01
  2.26508824e-02  6.65434643e-03  2.12155843e-02  8.82951856e-02
  2.86289829e-03  8.09313376e-03  2.33881898e-02  8.14713235e-02
 -2.01517277e-02 -7.03247685e-02  1.37050806e-01  1.96348535e-03
 -4.32434766e-03 -2.64396327e-02  2.66218822e-02  1.07370647e-01
 -6.33104555e-02 -5.59435140e-02  5.75644789e-02 -3.93786826e-02
 -5.32025410e-02  8.47054655e-03 -1.68857690e-02  5.09204563e-02
 -8.45157879e-02  7.10536587e-02  6.43953194e-02 -5.30479896e-02
 -3.41485910e-02  8.81932604e-03  5.36038029e-02 -9.16285369e-03
 -7.51849294e-02  4.22619407e-02  1.81199145e-03 -8.90052267e-02
 -1.32852754e-02 -3.86487852e-02  1.54882769e-02 -4.36596486e-02
 -4.02459730e-02 -1.84688559e-02  2.30673962e-02 -9.22176239e-02
 -3.08934597e-02 -9.85016079e-03 -5.36093785e-03 -8.79227009e-02
 -7.53724847e-03 -2.53431500e-02 -2.01201088e-02 -7.35384787e-03
  1.72722106e-02  1.34915899e-02 -7.91206052e-02  1.96139001e-02
 -1.58360132e-02 -1.56705624e-02  1.76030403e-02 -4.30197160e-02
  6.79357405e-03  1.45310218e-02 -4.46528752e-02  4.32973798e-02
 -6.83832977e-02  3.37619335e-03  3.95203203e-02 -3.19010748e-02
 -7.60955115e-03 -2.68615062e-02 -2.22825344e-03 -6.16749041e-04
 -3.20990079e-02  8.18477111e-04 -3.67753365e-02  2.95776408e-02
 -1.30521802e-02  1.98581105e-02 -7.30037626e-03 -1.10666084e-02
 -3.71567421e-02 -5.45993316e-02  3.44264707e-02 -3.33905819e-02
 -7.85132267e-02  1.91457313e-02 -2.27646602e-02  4.44121900e-04
 -5.08116605e-02 -3.86889474e-03  1.24945143e-02 -4.52289405e-02
  3.76853071e-02 -3.01317456e-02 -1.19517766e-02 -2.61605299e-02
 -3.06533860e-02  5.01169613e-02 -1.62540378e-02 -5.88838589e-02
 -4.82686926e-02  3.89477442e-02 -3.38981216e-02 -2.04052367e-02
 -5.65673854e-02  2.99440104e-02  1.03359377e-02 -4.63119699e-02
 -1.84448809e-02  4.18037360e-02 -2.74449816e-02 -3.37400089e-02
  5.52929877e-02 -1.35491982e-03 -4.32653113e-02 -3.62400988e-02
  2.58178836e-02 -1.60781193e-02 -3.46178390e-02 -4.48733264e-02
  7.94117224e-02  2.20299966e-02  1.28716394e-02  3.03177901e-02
  3.48142073e-02  3.24796401e-02 -2.48948913e-02  5.94582155e-02
  3.15802991e-02 -1.50027878e-02  3.41126555e-02  2.56449507e-02
  3.08823804e-02  2.45801589e-02 -9.40931230e-03  5.48069590e-02
  3.19722444e-02  4.04363161e-02  5.10442881e-02  4.11227779e-03
  3.37887323e-02  4.26161159e-02  7.17339693e-03  3.71987748e-02
 -3.98499270e-03  2.46087202e-02  3.66555515e-02  5.05045540e-02
  8.05443205e-02 -5.56041590e-02  5.82383686e-02  5.55332952e-02
  2.11877064e-02 -2.25176620e-02  2.98244232e-02  5.98569954e-02
 -5.40248491e-03 -1.06291592e-02  7.05436730e-04 -3.39962698e-02
 -6.11479219e-03  1.60826697e-03  1.51011518e-02  3.04349312e-03
 -8.34715358e-02  2.42594371e-02 -2.13310887e-05 -1.96078209e-02
  1.11513752e-02 -1.09854927e-02 -6.48188116e-03  4.85271477e-03
 -4.31836200e-02 -7.75172843e-03 -4.75038310e-02  9.51814402e-03
 -6.49278052e-03 -4.94715250e-02  1.06119468e-03 -8.61660695e-02
 -5.03960460e-03 -3.03887258e-02 -2.48095670e-02 -1.96009144e-02
  5.76615659e-03 -6.63602796e-02 -1.50937417e-02 -2.53492291e-02
 -6.11408715e-02 -3.57953834e-02 -4.53242469e-02  8.82000950e-03
 -4.28134735e-02 -3.57954554e-02 -7.19288268e-02 -3.00220685e-02
 -1.15003705e-02 -5.41301916e-02 -4.53243908e-02 -1.24069058e-02
 -2.62667357e-02 -3.00401622e-02 -3.02092461e-02 -3.11049540e-02
  1.25895870e-02 -6.56196268e-02  1.82328650e-03 -1.95013993e-03
  4.06760480e-02 -5.55404895e-02  3.09637120e-02  1.63974201e-03
  1.51326269e-02 -5.90711084e-03  1.72944769e-02  1.27944266e-02
  3.49132728e-02 -2.64145246e-02  6.04457946e-02  2.64419348e-02
  2.30390147e-02  1.02691206e-02  4.24743703e-02  7.10680832e-02
 -6.79940143e-03 -2.67563975e-02  6.91147778e-02  3.00892992e-02
 -1.07455449e-02  4.05353815e-02  1.48013655e-02  7.08186750e-03
  6.54227728e-03  2.18301391e-02  6.66146159e-02  3.48464737e-03
 -8.92193469e-03  7.90283203e-02  3.38840927e-02  2.18480169e-02
 -1.32313902e-02]",0.3132666666666667,0.0013333333333333333,0.0,0.7675,0.18571428571428572,0.0,0.3330769230769231,0.002,0.0,0.73925,0.15116666666666667,0.0,0.3538181818181818,0.0017272727272727272,0.0,0.7223,0.1395,0.0,0.3718888888888889,0.0071111111111111115,0.0,0.7065,0.12125,0.0,0.3904285714285714,0.007857142857142858,0.0,0.6601666666666667,0.10583333333333333,0.0,0.6708928571428572,0.11392857142857143,0.0,0.13668708513708513,0.0,0.02813857142857143,0.0,7.218193454145497e-07,7.218193454145497e-07
3.905,0.103,707,0.6179375,0.05888385681789195,0.736875,0.10581344137206766,0.3900243811179238,3.773584905660377,0.10602900172570853,0.813021117320588,0.06319927986799528,3.773584905660377,0.12510523489970712,0.78416268070361,0.08801189823932734,15,0.4299434815818735,15,0.509306859016851,-0.0017404625633408448,8.0,1.059489575844716,"[ 1.00000000e+00 -2.11328280e-01 -1.26079092e-01  6.17064683e-02
  3.95624673e-01 -7.56624394e-02 -1.94306772e-01  1.70578184e-01
  3.01042459e-01 -1.63574033e-01 -1.34145937e-01  3.11149304e-01
  1.38358511e-01 -1.53624272e-01 -2.04725081e-01  5.09306859e-01
 -2.64954820e-02 -1.18317779e-01 -1.37628476e-01  4.22630307e-01
 -5.09175592e-02 -1.91890329e-01  1.47278722e-02  3.03430991e-01
 -1.28634825e-01 -1.50443516e-01  1.83328158e-01  1.18418606e-01
 -2.07330007e-02 -2.60216045e-01  3.42027178e-01  2.90068206e-02
 -6.78672854e-02 -2.09691327e-01  3.17486481e-01  1.85400167e-02
 -1.54397307e-01 -8.85668806e-02  2.41415937e-01  1.81427276e-03
 -1.63161567e-01  4.19285316e-02  1.19216237e-01  2.22235111e-02
 -2.38206398e-01  1.95631563e-01  1.65818302e-02 -3.71635035e-02
 -2.33838747e-01  2.37811028e-01 -3.81301678e-02 -8.19742351e-02
 -1.92538464e-01  2.22292415e-01 -8.55981579e-04 -2.09518805e-01
  3.15898545e-02  3.05814988e-02  5.83070509e-02 -2.16078132e-01
  7.02456128e-02  2.81947982e-02 -1.59423298e-02 -2.35769372e-01
  2.04620591e-01 -3.82396295e-02 -3.71895824e-02 -2.36481439e-01
  1.95360918e-01  7.61704986e-03 -1.53451314e-01 -5.02207550e-02
  7.90991871e-02  2.45025817e-02 -1.75082336e-01  4.38444161e-02
 -1.55566410e-03  2.72502878e-03 -2.54236995e-01  1.62708108e-01
 -5.22415658e-02  7.15547919e-03 -2.72490842e-01  1.93402383e-01
 -8.15022852e-03 -1.44510780e-01 -8.11783484e-02  6.72672958e-02
  3.99951157e-02 -1.58208230e-01 -1.27001710e-02  7.43143600e-02
 -4.10086174e-02 -1.98022974e-01  9.92905488e-02 -1.05968496e-02
 -7.34047378e-04 -2.19416757e-01  1.35685553e-01  7.11204340e-03
 -8.44730140e-02 -1.03902331e-01  8.58230122e-02  2.17368210e-02
 -1.42562188e-01 -3.02537243e-02  5.67608066e-02 -2.67441475e-02
 -2.24919583e-01  1.17609026e-01 -3.62305062e-02  1.95452325e-03
 -1.93136797e-01  1.05293148e-01  2.16416635e-02 -7.66698357e-02
 -1.05560828e-01  7.30002965e-02  4.14089593e-02 -1.50067945e-01
 -6.31720336e-02  7.35232704e-02  6.91117469e-03 -1.79541831e-01
  4.77301748e-02  2.71565258e-02  1.35744688e-02 -1.79960838e-01
  1.24079126e-01  1.43382584e-02 -2.28351882e-02 -1.02935056e-01
  7.84171231e-02  3.00794578e-02 -9.22072009e-02 -5.91088686e-02
  4.63266232e-02  5.80105886e-02 -1.62346754e-01  4.97349370e-02
  5.69253044e-02  1.19369047e-02 -1.66526707e-01  9.77337508e-02
  3.67316750e-02 -6.02388096e-03 -1.27724418e-01  1.10711806e-01
  5.87597251e-02 -6.60528382e-02 -6.63285420e-02  5.54415972e-02
  8.34602100e-02 -1.03020706e-01  2.63271465e-02  8.78384154e-02
  5.30443429e-02 -1.23919077e-01  1.03527370e-01  3.90294980e-02
  4.49569131e-02 -1.37295555e-01  1.45944074e-01  7.06936643e-02
 -1.72769773e-02 -4.61679692e-02  8.86154624e-02  9.03981614e-02
 -6.76139971e-02 -3.72335415e-03  1.08173429e-01  6.36246206e-02
 -9.42410076e-02  4.01307435e-02  1.36544151e-01  3.42065555e-02
 -1.25424415e-01  1.27964885e-01  7.33403691e-02  1.28685937e-02
 -9.37602484e-02  9.54347940e-02  1.33089523e-01 -5.39496040e-02
 -3.87698427e-02  1.08998971e-01  7.85519659e-02 -7.21755399e-02
  2.43564875e-02  9.42409204e-02  6.36194746e-02 -1.09262028e-01
  6.46868786e-02  1.24139745e-01 -1.60375746e-02 -1.03833775e-01
  5.07521892e-02  1.34152304e-01 -2.28620521e-02 -7.49327530e-02
  6.65492098e-02  9.47143530e-02 -4.49954645e-02 -2.89644315e-02
  5.94595820e-02  8.62152426e-02 -1.06524614e-01 -2.23011374e-02
  9.35310330e-02  6.42911593e-02 -1.40966577e-01  1.20633744e-02
  7.74821198e-02  2.49718278e-02 -8.10988033e-02 -1.77663713e-02
  1.38375606e-01  1.16378258e-03 -6.19525172e-02  3.26397272e-02
  1.28613544e-01 -5.50484074e-02 -5.91408785e-02  4.58829327e-02
  1.03340195e-01 -1.03180494e-01 -2.35413251e-02  6.78481841e-02
  7.60642640e-02 -1.05246223e-01 -3.64782123e-02  9.66305865e-02
  3.88312459e-02 -1.10249538e-01 -5.19781600e-03  9.66511705e-02
 -2.57439905e-03 -1.12315267e-01  5.57530614e-03  1.06279960e-01
 -8.21128284e-02 -4.49256009e-02  2.06396748e-02  9.51363256e-02
 -9.91316331e-02 -6.35911279e-02  8.83503122e-02  2.39989708e-02
 -1.08893696e-01  5.08940097e-03  2.19158846e-02  3.55954541e-02
 -8.47514217e-02 -1.16642536e-02  6.60072219e-02 -3.50395109e-02
 -5.88158951e-02  8.57054391e-03  7.63407529e-02 -7.25376792e-02
 -7.23109933e-02]",0.257,0.0005333333333333334,0.0,0.8053571428571429,0.30407142857142855,0.0,0.2643846153846154,0.001153846153846154,0.0,0.7820833333333334,0.24933333333333332,0.0,0.2841818181818182,0.0007272727272727272,0.0,0.7723,0.2287,0.0,0.289,0.002,0.0,0.769875,0.233875,0.0,0.2875714285714286,0.0012857142857142856,0.0,0.7771666666666667,0.24566666666666667,0.0,0.7605357142857143,0.19660714285714287,0.0,0.2511892524142524,0.0,0.05046585714285714,0.0,2.9781360973366374e-07,2.9781360973366374e-07
3.905,0.103,1313,0.6303749999999999,0.054278074532908775,0.708875,0.10150115455008382,0.4244454291142703,3.773584905660377,0.0660814174793751,0.8280258003642267,0.08405005811402257,3.773584905660377,0.0826502136448423,0.8057495431945282,0.167559033254883,15,0.39711357934988406,15,0.4664180855952523,-0.009750771968144294,13.0,1.0952105059868675,"[ 1.00000000e+00 -7.96798140e-02 -8.35541867e-02  2.17540357e-01
  3.84026896e-01  6.24089077e-03 -7.21437260e-02  1.85164353e-01
  3.60036308e-01 -8.08412754e-02 -1.13404117e-01  3.45918343e-01
  1.60372073e-01 -8.30607188e-02 -1.11700053e-01  4.66418086e-01
  1.38219089e-03 -1.14223424e-01 -2.13174386e-02  3.62672766e-01
 -1.16492685e-02 -8.26858396e-02  4.19812955e-02  3.31050524e-01
 -5.45142479e-02 -1.17664372e-01  2.54907167e-01  1.79663480e-01
 -4.87789960e-02 -6.80349741e-02  3.41825811e-01 -7.30054113e-03
 -6.26718980e-02  1.25335629e-02  2.51143178e-01  4.06165875e-02
 -4.56544765e-02 -1.53411002e-02  2.91213292e-01 -8.39990013e-02
 -6.98892409e-02  1.45452322e-01  1.43936300e-01 -4.22166187e-02
 -6.86447140e-02  2.78447534e-01  2.37431885e-02 -4.15787416e-02
 -7.76390403e-04  2.34193326e-01  1.68176593e-02 -2.80252905e-02
  2.09183010e-02  2.87326127e-01 -8.30724006e-02 -2.72797330e-02
  1.31643399e-01  1.20205620e-01 -3.82567691e-02 -2.54679886e-02
  1.91977132e-01  3.90822716e-02 -4.89693096e-02  3.68242869e-03
  1.81734745e-01  3.57595407e-03 -7.69516530e-02 -2.65111533e-02
  1.99427065e-01 -9.15685878e-02 -1.67544160e-02  3.40773729e-02
  7.93810656e-02 -2.69776897e-02 -4.59019290e-03  6.74060906e-02
  6.52834192e-02 -6.24551913e-02  1.46778993e-02  1.38630704e-01
 -1.09078666e-02 -5.46713171e-03 -2.90379065e-02  1.38094714e-01
 -2.68254623e-02  2.85759162e-02  3.31946406e-02  7.13944642e-02
  2.74129571e-02  2.22176045e-02 -9.84626736e-03  9.56234350e-02
 -2.95808960e-02  3.81294067e-02  3.02238462e-02 -5.19045770e-04
  2.60277027e-03  8.15118547e-03  6.82980819e-02 -4.66614507e-02
  3.60391683e-02  5.68756550e-03  1.16667021e-02 -6.33654428e-03
  1.75872931e-02  1.71768907e-02  1.53378281e-02 -4.86631221e-02
  1.12079959e-01 -3.86036628e-02 -3.10199375e-02  1.15449247e-04
  5.76886340e-02 -4.61752740e-02  1.95391509e-02 -6.84951218e-03
 -7.40702713e-03  1.90905220e-02 -6.45385822e-02  4.88398960e-03
  1.02564764e-02 -4.03299303e-02 -3.25308444e-02  4.99544141e-02
 -6.62184182e-02 -1.00296273e-03 -6.55017221e-03  3.98197075e-02
 -5.48367733e-02 -2.42003560e-02 -5.30564533e-03  2.97532490e-02
 -9.56270105e-02  2.63114252e-03  4.82326775e-03 -3.95889606e-02
 -2.16921889e-02 -4.33353340e-02  7.24079826e-02 -7.95966196e-02
 -1.49878139e-02  1.96797913e-02  8.20258008e-03 -5.40861010e-02
  4.93266946e-04 -1.48680195e-02  4.94859932e-02 -6.93287989e-02
  7.62836330e-03  3.97616890e-02 -3.61316824e-03 -1.43366171e-02
  3.45247430e-03  6.92745796e-02 -7.03816661e-02  6.85910483e-03
 -3.04233354e-03  4.77894554e-02 -9.24340079e-02  2.83778677e-02
 -5.18291250e-03  6.56683195e-02 -6.84203977e-02 -9.37912048e-03
  4.40263802e-02  1.62773049e-02 -7.46315967e-02 -2.02866344e-03
  7.14250962e-02 -6.49825399e-02  6.24204720e-04 -2.94043571e-02
  5.81100281e-02 -4.06853209e-02 -1.82583919e-02 -4.50048835e-03
  8.41195161e-02 -9.98221644e-02  8.96439572e-03  3.09414522e-03
  4.33072120e-04 -4.07305466e-02 -2.40865067e-02 -1.05439639e-02
 -3.78623178e-02 -2.86740038e-02 -6.28414339e-02  5.90624000e-03
 -3.02965001e-02 -2.28204552e-02 -4.23206099e-02  5.63288322e-02
 -9.40317490e-02  3.91284831e-02 -3.82187625e-02 -2.20736920e-02
  2.50499500e-02 -1.95776390e-02 -5.02128507e-02  5.68749725e-03
 -6.24925117e-03  2.44009333e-03 -3.75102258e-02 -9.30040767e-03
  2.73630754e-02 -3.41035953e-02 -1.43186261e-02 -8.98459223e-02
  7.42534492e-02 -7.18605835e-02 -6.96684583e-02 -2.36504355e-02
  5.66500192e-03 -9.72692153e-02 -2.18483937e-02 -4.45059141e-03
 -2.92346658e-02 -5.53397201e-02 -4.96836246e-02 -8.77359299e-03
  5.26791930e-03 -7.86842259e-02 -5.84685354e-02  6.79108687e-02
 -5.47591828e-02 -4.80369002e-02 -1.06196548e-02  1.96937215e-02
 -3.66361421e-02 -2.49529808e-02 -2.76823021e-02  4.52042400e-02
 -4.99512102e-02 -5.23286745e-02  5.36399973e-02 -1.90694106e-02
 -5.34916335e-02 -5.28646648e-02  7.77612879e-02 -2.84215389e-02
 -8.61800628e-02 -1.44413362e-03  1.50239778e-02 -5.05815610e-02
 -6.16280509e-02 -5.39366453e-02  4.02903198e-02 -5.20472421e-02
 -4.26435675e-02  9.72456204e-03  3.85431154e-03 -5.52934403e-02
 -6.92654988e-02  7.07832418e-02 -2.67988076e-02 -7.22484072e-02
 -3.05846132e-02  1.91415564e-02 -3.58673272e-02 -6.19041334e-02
 -4.17961232e-02]",0.28353333333333336,0.0014666666666666667,0.0,0.7822142857142858,0.2587857142857143,0.0,0.3039230769230769,0.004461538461538461,0.0,0.7645833333333333,0.2215,0.0,0.324,0.006272727272727273,0.0,0.7409,0.1971,0.0,0.34955555555555556,0.011111111111111112,0.0,0.70875,0.177375,0.0,0.3782857142857143,0.018,0.0,0.6755,0.143,0.0,0.6714285714285714,0.14017857142857143,0.0,0.19128973415473416,0.0,0.039910428571428576,0.0,2.0504340943155963e-07,2.0504340943155963e-07
3.905,0.103,2029,0.6257499999999999,0.05803608791088524,0.716,0.10894494022211404,0.40685583402723585,3.8095238095238093,0.21380789300678374,0.8009690310225851,0.11037315617081718,3.8095238095238093,0.24178495911439093,0.7680772517630042,0.15484901568250825,4,0.3700369263884508,4,0.4338773274917853,-0.0006718369828268012,13.0,1.0906321401370906,"[ 1.00000000e+00 -6.46339203e-02 -1.61241891e-01  1.98191086e-01
  4.33877327e-01 -5.15165557e-02 -1.31105401e-01  2.19523127e-01
  2.91442413e-01 -1.52857022e-01 -1.18346112e-01  3.18136322e-01
  1.79780942e-01 -2.25193361e-01 -1.14138512e-01  4.23279131e-01
  6.53045749e-03 -2.21849355e-01 -1.60308366e-02  2.92492207e-01
 -1.91507288e-02 -2.20527424e-01  7.51680849e-02  1.98313253e-01
 -4.11879687e-02 -2.33107254e-01  1.77720111e-01  1.91167748e-01
 -2.28740416e-01 -1.84898475e-01  2.75427584e-01  9.84000337e-02
 -2.86753728e-01 -9.90074985e-02  2.35149549e-01  4.72533491e-02
 -3.15257393e-01  6.24062684e-03  1.80990816e-01 -4.00589772e-02
 -2.53231106e-01  8.58126211e-02  1.48758952e-01 -1.10520684e-01
 -2.75794928e-01  2.08227315e-01  1.40054765e-01 -2.20728789e-01
 -1.40047182e-01  1.46886006e-01  1.14689527e-01 -1.85853063e-01
 -8.90369871e-02  1.46101609e-01  2.72086949e-02 -2.04562305e-01
 -2.69896369e-02  1.74447721e-01 -2.06099924e-02 -2.60448226e-01
  8.70418738e-02  2.18254276e-01 -8.75751959e-02 -1.63098829e-01
  9.06386385e-02  1.96596175e-01 -1.04472997e-01 -1.06317297e-01
  1.35329851e-01  1.24049204e-01 -1.15452018e-01 -6.28266914e-02
  1.80358076e-01  7.64200859e-02 -1.51833347e-01  7.81447468e-03
  1.94507541e-01  2.96545623e-02 -1.58747156e-01  2.26800910e-02
  1.97451344e-01 -4.43087033e-03 -1.17194372e-01  8.05779762e-02
  2.10926784e-01 -1.90749010e-02 -6.76164799e-02  1.39802848e-01
  1.64498273e-01 -9.83199933e-02 -4.43255540e-02  1.75205156e-01
  9.36995535e-02 -1.68760637e-01 -4.70056450e-02  1.50598197e-01
  4.50172719e-02 -1.41615132e-01 -1.58159912e-02  1.54237088e-01
 -6.10834948e-04 -1.39324290e-01 -6.97615637e-04  1.49513860e-01
 -7.92240290e-02 -1.36169854e-01  9.02064201e-02  9.40070773e-02
 -6.22520853e-02 -1.37796782e-01  1.09137248e-01  1.05902772e-01
 -1.01961412e-01 -1.06923077e-01  1.12270621e-01  3.74210127e-02
 -1.09717752e-01 -7.94194962e-02  1.56098239e-01 -4.05181565e-02
 -1.45909512e-01 -2.08265229e-02  1.05499200e-01 -5.42985930e-02
 -1.55624737e-01  1.26590277e-02  3.52481254e-02 -3.36195130e-02
 -1.41791221e-01  5.93478810e-03  1.08711770e-01 -8.54612857e-02
 -9.25503412e-02  8.66020726e-02  5.89973882e-02 -5.49877833e-02
 -6.17187632e-02  1.15685399e-01  5.77074732e-02 -1.26313085e-01
 -1.80596512e-02  9.45538799e-02  3.23632994e-02 -1.20588929e-01
  4.49406016e-03  9.80032016e-02  4.02814053e-03 -8.13109782e-02
  6.94270789e-02  1.37133710e-01 -4.14314601e-02 -3.27019968e-02
  7.89004971e-02  1.10609992e-01 -5.92139186e-02 -2.23860477e-02
  8.19706799e-02  1.22800573e-01 -6.63172972e-02 -3.34990311e-03
  9.08332631e-02  1.14454461e-01 -9.27146348e-02  2.50172719e-02
  1.22402056e-01  6.53087876e-02 -9.77959390e-02  2.65919623e-02
  1.97508636e-01  6.64251411e-03 -5.85390513e-02  5.62018704e-02
  1.76019041e-01  9.37568456e-03 -8.19454040e-02  1.04221080e-01
  1.47536439e-01 -8.75414946e-02 -5.39152414e-02  1.23509984e-01
  7.51790378e-02 -1.26892746e-01 -5.09293117e-02  1.40861067e-01
 -2.20751538e-02 -1.12343079e-01 -6.37619007e-02  1.21730559e-01
 -2.33229421e-02 -1.63258067e-01 -1.86494229e-02  9.51857781e-02
 -7.39009184e-02 -1.50456652e-01  3.54991996e-02  7.71926868e-02
 -1.27196057e-01 -1.20235909e-01  9.68093352e-02  1.38503665e-02
 -1.28738731e-01 -9.49229084e-02  9.38343584e-02  1.96798382e-02
 -1.49764934e-01 -7.87513691e-02  8.77420170e-02 -5.12031342e-02
 -1.47242396e-01 -3.61875474e-02  1.09242565e-01 -1.24761142e-01
 -1.52007751e-01  2.25739321e-02  5.37779088e-02 -1.43554638e-01
 -1.07969500e-01  3.24054259e-02  8.88642683e-02 -1.33217626e-01
 -6.19934283e-02  1.00834948e-01  4.81439043e-02 -1.77308114e-01
 -1.65220322e-03  1.26969416e-01 -4.96789957e-02 -1.19410228e-01
  2.41031258e-02  9.23152751e-02 -6.41334569e-02 -1.06672003e-01
  2.84160418e-02  1.36669475e-01 -8.54334822e-02 -8.95104895e-02
  7.82466931e-02  7.97935799e-02 -1.06312242e-01 -4.86106664e-02
  1.12974977e-01  1.49557671e-02 -1.04274160e-01 -1.00909933e-02
  6.70730474e-02  9.76914652e-03 -1.28754739e-01 -5.79914062e-03
  1.18062179e-01 -2.52009436e-02 -1.39691634e-01  5.03504929e-02
  6.27660292e-02 -4.39944393e-02 -9.40525739e-02  9.21139102e-02
  2.55421687e-02 -1.01607549e-01 -3.91878002e-02  9.76695594e-02
  8.07565928e-03]",0.2784,0.001,0.0,0.7825,0.25264285714285717,0.0,0.2947692307692308,0.002076923076923077,0.0,0.7706666666666667,0.2035,0.0,0.2952727272727273,0.0016363636363636363,0.0,0.7644,0.1974,0.0,0.30566666666666664,0.0023333333333333335,0.0,0.7525,0.19675,0.0,0.295,0.0018571428571428571,0.0,0.7633333333333333,0.20766666666666667,0.0,0.7703571428571429,0.23964285714285713,0.0,0.20981115218115218,0.0,0.042318380952380955,0.0,2.3221974699182643e-07,2.3221974699182643e-07
3.905,0.1083,101,0.6202500000000001,0.05393224916504039,0.719375,0.09820060781380123,0.3537266220125167,3.6697247706422016,0.18205006348793648,0.8003490905170064,0.08735282219868402,3.6697247706422016,0.19605598196928814,0.7190555434243842,0.20385315222605782,11,0.4298346010872602,11,0.6104578320573582,-0.028758627071711302,21.0,1.124462680734662,"[ 1.00000000e+00  7.10494390e-02 -5.66210961e-02  1.85530542e-01
  3.53043707e-01  5.78031960e-02  4.83406246e-02  3.04394317e-01
  1.57572001e-01 -5.92466683e-02  1.09165755e-01  6.10457832e-01
  8.74780249e-02 -1.63175963e-02  6.91361850e-02  3.45281423e-01
  8.65864625e-02 -2.66797302e-02  2.35603962e-01  1.32351136e-01
 -1.38230648e-02  9.09688297e-02  5.55966501e-01  8.33937903e-02
 -4.56782922e-02  7.08849799e-02  3.84515534e-01  6.33504476e-02
 -1.54603638e-02  1.60332462e-01  1.16665654e-01 -1.08590554e-02
  6.28233483e-02  4.81804897e-01  3.63071657e-02 -4.26089642e-02
  3.45651557e-02  3.51541601e-01 -5.66674768e-03 -5.15290436e-02
  1.30890752e-01  4.29010208e-02 -5.55638595e-02  9.39074209e-02
  3.77433062e-01  1.33465994e-02 -3.25156965e-02  2.27278527e-02
  3.43090696e-01  7.12429619e-03 -3.93861141e-02  1.04146818e-01
  4.68696075e-02 -4.82571799e-03  4.06961154e-02  3.48558452e-01
  2.46550816e-02 -8.55163649e-02  3.37851906e-02  3.35061065e-01
 -2.34435128e-02 -6.62110625e-02  7.77188399e-02  6.46592336e-02
 -4.62656459e-02  5.24015676e-02  3.17634180e-01 -1.81863936e-02
 -7.19718880e-02  4.87717220e-02  3.06372787e-01 -4.42246932e-03
 -8.06003160e-02  7.65025114e-02  6.75827359e-02 -4.47841982e-02
  6.19115324e-02  2.35217220e-01 -4.11226556e-02 -2.96997408e-02
  4.73285535e-02  3.15299449e-01 -4.61540487e-02 -7.64615992e-02
  7.04172236e-02  7.95393324e-02 -7.84467534e-02  4.20052052e-02
  2.23776887e-01 -8.32755094e-02 -6.86120225e-02  1.00594341e-01
  2.59179730e-01 -5.05704419e-02 -7.60900474e-02  3.19019119e-02
  4.46210556e-02 -7.14887390e-02 -5.22724511e-03  2.14491534e-01
 -1.09662981e-01 -5.22239438e-02  7.65481833e-02  2.36640438e-01
 -7.19593308e-02 -8.58128772e-02  6.08148013e-02  7.44332037e-02
 -1.39938834e-01  9.13547616e-03  2.02638028e-01 -1.04268542e-01
 -7.66427674e-02  1.00592113e-01  2.50063394e-01 -8.44609511e-02
 -9.19791793e-02  6.15266132e-02  1.02511646e-01 -1.14055880e-01
 -3.74245554e-02  1.52480962e-01 -8.65599303e-02 -1.07542735e-01
  4.66516790e-02  2.38250395e-01 -8.79942885e-02 -9.92553773e-02
  6.25705837e-02  1.16623223e-01 -1.48301738e-01 -5.10765788e-02
  1.40627456e-01 -6.54649208e-02 -8.94371532e-02  2.78147406e-02
  2.31727630e-01 -4.34213351e-02 -8.98264269e-02  5.88914206e-02
  1.55719610e-01 -1.23318042e-01 -7.12097460e-02  1.15957488e-01
 -2.83128772e-02 -9.84065500e-02  1.50619759e-02  2.21316179e-01
 -9.30113015e-02 -9.53446146e-02  8.22872362e-02  8.98214647e-02
 -1.16773200e-01 -7.01009641e-02  6.64080285e-02 -4.10251347e-02
 -1.00643659e-01 -3.88564832e-04  1.69822376e-01 -8.51297241e-02
 -9.84809819e-02  3.82143436e-02  8.26910925e-02 -1.29841921e-01
 -7.39502572e-02  3.62371896e-02 -4.43721392e-02 -1.48208268e-01
 -2.85097420e-02  1.34968911e-01 -1.18832786e-01 -1.23863876e-01
  4.87288856e-02  3.35791105e-02 -1.45940576e-01 -8.86473650e-02
 -2.90193219e-03 -4.60664520e-02 -1.46013894e-01 -9.13779520e-02
  1.03963625e-01 -1.10157269e-01 -1.35425730e-01  4.86663021e-03
  6.41446915e-02 -1.50227346e-01 -1.46622311e-01  1.44742172e-03
 -6.13063556e-02 -1.70829688e-01 -7.86436181e-02  6.66878317e-02
 -9.37448860e-02 -1.34065804e-01 -3.34542472e-02  2.93155304e-02
 -1.31117187e-01 -1.41875987e-01 -5.79049702e-04 -7.23659213e-02
 -1.55567708e-01 -1.07850387e-01  3.94254061e-02 -9.01894722e-02
 -1.35946450e-01 -5.26881557e-02  1.65627658e-02 -1.36238405e-01
 -1.40264917e-01 -2.84895897e-02 -8.40736015e-02 -1.46138757e-01
 -1.03355207e-01  1.47149309e-02 -7.11846316e-02 -1.18780634e-01
 -6.02965123e-02  9.99949366e-03 -1.12194475e-01 -1.36814822e-01
 -1.60205776e-03 -7.71722972e-02 -1.45678090e-01 -9.33186495e-02
  1.51755985e-02 -6.75887107e-02 -1.24363633e-01 -4.46375623e-02
  2.96524487e-02 -1.35422388e-01 -1.04159072e-01 -8.49738729e-04
 -9.53206141e-02 -1.35058229e-01 -1.02790335e-01  9.09031069e-03
 -8.42301616e-02 -1.23611314e-01 -5.68070239e-02 -1.31233038e-03
 -1.18029732e-01 -1.09345101e-01 -1.30192004e-02 -7.61294406e-02
 -1.38551059e-01 -1.04192996e-01  3.14167376e-02 -6.66916798e-02
 -1.16588488e-01 -4.57901932e-02  1.55375299e-02 -8.87603800e-02
 -1.10537125e-01 -6.83082189e-03 -6.37110625e-02 -1.29122109e-01
 -8.12589622e-02  3.11239721e-02 -8.82669016e-02 -1.14580447e-01
 -4.88212419e-02]",0.269,0.00046666666666666666,0.0,0.7705714285714286,0.19892857142857143,0.0,0.2833076923076923,0.0007692307692307692,0.0,0.7585,0.18508333333333332,0.0,0.2939090909090909,0.002181818181818182,0.0,0.7686,0.201,0.0,0.30333333333333334,0.002777777777777778,0.0,0.755,0.17925,0.0,0.30657142857142855,0.0014285714285714286,0.0,0.7343333333333333,0.13916666666666666,0.0,0.7758928571428572,0.24267857142857144,0.0,0.17916090132090132,0.0,0.036137142857142854,0.0,1.638047208883244e-07,1.638047208883244e-07
3.905,0.1083,707,0.620125,0.054612126629531646,0.7176249999999998,0.09859315075095228,0.3742771183821081,400.0,0.09231957283167998,0.8510270667457952,0.16019160520555709,400.0,0.26120966683626173,0.7261254542441452,0.36356884579105797,11,0.3317660533636493,11,0.5965052867698946,-0.0572869998783964,11.0,1.1034018835287334,"[ 1.00000000e+00  2.19551722e-01  2.78434825e-01  3.43557892e-01
  4.57092920e-01  1.65297134e-01  2.73082457e-01  3.69900425e-01
  3.29804073e-01  2.68452945e-01  2.09257353e-01  5.96505287e-01
  2.56070896e-01  2.46573192e-01  2.19942109e-01  4.75192789e-01
  1.61536233e-01  2.11644488e-01  2.67576388e-01  3.17041679e-01
  1.71462293e-01  2.46003172e-01  5.05527954e-01  2.15434414e-01
  2.11270095e-01  2.16824173e-01  3.91667406e-01  1.38222804e-01
  1.69079115e-01  2.56895590e-01  3.13660128e-01  1.12785854e-01
  1.96554871e-01  4.08690005e-01  1.90872028e-01  1.27971357e-01
  2.35303391e-01  3.64912513e-01  9.56204601e-02  1.51288745e-01
  2.04801493e-01  2.61982350e-01  1.01804470e-01  1.49567514e-01
  3.20779610e-01  1.88249173e-01  1.30718858e-01  1.54655271e-01
  3.27153294e-01  9.92375695e-02  1.16744345e-01  1.76497057e-01
  2.44418624e-01  5.48910538e-02  1.12071911e-01  2.79652868e-01
  1.96630645e-01  9.19742967e-02  1.71242568e-01  3.01531624e-01
  5.56129133e-02  1.17030902e-01  1.47396953e-01  1.67928873e-01
  2.98753775e-02  1.16179280e-01  1.74683035e-01  1.69875751e-01
  7.95542814e-02  1.04966297e-01  2.43197563e-01  9.81871997e-02
  6.53161533e-02  1.27640721e-01  1.67688200e-01  1.53397099e-03
  1.10757926e-01  1.56365434e-01  1.59273716e-01  3.59714178e-02
  1.47540583e-01  1.85432526e-01  7.83570265e-02  7.63852133e-02
  8.76520248e-02  1.40558780e-01 -1.42487450e-02  6.67217727e-02
  1.18495304e-01  1.37894000e-01 -3.17386625e-02  1.31683926e-01
  1.44879629e-01  8.09196753e-02  5.33820137e-02  5.46250195e-02
  8.77895708e-02  3.44963865e-02  5.34787637e-02  8.49040979e-02
  1.32819846e-01 -2.07387212e-02  9.38186183e-02  1.12800995e-01
  6.63907387e-02  2.61834753e-02  3.74502868e-02  9.59170713e-02
  1.73781865e-03  2.34817254e-02  6.92419376e-02  7.47220749e-02
 -6.72631442e-02  9.24913361e-02  7.10039639e-02  1.71047862e-02
  2.23672641e-03  2.22783865e-02  2.96874151e-02 -3.66177492e-02
 -6.32563866e-03  3.53501460e-02  1.90064843e-02 -7.88039065e-02
  3.53740844e-02  2.65193436e-02  6.88692196e-03 -3.41529796e-02
  7.13818417e-04  1.54590641e-02 -5.27749916e-02 -1.96104403e-02
 -1.22014116e-02  1.32845444e-02 -1.08958471e-01  7.56473038e-03
 -1.58515332e-02 -1.78603169e-02 -7.36883860e-02  4.48363175e-03
 -3.63296250e-02 -5.54717867e-02 -5.10879028e-02 -1.02077858e-02
 -1.62270562e-02 -1.37637434e-01 -1.42313046e-02 -3.53023577e-02
 -2.78933291e-02 -1.10309559e-01  1.73337014e-02 -6.80337323e-02
 -7.60188646e-02 -6.94794444e-02 -2.43621960e-02 -4.32407425e-02
 -1.17904436e-01 -3.88628100e-02 -4.92301232e-02 -2.78655651e-02
 -1.31915920e-01 -1.24045440e-02 -8.72948825e-02 -7.12637092e-02
 -9.47169432e-02 -2.92145273e-02 -9.99834678e-02 -1.14208564e-01
 -6.21714174e-02 -6.13817011e-02 -5.56379487e-02 -1.30491317e-01
 -9.65704311e-03 -1.09169681e-01 -1.01497037e-01 -1.13339952e-01
 -5.40035588e-02 -1.06126549e-01 -1.30222747e-01 -7.54240708e-02
 -4.93690918e-02 -6.29881944e-02 -1.35117003e-01 -2.99405058e-02
 -1.04830844e-01 -1.12399657e-01 -1.21291369e-01 -4.42156042e-02
 -1.22320762e-01 -1.26031792e-01 -1.10264234e-01 -4.75603180e-02
 -5.55454503e-02 -1.55511377e-01 -5.27170606e-02 -1.36155603e-01
 -1.16983551e-01 -1.63167163e-01 -5.20143172e-02 -1.30346119e-01
 -1.17566736e-01 -1.20861447e-01 -7.12434518e-02 -8.99692945e-02
 -1.22650667e-01 -8.99763751e-02 -1.29050415e-01 -9.82680444e-02
 -1.53226505e-01 -6.99107767e-02 -1.45444079e-01 -1.25818738e-01
 -1.25671986e-01 -5.78243592e-02 -1.05483573e-01 -1.28520488e-01
 -1.20658170e-01 -1.43468440e-01 -1.03874251e-01 -1.79217879e-01
 -8.22472067e-02 -1.46850124e-01 -1.55061901e-01 -1.68227714e-01
 -6.08956807e-02 -1.57156529e-01 -1.48424602e-01 -1.38823067e-01
 -1.36747423e-01 -1.36790345e-01 -1.72422921e-01 -1.44175435e-01
 -1.76176873e-01 -1.49858279e-01 -2.02018239e-01 -7.34683999e-02
 -1.50060985e-01 -1.29792680e-01 -1.67127503e-01 -1.06352478e-01
 -1.43724271e-01 -1.55830802e-01 -1.59541832e-01 -1.50620231e-01
 -1.51306117e-01 -1.86749018e-01 -1.17541523e-01 -1.48936968e-01
 -1.03176756e-01 -1.88317545e-01 -8.91543660e-02 -1.29324659e-01
 -1.48730436e-01 -1.90186656e-01 -1.00024971e-01 -1.68865020e-01
 -1.72613021e-01 -9.95477433e-02 -1.49325523e-01 -1.14722340e-01
 -1.36436357e-01]",0.2820666666666667,0.0022,0.0,0.7602857142857142,0.20135714285714285,0.0,0.3106153846153846,0.002307692307692308,0.0,0.7485,0.19241666666666668,0.0,0.3129090909090909,0.002,0.0,0.735,0.1593,0.0,0.3426666666666667,0.004222222222222222,0.0,0.70775,0.16875,0.0,0.37057142857142855,0.01,0.0,0.6626666666666666,0.12183333333333334,0.0,0.67125,0.14410714285714285,0.0,0.16458544566544564,0.0,0.033746285714285715,0.0,5.761836609441724e-06,5.761836609441724e-06
3.905,0.1083,1313,0.5994375000000001,0.06558388593053936,0.78,0.1324764129949177,0.38596054665810126,3.7037037037037033,0.22178005712876156,0.6683035879704422,0.0687978318502798,3.7037037037037033,0.21491378628983585,0.6242019343915032,0.17013956283914158,11,0.7681765299663343,11,0.8259401709401708,-0.025960161181155673,9.0,1.0592429129180105,"[ 1.00000000e+00 -5.20512821e-02 -2.01282051e-02  8.75071225e-02
  4.70213675e-01 -1.75925926e-02 -4.67806268e-02  3.71894587e-01
  1.15071225e-01  3.68945869e-03 -9.38746439e-02  8.25940171e-01
 -1.36467236e-02 -5.25925926e-02 -5.35612536e-03  4.83760684e-01
  1.39743590e-02 -7.41880342e-02  2.75113960e-01  1.34886040e-01
  3.19800570e-02 -1.17079772e-01  7.32934473e-01  1.89886040e-02
 -4.79487179e-02 -5.56267806e-02  4.88333333e-01  3.80626781e-02
 -9.16951567e-02  1.86096866e-01  1.24430199e-01  7.88603989e-02
 -1.23404558e-01  6.36438746e-01  3.05413105e-02 -2.19373219e-02
 -8.18945869e-02  4.77592593e-01  7.09116809e-02 -1.07849003e-01
  1.17663818e-01  1.44245014e-01  1.20826211e-01 -1.35213675e-01
  5.44715100e-01  3.88888889e-02 -7.17948718e-03 -1.10014245e-01
  4.61794872e-01  7.32763533e-02 -1.06695157e-01  4.88746439e-02
  1.32293447e-01  1.42920228e-01 -1.45740741e-01  4.36182336e-01
  4.62393162e-02  1.29202279e-02 -1.46111111e-01  4.69501425e-01
  8.82478632e-02 -1.11951567e-01 -8.97435897e-04  1.51111111e-01
  1.75911681e-01 -1.61538462e-01  3.55997151e-01  6.09259259e-02
  5.00427350e-02 -1.57207977e-01  4.61894587e-01  9.93732194e-02
 -1.17065527e-01 -4.31196581e-02  1.69786325e-01  1.79131054e-01
 -1.62521368e-01  2.86923077e-01  6.20085470e-02  7.30626781e-02
 -1.68304843e-01  4.19316239e-01  9.75356125e-02 -1.03162393e-01
 -1.01438746e-01  1.73646724e-01  1.87051282e-01 -1.63504274e-01
  2.03034188e-01  6.36609687e-02  9.48005698e-02 -1.83461538e-01
  3.87991453e-01  7.53988604e-02 -1.07564103e-01 -1.25997151e-01
  1.52293447e-01  1.61780627e-01 -1.65484330e-01  1.21210826e-01
  4.72222222e-02  1.09059829e-01 -1.96552707e-01  3.41353276e-01
  7.20655271e-02 -9.54415954e-02 -1.45427350e-01  1.51809117e-01
  1.61296296e-01 -1.49871795e-01  5.48433048e-02  4.96581197e-02
  1.21182336e-01 -2.06581197e-01  2.72706553e-01  5.88319088e-02
 -1.03190883e-01 -1.67991453e-01  1.24971510e-01  1.21068376e-01
 -1.50569801e-01 -1.55840456e-02  2.46723647e-02  1.36296296e-01
 -2.02649573e-01  1.89245014e-01  5.57122507e-02 -8.63675214e-02
 -1.94472934e-01  1.00840456e-01  1.15883191e-01 -1.60099715e-01
 -5.95156695e-02  1.69230769e-02  1.51481481e-01 -2.09472934e-01
  1.38831909e-01  4.78917379e-02 -7.38888889e-02 -2.00797721e-01
  8.69658120e-02  1.17393162e-01 -1.47763533e-01 -1.02094017e-01
  1.34472934e-02  1.76424501e-01 -2.04472934e-01  8.28632479e-02
  4.29202279e-02 -2.80769231e-02 -2.15883191e-01  7.01709402e-02
  1.20256410e-01 -1.43048433e-01 -1.56068376e-01 -8.11965812e-03
  1.81709402e-01 -2.00968661e-01 -7.64957265e-03  3.45299145e-02
 -8.54700855e-04 -2.39515670e-01  2.63817664e-02  9.39173789e-02
 -1.25156695e-01 -1.82621083e-01 -4.35754986e-02  1.96894587e-01
 -1.78447293e-01 -5.37891738e-02  1.40313390e-02  3.49145299e-02
 -2.26324786e-01  4.10256410e-03  7.09971510e-02 -8.58262108e-02
 -1.79829060e-01 -5.38176638e-02  1.87435897e-01 -1.40897436e-01
 -8.24074074e-02 -1.65811966e-02  6.27065527e-02 -2.00527066e-01
 -2.48717949e-02  4.58689459e-02 -6.41595442e-02 -1.77606838e-01
 -7.78062678e-02  1.40156695e-01 -1.09544160e-01 -1.03618234e-01
 -5.33903134e-02  6.41452991e-02 -1.71239316e-01 -5.45584046e-02
  3.43304843e-03 -5.12535613e-02 -1.65128205e-01 -9.41025641e-02
  9.50854701e-02 -7.79059829e-02 -1.14430199e-01 -7.62393162e-02
  5.14102564e-02 -1.46296296e-01 -6.41595442e-02 -3.03133903e-02
 -5.02421652e-02 -1.43176638e-01 -9.62962963e-02  6.35470085e-02
 -6.82051282e-02 -1.07293447e-01 -8.79059829e-02  4.20940171e-02
 -1.22564103e-01 -7.44017094e-02 -4.20512821e-02 -4.50284900e-02
 -1.35185185e-01 -9.09401709e-02  2.76638177e-02 -5.97863248e-02
 -1.17179487e-01 -1.00427350e-01  4.04700855e-02 -1.15213675e-01
 -9.16951567e-02 -4.91595442e-02 -3.96723647e-02 -1.30683761e-01
 -8.72222222e-02 -6.69515670e-04 -4.79487179e-02 -1.16524217e-01
 -1.04188034e-01  3.74928775e-02 -9.79629630e-02 -9.52421652e-02
 -5.47008547e-02 -3.45299145e-02 -1.13076923e-01 -9.10541311e-02
 -8.98860399e-03 -4.45868946e-02 -1.09957265e-01 -9.41310541e-02
  2.71794872e-02 -7.80056980e-02 -8.71794872e-02 -5.45441595e-02
 -2.76068376e-02 -9.03418803e-02 -7.54415954e-02 -1.01139601e-02
 -2.94729345e-02 -1.01965812e-01 -7.69515670e-02  2.32763533e-02
 -6.23931624e-02]",0.2194,0.0003333333333333333,0.0,0.8077857142857143,0.3291428571428571,0.0,0.2303076923076923,0.0023846153846153848,0.0,0.7898333333333334,0.30075,0.0,0.25081818181818183,0.006,0.0,0.7677,0.293,0.0,0.2786666666666667,0.005555555555555556,0.0,0.745625,0.293125,0.0,0.30914285714285716,0.016428571428571428,0.0,0.7258333333333333,0.26216666666666666,0.0,0.70875,0.22428571428571428,0.0,0.28949648962148966,0.0,0.05912738095238096,0.0,2.78313946840635e-07,2.78313946840635e-07
3.905,0.1083,2029,0.6189999999999999,0.0517046903094874,0.7076249999999998,0.08752490716933095,0.3585174857371894,3.6697247706422016,0.08005234938978725,0.8758996645956898,0.07880418988349368,3.6697247706422016,0.10859649956313153,0.8301686135586821,0.1762433002986105,11,0.14843503062608124,11,0.3794730602371302,-0.03325935686929152,17.0,1.107394366197183,"[ 1.         -0.04464051  0.02889252  0.20391062  0.24261041  0.03397961
  0.03089095  0.19385061  0.11481744 -0.00300385  0.08038887  0.37947306
  0.03798117  0.02923655  0.06981691  0.20234084  0.02577749 -0.03335681
  0.06678148  0.13460347  0.0184139  -0.00959322  0.25893082  0.01420832
  0.0345859   0.1498523   0.11700508  0.03062916 -0.0599505   0.10320293
  0.1231379   0.01918626  0.03090754  0.18652444  0.07021046  0.084877
  0.14340633  0.13127384  0.00165723  0.01877136  0.09054824  0.02958845
  0.01092907  0.03118223  0.13779234  0.00296237  0.06425746  0.03850416
  0.18301718 -0.04927362  0.02087153  0.08567891  0.0365838  -0.05117501
  0.02198476  0.14622564  0.03888614 -0.09211335  0.10913675  0.15970122
 -0.07642006  0.00759475  0.12832335  0.09579432 -0.09256436  0.04712284
  0.12078028  0.04337884 -0.12414068  0.1108086   0.13808632 -0.11390959
 -0.00937381  0.11788169  0.04399253 -0.0686154   0.00598233  0.03451852
  0.09116728 -0.13415402  0.05021182  0.11363631 -0.08357243 -0.00633335
  0.06099097  0.08582111 -0.03796005 -0.02341793  0.06141275  0.04356923
 -0.12872104  0.02231887  0.10997038 -0.1162912  -0.05850839  0.03423206
  0.03364607 -0.04400421 -0.00812526  0.05059783 -0.02611217 -0.08833043
 -0.00211687  0.06852597 -0.20003602 -0.07184024  0.03200409 -0.02977155
 -0.04635661 -0.01141793  0.02728186 -0.03844867 -0.05604335  0.01253943
  0.02186819 -0.13014995 -0.03503126  0.04408838  0.05361091 -0.10236212
  0.04830454  0.11261424 -0.02422071 -0.09289651  0.03618448 -0.01429352
 -0.0802729  -0.11468249  0.07351382 -0.04361603 -0.12596771  0.02890267
  0.0485888   0.0111646  -0.12228249 -0.01962727  0.00532729 -0.09303772
 -0.13899381 -0.00684314 -0.05976872 -0.14557763 -0.05711025  0.06406096
 -0.08639481 -0.08102093 -0.06622997  0.01244706 -0.0902461  -0.16168768
  0.00586324 -0.00149849 -0.19104628 -0.00749631  0.04702305 -0.04587977
 -0.07784178 -0.08896464  0.05297638 -0.13281029 -0.14311729 -0.01472774
 -0.03865555 -0.1761126  -0.00831284 -0.01617225 -0.05918307 -0.07319611
 -0.03944656 -0.00658222 -0.08235194 -0.14870457  0.01244387 -0.0932639
 -0.15145791 -0.00511941 -0.06099025 -0.06006895 -0.08016628 -0.04591905
 -0.0030706  -0.06848295 -0.11374759  0.01256762 -0.06226181 -0.14473792
 -0.03800339 -0.02207838 -0.0792077  -0.0860024  -0.05313806  0.00916666
 -0.14505023 -0.05174275  0.00591564 -0.0678491  -0.13037126  0.00454518
 -0.02039226 -0.0157649  -0.1106727  -0.02201155  0.03483097 -0.12390783
 -0.00612449 -0.02132666 -0.01024175 -0.16389162 -0.0069469   0.03627481
 -0.07764666 -0.10270851  0.01124435  0.01367296 -0.08217512 -0.04723645
  0.01632674 -0.0217889  -0.0969916   0.00786237 -0.00207137 -0.08323394
 -0.11588739  0.03779387 -0.02084274 -0.10853221 -0.05275438 -0.01059737
 -0.01187481 -0.04082221 -0.01824589  0.00144025 -0.0774685  -0.04371895
  0.06546316 -0.06647661 -0.00254017 -0.06481349  0.02617082  0.03650922
 -0.06272673  0.00692075  0.00388716 -0.01489664 -0.02030846  0.04155366
 -0.04074295 -0.03354359 -0.03029912  0.04286065 -0.00203073 -0.03681358
  0.00107035  0.02565165 -0.01478716 -0.03915758  0.01027284 -0.06104431
 -0.05735723 -0.03905398  0.02933503]",0.2782,0.0015333333333333334,0.0,0.7705,0.20085714285714285,0.0,0.31038461538461537,0.0017692307692307693,0.0,0.7345,0.16816666666666666,0.0,0.33036363636363636,0.0022727272727272726,0.0,0.7081,0.1472,0.0,0.36033333333333334,0.0034444444444444444,0.0,0.6815,0.132875,0.0,0.37414285714285717,0.003142857142857143,0.0,0.6861666666666667,0.18066666666666667,0.0,0.6694642857142857,0.12660714285714286,0.0,0.16352057664557665,0.0,0.033190619047619045,0.0,1.358724674320045e-07,1.358724674320045e-07
3.905,0.1137,101,0.56825,0.03894788184227737,0.8369999999999999,0.06823488843692793,0.15554611177283376,400.0,0.044524694400172496,0.8890970434159945,0.14853317161783086,200.0,0.0678298614721303,0.8593245297401182,0.24583982716316452,11,0.26954812327468997,11,0.39714400773195885,-0.01643435785346769,10.0,1.0506825670798683,"[ 1.00000000e+00  9.14846435e-02  9.04005584e-02  3.27262135e-01
  3.15090206e-01  6.53753222e-02  7.03586770e-02  3.03837521e-01
  2.25541237e-01  5.23405284e-02  1.20709837e-01  3.97144008e-01
  9.84063574e-02  5.77496778e-02  1.88565292e-01  1.94541989e-01
  2.33279639e-02  2.83113187e-02  2.00739905e-01  1.08724764e-01
  7.31314433e-03  1.31712307e-01  1.92027491e-01  4.19421177e-02
  2.92096220e-04  1.94198346e-01  7.10137457e-02  2.13096005e-02
  4.30992268e-02  1.33295210e-01  1.70747423e-03  2.31475515e-03
  1.18364476e-01  7.43250644e-02  1.96005155e-02 -4.45742053e-02
  8.45500430e-02 -1.64588703e-02  1.09954897e-02  1.46364905e-02
  5.04939863e-02 -7.96230670e-03  1.14379296e-02  1.65539089e-03
  5.69501718e-02 -5.08242053e-02 -5.05659364e-02  3.46096435e-02
 -7.51514175e-02 -4.26766538e-02 -3.77469931e-02 -2.13267826e-02
 -7.34203179e-02 -4.49726160e-02 -1.24978522e-02  7.94942010e-03
 -7.26825601e-02 -4.76175902e-02  1.90603522e-02 -3.90469287e-02
 -1.13960481e-01  9.44533935e-03 -7.38713488e-02 -9.91178050e-02
 -6.02802835e-02 -6.07200387e-02  2.17708333e-02 -1.10863939e-01
 -5.28844502e-02 -3.65716280e-02 -4.40184708e-02 -1.77995597e-01
 -3.78371993e-02 -3.39008806e-02 -1.22935997e-01 -9.61796607e-02
 -6.24162371e-02 -1.92026418e-02 -1.30064433e-01 -3.35056916e-02
 -7.09836770e-03 -5.24801332e-02 -1.08305412e-01 -4.16274699e-02
 -3.02813574e-02 -1.27370597e-01 -2.31067440e-02 -1.34519974e-02
 -4.13831615e-02 -1.01235503e-01 -4.22626718e-02  1.70591710e-02
 -6.28747852e-02 -6.93282861e-02 -3.72562285e-02 -1.41242483e-02
 -7.80036512e-02 -1.57017826e-02  3.28812285e-02 -2.45972938e-03
 -2.47261598e-02 -1.20913875e-02  3.34579038e-02 -1.04546284e-01
 -1.67396907e-02 -3.22943514e-02 -2.52706186e-02 -9.08413875e-02
  2.97895189e-03  1.93454682e-02 -7.37167096e-02 -4.63160438e-02
  5.96391753e-02  1.65931057e-02 -1.00282431e-01 -6.75740979e-03
 -3.10105241e-02 -2.23491194e-02 -5.53543814e-02  3.78216280e-02
  4.54359966e-02 -5.83113187e-02 -2.72121993e-03  4.65061211e-02
  2.02663230e-02 -3.92370060e-02 -1.31786942e-02  2.86925473e-02
 -4.14959192e-02 -7.71858892e-02  5.92944588e-02  3.57393686e-02
 -1.03607174e-01 -2.02802835e-03  4.85416667e-02 -2.77679338e-02
 -3.85975086e-02 -2.86474442e-02  7.22336770e-02 -8.15297466e-02
 -3.49871134e-02  5.55041881e-02  6.72250859e-04 -4.80385524e-02
 -5.11630155e-02  7.59208548e-02 -3.15582045e-02 -4.03474012e-02
 -5.11769759e-02  6.51680627e-02 -4.83247423e-02 -4.50327534e-02
  3.50687285e-02  7.21112543e-04 -4.33182990e-02 -4.87784579e-02
  8.06411082e-02 -2.14685352e-02 -3.26471220e-02  5.75488617e-02
  2.85706615e-02 -4.46515249e-02 -1.18814433e-02  4.30643256e-02
 -3.79166667e-02 -1.92144545e-02 -3.17353952e-02  8.15759235e-02
 -3.93266753e-02 -4.01154424e-02  2.05487543e-02 -3.32361469e-02
 -1.38359107e-02 -2.09337414e-02  2.42665378e-02 -6.10368342e-02
 -3.08977663e-02  8.28876718e-03  2.90313574e-02 -2.27131658e-02
 -1.70854811e-02  3.24908720e-02 -2.26363832e-02  1.72481744e-02
 -3.11673110e-02  4.39137672e-02 -2.49323454e-02  1.15694802e-02
  1.14787371e-02 -1.91371349e-02 -7.79102234e-03  2.23480455e-02
  8.13573883e-03 -5.90727019e-02  4.61844931e-02 -3.24608033e-02
 -9.38251718e-03 -2.06346649e-03  1.59407216e-02  4.06566796e-02
  1.00408076e-02  6.27201460e-03 -5.25558419e-03  5.57039304e-02
 -2.42300258e-02 -7.86350945e-03  1.01406787e-02 -5.41398196e-03
 -3.10094502e-02 -1.97170318e-02  4.93503007e-02  4.45881658e-02
 -3.70371564e-02  3.67015679e-02  3.56174828e-02 -7.72390464e-03
 -7.81464777e-03  1.49108677e-03  1.58709192e-02  2.35663660e-03
 -2.18964777e-02  2.53441796e-02  5.14561856e-02 -4.32436641e-02
  6.68170103e-03  3.01089991e-02 -1.49237543e-02 -5.16070662e-02
 -2.11189863e-02 -2.45387672e-02 -7.02695447e-02 -5.52453823e-02
 -3.68234536e-03 -2.52507517e-02 -7.16795533e-02 -3.45333978e-02
 -2.40764605e-03 -4.31180198e-02 -5.93170103e-02 -3.99704682e-02
 -2.45972938e-02 -6.83413875e-02 -6.67407646e-02  9.33365550e-03
 -4.44512457e-02 -5.86635524e-02 -3.45919244e-02 -1.55407002e-02
 -6.59965636e-02 -3.69045318e-02 -5.37478522e-02 -3.70323239e-02
 -7.64003436e-02 -3.62204682e-02 -3.42708333e-02 -3.43615765e-02
 -6.97025344e-02 -6.20881658e-02 -7.25945017e-04 -6.89814218e-02
 -2.54725086e-02]",0.15233333333333332,0.0004,0.0,0.8710714285714286,0.4635714285714286,0.0,0.1596153846153846,0.00023076923076923076,0.0,0.86275,0.46491666666666664,0.0,0.167,0.001,0.0,0.8606,0.4799,0.0,0.17322222222222222,0.0005555555555555556,0.0,0.856,0.442125,0.0,0.17414285714285715,0.00028571428571428574,0.0,0.8586666666666667,0.454,0.0,0.8471428571428572,0.4273214285714286,0.0,0.46040821123321124,0.09218052380952381,0.09218052380952381,4.060823560277939e-05,4.060823560277939e-05,8.121647120555877e-05
3.905,0.1137,707,0.5706874999999999,0.03850928256602555,0.8325,0.07215434844830905,0.16436422285371285,200.0,0.049337404094443156,0.8903825715084204,0.17049179380677507,200.0,0.10575575023543342,0.8466907424639812,0.2882831931925288,4,0.2814789576413382,4,0.4257022809123649,-0.003840375929377277,14.0,1.048158640226629,"[ 1.00000000e+00  9.23499400e-02  1.19813926e-01  2.98178271e-01
  4.25702281e-01  1.01485594e-01  9.93577431e-02  3.46149460e-01
  1.95522209e-01  1.53358343e-01  6.87575030e-02  2.72692077e-01
  2.07719088e-01  4.11254502e-02  1.61446579e-01  1.53256303e-01
  1.57911164e-01 -2.71098439e-02  1.57617047e-01  1.64312725e-01
 -4.68187275e-03  5.87965186e-02  1.30258103e-01  8.41326531e-02
 -2.04561825e-02  1.05867347e-01  4.32953181e-02  6.83583433e-02
  4.98439376e-02  1.72839136e-02  1.09153661e-01  4.74219688e-02
  4.21728691e-02  5.32503001e-02  3.50960384e-02  4.49729892e-02
  4.92677071e-02  6.27460984e-02  2.77851140e-02  7.37364946e-02
  1.03841537e-02  7.75240096e-02  7.34153661e-02  3.17316927e-02
  3.29051621e-02  8.36584634e-02  7.63685474e-02 -2.13175270e-02
  4.58223289e-02  1.10141056e-01  1.92376951e-02 -7.19987995e-03
  6.30612245e-02  7.93607443e-02 -1.44237695e-02  1.11194478e-02
  9.41176471e-03  5.28421369e-02 -8.88955582e-03 -4.46908764e-02
 -4.56182473e-02  1.49492797e-01 -6.63205282e-02 -5.08613445e-02
  5.30132053e-02  7.60954382e-02 -7.44717887e-02 -2.53991597e-02
  8.08763505e-02  4.71758703e-02 -6.38355342e-02 -2.52070828e-02
  8.27490996e-02  2.49789916e-02 -1.92256903e-02 -2.89765906e-02
  3.69627851e-02  2.00090036e-02 -2.93577431e-02 -1.87004802e-02
  5.84033613e-02 -1.85744298e-02 -9.75930372e-02  2.06872749e-02
 -7.07082833e-03 -7.60054022e-02 -4.09783914e-02 -8.35024010e-02
  7.58703481e-03 -1.35477191e-01 -2.92016807e-02 -1.00537215e-01
 -2.90756303e-02 -8.24639856e-02 -4.13745498e-02 -5.91686675e-02
 -7.77430972e-02 -2.74099640e-02 -1.19573830e-01 -3.77280912e-02
 -6.94477791e-02 -5.68097239e-02 -5.93577431e-02 -5.67436975e-02
 -5.00480192e-02 -3.30282113e-02 -2.15306122e-02  2.75210084e-03
 -4.62545018e-02 -3.31962785e-02  2.22388956e-02  7.32593037e-03
 -7.76350540e-02  2.58793517e-02  3.41356543e-02 -3.23979592e-02
 -5.29411765e-03  4.09573830e-02  3.56482593e-02  2.15156062e-02
  3.05522209e-02  2.87845138e-02  7.26350540e-02  8.79351741e-04
  1.56182473e-02  6.87124850e-02  8.90156062e-03 -6.19537815e-02
 -6.87875150e-03  4.98169268e-02 -8.79351741e-03 -9.05732293e-02
 -3.63385354e-02  1.27340936e-02 -5.59003601e-02 -6.44507803e-02
 -4.61704682e-02  8.06422569e-03 -5.53481393e-02 -9.26500600e-02
 -9.48379352e-02  8.25630252e-03 -4.63325330e-02 -1.24510804e-01
 -3.50420168e-02 -3.47689076e-02 -5.28631453e-02 -7.34783914e-02
 -1.72028812e-02  4.87364946e-02 -7.50600240e-02  1.83703481e-02
 -2.90516206e-03  1.13535414e-02 -8.23709484e-02  3.91506603e-02
  8.21128451e-03 -5.59213685e-02  5.04141657e-02  9.81092437e-03
  5.64825930e-02 -1.52130852e-02  4.26830732e-02  2.13985594e-03
  1.24369748e-02  1.84123649e-02  7.10084034e-03  4.81902761e-02
  1.13685474e-02  2.09783914e-03  2.07983193e-02  4.18397359e-02
 -1.61704682e-02  1.76560624e-02  1.03943577e-01 -4.34423770e-02
  2.76590636e-02  4.19177671e-02  6.13385354e-02  8.43037215e-03
  6.11644658e-02  3.77881152e-02  6.32112845e-02  8.74939976e-02
  1.81392557e-02  8.76200480e-02  1.07881152e-01  5.08913565e-02
  4.43817527e-02  1.00177071e-01  1.18457383e-01  3.58373349e-02
  5.29171669e-02  1.00369148e-01  8.26350540e-02  4.48529412e-02
  4.75270108e-02  1.21449580e-01  8.96698679e-02  2.63175270e-02
  4.02160864e-02  9.01290516e-02  9.16026411e-02  7.00180072e-03
  5.21128451e-02  5.11854742e-02  4.82172869e-02 -1.75360144e-02
  4.67226891e-02  1.45828331e-02  2.31992797e-02 -3.17496999e-02
  1.92436975e-02  1.87364946e-02 -3.10504202e-02 -3.96008403e-02
  2.38775510e-02 -7.06182473e-03 -6.20108043e-02 -1.01770708e-02
  8.46338535e-03 -3.48409364e-02 -5.17346939e-02  6.10144058e-03
 -3.64945978e-03 -4.29921969e-02 -2.59123649e-02  9.95498199e-03
 -6.63865546e-03 -1.18277311e-02  6.81272509e-03  2.91146459e-02
  9.03961585e-03 -2.41806723e-02  1.69087635e-02  2.00030012e-02
 -2.80432173e-02 -5.37605042e-02  4.25510204e-02 -2.79411765e-03
 -6.00840336e-02  3.39435774e-03  1.32112845e-02 -1.61074430e-02
 -4.30252101e-02 -6.73769508e-03 -1.24669868e-02 -1.49549820e-02
 -5.23169268e-02 -2.31722689e-02 -2.45798319e-02 -3.19297719e-02
 -3.92196879e-02 -3.81662665e-02 -1.67647059e-02 -4.92647059e-02
 -4.89915966e-02 -5.43607443e-02 -3.53001200e-02 -4.66716687e-02
 -6.48259304e-02]",0.15946666666666667,0.00046666666666666666,0.0,0.8595,0.4415,0.0,0.1763846153846154,0.00023076923076923076,0.0,0.8403333333333334,0.41275,0.0,0.19818181818181818,0.0008181818181818182,0.0,0.8182,0.3726,0.0,0.20822222222222223,0.0013333333333333333,0.0,0.809875,0.366625,0.0,0.22457142857142856,0.0018571428571428571,0.0,0.7983333333333333,0.36666666666666664,0.0,0.7898214285714286,0.3492857142857143,0.0,0.39108711455211453,0.07840566666666667,0.07840566666666667,3.08745689949406e-05,3.08745689949406e-05,6.17491379898812e-05
3.905,0.1137,1313,0.596625,0.050322553343406566,0.76425,0.09557425123954673,0.24225038007699964,400.0,0.14881057356510038,0.8411908163808097,0.25800294381204797,400.0,0.32173417944487065,0.693576460662458,0.5041635636925625,4,0.30112857944974736,4,0.5849396172451775,-0.08258496160653642,12.0,1.0850044365572316,"[ 1.          0.38521719  0.39034119  0.53006228  0.58493962  0.3660282
  0.41748442  0.53462612  0.41795828  0.36678091  0.39272585  0.51084599
  0.38000445  0.3491588   0.42622551  0.46546491  0.28721692  0.37953156
  0.4631463   0.33289319  0.3008741   0.38546727  0.37475833  0.26669118
  0.32274196  0.38495075  0.29926798  0.25004408  0.31704244  0.32158143
  0.239614    0.25861747  0.33431574  0.2892964   0.21798233  0.28419725
  0.31737443  0.24254345  0.22635729  0.27360896  0.2541009   0.20878733
  0.20736331  0.25168307  0.1774371   0.191066    0.22404818  0.24725621
  0.13547714  0.1996394   0.25608018  0.18310345  0.12029428  0.18338231
  0.19564276  0.08395948  0.19406395  0.14044391  0.18456867  0.08725751
  0.17233991  0.14520959  0.1131905   0.11362415  0.14963743  0.13687582
  0.08657768  0.10832148  0.15850846  0.07331491  0.01920565  0.12227287
  0.10276481  0.06595615  0.04165852  0.10230387  0.05669609  0.04549793
  0.06596907  0.07256072  0.04415775  0.07694492  0.07092634  0.07722378
  0.01939918  0.06059204  0.07001639  0.057939    0.04370972  0.0510814
  0.05258927  0.03239699  0.02950531  0.08809798  0.03437872  0.0244498
  0.06046308  0.08161845  0.05174782  0.02588674  0.07597451  0.06125601
  0.02327391  0.04208238  0.03567379  0.06709251  0.02138894  0.03882897
  0.03994684  0.05005541  0.01256252  0.01182272  0.04636835  0.01043891
  0.03423196 -0.00277171  0.0429165  -0.01001931  0.02902166 -0.0335925
  0.00847959 -0.02422373 -0.02574697 -0.01153305 -0.0309419  -0.07215012
 -0.02548347 -0.02993861 -0.0733945  -0.03816466 -0.02160385 -0.04756415
 -0.05944995 -0.0300839  -0.07148713 -0.06479968 -0.04941232 -0.07419917
 -0.02303717 -0.07812487 -0.08775958 -0.02555078 -0.05483298 -0.0787406
 -0.06354825 -0.02753496 -0.07665965 -0.08805624 -0.08205301 -0.05434963
 -0.11139421 -0.11536012 -0.10016777 -0.04167431 -0.11484605 -0.14197636
 -0.04477636 -0.08754803 -0.14087386 -0.09880177 -0.07754719 -0.12461921
 -0.13102781 -0.10146675 -0.05890545 -0.14654168 -0.15167761 -0.1118532
 -0.07417726 -0.16640805 -0.14006969 -0.12262966 -0.14545963 -0.18441675
 -0.1178084  -0.12568123 -0.14470007 -0.16224783 -0.12662455 -0.13215392
 -0.15244199 -0.14106077 -0.13886867 -0.19014182 -0.18785051 -0.17392739
 -0.17398297 -0.20346017 -0.20576342 -0.14707154 -0.19511858 -0.20602252
 -0.18408372 -0.16605526 -0.17490654 -0.17838323 -0.14060807 -0.18435476
 -0.18802646 -0.13803448 -0.16780248 -0.19072824 -0.17836857 -0.12182857
 -0.1696806  -0.20648584 -0.1600142  -0.12165403 -0.2048907  -0.14668803
 -0.14253905 -0.15158533 -0.19689547 -0.13077634 -0.10072606 -0.17399359
 -0.19428167 -0.11672573 -0.11941899 -0.20480754 -0.14553065 -0.11176504
 -0.17819033 -0.20141031 -0.11974561 -0.1230273  -0.17332201 -0.15324088
 -0.11419648 -0.14728981 -0.17158743 -0.10898521 -0.09995087 -0.18269832
 -0.15724261 -0.07821902 -0.11727535 -0.1766634  -0.11836494 -0.0891939
 -0.14652927 -0.14374874 -0.08457106 -0.09136966 -0.1416678  -0.10878484
 -0.06201897 -0.11261132 -0.14580386 -0.06082068 -0.07710262 -0.13619987
 -0.12423364 -0.04843958 -0.11183718 -0.11785576 -0.08184248 -0.05707099
 -0.11997937 -0.09657633 -0.06515761]",0.2304,0.0017333333333333333,0.0,0.8022857142857143,0.3145,0.0,0.2640769230769231,0.0021538461538461538,0.0,0.7695833333333333,0.269,0.0,0.2922727272727273,0.0013636363636363637,0.0,0.7321,0.2217,0.0,0.3188888888888889,0.006222222222222222,0.0,0.7345,0.241375,0.0,0.30742857142857144,0.009142857142857144,0.0,0.7301666666666666,0.2615,0.0,0.7278571428571429,0.25535714285714284,0.0,0.257491820956821,0.0,0.05232300000000001,0.0,1.0342121348952168e-05,1.0342121348952168e-05
3.905,0.1137,2029,0.58175,0.046145828630549036,0.796875,0.07489315305820686,0.19616510239706192,2.2346368715083798,0.03506264477281347,0.9044729089202791,0.13097228582071582,200.0,0.07973578131302883,0.8594475013887077,0.2984205727498149,4,0.2139857943705791,4,0.3784211992478583,-0.019925565000717585,8.0,1.05791569863923,"[ 1.00000000e+00  1.15184727e-01  2.01328435e-01  2.55854342e-01
  3.78421199e-01  1.07994115e-01  1.72618219e-01  3.24017167e-01
  7.78953966e-02  8.69445992e-02  7.68420503e-02  2.22878508e-01
  2.46012954e-02  6.58950832e-02  9.70210321e-02  1.06905947e-01
  1.44856884e-02 -8.64005154e-03  1.68596351e-01  3.59225921e-02
  2.86057525e-02 -1.25574553e-02  1.40303991e-01  2.32998468e-02
  4.03579636e-02  7.81696149e-02  9.37652343e-02  7.16144927e-02
 -3.86343060e-02  1.46541368e-01  6.39407340e-02  4.95899784e-02
  4.74963438e-02  1.57806080e-01  4.30305035e-02  2.20636883e-02
  1.16843095e-01  8.79370081e-02  1.17112961e-01 -3.31107668e-02
  5.59579358e-02  6.04803607e-02  1.93867957e-02  6.74359287e-02
 -6.11114980e-03  6.51986559e-02 -7.37429487e-02  2.43793091e-02
 -4.90284839e-02  4.44973536e-02 -9.92495996e-02  5.33332753e-02
 -4.70262553e-02 -3.46342015e-02 -5.23974511e-02  3.31238248e-03
  1.98133575e-02 -4.59337349e-02 -1.13952922e-02 -1.04246466e-02
 -2.84664670e-02 -1.02988544e-01 -4.17769343e-02  3.72632147e-02
 -1.05299812e-01 -4.04667804e-02 -2.85622258e-02 -1.63094575e-02
 -9.76565220e-02  1.91996309e-02 -3.67974789e-02 -2.12715022e-02
 -5.13615154e-02 -2.03748520e-02 -2.49059823e-02 -3.14567519e-02
  2.98941430e-02 -4.58118602e-02  3.89389930e-02 -8.02240755e-02
  1.46249739e-02  6.52900620e-05 -1.05334633e-03 -2.88451494e-02
 -4.77226826e-02 -2.54413608e-02 -8.33188244e-02  2.68516262e-02
 -7.45525454e-02  2.44750679e-02 -1.22684379e-01 -4.69174385e-02
  1.20656035e-02 -6.48243262e-02 -7.15840240e-02 -1.03902605e-01
  3.97660004e-02 -1.55238004e-01 -2.26425935e-02 -1.12068215e-01
  1.60004179e-02 -6.66002159e-02 -5.55313741e-02 -5.56750122e-02
 -7.03043387e-02 -5.93747824e-02 -8.17344523e-02 -1.84335608e-02
 -1.00964552e-01 -5.18707779e-02 -8.64875688e-02 -3.32152309e-02
 -6.67873807e-02 -7.45220767e-02  3.13305244e-02 -7.91968452e-02
 -2.22334424e-02 -9.15323142e-02  4.87934397e-02 -6.96035587e-02
 -5.70025768e-02 -3.24230448e-02 -3.91130998e-02 -7.93709520e-02
 -4.91503587e-02  1.18523226e-02 -1.06196462e-01 -8.37062121e-02
 -9.60373285e-02 -5.71810363e-02 -1.02871022e-01 -1.13878926e-01
 -8.63047566e-02 -1.31785814e-01 -8.36670381e-02 -1.66128386e-01
 -5.14311582e-02 -1.11606832e-01 -7.02434014e-02 -1.26170868e-01
 -8.38324396e-02 -8.94082109e-02 -1.33914270e-01 -3.38420155e-02
 -9.84748242e-02 -7.28506512e-02 -1.29753117e-01 -4.95769204e-03
 -9.43136709e-02 -7.41216310e-02 -6.42367156e-02 -8.53428164e-02
 -9.78480396e-03 -7.66461801e-02 -1.77327808e-02 -1.16216310e-03
 -7.78257539e-03  7.95232955e-03 -1.33626994e-02  3.58703601e-02
 -2.74392367e-02  4.05973605e-02  9.39306358e-03  2.31083293e-02
 -1.22048889e-02 -1.77806602e-02 -6.56295703e-02  8.11773104e-03
 -6.32704227e-02 -9.78915663e-03 -3.99488126e-02 -3.44513894e-02
 -1.99004109e-02 -4.44886482e-02 -1.03593565e-03 -6.45544606e-02
 -4.45713490e-03 -4.45757017e-02 -1.45640365e-02  2.78440351e-02
 -2.11888014e-02 -4.47889825e-03 -1.68796574e-02  4.10587436e-02
 -1.66097918e-02  4.25125357e-02 -2.43488404e-02  2.01485131e-02
  2.45316526e-02  4.22861968e-02  5.44693224e-02  3.90739258e-02
  4.90284839e-02  5.00687722e-02  7.23500940e-02  6.11332614e-02
  7.23413887e-02  1.20960721e-02  6.46023400e-02  6.25783481e-02
  2.36437078e-02  1.36804443e-02  3.72849781e-02  3.51913434e-02
 -3.17396755e-02  4.40969079e-02  4.51371962e-02 -2.06098962e-02
 -3.40552963e-02  1.60134759e-02  2.62466049e-02 -8.41414792e-02
  2.72128978e-02  3.73894422e-03  1.36935023e-02 -6.43107111e-02
  3.26972630e-02  1.40286580e-02 -1.38327878e-02 -3.96049516e-02
  2.72477192e-02  3.39290689e-02 -4.40055018e-02 -2.06795390e-02
  1.27446201e-02  4.16420015e-02 -1.85336723e-02  2.38047566e-02
  6.49592590e-02 -2.94675813e-03  2.37220559e-02  2.14194930e-02
  1.02757852e-01 -3.17309701e-03  1.93171530e-02  5.50395223e-02
  7.17494254e-02 -1.03637092e-02  3.35155652e-03  1.05861306e-01
 -1.04464099e-03  1.38850198e-03  3.50215892e-02  6.05064768e-02
 -1.51298837e-02 -1.17217425e-02  5.38773591e-02 -5.32331639e-03
 -3.09910161e-03 -2.67123407e-02  6.91813497e-02 -4.57335121e-02
 -2.44271885e-02  9.88056271e-04  2.32693781e-02 -2.36045337e-02
 -2.13803190e-02  4.77009193e-02 -1.04551153e-02  1.07815656e-02
 -3.15655686e-02]",0.1948,0.0011333333333333334,0.0,0.8262142857142857,0.37157142857142855,0.0,0.21869230769230769,0.0008461538461538462,0.0,0.8065,0.34441666666666665,0.0,0.2339090909090909,0.0015454545454545454,0.0,0.7915,0.3273,0.0,0.24177777777777779,0.0023333333333333335,0.0,0.78575,0.318,0.0,0.24542857142857144,0.003,0.0,0.7898333333333334,0.35283333333333333,0.0,0.7882142857142858,0.3314285714285714,0.0,0.3410526307026307,0.06856485714285714,0.06856485714285714,3.4985807348448464e-06,3.4985807348448464e-06,6.997161469689693e-06
3.905,0.119,101,0.5649375,0.044549787808136634,0.828625,0.07390439347562498,0.1495542772238284,400.0,0.10431036659916365,0.851712392173473,0.23562347198148317,400.0,0.21817000537342998,0.7618364693349579,0.502199937213406,4,0.32149880235160266,3,0.5316776066415112,-0.061931734458977886,11.0,1.06064,"[ 1.00000000e+00  3.54240336e-01  4.06668960e-01  5.31677607e-01
  5.16103405e-01  3.88711169e-01  4.40161418e-01  4.59239449e-01
  4.33689821e-01  3.47335006e-01  4.28528446e-01  3.76336677e-01
  3.29866403e-01  3.14781389e-01  3.99250384e-01  2.61236193e-01
  2.93722548e-01  3.32908772e-01  2.89216284e-01  2.38168814e-01
  2.64444486e-01  2.47236797e-01  2.52749164e-01  2.17721880e-01
  2.13748008e-01  2.07328198e-01  1.65924307e-01  1.74048537e-01
  2.08823489e-01  1.69542273e-01  1.77177315e-01  1.47050491e-01
  1.38010236e-01  1.47112841e-01  1.57691591e-01  1.19065487e-01
  1.72472487e-01  1.48556345e-01  1.15975000e-01  1.91778791e-01
  1.43011337e-01  1.24982614e-01  1.26241049e-01  1.39763509e-01
  1.57199471e-01  8.58778847e-02  1.24243075e-01  1.23536177e-01
  1.49480002e-01  9.02565161e-02  6.73187502e-02  1.41812319e-01
  9.79539076e-02  8.58126025e-02  9.54043953e-02  1.24947040e-01
  9.48202163e-02  9.29776018e-02  1.25132109e-01  1.00726780e-01
  3.48034237e-02  1.41992475e-01  1.48972405e-01  3.54776804e-02
  1.15858668e-01  1.31014614e-01  9.76208165e-02  5.94838997e-02
  6.61405657e-02  1.47665852e-01  7.22562572e-02  3.72289728e-02
  1.36407931e-01  8.86274349e-02  2.13938563e-02  1.08640637e-01
  9.50231864e-02  5.06755870e-02  8.52846158e-02  8.55646758e-02
  8.96008971e-02  3.96977263e-02  8.00282499e-02  7.32765928e-02
  3.07284035e-02  1.67876882e-02  7.11730638e-02  3.43463693e-02
  1.20637146e-02  2.45673835e-04  3.30552925e-02 -6.71511104e-03
 -5.45667541e-03 -1.05748457e-02  1.58581670e-02  1.81035605e-02
 -3.88313275e-02 -2.04084075e-02  2.05772273e-02 -2.88367557e-02
 -6.98093884e-03 -7.19006663e-03 -6.91000661e-03 -1.75837484e-02
 -2.13916964e-02 -2.35661576e-02 -6.12161323e-03 -7.67880887e-02
 -4.10347609e-02 -9.85862902e-03 -2.44544555e-02 -8.66216504e-02
 -3.37038383e-02 -3.31005138e-02 -7.79373010e-02 -6.96471483e-02
 -4.66470324e-02 -4.09773243e-02 -8.22152913e-02 -5.39828684e-02
 -3.31054271e-02 -7.95757011e-02 -7.74962310e-02 -1.60791383e-02
 -7.02362405e-02 -1.08207234e-01 -1.06617624e-02 -6.84176849e-02
 -8.93901173e-02 -5.69037630e-02 -4.33813033e-02 -7.69410243e-02
 -1.02324729e-01 -5.97056076e-02 -1.36535892e-02 -1.19138221e-01
 -5.13445227e-02 -5.04093515e-02 -3.91754897e-02 -9.54552665e-02
 -2.22633375e-02 -3.57148650e-02 -3.52688816e-02 -4.62658879e-02
 -5.44617647e-03 -4.34171699e-02 -2.74401889e-02 -4.48138011e-02
 -2.96578546e-02 -5.48756362e-02 -3.72651684e-02 -1.60558804e-02
 -2.95074079e-02 -5.26025149e-02 -4.34913276e-02 -7.63959375e-02
 -4.39095832e-02 -1.42010147e-02 -8.60117891e-02 -5.33595116e-02
 -7.92324043e-02 -8.22193178e-02 -6.46088500e-02 -6.39969433e-02
 -1.00823638e-01 -7.11150693e-02 -6.88696758e-02 -7.93774942e-02
 -9.83845932e-02 -9.90829088e-02 -1.04847608e-01 -7.41606639e-02
 -1.11965734e-01 -8.68343613e-02 -8.47548912e-02 -1.06050588e-01
 -1.33067780e-01 -1.16601611e-01 -1.30376403e-01 -1.17343131e-01
 -9.87542875e-02 -7.60774361e-02 -1.19769924e-01 -1.40576433e-01
 -1.08911114e-01 -8.23121776e-02 -1.43335074e-01 -1.29157503e-01
 -9.76581064e-02 -1.18141351e-01 -1.33881476e-01 -1.19869829e-01
 -8.06836042e-02 -1.15221701e-01 -1.41749705e-01 -6.72561356e-02
 -9.16614649e-02 -1.30121646e-01 -9.50234295e-02 -7.70896973e-02
 -1.27647979e-01 -7.97965508e-02 -7.67387051e-02 -9.19896427e-02
 -7.89563707e-02 -7.01770302e-02 -9.98146665e-02 -1.06889588e-01
 -4.18736751e-02 -8.16440787e-02 -7.33539259e-02 -8.33725566e-02
 -7.29597293e-02 -7.57893017e-02 -6.96218235e-02 -8.48727611e-02
 -6.17067219e-02 -9.64107418e-02 -6.80123956e-02 -8.08088120e-02
 -6.15648574e-02 -7.04391891e-02 -6.19831130e-02 -7.23250081e-02
 -6.73018289e-02 -9.08861237e-02 -6.29769653e-02 -7.23404847e-02
 -6.43735964e-02 -6.09839040e-02 -5.31829391e-02 -7.95450196e-02
 -5.39244591e-02 -7.63644549e-02 -7.08520879e-02 -7.31838903e-02
 -6.52170020e-02 -8.71678100e-02 -5.22269345e-02 -1.02130105e-01
 -7.65095449e-02 -7.03420667e-02 -1.01770531e-01 -7.63158937e-02
 -7.86476961e-02 -9.53661971e-02 -6.07571683e-02 -8.13977540e-02
 -9.64827683e-02 -8.93369145e-02 -7.04162244e-02 -6.99702411e-02
 -9.28994247e-02 -8.11763751e-02 -8.13855029e-02 -9.51602948e-02
 -1.14822505e-01 -3.16637320e-02 -1.04452882e-01 -1.07439796e-01
 -6.93978699e-02]",0.1586,0.0016,0.0,0.8661428571428571,0.5336428571428572,0.0,0.18653846153846154,0.003,0.0,0.8364166666666667,0.5001666666666666,0.0,0.20145454545454544,0.0035454545454545456,0.0,0.8179,0.485,0.0,0.225,0.01011111111111111,0.0,0.807625,0.47,0.0,0.22557142857142856,0.010142857142857143,0.0,0.8118333333333333,0.46266666666666667,0.0,0.8092857142857143,0.44285714285714284,0.0,0.4846153535353535,0.09805904761904762,0.09805904761904762,3.703166860546179e-05,3.703166860546179e-05,7.406333721092358e-05
3.905,0.119,707,0.5586249999999999,0.04180292304372984,0.8463749999999999,0.07411551372688446,0.13121704498758782,400.0,0.12038140955190789,0.8513428384921722,0.27996335131948685,400.0,0.2566943170560972,0.7175513463965549,0.5656082536246803,2,0.35304495748352543,4,0.5924996657744506,-0.0888629937535221,11.0,1.0504188644120385,"[ 1.00000000e+00  4.26878269e-01  5.60076104e-01  5.36424021e-01
  5.92499666e-01  4.02730374e-01  4.38160835e-01  4.89355364e-01
  4.46443357e-01  3.45256635e-01  4.10352103e-01  3.81011075e-01
  3.02992584e-01  2.70238189e-01  3.04613351e-01  2.51378752e-01
  2.04805907e-01  2.22279212e-01  2.37229469e-01  1.81719292e-01
  1.91228073e-01  1.68548800e-01  1.79030390e-01  1.48386594e-01
  1.65364960e-01  1.66661748e-01  1.81282047e-01  1.42673726e-01
  2.02888079e-01  1.54039656e-01  2.05316675e-01  1.36878369e-01
  2.28142986e-01  1.49712047e-01  1.71159080e-01  1.33523569e-01
  1.91792302e-01  1.12141084e-01  1.45048498e-01  1.39436062e-01
  1.55524108e-01  1.25770632e-01  1.14469250e-01  1.33970664e-01
  1.26082649e-01  8.61715601e-02  1.27208477e-01  8.64070682e-02
  1.17121394e-01  6.81904815e-02  1.08254589e-01  6.16817447e-02
  6.62269207e-02  4.25748381e-02  9.12463200e-02  4.80043535e-02
  4.78333935e-02  4.54693451e-02  5.32629089e-02  4.08237380e-02
  2.02550639e-02  2.69933283e-02  5.18537287e-02  1.77140750e-02
 -8.62603432e-03  3.77698694e-02  1.28150182e-02  5.81732369e-03
 -8.00710549e-03 -2.30518135e-02  5.46942334e-03 -3.11107879e-02
 -3.01439588e-02  1.62566596e-03 -2.24388652e-02 -3.18492060e-03
 -2.36711050e-02  1.50077441e-02 -3.49784673e-02 -2.46618562e-02
  2.87257615e-02 -1.21581370e-02 -1.42747163e-02  9.61287437e-03
  4.37405670e-02  5.21473636e-03  2.22755924e-02  5.32373869e-02
  3.50267807e-02  1.45405963e-02  3.15189627e-02  4.53314309e-02
  2.48452465e-02  1.23235858e-02  1.22351156e-02  6.23743454e-02
 -1.15879269e-02  9.13376560e-03  2.37540640e-02  6.76373667e-03
 -3.75335292e-02 -2.38035508e-02  3.41491755e-03 -3.74689810e-02
 -4.54394853e-02  1.50223362e-02 -3.86247116e-02 -4.62652570e-02
 -5.08223940e-02 -3.69274361e-02 -6.52956545e-02 -6.29435671e-02
 -6.18117585e-02 -6.27080590e-02 -7.62025293e-02 -7.02720952e-02
 -5.30462597e-02 -1.01894682e-01 -8.36135471e-02 -5.85056776e-02
 -1.02802943e-01 -1.02891414e-01 -8.81061358e-02 -8.92499054e-02
 -1.08763280e-01 -8.36554106e-02 -1.24786778e-01 -1.08616242e-01
 -1.05291345e-01 -1.05297326e-01 -1.00834639e-01 -1.00840620e-01
 -1.00929090e-01 -1.07761805e-01 -9.76101735e-02 -9.41202970e-02
 -1.01035502e-01 -9.73806459e-02 -1.01937783e-01 -6.89478793e-02
 -1.36083417e-01 -9.15506430e-02 -9.03363447e-02 -1.02858005e-01
 -1.16682435e-01 -8.22247830e-02 -5.94749814e-02 -8.55676217e-02
 -8.43533233e-02 -6.95680455e-02 -6.70509786e-02 -9.31436189e-02
 -8.73781641e-02 -7.49509542e-02 -7.37366559e-02 -9.08919627e-02
 -1.01220535e-01 -7.49748762e-02 -1.05618673e-01 -1.24967068e-01
 -1.11484559e-01 -1.17179485e-01 -1.50098860e-01 -1.33120493e-01
 -1.43366576e-01 -1.38986379e-01 -1.83283645e-01 -1.61589143e-01
 -1.91260130e-01 -1.61601104e-01 -2.32232499e-01 -1.83313548e-01
 -2.05267480e-01 -1.84958236e-01 -1.90818141e-01 -1.85217666e-01
 -2.00344864e-01 -1.61666015e-01 -1.87923634e-01 -1.67696880e-01
 -1.86072466e-01 -1.83885358e-01 -1.60245236e-01 -1.84392257e-01
 -1.66523571e-01 -1.62308354e-01 -1.70608817e-01 -1.56153498e-01
 -1.88182553e-01 -1.62266853e-01 -1.79587139e-01 -1.68380208e-01
 -1.81149338e-01 -1.70024896e-01 -1.65644700e-01 -1.94095408e-01
 -1.79557599e-01 -1.62496743e-01 -1.88754363e-01 -1.60315616e-01
 -1.82104569e-01 -1.39039542e-01 -1.93659400e-01 -1.43685150e-01
 -1.86927116e-01 -1.47357947e-01 -1.83773179e-01 -1.58912779e-01
 -1.56890650e-01 -1.34388317e-01 -1.74381896e-01 -1.41639462e-01
 -1.45306279e-01 -1.50028395e-01 -1.69706749e-01 -1.38184593e-01
 -1.39658322e-01 -1.42269839e-01 -1.49350024e-01 -1.13194222e-01
 -1.13282692e-01 -1.45311747e-01 -1.04604789e-01 -1.00142103e-01
 -1.14939342e-01 -1.28928750e-01 -9.71591255e-02 -8.70899835e-02
 -1.05465569e-01 -9.89747738e-02 -8.30517068e-02 -6.03843949e-02
 -9.33037698e-02 -7.63254034e-02 -3.41506973e-02 -6.25189157e-02
 -7.74811340e-02 -3.42511285e-02 -4.79930680e-02 -2.74363549e-02
 -7.06783214e-02  1.90360580e-02 -4.69616906e-02 -3.20939231e-02
  1.12185721e-02 -1.95902039e-02 -4.12966671e-02 -1.73265867e-02
 -3.76158767e-03 -8.23623489e-03 -2.29509840e-02  1.25619668e-02
  3.64495575e-02 -1.12610757e-02  1.49845830e-02  3.65965955e-02
  1.64403699e-02  3.40362500e-04  1.74012186e-02  5.61625574e-02
  9.67220296e-03]",0.14673333333333333,0.0008,0.0,0.8751428571428571,0.5785714285714286,0.0,0.16546153846153847,0.0016923076923076924,0.0,0.8645,0.5534166666666667,0.0,0.16263636363636363,0.0016363636363636363,0.0,0.8606,0.5465,0.0,0.16744444444444445,0.0011111111111111111,0.0,0.8545,0.526125,0.0,0.1732857142857143,0.0007142857142857143,0.0,0.858,0.528,0.0,0.8541071428571428,0.5216071428571428,0.0,0.5453318054168055,0.10930452380952382,0.10930452380952382,3.57065295420188e-05,3.57065295420188e-05,7.14130590840376e-05
3.905,0.119,1313,0.5771875,0.04743313550409671,0.7923749999999999,0.09116254370628323,0.18983858122775465,400.0,0.14644285386849845,0.8330924271467736,0.2976925556058782,400.0,0.2940393143163237,0.690007367872501,0.6066837445475155,2,0.35464017535483294,3,0.621959303713815,-0.07348881946200143,13.0,1.0753180661577608,"[ 1.          0.51942208  0.58298484  0.6219593   0.61494398  0.51027675
  0.53958924  0.53569681  0.54869356  0.43684988  0.51406424  0.48697293
  0.46838354  0.467614    0.46759651  0.46734965  0.45281382  0.42143957
  0.45879524  0.39334934  0.42179509  0.39146619  0.37143663  0.38310789
  0.35202695  0.32771446  0.35517878  0.32079633  0.33246759  0.30890715
  0.34359869  0.30112229  0.31539376  0.32150737  0.32878101  0.29954823
  0.29976011  0.32531235  0.25720231  0.25417661  0.27932086  0.27016407
  0.19343741  0.25358398  0.24303778  0.18210418  0.17983053  0.19959574
  0.21676073  0.17624719  0.19838323  0.18280205  0.16601007  0.17889213
  0.16545241  0.16092262  0.14198917  0.17141635  0.12789461  0.11538555
  0.12450736  0.11621731  0.07720787  0.0830921   0.1028573   0.12412661
  0.07244699  0.1228169   0.11475623  0.13301734  0.07832952  0.14125491
  0.11578239  0.10095326  0.07964897  0.10283037  0.06295419  0.11546556
  0.06193778  0.04902074  0.0619028   0.06252267  0.05272852  0.07590992
  0.06761987  0.08542222  0.04144173  0.08041619  0.040948    0.05435273
  0.06463458  0.02580375  0.05702833  0.02485127  0.01719858  0.02435754
  0.00293856  0.02814674  0.03102276 -0.00167697  0.0356787   0.03091953
  0.02951262  0.0240014   0.05695946  0.01760595  0.01683641  0.01121051
  0.0438245  -0.02011731  0.00231204 -0.00169508  0.00106626 -0.02591037
 -0.00949743 -0.00523199 -0.01983175 -0.02673238 -0.00742593 -0.01507861
 -0.01960841 -0.02361553 -0.0070879  -0.01173238 -0.02164122 -0.01037795
  0.02547362 -0.01966691 -0.01592415 -0.03346818 -0.02544249 -0.02933492
 -0.04526016 -0.04088004 -0.00694055 -0.06336185 -0.03040379 -0.02868781
 -0.03310291 -0.06557327 -0.01659278 -0.05022318 -0.0314394  -0.07206763
 -0.00977959 -0.06521946 -0.07350951 -0.07213759 -0.07290713 -0.09988376
 -0.08150797 -0.09118743 -0.06928076 -0.11997895 -0.07122783 -0.11561631
 -0.11314827 -0.05792199 -0.10253985 -0.10834437 -0.08354419 -0.09224223
 -0.09399319 -0.10569943 -0.10097524 -0.11001734 -0.1169819  -0.07378843
 -0.11667281 -0.1169836  -0.09635166 -0.0974145  -0.108254   -0.11371446
 -0.08458058 -0.06568211 -0.0982164  -0.0799553  -0.08188487 -0.07843541
 -0.06231577 -0.08819629 -0.0894885  -0.08025201 -0.074725   -0.09181028
 -0.12908625 -0.06050167 -0.11131455 -0.12163137 -0.0997247  -0.08273832
 -0.10786679 -0.10204649 -0.08806831 -0.07345277 -0.12287624 -0.09472379
 -0.09225575 -0.10847429 -0.10803303 -0.11360817 -0.10952135 -0.13487919
 -0.13455261 -0.11779561 -0.14905517 -0.13883725 -0.11045542 -0.12279902
 -0.10280444 -0.10120314 -0.12129663 -0.1172098  -0.11555774 -0.08364503
 -0.12329184 -0.10197177 -0.11153654 -0.10230005 -0.13494902 -0.11807733
 -0.13117298 -0.1203177  -0.12988247 -0.14587164 -0.13374163 -0.13092953
 -0.13187768 -0.15174179 -0.14378002 -0.12991654 -0.14677244 -0.17160761
 -0.12239774 -0.14741151 -0.16923847 -0.14872122 -0.15892335 -0.15089766
 -0.18290927 -0.1746542  -0.1578972  -0.1882261  -0.17436261 -0.16963842
 -0.17642437 -0.16828398 -0.14904145 -0.1421758  -0.16689628 -0.16581765
 -0.1130769  -0.18002691 -0.14932501 -0.16287941 -0.14837856 -0.17633662
 -0.15529668 -0.14854572 -0.15058998]",0.20113333333333333,0.002,0.0,0.8309285714285715,0.4587857142857143,0.0,0.23176923076923078,0.0026153846153846153,0.0,0.7916666666666666,0.38375,0.0,0.26945454545454545,0.0030909090909090908,0.0,0.7567,0.3413,0.0,0.28955555555555557,0.006222222222222222,0.0,0.747625,0.343,0.0,0.29314285714285715,0.007571428571428572,0.0,0.7175,0.31733333333333336,0.0,0.7101785714285714,0.30875,0.0,0.36453382062382067,0.07376676190476192,0.07376676190476192,2.0463895619609228e-05,2.0463895619609228e-05,4.0927791239218456e-05
3.905,0.119,2029,0.54625,0.032811011871016704,0.8803750000000001,0.05008601975601573,0.08993345722407153,2.247191011235955,0.039285292128456904,0.8950144007217663,0.12698689403954816,200.0,0.0938180948327696,0.8554916197846772,0.34016847428873603,4,0.22294629898403487,4,0.39891691736582147,-0.0049158171835795485,9.0,1.048377493301578,"[ 1.00000000e+00  1.66946188e-01  2.30803639e-01  3.67447929e-01
  3.98916917e-01  1.20471922e-01  2.51155490e-01  2.15891788e-01
  1.71104633e-01  6.35897472e-02  1.44444912e-01  1.36051177e-01
  5.24726099e-02  9.19515138e-02  1.47892477e-01  8.02403130e-02
  1.12244956e-01  1.02873339e-01  1.34877983e-01  1.27997786e-01
  1.42562488e-01  7.49103244e-02  7.79958082e-02  1.17474712e-01
  4.48397083e-02  6.88344358e-02  7.24555749e-02 -3.64873156e-03
 -3.04602899e-02  9.02575973e-02 -4.51985662e-02 -1.81767631e-02
 -3.07640563e-03 -4.18094095e-02 -4.81539511e-02 -8.67504718e-03
 -3.79780257e-02 -5.02832900e-02 -1.23179239e-02  1.56817616e-02
 -1.61126371e-02 -5.33321032e-02 -3.77895186e-02 -1.77991728e-03
 -5.50192151e-02 -4.04545129e-02 -1.34327099e-02 -1.03507655e-01
 -5.70901458e-02 -3.00683428e-02 -8.27719852e-02 -1.24532065e-01
 -2.02762362e-02 -9.13977023e-02 -1.15717840e-01 -9.61702979e-02
 -5.34945282e-03 -1.14377877e-01 -1.04796015e-01 -7.27913716e-02
 -4.47916861e-02 -6.85761689e-02 -1.22793349e-01 -1.26646471e-01
 -6.07398272e-02 -7.35807469e-02 -1.09380104e-01 -8.58276031e-02
 -1.29823545e-02 -7.77008708e-02 -4.81876475e-02 -7.19520588e-03
 -6.23902685e-02 -5.83269024e-02 -9.41797311e-03 -3.30541386e-03
 -6.99796949e-02 -9.58133708e-02 -7.04171883e-03 -6.37503192e-02
 -8.40654994e-02 -5.01050912e-02 -1.04322271e-01 -7.63225860e-02
 -9.81513039e-02 -3.02888957e-02 -8.94889163e-02 -5.49928527e-02
 -1.09210033e-01 -2.23941458e-02 -7.26063681e-02 -8.00222204e-02
 -4.95311147e-02 -9.07555387e-02 -7.07657691e-02 -5.92281425e-02
 -1.28929499e-01 -8.25119900e-02 -5.30921950e-02 -8.14172911e-02
 -6.29410592e-02 -8.77968527e-02 -8.02641840e-02 -7.62008178e-02
 -9.20688130e-02 -2.07371022e-02 -8.49199631e-02 -1.13245059e-01
 -1.14806510e-02 -4.38107050e-02 -8.65486668e-02 -8.59546032e-02
 -3.55321362e-02 -8.53021314e-02 -7.37645047e-02 -7.71753991e-02
 -4.32149909e-02 -9.79678264e-02 -6.24938804e-02 -6.49268924e-02
 -3.99542824e-02 -9.91543030e-02 -8.66387939e-02 -7.01183269e-02
 -2.41430449e-02 -7.29351577e-02 -1.15691276e-02 -3.93585683e-02
 -3.28037820e-02 -1.72611974e-02  2.41734714e-02 -1.35816501e-02
 -2.44668049e-02 -6.96845551e-03  3.54440956e-02 -1.97509670e-02
 -2.46753991e-02  3.66906310e-02  2.02869805e-02  1.78539685e-02
  6.42714776e-02  3.99513394e-02  1.91005039e-02  5.90216349e-02
  8.79992027e-02  7.86275856e-02  7.02338509e-02  5.49015110e-02
  1.17781079e-01  6.10724785e-02  5.17008614e-02  1.17607505e-01
  1.70312237e-02  9.38814302e-02  7.30305946e-02  5.61847170e-02
  7.02137639e-02  7.17857098e-02  8.88418322e-02  1.32767921e-01
  6.41378752e-02  9.01817958e-02  9.72722375e-02  1.30790419e-01
  9.95316753e-02  1.38032697e-01  9.52947350e-02  9.79379917e-02
  7.61092737e-02  1.70399421e-01  3.64567957e-02  6.00092961e-02
  9.54832421e-02  1.09070062e-01  9.02943613e-03  7.74274997e-02
  1.21353589e-01  6.01978032e-02  5.88361019e-02  1.45651989e-01
  5.80684642e-02  3.52618638e-02  9.12028265e-02  1.20180394e-01
  3.45526344e-02  8.80021769e-02  7.66747949e-02  5.83153795e-02
  1.40638800e-02  5.60342041e-02  6.06332256e-02  9.44312088e-03
  3.29956213e-02  2.23340247e-04  4.01444712e-02  1.38685682e-02
  2.99468082e-02 -1.27911536e-02  4.26141538e-02  3.82253770e-02
 -9.49542513e-03 -7.38782381e-03  3.80518029e-02  3.11716059e-02
 -3.14977172e-02  3.93917665e-02 -6.81549788e-03  3.31056331e-02
 -1.21237488e-02  4.13257937e-02  2.00327310e-02  7.19181132e-03
 -1.56147891e-02  9.89347622e-03  4.63453046e-02 -4.84480009e-03
 -2.11550224e-02  1.52968060e-02  4.41165113e-03  3.04994986e-03
 -7.45678943e-02  1.97222534e-02 -4.29470698e-02 -5.42744517e-02
 -3.57047916e-02  3.23845694e-03 -1.15219992e-01 -5.08268868e-02
 -2.22915460e-02 -3.66460035e-02 -1.02784629e-01 -1.74822798e-02
 -2.53403591e-02 -4.46776569e-02 -4.66309771e-03 -3.24525384e-02
 -2.88313994e-02  1.46524625e-02 -9.13202035e-03 -5.68528225e-02
  4.07098056e-03 -6.70504855e-02 -2.31243966e-02 -4.59309970e-02
 -5.18333115e-02 -8.76326681e-02 -4.96673020e-02 -9.54323393e-02
 -4.59877547e-02 -1.26632674e-01 -4.07946696e-02 -6.51148078e-02
 -7.69778450e-02 -9.63151429e-02 -9.49925569e-03 -8.51613350e-02
 -3.97217084e-02 -5.55897036e-02 -2.31428331e-02 -5.14679292e-02
 -4.33996051e-02]",0.11166666666666666,0.0002666666666666667,0.0,0.9045,0.6404285714285715,0.0,0.13207692307692306,0.0008461538461538462,0.0,0.8848333333333334,0.5978333333333333,0.0,0.1389090909090909,0.0003636363636363636,0.0,0.8812,0.6029,0.0,0.14322222222222222,0.0016666666666666668,0.0,0.87175,0.593875,0.0,0.157,0.002857142857142857,0.0,0.8513333333333334,0.5545,0.0,0.8428571428571429,0.5416071428571428,0.0,0.5967073276723277,0.11958147619047618,0.11958147619047618,8.353180648081168e-06,8.353180648081168e-06,1.6706361296162336e-05
3.845,0.12,101,0.5995625,0.023877208667472016,0.7826249999999999,0.05330909279850859,0.23956761517022462,4.0,0.16794382328879198,0.7850621594953276,0.22755288741893778,400.0,0.2740154921601672,0.5716125333791131,0.6271697956135728,8,0.4653275414351395,4,0.8196426745253705,-0.03514059678253091,60.0,1.0947718132540654,"[ 1.00000000e+00  5.96598274e-01  4.71832345e-01  5.91091289e-01
  8.19642675e-01  5.87019323e-01  4.21138147e-01  5.78548829e-01
  7.84343327e-01  5.61281278e-01  3.54378323e-01  5.40379442e-01
  7.24852072e-01  5.38413272e-01  3.35144602e-01  5.05080094e-01
  6.77885627e-01  4.93646092e-01  2.82344608e-01  4.85175598e-01
  6.46984809e-01  4.60546009e-01  2.64639376e-01  4.07419452e-01
  5.88257798e-01  4.15014584e-01  2.21307215e-01  3.89714219e-01
  5.55157715e-01  3.59921857e-01  1.74247302e-01  3.49252099e-01
  5.05134293e-01  3.39923892e-01  1.57883620e-01  2.99228677e-01
  4.83701307e-01  2.95827487e-01  1.20385009e-01  2.66799369e-01
  4.39511433e-01  2.59670426e-01  1.04021327e-01  2.27678800e-01
  4.22383508e-01  2.52010334e-01  8.17306286e-02  2.22982216e-01
  3.89096487e-01  2.36317428e-01  7.62698003e-02  2.06525066e-01
  3.72639337e-01  2.33055864e-01  5.17798371e-02  2.04027746e-01
  3.50348638e-01  2.07130881e-01  5.36810462e-02  1.83936312e-01
  3.36854997e-01  1.95072260e-01  3.94231605e-02  1.78475484e-01
  3.29194904e-01  1.85212903e-01  4.05601251e-02  1.64217598e-01
  3.10538490e-01  1.81951339e-01  2.41029751e-02  1.58756770e-01
  3.09476190e-01  1.64059168e-01  2.16056554e-02  1.47462393e-01
  2.91584020e-01  1.60797604e-01  2.05433557e-02  1.39802300e-01
  2.90521720e-01  1.50938247e-01  8.48473436e-03  1.34341472e-01
  2.76263835e-01  1.45477419e-01  1.62194921e-02  1.22282850e-01
  2.64205213e-01  1.31219533e-01 -4.63618670e-03  1.16822022e-01
  2.52146592e-01  1.27957969e-01  8.99306682e-04  1.06962665e-01
  2.40087971e-01  1.35692727e-01 -8.96005036e-03  1.12498158e-01
  2.50021993e-01  1.15601293e-01 -7.05884132e-03  9.46059880e-02
  2.23332765e-01  1.12339729e-01 -1.25196697e-02  8.47466310e-02
  2.22270466e-01  1.00281107e-01 -2.01797624e-02  7.92858026e-02
  2.08012580e-01  9.92188076e-02 -2.48763464e-02  5.33608196e-02
  1.95283183e-01  7.98916175e-02 -4.20042721e-02  5.08634999e-02
  1.77391013e-01  7.73942979e-02 -4.01030630e-02  2.71377812e-02
  1.71259409e-01  6.46649008e-02 -5.94302531e-02  2.68397259e-02
  1.55566503e-01  5.33705238e-02 -6.92896101e-02  1.91796332e-02
  1.45707146e-01  5.45074885e-02 -7.25511741e-02  2.03165978e-02
  1.40246318e-01  4.76116402e-02 -7.94470225e-02  9.02222082e-03
  1.33350469e-01  4.51143205e-02 -8.41436065e-02  2.12637248e-03
  1.39650207e-01  3.60192078e-02 -8.44416618e-02 -9.16800455e-03
  1.26156566e-01  2.91233595e-02 -8.69389814e-02 -2.26616459e-02
  1.23659246e-01  2.88253042e-02 -8.94363011e-02 -2.73582299e-02
  1.07966340e-01  2.41287202e-02 -1.00730678e-01 -2.54570209e-02
  1.03269756e-01  3.92255153e-02 -1.14224319e-01 -1.25594901e-02
  8.53775862e-02  3.01304026e-02 -1.12323110e-01 -3.84844732e-02
  7.26481892e-02  2.61980630e-02 -1.22853243e-01 -3.87825285e-02
  7.09151139e-02  1.78671947e-02 -1.25257094e-01 -4.48206637e-02
  5.98076743e-02  1.11582838e-02 -1.27567476e-01 -4.49317816e-02
  7.57621825e-02  7.41288164e-03 -1.18881537e-01 -6.48362785e-02
  6.98175160e-02 -1.49529357e-03 -1.23391183e-01 -7.81429824e-02
  5.93808521e-02 -2.51275436e-02 -1.25795034e-01 -9.07789107e-02
  3.87121108e-02 -3.33649432e-02 -1.33268189e-01 -1.13646916e-01
  1.14455765e-02 -3.42403054e-02 -1.77364594e-01 -1.15957299e-01
 -9.12969612e-03 -7.16454483e-02 -1.88378565e-01 -1.37967591e-01
 -3.85020261e-02 -7.61550949e-02 -1.95087476e-01 -1.49839275e-01
 -4.59751813e-02 -9.90231005e-02 -2.02560631e-01 -1.66873732e-01
 -5.78468652e-02 -1.11659029e-01 -2.15960804e-01 -1.75111132e-01
 -6.38850005e-02 -1.27164997e-01 -2.24868979e-01 -1.77421514e-01
 -1.02818632e-01 -1.33873908e-01 -2.60168326e-01 -1.98761031e-01
 -1.11056032e-01 -1.62575462e-01 -2.73475030e-01 -2.31861114e-01
 -1.37558322e-01 -1.92805505e-01 -2.80277410e-01 -2.37992718e-01
 -1.37092133e-01 -1.88705032e-01 -2.84209749e-01 -2.35327264e-01
 -1.43223737e-01 -1.92637372e-01 -2.80109276e-01 -2.31226791e-01
 -1.41322528e-01 -1.90736163e-01 -2.76008803e-01 -2.27126317e-01
 -1.39421319e-01 -1.88834953e-01 -2.71908329e-01 -2.23025844e-01
 -1.37520110e-01 -1.86933744e-01 -2.67807856e-01 -2.18925371e-01
 -1.35618900e-01 -1.85032535e-01 -2.63707382e-01 -2.14824897e-01
 -1.33717691e-01 -1.83131326e-01 -2.59606909e-01 -2.10724424e-01
 -1.31816482e-01]",0.20193333333333333,6.666666666666667e-05,0.0,0.801,0.3831428571428571,0.0,0.2086923076923077,7.692307692307693e-05,0.0,0.95625,0.826,0.0,0.21781818181818183,0.0,0.0,0.7825,0.3435,0.0,0.23022222222222222,0.0,0.0,0.929375,0.744125,0.0,0.236,0.0,0.0,0.7671666666666667,0.3125,0.0,0.9232142857142858,0.7158928571428571,0.0,0.5218248534798535,0.0,0.10437071428571429,0.0,1.1330402330019701e-05,1.1330402330019701e-05
3.845,0.12,707,0.5705624999999999,0.023531810252294633,0.8440000000000001,0.05038849074937649,0.15138704604648878,2.0,0.24599109131403096,0.6326270441597133,0.2708618590869373,400.0,0.39035214405120355,0.4644574769266653,0.5870350854836387,4,0.6807933887795482,8,0.8424694761717214,-0.06866539443248858,14.0,1.0479590252987738,"[ 1.00000000e+00  5.20248129e-01  5.78995668e-01  5.39574636e-01
  8.39854273e-01  5.29952737e-01  5.54237889e-01  5.22201654e-01
  8.42469476e-01  5.17798346e-01  5.37160299e-01  5.12508862e-01
  8.05699094e-01  5.05643954e-01  4.78530918e-01  4.91098858e-01
  7.64596298e-01  4.81476959e-01  4.76518314e-01  4.73725876e-01
  7.40133911e-01  4.74245766e-01  4.47132729e-01  4.37546278e-01
  6.88889327e-01  4.40527767e-01  4.18337928e-01  4.30315085e-01
  7.01646317e-01  4.30834974e-01  4.11106735e-01  4.08609689e-01
  6.62414336e-01  3.99283182e-01  4.04170933e-01  3.65045293e-01
  6.41299724e-01  3.90476566e-01  3.83056321e-01  3.53186294e-01
  6.38991729e-01  3.38936589e-01  3.56132336e-01  3.07160299e-01
  5.95427334e-01  3.27668373e-01  3.32556124e-01  3.15289484e-01
  5.88786924e-01  2.93950374e-01  3.20697125e-01  2.64340291e-01
  5.42760929e-01  2.70078771e-01  2.87274518e-01  2.62623080e-01
  5.21350926e-01  2.58219772e-01  2.70196928e-01  2.45545490e-01
  5.03977944e-01  2.43308389e-01  2.40811343e-01  2.21083104e-01
  4.67207562e-01  2.36077196e-01  2.25899961e-01  2.23402915e-01
  4.57514770e-01  2.11614809e-01  2.06951556e-01  1.84761717e-01
  4.26258369e-01  1.87743206e-01  1.88298543e-01  1.68570303e-01
  4.17156361e-01  1.68794801e-01  1.71220953e-01  1.49031115e-01
  3.75758173e-01  1.49551004e-01  1.49810949e-01  1.25454904e-01
  3.79259551e-01  1.28731784e-01  1.31157936e-01  1.18519102e-01
  3.52335565e-01  1.16282001e-01  1.09157148e-01  8.91335171e-02
  3.42642773e-01  8.44348169e-02  1.16104766e-01  1.01004332e-01
  3.12961796e-01  8.89208350e-02  8.85899961e-02  7.13233557e-02
  3.10063017e-01  7.64710516e-02  8.13588027e-02  7.36431666e-02
  2.95151635e-01  6.86490744e-02  7.07798346e-02  7.04489957e-02
  2.77187869e-01  4.82237101e-02  6.26624655e-02  5.00236314e-02
  2.71827491e-01  5.02481292e-02  5.23788893e-02  4.71248523e-02
  2.63710122e-01  3.75029539e-02  3.47105160e-02  3.68412761e-02
  2.38952343e-01  2.47577787e-02  4.65813312e-02  3.14808980e-02
  2.33296573e-01  2.15636077e-02  3.10791650e-02  8.59393462e-03
  2.30102403e-01  2.08310358e-02  1.58723907e-02  1.06183537e-02
  2.27203623e-01  7.01063411e-04  2.74478141e-02  3.93855849e-05
  1.96931863e-01 -4.65931469e-03 -2.52855455e-03 -1.27057897e-02
  1.84186688e-01 -1.03150847e-02 -7.99527373e-04 -3.31311540e-02
  1.71146121e-01 -3.32020481e-02 -3.10712879e-02 -4.61717212e-02
  1.40874360e-01 -5.11658133e-02 -4.65734541e-02 -6.65970855e-02
  1.13064199e-01 -6.42063805e-02 -7.19220165e-02 -8.45608507e-02
  9.01772351e-02 -9.17211501e-02 -1.01898385e-01 -1.07152422e-01
  7.25088618e-02 -1.12146514e-01 -9.52461599e-02 -1.27577787e-01
  5.20834974e-02 -1.32571879e-01 -1.20299330e-01 -1.40322962e-01
  3.71721150e-02 -1.45021662e-01 -1.25364317e-01 -1.52477353e-01
  3.48641197e-02 -1.62099252e-01 -1.29838519e-01 -1.72016542e-01
  2.05435211e-02 -1.68444269e-01 -1.43568334e-01 -1.65758173e-01
  2.18589996e-03 -1.69866089e-01 -1.52670343e-01 -1.81949586e-01
 -9.37770776e-03 -1.88223710e-01 -1.68270973e-01 -1.80319023e-01
 -2.74399370e-02 -1.81965341e-01 -1.79243797e-01 -1.94048838e-01
 -3.84127609e-02 -1.98156755e-01 -1.93269004e-01 -1.97932257e-01
 -5.98227649e-02 -2.04501772e-01 -2.06998818e-01 -2.06738874e-01
 -6.86293816e-02 -2.08680583e-01 -2.18267034e-01 -2.20764080e-01
 -8.97439937e-02 -2.22410398e-01 -2.34458448e-01 -2.22185900e-01
 -1.03769200e-01 -2.38601812e-01 -2.36175660e-01 -2.45762111e-01
 -1.12280425e-01 -2.52331627e-01 -2.49610083e-01 -2.59196534e-01
 -1.25419456e-01 -2.70393856e-01 -2.52902718e-01 -2.80015754e-01
 -1.32059866e-01 -2.86585270e-01 -2.59543127e-01 -2.91283970e-01
 -1.47955888e-01 -2.92634896e-01 -2.70811343e-01 -2.92705790e-01
 -1.62276487e-01 -2.92481292e-01 -2.80208744e-01 -2.95013785e-01
 -1.69507680e-01 -2.94789287e-01 -2.85273730e-01 -2.92693974e-01
 -1.77034265e-01 -2.92764868e-01 -2.88172509e-01 -2.90964947e-01
 -1.77766837e-01 -2.91035841e-01 -2.86443482e-01 -2.89235920e-01
 -1.78204017e-01 -2.86549823e-01 -2.81957464e-01 -2.84749902e-01
 -1.78936589e-01 -2.84820796e-01 -2.80228436e-01 -2.83020874e-01
 -1.79669161e-01 -2.83091768e-01 -2.78499409e-01 -2.81291847e-01
 -1.80401733e-01 -2.81362741e-01 -2.76770382e-01 -2.79562820e-01
 -1.81134305e-01]",0.14533333333333334,0.0,0.0,0.858,0.5008571428571429,0.0,0.15007692307692308,0.0,0.0,0.9645833333333333,0.8505833333333334,0.0,0.15972727272727272,0.0,0.0,0.8369,0.432,0.0,0.17333333333333334,0.0,0.0,0.938375,0.768375,0.0,0.178,0.0,0.0,0.8215,0.3815,0.0,0.9332142857142857,0.7403571428571428,0.0,0.5866630952380951,0.0,0.11733261904761902,0.0,5.6436380269419685e-06,5.6436380269419685e-06
3.845,0.12,1313,0.5995625,0.024586502267504435,0.7826249999999999,0.048521741261005884,0.23058270204168033,2.0,0.22769022859498825,0.603964563952786,0.19603811898640908,4.0,0.33837326607818397,0.4105365097748922,0.4355200603634592,8,0.6873688699911468,4,0.926232520789227,-0.07908997591345171,6.0,1.090766550522648,"[ 1.00000000e+00  3.71449887e-01  1.53448025e-01  3.82349846e-01
  9.26232521e-01  3.61394006e-01  1.43392145e-01  3.55443575e-01
  9.01980900e-01  3.63688885e-01  1.32413774e-01  3.42733045e-01
  8.94579669e-01  3.48323705e-01  1.25012543e-01  3.34409324e-01
  8.65018748e-01  3.32036034e-01  1.21998122e-01  3.23430953e-01
  8.35457828e-01  3.26366962e-01  1.21638350e-01  2.99179332e-01
  8.16515506e-01  3.15388591e-01  9.20774295e-02  2.80237010e-01
  7.86954586e-01  2.91136970e-01  7.57897584e-02  2.74567939e-01
  7.60048315e-01  2.80158599e-01  7.80846369e-02  2.50316318e-01
  7.43760643e-01  2.71834877e-01  5.11783659e-02  2.26064697e-01
  7.22163672e-01  2.42273957e-01  3.22360448e-02  2.15086326e-01
  6.97912051e-01  2.31295585e-01  1.32937237e-02  1.96144005e-01
  6.65696481e-01  2.09698614e-01 -3.39297447e-04  1.74547034e-01
  6.36135560e-01  1.93410943e-01 -1.66269686e-02  1.55604713e-01
  6.11883939e-01  1.77123272e-01 -2.76053398e-02  1.39317042e-01
  5.79668368e-01  1.60835601e-01 -4.12383610e-02  1.20374720e-01
  5.50107447e-01  1.47202580e-01 -5.75260322e-02  1.04087049e-01
  5.28510476e-01  1.33569558e-01 -7.11590534e-02  8.77993781e-02
  5.04258855e-01  1.19936537e-01 -8.47920745e-02  7.15117070e-02
  4.82661884e-01  1.03648866e-01 -9.57704458e-02  5.52240359e-02
  4.58410263e-01  9.00158449e-02 -1.12058117e-01  3.62817148e-02
  4.34158642e-01  7.63828238e-02 -1.28345788e-01  2.26486936e-02
  4.12561671e-01  6.27498026e-02 -1.39324159e-01  6.36102244e-03
  3.90964700e-01  4.91167814e-02 -1.50302531e-01 -7.27199875e-03
  3.66713079e-01  3.81384101e-02 -1.61280902e-01 -2.09050199e-02
  3.45116108e-01  2.71600389e-02 -1.69604623e-01 -3.45380411e-02
  3.23519137e-01  1.61816677e-02 -1.77928344e-01 -4.81710623e-02
  3.01922166e-01  5.20329641e-03 -1.86252066e-01 -6.18040835e-02
  2.82979845e-01 -5.77507483e-03 -1.94575787e-01 -7.54371047e-02
  2.64037523e-01 -1.67534461e-02 -2.02899508e-01 -8.90701259e-02
  2.45095202e-01 -2.77318173e-02 -2.11223230e-01 -1.02703147e-01
  2.26152881e-01 -3.87101885e-02 -2.19546951e-01 -1.16336168e-01
  2.07210560e-01 -4.96885598e-02 -2.27870672e-01 -1.29969189e-01
  1.88268239e-01 -6.06669310e-02 -2.36194393e-01 -1.43602211e-01
  1.69325918e-01 -7.16453023e-02 -2.44518115e-01 -1.57235232e-01
  1.50383597e-01 -8.26236735e-02 -2.51919345e-01 -1.69945762e-01
  1.37673067e-01 -9.00249039e-02 -2.59320576e-01 -1.82656293e-01
  1.22307886e-01 -9.74261344e-02 -2.66721806e-01 -1.95366823e-01
  1.10519847e-01 -1.03904874e-01 -2.69623405e-01 -2.02655231e-01
  1.00576789e-01 -1.07616141e-01 -2.76911813e-01 -2.06366498e-01
  9.15562222e-02 -1.11327408e-01 -2.80623080e-01 -2.11000256e-01
  8.34581461e-02 -1.16770834e-01 -2.79834715e-01 -2.05712259e-01
  8.07821926e-02 -1.11482838e-01 -2.71892069e-01 -2.01346754e-01
  7.53387665e-02 -1.10694473e-01 -2.74680845e-01 -2.01480880e-01
  7.08178313e-02 -1.13483249e-01 -2.74814971e-01 -2.01615006e-01
  6.53744052e-02 -1.16272025e-01 -2.74949097e-01 -2.01749132e-01
  5.46216792e-02 -1.19060801e-01 -2.70583592e-01 -2.00038277e-01
  5.89871847e-02 -1.11118155e-01 -2.73259545e-01 -1.93827790e-01
  5.98883720e-02 -1.11139459e-01 -2.74203340e-01 -1.93039425e-01
  5.44449459e-02 -1.07696444e-01 -2.77801784e-01 -1.95715378e-01
  5.26914832e-02 -1.05063098e-01 -2.85787037e-01 -1.95736682e-01
  5.89019704e-02 -1.05084401e-01 -2.84076182e-01 -1.89639017e-01
  5.61131943e-02 -1.01641387e-01 -2.82365326e-01 -1.87005671e-01
  5.70143816e-02 -1.00740199e-01 -2.87695930e-01 -1.89681625e-01
  4.81066373e-02 -9.90293438e-02 -2.93949024e-01 -1.89815751e-01
  4.53178611e-02 -9.91634700e-02 -2.83464550e-01 -1.87295227e-01
  3.98744351e-02 -9.39882963e-02 -2.80944027e-01 -1.92738653e-01
  3.53534998e-02 -9.41224225e-02 -2.78423503e-01 -1.89295638e-01
  3.52193736e-02 -9.24115670e-02 -2.75790157e-01 -1.97280892e-01
  2.45794703e-02 -9.77421704e-02 -2.80311092e-01 -1.97415018e-01
  1.38267443e-02 -9.17573285e-02 -2.78713059e-01 -1.98471635e-01
  1.54247772e-02 -9.28139455e-02 -2.75382867e-01 -1.96873602e-01
  1.34456693e-02 -8.94837535e-02 -2.78284466e-01 -1.92733742e-01
  6.96692970e-03 -8.89210341e-02 -2.75067096e-01 -1.86861723e-01
  7.52964912e-03 -8.83583147e-02 -2.71849727e-01 -1.80989703e-01
  5.43771859e-03]",0.201,0.0,0.0,0.7985,0.4037142857142857,0.0,0.2073076923076923,0.0,0.0,0.9628333333333333,0.8445833333333334,0.0,0.2177272727272727,0.0,0.0,0.7806,0.3707,0.0,0.228,0.0,0.0,0.940625,0.785875,0.0,0.22857142857142856,0.0,0.0,0.7706666666666667,0.36283333333333334,0.0,0.935,0.7757142857142857,0.0,0.5535411904761904,0.0,0.11070823809523808,0.0,7.152307522193202e-07,7.152307522193202e-07
3.845,0.12,2029,0.5908749999999999,0.027576881168834156,0.7822499999999999,0.052772507046756845,0.2139475695811388,4.0,0.16605090311986848,0.7912856349267886,0.22267550109664486,400.0,0.4131325019035188,0.5654621898688983,0.5793016396378489,8,0.4483146021244686,4,0.7633719338405264,-0.07990454086635895,13.0,1.0980873837515353,"[ 1.          0.5135191   0.45119493  0.5235237   0.76337193  0.50659771
  0.43001156  0.47989817  0.73770013  0.50401889  0.38797942  0.49621564
  0.68379609  0.48681899  0.38858738  0.46844549  0.62156601  0.48518274
  0.35328789  0.41743649  0.61688884  0.45212746  0.33818634  0.4239804
  0.56732736  0.43622921  0.33495669  0.40952967  0.57307458  0.4366913
  0.27337743  0.39059051  0.52575731  0.38343808  0.26276431  0.3665121
  0.49719047  0.36978405  0.25743632  0.34178286  0.51430463  0.35164159
  0.23545625  0.3347156   0.46908571  0.33559747  0.24040676  0.29333429
  0.45912341  0.33685625  0.20879901  0.30805836  0.46407392  0.29243402
  0.21440035  0.28672911  0.43680873  0.30042545  0.19546119  0.26778995
  0.44175924  0.2672243   0.19143484  0.26007187  0.41094818  0.25212275
  0.17778081  0.25235379  0.37470612  0.25099144  0.13849783  0.22429189
  0.39008102  0.24167996  0.13222727  0.23597506  0.34565879  0.25720073
  0.13203853  0.18865779  0.36487129  0.22913884  0.10701755  0.16812524
  0.33087345  0.20795546  0.11196806  0.14020922  0.32619628  0.21145846
  0.09606982  0.15044486  0.30421621  0.18947839  0.06960132  0.1441743
  0.25610225  0.18624874  0.04841794  0.13870043  0.24389573  0.17997818
  0.03990316  0.13916251  0.21518302  0.16328323  0.02994086  0.11124649
  0.19848807  0.13985564  0.01997857  0.09006312  0.17281627  0.12764913
 -0.01018167  0.08010082  0.18080769  0.12666369 -0.00443446  0.06789431
  0.15962432  0.10243941 -0.03539139  0.05937953  0.14886532  0.06923826
 -0.03044088  0.02617838  0.14563567  0.06456109 -0.0283854   0.03047807
  0.13342916  0.05380209 -0.03465596 -0.01169994  0.11000157  0.05057244
 -0.06930463 -0.01044116  0.10821944  0.02410394 -0.07781941 -0.03915387
  0.09297201  0.01110073 -0.08264245 -0.05070956  0.09184071  0.00338265
 -0.09484896 -0.04271814  0.0669656  -0.01106808 -0.10481126 -0.05716887
  0.04353801 -0.00532087 -0.12823885 -0.06264273 -0.00986108 -0.01991747
 -0.13979454 -0.09215215 -0.03184115 -0.05232192 -0.14975684 -0.12006817
 -0.03955924 -0.07574951 -0.16276005 -0.14798419 -0.07276039 -0.07897916
 -0.18539094 -0.16916756 -0.07823425 -0.11073279 -0.2051268  -0.17543813
 -0.10390606 -0.15211411 -0.2315953  -0.20863928 -0.14304316 -0.16127971
 -0.28036008 -0.2476305  -0.16183644 -0.20780028 -0.27975213 -0.26801718
 -0.20321776 -0.22449522 -0.29869129 -0.28760716 -0.20644741 -0.23974264
 -0.32595648 -0.29930873 -0.22937005 -0.25817686 -0.32578615 -0.31325451
 -0.23209475 -0.25641313 -0.31041125 -0.29259448 -0.22410332 -0.24907252
 -0.31139669 -0.28235884 -0.22957719 -0.24477283 -0.29507922 -0.27950667
 -0.21695146 -0.23439131 -0.2854944  -0.2639859  -0.21793689 -0.22719658
 -0.28054389 -0.26497133 -0.21892233 -0.21775764 -0.27783759 -0.24959643
 -0.2109309  -0.2232315  -0.26456103 -0.25731452 -0.21720146 -0.21075164
 -0.24838944 -0.25381152 -0.19798896 -0.20500443 -0.25835174 -0.23011058
 -0.19752687 -0.20982748 -0.23848841 -0.2469514  -0.21053008 -0.19959183
 -0.24845071 -0.22100625 -0.18907336 -0.19833305 -0.24045928 -0.21974747
 -0.19599475 -0.19258584 -0.23246785 -0.21848869 -0.18366076 -0.18843202
 -0.23953511 -0.20456131 -0.18319868]",0.18233333333333332,6.666666666666667e-05,0.0,0.8264285714285714,0.4057857142857143,0.0,0.18853846153846154,0.0,0.0,0.9424166666666667,0.7416666666666667,0.0,0.19645454545454547,0.0,0.0,0.8136,0.3909,0.0,0.2061111111111111,0.0,0.0,0.91275,0.646125,0.0,0.21385714285714286,0.0,0.0,0.7953333333333333,0.3525,0.0,0.9085714285714286,0.63375,0.0,0.5073821428571429,0.0,0.10147909523809524,0.0,5.936463155015183e-06,5.936463155015183e-06
3.845,0.1253,101,0.6190625,0.03696361175196494,0.6791250000000001,0.04382333140006587,0.3012819678233212,2.0,0.16783476857962992,0.8086006327380199,0.026316280548251872,2.0,0.20662133769114047,0.7963452838566842,0.06857724954426117,12,0.3151861911228647,12,0.354259016686871,-0.008357362159053987,34.0,1.2486784647207538,"[ 1.         -0.2730327   0.04858438  0.02198202  0.16460781 -0.15678509
  0.19412148 -0.14951516  0.30363613 -0.07769445  0.0285961  -0.14960376
  0.35425902 -0.18328215  0.122063   -0.05613686  0.12228718 -0.02798189
  0.05227356 -0.10775868  0.30362254 -0.17533966  0.0058018  -0.05659882
  0.14135155 -0.08240973  0.09086424 -0.09981619  0.18274825 -0.08793316
  0.02025307 -0.08770897  0.22604063 -0.12138737  0.134605   -0.1146544
  0.14838371 -0.07999066  0.05694808 -0.11420603  0.1990066  -0.12753637
  0.0978078  -0.11157722  0.1528196  -0.02673896  0.05487519 -0.13255085
  0.24574953 -0.15049428  0.08407608 -0.05832552  0.11873982 -0.1226521
  0.08642013 -0.14764128  0.19675651  0.02370673  0.01094365 -0.03979813
  0.23625754 -0.17164511  0.06210351 -0.05887608  0.13853732 -0.04753002
  0.03082975 -0.10831746  0.18075575 -0.07880379  0.01121482 -0.03301818
  0.11611638 -0.06344219  0.06888346 -0.0572462   0.16023049  0.00345264
  0.02512912 -0.11348112  0.1755921  -0.10023938  0.02747317  0.00737959
  0.10905704 -0.07375591  0.04934355 -0.11583876  0.17784755 -0.07520322
  0.04925495 -0.03267199  0.14439334 -0.05848291  0.06272087 -0.09080259
  0.11637396 -0.10874602  0.0561235  -0.139707    0.12007672 -0.09120398
  0.08532438 -0.13518251  0.12134683 -0.08614251  0.01553494 -0.066392
  0.13155836 -0.1735626   0.09408861 -0.0971288   0.03898821 -0.10069597
  0.13441136 -0.1660965   0.12108103 -0.04925135  0.00822339 -0.0807493
  0.13862307 -0.12744524  0.10251202 -0.0868097   0.05066601 -0.02393043
  0.07774703 -0.14737296  0.13193709 -0.08070232  0.01772075 -0.02894491
  0.059715   -0.03576647  0.09709615 -0.10252571  0.06938956  0.00183887
  0.02812844 -0.12539502  0.14604755 -0.1042858   0.03833998 -0.05199142
  0.00412461 -0.05176723  0.05695597 -0.16734228  0.14587035 -0.07463655
  0.03301271 -0.06193178  0.12056838 -0.10970167  0.06546798 -0.12059936
  0.00332183 -0.06694627  0.05887061 -0.12122493  0.09896917 -0.077335
  0.04522748 -0.09202405  0.03107541 -0.04108837  0.07686102 -0.07151237
  0.0236563  -0.02626374 -0.00405029 -0.06645091  0.03983964 -0.06161363
  0.03816815 -0.07494396  0.01317897 -0.04460856  0.02967509 -0.07367386
  0.01037295 -0.03167961  0.02822778 -0.10820201  0.07158074 -0.08194273
  0.0107933  -0.08415119  0.02728942 -0.10588599  0.07253806 -0.10702051
  0.02991823 -0.05065     0.02960545 -0.11658751  0.03769711 -0.0507386
  0.06206072 -0.09933023  0.04275858 -0.07875798  0.06901787 -0.10131451
  0.02503934 -0.00617612  0.01360468 -0.07211362  0.07187087 -0.06130454
  0.09433879 -0.09823732  0.04846458 -0.05488437  0.05519754 -0.07336477
  0.03346275 -0.01130723  0.04427183 -0.10084718  0.07188982 -0.07512487
  0.06560523 -0.08791823  0.04304871 -0.01853018  0.05385779 -0.09369387
  0.0261512  -0.03678639  0.06027797 -0.09649989  0.0520977  -0.05776003
  0.05747195 -0.10120158  0.00237155 -0.02748519  0.05981601 -0.09099005
  0.04512696 -0.08615277  0.08522553 -0.08836123  0.00409003 -0.03145376
  0.05910183 -0.09116725  0.01051021 -0.04455991  0.08504833 -0.11646921
  0.02426089 -0.04003541  0.077377   -0.09052272 -0.01949345  0.02035064
  0.02114209 -0.08356557  0.03059246]",0.23866666666666667,0.0,0.0,0.7872857142857143,0.28264285714285714,0.0,0.23853846153846153,0.0,0.0,0.9086666666666666,0.579,0.0,0.238,0.0,0.0,0.799,0.301,0.0,0.23855555555555555,0.0,0.0,0.897375,0.550125,0.0,0.23757142857142857,0.00014285714285714287,0.0,0.8056666666666666,0.3175,0.0,0.9019642857142857,0.55875,0.0,0.40602499999999997,0.0,0.08121071428571427,0.0,1.4980345316269356e-06,1.4980345316269356e-06
3.845,0.1253,707,0.5560624999999999,0.012214073593605006,0.8865000000000001,0.022477766792989042,0.11888534653627535,2.0,0.44802503250975273,0.34918577205278867,0.005669122610510159,2.0,0.4579876013352407,0.26030219940701027,0.024360143114577744,16,0.8009908093529883,16,0.896259277585354,0.001969445135469864,5.0,1.0305143853530951,"[ 1.         -0.2964238  -0.27258535 -0.23637679  0.89508164 -0.26527091
 -0.25380257 -0.28513483  0.89246413 -0.25551831 -0.27782039 -0.27872217
  0.8774765  -0.24576571 -0.28377783 -0.29704973  0.89625928 -0.27646338
 -0.27736517 -0.29063706  0.85319149 -0.27005072 -0.2709525  -0.30562469
  0.84723404 -0.26363805 -0.27690995 -0.30255195  0.83793667 -0.26056531
 -0.27383721 -0.29947922  0.82863929 -0.25749258 -0.27076447 -0.29640648
  0.81934191 -0.25441984 -0.26769174 -0.29333375  0.81004453 -0.25134711
 -0.264619   -0.29026101  0.80074715 -0.24827437 -0.26154626 -0.28718827
  0.79144978 -0.24520163 -0.25847353 -0.28411554  0.7821524  -0.2421289
 -0.25540079 -0.2810428   0.77285502 -0.23905616 -0.25232806 -0.27797006
  0.76355764 -0.23598342 -0.24925532 -0.27489733  0.75426027 -0.23291069
 -0.24618258 -0.27182459  0.74496289 -0.22983795 -0.24310985 -0.26875186
  0.73566551 -0.22676522 -0.24003711 -0.26567912  0.72636813 -0.22369248
 -0.23696437 -0.26260638  0.71707076 -0.22061974 -0.23389164 -0.25953365
  0.70777338 -0.21754701 -0.2308189  -0.25646091  0.698476   -0.21447427
 -0.22774617 -0.25338817  0.68917862 -0.21140153 -0.22467343 -0.25031544
  0.67988125 -0.2083288  -0.22160069 -0.2472427   0.67058387 -0.20525606
 -0.21852796 -0.24416997  0.66128649 -0.20218333 -0.21545522 -0.24109723
  0.65198911 -0.19911059 -0.21238248 -0.23802449  0.64269174 -0.19603785
 -0.20930975 -0.23495176  0.63339436 -0.19296512 -0.20623701 -0.23187902
  0.62409698 -0.18989238 -0.20316428 -0.22880628  0.6147996  -0.18681964
 -0.20009154 -0.22573355  0.60550223 -0.18374691 -0.1970188  -0.22266081
  0.59620485 -0.18067417 -0.19394607 -0.21958808  0.58690747 -0.17760143
 -0.19087333 -0.21651534  0.57761009 -0.1745287  -0.18780059 -0.2134426
  0.56831272 -0.17145596 -0.18472786 -0.21036987  0.55901534 -0.16838323
 -0.18165512 -0.20729713  0.54971796 -0.16531049 -0.17858238 -0.20422439
  0.54042058 -0.16223775 -0.17550965 -0.20115166  0.53112321 -0.15916502
 -0.17243691 -0.19807892  0.52182583 -0.15609228 -0.16936418 -0.19500619
  0.51252845 -0.15301954 -0.16629144 -0.19193345  0.50323107 -0.14994681
 -0.1632187  -0.18886071  0.4939337  -0.14687407 -0.16014597 -0.18578798
  0.48463632 -0.14380134 -0.15707323 -0.18271524  0.47533894 -0.1407286
 -0.15400049 -0.1796425   0.46604156 -0.13765586 -0.15092776 -0.17656977
  0.45674419 -0.13458313 -0.14785502 -0.17349703  0.44744681 -0.13151039
 -0.14478229 -0.17042429  0.43814943 -0.12843765 -0.14170955 -0.16735156
  0.42885205 -0.12536492 -0.13863681 -0.16427882  0.41955468 -0.12229218
 -0.13556408 -0.16120609  0.4102573  -0.11921945 -0.13249134 -0.15813335
  0.40095992 -0.11614671 -0.1294186  -0.15506061  0.39166254 -0.11307397
 -0.12634587 -0.15198788  0.38236517 -0.11000124 -0.12327313 -0.14891514
  0.37306779 -0.1069285  -0.1202004  -0.1458424   0.36377041 -0.10385576
 -0.11712766 -0.14276967  0.35447303 -0.10078303 -0.11405492 -0.13969693
  0.34517566 -0.09771029 -0.11098219 -0.1366242   0.33587828 -0.09463756
 -0.10790945 -0.13355146  0.3265809  -0.09156482 -0.10483671 -0.13047872
  0.31728352 -0.08849208 -0.10176398 -0.12740599  0.30798615 -0.08541935
 -0.09869124 -0.12433325  0.29868877]",0.11213333333333333,0.0,0.0,0.8884285714285715,0.6253571428571428,0.0,0.1123076923076923,0.0,0.0,0.9984166666666666,0.99075,0.0,0.11218181818181819,0.0,0.0,0.8888,0.6255,0.0,0.11222222222222222,0.0,0.0,0.997625,0.986125,0.0,0.112,0.0,0.0,0.8896666666666667,0.6258333333333334,0.0,0.9966071428571428,0.9801785714285715,0.0,0.7707130952380953,0.0,0.15414261904761906,0.0,9.128193680842731e-07,9.128193680842731e-07
3.845,0.1253,1313,0.5842499999999999,0.015270478054075463,0.8289999999999997,0.03254228019054594,0.18761599106579202,4.0,0.2970344009489917,0.5459720084125614,0.2295729979094556,4.0,0.2769801075549521,0.461930072570604,0.3994157039873741,12,0.7087724470651297,4,0.8690651558073654,-0.027589355119757193,9.0,1.035926273039675,"[ 1.          0.31092776  0.25582625  0.33056421  0.86906516  0.26851983
  0.26063267  0.28225449  0.83846081  0.28512984  0.19119452  0.24232531
  0.80443343  0.22159348  0.17239377  0.23532814  0.74679887  0.20527148
  0.15855052  0.13791549  0.68822002  0.16439802  0.08226629  0.1097899
  0.67779981  0.10924221  0.04233711  0.08414306  0.59313503  0.06931303
  0.02011331  0.04173513  0.57433428  0.05051228 -0.03161945  0.00180595
  0.51575543 -0.0232932  -0.07249292 -0.03906752  0.46898017 -0.06074363
 -0.10746459 -0.08336402  0.43152975 -0.08886922 -0.12626534 -0.09874174
  0.40434844 -0.10766997 -0.1450661  -0.11754249  0.37964589 -0.12304769
 -0.15454202 -0.12949717  0.37111426 -0.12567753 -0.15374882 -0.12870397
  0.36600567 -0.12488432 -0.15295562 -0.12791076  0.36089707 -0.12409112
 -0.15216242 -0.12711756  0.35578848 -0.12329792 -0.15136922 -0.12632436
  0.35067989 -0.12250472 -0.15057602 -0.12553116  0.34557129 -0.12171152
 -0.14978281 -0.12473796  0.3404627  -0.12091832 -0.14898961 -0.12394476
  0.33535411 -0.12012512 -0.14819641 -0.12315156  0.33024551 -0.11933192
 -0.14740321 -0.12235836  0.32513692 -0.11853872 -0.14661001 -0.12156516
  0.32002833 -0.11774551 -0.14581681 -0.12077195  0.31491974 -0.11695231
 -0.14502361 -0.11997875  0.30981114 -0.11615911 -0.14423041 -0.11918555
  0.30470255 -0.11536591 -0.1434372  -0.11839235  0.29959396 -0.11457271
 -0.142644   -0.11759915  0.29448536 -0.11377951 -0.1418508  -0.11680595
  0.28937677 -0.11298631 -0.1410576  -0.11601275  0.28426818 -0.11219311
 -0.1402644  -0.11521955  0.27915958 -0.11139991 -0.1394712  -0.11442635
  0.27405099 -0.1106067  -0.138678   -0.11363314  0.2689424  -0.1098135
 -0.1378848  -0.11283994  0.26383381 -0.1090203  -0.1370916  -0.11204674
  0.25872521 -0.1082271  -0.13629839 -0.11125354  0.25361662 -0.1074339
 -0.13550519 -0.11046034  0.24850803 -0.1066407  -0.13471199 -0.10966714
  0.24339943 -0.1058475  -0.13391879 -0.10887394  0.23829084 -0.1050543
 -0.13312559 -0.10808074  0.23318225 -0.1042611  -0.13233239 -0.10728754
  0.22807365 -0.10346789 -0.13153919 -0.10649433  0.22296506 -0.10267469
 -0.13074599 -0.10570113  0.21785647 -0.10188149 -0.12995279 -0.10490793
  0.21274788 -0.10108829 -0.12915958 -0.10411473  0.20763928 -0.10029509
 -0.12836638 -0.10332153  0.20253069 -0.09950189 -0.12757318 -0.10252833
  0.1974221  -0.09870869 -0.12677998 -0.10173513  0.1923135  -0.09791549
 -0.12598678 -0.10094193  0.18720491 -0.09712229 -0.12519358 -0.10014873
  0.18209632 -0.09632908 -0.12440038 -0.09935552  0.17698772 -0.09553588
 -0.12360718 -0.09856232  0.17187913 -0.09474268 -0.12281398 -0.09776912
  0.16677054 -0.09394948 -0.12202077 -0.09697592  0.16166195 -0.09315628
 -0.12122757 -0.09618272  0.15655335 -0.09236308 -0.12043437 -0.09538952
  0.15144476 -0.09156988 -0.11964117 -0.09459632  0.14633617 -0.09077668
 -0.11884797 -0.09380312  0.14122757 -0.08998347 -0.11805477 -0.09300992
  0.13611898 -0.08919027 -0.11726157 -0.09221671  0.13101039 -0.08839707
 -0.11646837 -0.09142351  0.12590179 -0.08760387 -0.11567517 -0.09063031
  0.1207932  -0.08681067 -0.11488196 -0.08983711  0.11568461 -0.08601747
 -0.11408876 -0.08904391  0.11057602]",0.16873333333333335,0.0,0.0,0.8308571428571428,0.5067142857142857,0.0,0.1696923076923077,0.0,0.0,0.9918333333333333,0.9683333333333334,0.0,0.1710909090909091,0.0,0.0,0.8281,0.4989,0.0,0.1728888888888889,0.0,0.0,0.98775,0.9525,0.0,0.176,0.0,0.0,0.8218333333333333,0.4815,0.0,0.9825,0.9321428571428572,0.0,0.6815895238095238,0.0,0.13631790476190475,0.0,1.3215898365930973e-06,1.3215898365930973e-06
3.845,0.1253,2029,0.5829375,0.030686863537188015,0.7788749999999999,0.04552454694996976,0.20086969335642485,3.9603960396039604,0.06462856272085635,0.8650604821620589,0.13206749532480147,200.0,0.15215147591359046,0.7490644867104506,0.48332262554020944,8,0.3499691792044669,4,0.5829536561644765,-0.009044568860295832,98.0,1.078214223914172,"[ 1.00000000e+00  3.66163779e-01  3.41499823e-01  4.88731010e-01
  5.82953656e-01  3.83378852e-01  3.73793417e-01  3.38340778e-01
  5.76043094e-01  3.73452586e-01  3.01811496e-01  3.33978487e-01
  5.27719374e-01  3.16888453e-01  3.09851288e-01  3.37728440e-01
  4.44013902e-01  3.07768888e-01  2.46449046e-01  3.13530353e-01
  4.03463159e-01  2.23256716e-01  2.81290910e-01  2.65674066e-01
  3.40528351e-01  2.37456084e-01  2.15340398e-01  2.47974823e-01
  3.19813403e-01  1.80085250e-01  1.33843930e-01  2.02199372e-01
  2.80069361e-01  1.60177003e-01  1.02340300e-01  1.60374494e-01
  2.74432935e-01  1.27399238e-01  8.11579174e-02  1.69349154e-01
  2.20077805e-01  1.22569512e-01  5.13958564e-02  1.18477164e-01
  2.37292878e-01  7.99379330e-02  4.75009990e-02  1.22355284e-01
  1.79115343e-01  5.19174413e-02  1.39165328e-02  8.40135443e-02
  1.66173373e-01  3.89754710e-02  7.00597109e-03  6.80558697e-02
  1.20526090e-01  8.40670919e-03 -7.21013427e-03  4.05028121e-02
  1.03294280e-01 -7.08353124e-03 -3.47631918e-02  2.07227324e-02
  9.98668567e-02 -2.43153409e-02 -1.10492766e-02  6.20634391e-02
  5.24780042e-02 -6.01425674e-04 -3.25709256e-02  6.34994232e-05
  8.39648972e-02  9.30810320e-03 -9.07484601e-02  2.63256848e-02
  7.70543355e-02 -3.68066142e-02 -3.43292320e-02  5.61073666e-03
  6.53865002e-02  2.26283182e-02 -6.71069972e-02  2.99001425e-03
  8.21341385e-02 -2.56954026e-02 -3.70224067e-02 -1.43699628e-02
  9.96884777e-02 -2.32195847e-02 -6.47036317e-02  1.57146277e-02
  6.89915485e-02 -2.20179020e-02 -5.87446754e-02 -1.75305717e-02
  5.85978483e-02 -6.55843492e-02 -6.65901055e-02 -3.91803881e-02
  3.69480319e-02 -5.27872835e-02 -7.31614005e-02 -1.68687754e-02
  3.33924411e-02 -3.65070794e-02 -6.46541741e-02 -5.78869526e-02
  4.41086709e-02 -7.14938480e-02 -9.18679649e-02  2.35468075e-03
  1.34892452e-03 -7.63235738e-02 -2.73364923e-02 -5.67577221e-02
  7.30788079e-03 -4.14817098e-02 -8.47073259e-02 -2.71405657e-02
  1.75566764e-02 -7.04370698e-02 -5.93800089e-02 -3.15028574e-02
  9.71124632e-03 -5.41568656e-02 -7.75466869e-02 -2.42697661e-02
  1.74117718e-02 -7.35976787e-02 -6.98461614e-02 -2.56163534e-02
 -1.58334276e-02 -4.65287924e-02 -7.16601829e-02 -6.06031220e-02
  5.20405009e-03 -6.77111747e-02 -7.30067703e-02 -3.30668016e-02
 -4.32376601e-04 -6.73161928e-02 -5.62591319e-02 -7.27205045e-03
 -1.77896395e-03 -7.04043494e-02 -7.26842407e-02 -2.67128635e-02
 -1.09847028e-04 -9.11192975e-02 -6.02264417e-02 -3.58324286e-02
 -3.03393421e-02 -9.11917498e-02 -9.09233710e-02  4.10597562e-03
 -4.34094799e-02 -6.55251661e-02 -2.90683359e-02 -5.94845784e-03
 -1.42597577e-02 -2.38451926e-02 -6.10394002e-02 -3.47264002e-03
  1.40832636e-02 -1.35963970e-02 -4.17434917e-02  1.93064069e-02
 -2.34184516e-03 -7.63744072e-03 -2.32542842e-02  8.91270667e-03
  2.34297605e-03  6.30847639e-05 -1.85694630e-02 -1.22696756e-02
  1.73490452e-02  1.98264274e-02 -2.03834845e-02  1.13160722e-02
  2.88719758e-02  2.96077888e-02 -1.08757605e-03  1.60008934e-02
  2.45096842e-02  1.31826801e-02  4.87138021e-03  2.37014189e-02
  1.41159840e-02  1.48517970e-02  2.25065780e-03  3.26760794e-02
  2.61063488e-02  1.04895053e-02  1.67892927e-02  2.61047844e-02
  2.55664624e-02  2.02708668e-02 -1.69233408e-02  9.21224150e-03
  4.01050973e-02 -2.24888796e-02  6.66240698e-03  5.08922150e-02
  2.14709852e-02  2.99797759e-02  3.32638590e-02  3.35322379e-02
  4.50567329e-02  5.95969323e-02  2.06611555e-02  4.42484676e-02
  4.79999849e-02  2.93674372e-02  1.50247288e-02  4.89332889e-02
  3.15748762e-02  5.81778926e-02  8.92086792e-03  3.55238844e-02
  1.81654717e-02  2.06428539e-02  1.01225507e-02  6.10109018e-03
  3.27041066e-02  5.62914188e-02 -1.28014008e-02  1.07859114e-02
  5.67572886e-02  2.30462194e-02  9.30533252e-04  3.65806626e-02
  1.62065456e-02  3.37624492e-02 -4.70589344e-03 -2.38058753e-02
  2.39070711e-02  8.29022761e-03 -5.17554792e-02 -7.52567118e-03
 -1.10796975e-02 -2.84381102e-02 -4.45223878e-02 -5.04985336e-03
 -2.11341310e-02 -2.64297266e-02 -2.79029169e-02 -1.55717210e-02
 -2.21414516e-02 -1.66483651e-02 -4.05056205e-02 -5.65651882e-04
 -1.01510868e-02 -1.97365217e-02 -3.10635258e-02  1.18921471e-02
 -1.75290827e-02  6.05822948e-03 -1.43158875e-02  2.38825119e-02
 -3.79714865e-03]",0.1684,0.0,0.0,0.8434285714285714,0.4682857142857143,0.0,0.1756923076923077,7.692307692307693e-05,0.0,0.92925,0.68725,0.0,0.17963636363636365,9.09090909090909e-05,0.0,0.8377,0.4528,0.0,0.18144444444444444,0.00011111111111111112,0.0,0.913125,0.62975,0.0,0.18471428571428572,0.0,0.0,0.8368333333333333,0.4535,0.0,0.9025,0.6033928571428572,0.0,0.5382613542013542,0.0,0.10766342857142859,0.0,1.6214059695965033e-05,1.6214059695965033e-05
3.845,0.1307,101,0.603625,0.03530204491244098,0.7091250000000001,0.040286280232853466,0.2787143255658293,4.0,0.2572204058972303,0.7734431737099033,0.04798486296099922,4.0,0.24311485498884533,0.8051793588656644,0.07653377758917296,4,0.3819642924309482,16,0.30340364490570043,-0.0032146400143271935,180.0,1.1220332278481013,"[ 1.00000000e+00 -4.54729665e-02 -2.34296820e-01  9.67549412e-02
  2.42962039e-01 -4.77635721e-04 -2.49510787e-01  2.06288810e-02
  2.78512963e-01  2.10751557e-02 -1.83855215e-01 -4.00934573e-02
  2.83256443e-01 -8.13694390e-03 -2.40023828e-01  5.63695594e-02
  3.03403645e-01  2.07518701e-02 -1.94325702e-01  6.95176950e-02
  2.38830376e-01 -3.40111533e-02 -2.49088725e-01  1.64972177e-02
  2.21171068e-01 -1.00130210e-02 -2.64302693e-01  5.13453466e-02
  3.00824773e-01 -3.67797797e-02 -2.10199911e-01  4.62114065e-03
  2.14888467e-01 -6.85121449e-03 -1.94269478e-01  1.04043718e-02
  2.90691242e-01  2.44599070e-03 -2.40290890e-01 -1.84707714e-02
  1.89351214e-01 -4.11300796e-02 -2.73719758e-01  3.10782846e-02
  2.24199343e-01 -2.62393979e-02 -1.77256742e-01  7.45966150e-03
  2.29982575e-01  2.96059295e-02 -2.55491186e-01  6.71559194e-02
  2.17213948e-01 -5.56548507e-03 -1.82133752e-01  2.11345082e-02
  2.21957428e-01 -8.22005180e-04 -2.51963541e-01  1.67705375e-02
  1.90636944e-01  5.64289118e-02 -2.00306101e-01 -4.03690635e-03
  2.69250898e-01  1.63668156e-02 -2.22519134e-01 -1.46971484e-02
  1.69316460e-01 -2.79120496e-02 -2.12884973e-01  3.34463180e-02
  1.67397830e-01 -7.65781594e-04 -2.08844288e-01 -1.57232288e-02
  2.29905267e-01 -4.42695748e-03 -2.35611046e-01  2.22730358e-02
  2.42350608e-01 -3.43418519e-02 -2.34718497e-01  2.77193105e-02
  1.77777339e-01 -3.03011668e-02 -1.68360129e-01  8.65441268e-03
  2.12625468e-01  8.39789258e-03 -2.15084335e-01  4.27997468e-02
  1.89006845e-01 -3.06244524e-02 -1.97045518e-01  1.21820576e-02
  1.89196600e-01 -3.04346978e-02 -1.87748313e-01  1.52181552e-03
  2.02344735e-01 -6.34977280e-02 -2.05407621e-01 -2.13936036e-03
  1.94129834e-01 -5.49033176e-02 -1.67411356e-01  1.80078415e-02
  1.99576109e-01 -7.09680758e-03 -1.72112284e-01  3.71152920e-02
  1.33963089e-01 -2.44943247e-04 -1.46708562e-01  8.60598723e-03
  2.65787275e-01 -4.94144901e-02 -2.08133695e-01  1.43892184e-02
  2.15212138e-01 -5.06303251e-02 -2.00242079e-01  4.99401421e-02
  1.58340730e-01 -1.89303319e-02 -1.41585572e-01  2.45789730e-02
  2.09295376e-01 -6.73970839e-02 -1.52245815e-01 -5.33592148e-03
  1.95486998e-01 -5.49517430e-02 -1.69905123e-01  3.86196580e-02
  2.00933273e-01 -5.02082631e-02 -1.77417229e-01  1.95547602e-02
  1.58059997e-01 -3.07638561e-02 -1.12464451e-01  7.68056772e-02
  1.54398822e-01 -6.76572383e-03 -1.41676551e-01  5.23334232e-03
  1.36739513e-01 -5.13815454e-02 -1.62483995e-01  4.67435810e-02
  1.76844162e-01 -6.58927179e-02 -1.69293306e-01  5.00814712e-02
  9.68671718e-02 -3.41927246e-02 -1.21486796e-01  1.77212360e-02
  1.64631129e-01 -1.96389993e-02 -1.11486796e-01  1.23175140e-02
  1.82332990e-01 -2.18945856e-02 -1.86910062e-01  4.01665768e-02
  1.33163443e-01 -2.55557615e-02 -1.32104485e-01  3.33572653e-02
  1.24948542e-01 -2.46632121e-02 -1.51872178e-01  2.19942284e-02
  1.11140164e-01  7.73957601e-03 -1.54127764e-01  8.06507350e-02
  1.04330853e-01 -2.60262489e-02 -1.49384284e-01 -1.08790471e-02
  8.52659549e-02 -2.19855638e-02 -1.67746387e-01  3.30765324e-02
  9.45631601e-02 -4.34958025e-02 -1.51450116e-01  6.33709361e-02
  1.04900116e-01 -3.70097765e-02 -1.37262229e-01  8.24207430e-03
  1.39748245e-01 -2.59700253e-02 -1.64028988e-01  2.45383456e-02
  8.21740428e-02 -4.11839926e-02 -1.33734584e-01 -1.37812046e-02
  1.13171241e-01 -4.02914432e-02 -1.02737386e-01  1.26622686e-02
  8.25535520e-02 -4.53582087e-02 -1.50164387e-01  1.14464336e-02
  1.04443300e-01 -1.89147356e-02 -1.14613463e-01  3.61473607e-02
  9.44858526e-02 -6.73814876e-02 -1.29124635e-01  4.78899067e-02
  5.23153720e-02 -5.49361468e-02 -7.81699897e-02 -1.27964013e-03
  1.10971879e-01 -2.32361535e-02 -8.42765064e-02  6.57815223e-02
  1.04865362e-01 -3.45991903e-02 -9.24914076e-02  4.35684888e-02
  1.08203252e-01 -6.06631543e-02 -6.07914144e-02  5.24893859e-03
  9.75430101e-02 -7.13233963e-02 -9.00035140e-02  1.45461438e-02
  5.74809138e-02 -1.51122306e-02 -7.61525835e-02  3.29507995e-02
  8.28846358e-02 -1.66650220e-02 -9.38118917e-02  6.88683559e-03
  5.29697413e-02 -3.64327146e-02 -6.59628289e-02 -3.77340644e-03
  8.92234599e-02 -3.72827112e-02 -1.21428647e-01  2.86293816e-02
  7.54150822e-02 -4.33892280e-02 -6.97712066e-02  1.02672786e-02
  4.86483234e-02]",0.20906666666666668,0.0002,0.0,0.8123571428571429,0.3607142857142857,0.0,0.20846153846153845,0.0003846153846153846,0.0,0.9338333333333333,0.6930833333333334,0.0,0.21009090909090908,0.0001818181818181818,0.0,0.8146,0.3633,0.0,0.20922222222222223,0.00022222222222222223,0.0,0.92225,0.63975,0.0,0.209,0.0,0.0,0.819,0.36083333333333334,0.0,0.9139285714285714,0.60125,0.0,0.4833384593184593,0.0,0.0967072380952381,0.0,2.5929005200757217e-06,2.5929005200757217e-06
3.845,0.1307,707,0.55125,0.024334902917414716,0.87,0.03774917217635375,0.11355071268273391,2.0,0.10575769692123167,0.8378271033392262,0.10554991347923567,400.0,0.2503205879135414,0.7363637077665972,0.5260917457339135,4,0.4596042216358837,4,0.5980701754385968,-0.03301347290879133,11.0,1.0184372256365233,"[ 1.          0.4422807   0.45473684  0.54614035  0.59807018  0.41315789
  0.41947368  0.46        0.48298246  0.40333333  0.38508772  0.41245614
  0.40473684  0.41368421  0.36649123  0.38508772  0.38877193  0.43192982
  0.30403509  0.37350877  0.37894737  0.33701754  0.29421053  0.30842105
  0.33140351  0.29736842  0.27649123  0.26877193  0.33561404  0.22701754
  0.25        0.30982456  0.28017544  0.24789474  0.28403509  0.27631579
  0.29929825  0.26350877  0.22333333  0.26385965  0.25175439  0.23789474
  0.18631579  0.20929825  0.22350877  0.19385965  0.15105263  0.20035088
  0.20754386  0.15596491  0.17192982  0.18614035  0.20649123  0.16368421
  0.13403509  0.15263158  0.17561404  0.15473684  0.08385965  0.14807018
  0.19298246  0.13877193  0.08982456  0.15666667  0.18403509  0.12105263
  0.10894737  0.16438596  0.16982456  0.12263158  0.14122807  0.13964912
  0.14947368  0.13298246  0.14280702  0.11754386  0.18877193  0.11964912
  0.15140351  0.13929825  0.19298246  0.14578947  0.16877193  0.16280702
  0.2077193   0.17368421  0.18789474  0.18280702  0.20754386  0.14368421
  0.1754386   0.15280702  0.13280702  0.13035088  0.11210526  0.13333333
  0.13175439  0.13368421  0.11719298  0.13842105  0.17719298  0.16157895
  0.11        0.19263158  0.15684211  0.09736842  0.12736842  0.14421053
  0.10403509  0.08578947  0.11315789  0.10105263  0.11789474  0.0645614
  0.11385965  0.11052632  0.13789474  0.09070175  0.08298246  0.10596491
  0.14473684  0.08263158  0.10385965  0.12684211  0.10421053  0.09736842
  0.10280702  0.09947368  0.06192982  0.09631579  0.01403509  0.09403509
  0.02315789  0.01368421  0.04105263  0.04473684 -0.00508772  0.01350877
  0.01719298 -0.02035088  0.02192982 -0.02964912 -0.01192982 -0.02403509
 -0.02035088 -0.06754386 -0.04017544 -0.05666667 -0.01175439 -0.08526316
 -0.03859649 -0.04017544 -0.06280702 -0.06350877 -0.06947368 -0.05350877
 -0.0454386  -0.06017544 -0.07491228 -0.04929825 -0.05701754 -0.08666667
 -0.05929825 -0.05824561 -0.07035088 -0.06491228 -0.0577193  -0.05929825
 -0.05210526 -0.07385965 -0.07982456 -0.08578947 -0.05315789 -0.09596491
 -0.08877193 -0.06842105 -0.06298246 -0.10140351 -0.1222807  -0.05807018
 -0.0745614  -0.10596491 -0.08122807 -0.05649123 -0.06859649 -0.07807018
 -0.07526316 -0.05491228 -0.05824561 -0.1054386  -0.06315789 -0.08666667
 -0.08561404 -0.10210526 -0.08614035 -0.08245614 -0.08842105 -0.08122807
 -0.10649123 -0.06859649 -0.06578947 -0.07175439 -0.08210526 -0.04157895
 -0.05631579 -0.08859649 -0.12       -0.03385965 -0.0854386  -0.11508772
 -0.09912281 -0.04368421 -0.10842105 -0.11614035 -0.10894737 -0.08421053
 -0.09368421 -0.14526316 -0.11614035 -0.08263158 -0.12719298 -0.14807018
 -0.13649123 -0.11350877 -0.12561404 -0.16403509 -0.12614035 -0.13210526
 -0.14421053 -0.15982456 -0.15263158 -0.14982456 -0.13210526 -0.17754386
 -0.17912281 -0.12807018 -0.14894737 -0.19614035 -0.15122807 -0.14578947
 -0.17982456 -0.19631579 -0.16631579 -0.1722807  -0.18701754 -0.20964912
 -0.16298246 -0.19087719 -0.21789474 -0.20982456 -0.20263158 -0.19982456
 -0.21192982 -0.21964912 -0.1922807  -0.19122807 -0.21649123 -0.20403509
 -0.19421053 -0.20280702 -0.18421053]",0.11126666666666667,0.0002,0.0,0.8965,0.6466428571428572,0.0,0.11361538461538462,0.00015384615384615385,0.0,0.9505833333333333,0.8185833333333333,0.0,0.11563636363636363,0.0,0.0,0.8975,0.6246,0.0,0.119,0.0,0.0,0.937,0.77,0.0,0.127,0.0,0.0,0.8901666666666667,0.5975,0.0,0.9203571428571429,0.7289285714285715,0.0,0.691394468864469,0.0,0.13829304761904765,0.0,1.0822788708480503e-05,1.0822788708480503e-05
3.845,0.1307,1313,0.5708125,0.02936243082154471,0.8157499999999999,0.026728963691097316,0.18278908054449852,2.0,0.7321289062499997,0.2823417393172158,0.016898263598519127,4.0,0.43619393739159157,0.5524946445082156,0.024620616467303777,8,0.797229046128195,4,0.6926174437931942,-0.0014648665473504334,5.0,1.03900652762299,"[ 1.00000000e+00 -2.22852113e-01 -3.84423498e-01 -9.38472137e-02
  6.92617444e-01 -2.09309116e-01 -2.86154755e-01 -1.61793150e-01
  6.56908407e-01 -1.11040373e-01 -3.19108127e-01 -1.16013253e-01
  6.35458840e-01 -1.26497463e-01 -2.96816989e-01 -1.63707243e-01
  6.40253696e-01 -9.54581839e-02 -3.35762838e-01 -1.32667964e-01
  6.42292888e-01 -8.19151868e-02 -3.13471700e-01 -1.45369390e-01
  5.59606334e-01 -5.96240486e-02 -3.11432508e-01 -1.43330199e-01
  5.81897472e-01 -1.38441519e-02 -3.59126498e-01 -1.03542778e-01
  5.77944187e-01 -7.02862829e-02 -3.57087306e-01 -1.10251728e-01
  5.44990814e-01 -2.72620506e-02 -3.37551833e-01 -1.16960677e-01
  5.55778147e-01 -2.21524801e-03 -3.47497594e-01 -1.35654580e-01
  5.19587963e-01  1.13277491e-02 -3.77695302e-01 -8.71190185e-02
  5.24382819e-01 -1.37367684e-03 -3.46656023e-01 -8.23241624e-02
  4.79444493e-01  1.49249847e-02 -3.59357449e-01 -1.15277535e-01
  4.90231826e-01 -5.32105678e-04 -3.13577552e-01 -1.19230820e-01
  4.68782259e-01  2.17590325e-02 -3.32271455e-01 -1.55421004e-01
  5.17317820e-01 -2.44619893e-03 -3.38980404e-01 -1.18389249e-01
  4.84364448e-01  1.10967982e-02 -3.25437407e-01 -1.42594480e-01
  4.97907445e-01  1.58916543e-02 -3.14650074e-01 -1.29051483e-01
  4.67709737e-01  9.18270493e-03 -2.92358936e-01 -1.67997332e-01
  4.95993351e-01  2.27257020e-02 -3.48801067e-01 -1.45706194e-01
  5.09536349e-01 -1.47952935e-03 -3.38013735e-01 -1.08674438e-01
  4.59086694e-01  3.31532674e-03 -2.98226314e-01 -1.30124005e-01
  4.31644651e-01  3.43546059e-02 -3.02179599e-01 -1.25329149e-01
  4.16187560e-01  3.91494620e-02 -2.97384743e-01 -1.38030575e-01
  4.20982416e-01  3.51961771e-02 -3.21589975e-01 -1.09746960e-01
  4.05525326e-01  3.72353687e-02 -3.02054501e-01 -1.16455909e-01
  3.55075671e-01  9.17634065e-02 -3.26259732e-01 -1.05668577e-01
  3.74611145e-01  6.75581751e-02 -3.30213017e-01 -7.46292975e-02
  3.35665296e-01  5.21010848e-02 -2.93181261e-01 -9.00863879e-02
  3.20208206e-01  8.03846995e-02 -2.99890211e-01 -7.92990552e-02
  3.22247397e-01  8.51795556e-02 -3.03843496e-01 -9.20004811e-02
  2.92049689e-01  8.72187473e-02 -3.01804304e-01 -8.99612895e-02
  3.02837022e-01  8.32654623e-02 -3.05757589e-01 -7.04258158e-02
  2.81387455e-01  8.80603184e-02 -2.77473974e-01 -9.18753827e-02
  2.77434170e-01  9.28551745e-02 -2.98923541e-01 -1.07332473e-01
  3.14465926e-01  7.73980842e-02 -2.96884350e-01 -8.50413350e-02
  2.93016359e-01  7.06891348e-02 -2.74593211e-01 -8.89946199e-02
  2.86307410e-01  7.54839909e-02 -2.78546496e-01 -1.04451710e-01
  2.82354125e-01  6.00269005e-02 -2.61766687e-01 -1.02412519e-01
  2.84393316e-01  5.33179512e-02 -2.48223690e-01 -1.06365804e-01
  2.86432508e-01  5.81128073e-02 -2.43428834e-01 -1.10319088e-01
  2.73731082e-01  5.41595224e-02 -2.41389642e-01 -1.08279897e-01
  2.67022133e-01  5.61987140e-02 -2.39350451e-01 -1.06240705e-01
  2.60313183e-01  5.82379057e-02 -2.37311259e-01 -1.04201513e-01
  2.53604234e-01  6.02770974e-02 -2.35272067e-01 -1.02162322e-01
  2.46895285e-01  6.23162890e-02 -2.33232876e-01 -1.00123130e-01
  2.40186335e-01  6.43554807e-02 -2.31193684e-01 -9.80839384e-02
  2.33477386e-01  6.63946724e-02 -2.29154492e-01 -9.60447467e-02
  2.26768437e-01  6.84338641e-02 -2.27115300e-01 -9.40055551e-02
  2.20059487e-01  7.04730557e-02 -2.25076109e-01 -9.19663634e-02
  2.13350538e-01  7.25122474e-02 -2.23036917e-01 -8.99271717e-02
  2.06641589e-01  7.45514391e-02 -2.20997725e-01 -8.78879801e-02
  1.99932639e-01  7.65906307e-02 -2.18958534e-01 -8.58487884e-02
  1.93223690e-01  7.86298224e-02 -2.16919342e-01 -8.38095967e-02
  1.86514741e-01  8.06690141e-02 -2.14880150e-01 -8.17704050e-02
  1.79805791e-01  8.27082058e-02 -2.12840959e-01 -7.97312134e-02
  1.73096842e-01  8.47473974e-02 -2.10801767e-01 -7.76920217e-02
  1.66387893e-01  8.67865891e-02 -2.08762575e-01 -7.28971656e-02
  1.62434608e-01  8.28333042e-02 -2.03967719e-01 -6.81023095e-02
  1.55725658e-01  7.88800192e-02 -1.90424722e-01 -7.48112589e-02
  1.49016709e-01  8.09192109e-02 -1.82393054e-01 -8.15202082e-02
  1.53811565e-01  7.42102616e-02 -1.77598198e-01 -7.67253521e-02
  1.47102616e-01  7.02569766e-02 -1.64055201e-01 -8.34343015e-02
  1.43149331e-01  7.50518327e-02 -1.62016009e-01 -9.01432508e-02
  1.45188522e-01]",0.14226666666666668,0.0,0.0,0.8592857142857143,0.477,0.0,0.1426923076923077,0.0,0.0,0.9848333333333333,0.92525,0.0,0.14181818181818182,0.0,0.0,0.8596,0.4735,0.0,0.14122222222222222,0.0,0.0,0.975625,0.875875,0.0,0.14214285714285715,0.0,0.0,0.86,0.4775,0.0,0.9708928571428571,0.8485714285714285,0.0,0.645825,0.0,0.129165,0.0,1.5029529062520212e-06,1.5029529062520212e-06
3.845,0.1307,2029,0.5990000000000001,0.03224321634080571,0.7451250000000001,0.04381762630494721,0.2436530313879938,3.9603960396039604,0.12082460725012478,0.823642618230337,0.08021495019860299,4.0,0.1407837670384139,0.7844276330231109,0.09324100254495685,8,0.42272934952506896,8,0.4495363731801203,-0.001271966146996631,17.0,1.1028677150786308,"[ 1.00000000e+00 -9.99829304e-02 -1.55352867e-01  5.29512162e-02
  4.22031348e-01 -7.86709893e-02 -1.50317101e-01 -6.80150188e-02
  4.49536373e-01 -6.45042888e-02 -1.61557508e-01 -6.68692576e-02
  3.50722011e-01 -6.30411421e-02 -1.66287445e-01 -2.34054436e-02
  3.96488904e-01 -2.70399539e-02 -1.99915730e-01 -1.47156756e-02
  3.14984253e-01 -6.20191611e-02 -2.11790908e-01 -1.61903783e-02
  4.00766120e-01 -4.55493819e-02 -2.24618242e-01  3.60869839e-02
  3.61896907e-01 -1.35867581e-01 -1.94492753e-01  7.27229429e-02
  2.41964209e-01 -4.15895515e-02 -1.75085124e-01  1.72601706e-02
  3.10517745e-01 -8.04587643e-02 -1.58297960e-01  3.04747150e-02
  3.17221820e-01 -3.79471065e-02 -2.10822883e-01  6.25858975e-02
  2.80973071e-01 -1.45176251e-01 -1.52035051e-01 -1.79665972e-02
  2.39800780e-01 -1.57368814e-01 -2.00035197e-01  3.49455359e-02
  2.82312437e-01 -1.37643800e-01 -1.70544479e-01  3.51391409e-02
  2.62974634e-01 -1.47215899e-01 -1.60585169e-01  4.47810651e-02
  2.98975822e-01 -1.66553703e-01 -1.63646799e-01  1.89327916e-02
  2.37637351e-01 -1.37062985e-01 -2.02516012e-01  4.19130405e-02
  2.60300214e-01 -1.95463606e-01 -1.43728180e-01  5.15549646e-02
  1.43622751e-01 -1.85821682e-01 -9.47060523e-02  1.65757575e-02
  1.98520577e-01 -1.37434326e-01 -1.63507149e-01  7.73492826e-02
  1.58699208e-01 -1.57406900e-01 -1.08926708e-01  5.38040878e-02
  2.00258710e-01 -1.74441626e-01 -1.22071428e-01  3.74041333e-02
  1.32409769e-01 -1.57019690e-01 -1.50540166e-01  8.11853327e-02
  1.55707403e-01 -1.73419645e-01 -1.11601128e-01  6.77232277e-02
  1.55266238e-01 -1.38370613e-01 -5.70206870e-02  8.94339350e-02
  1.34976277e-01 -1.68426277e-01 -1.06290375e-01  5.38199570e-02
  1.12065853e-01 -1.61722202e-01 -1.15862474e-01  8.26759048e-02
  1.79984619e-01 -1.94715716e-01 -9.05791470e-02  1.27490641e-01
  1.31032316e-01 -1.52838829e-01 -6.49784341e-02  9.44971273e-02
  1.72591818e-01 -1.50342146e-01 -1.33779531e-01  1.30180930e-01
  1.69530188e-01 -1.66107329e-01 -7.46743138e-02  1.30374535e-01
  1.46619764e-01 -1.17402587e-01 -1.20371382e-01  1.17229816e-01
  1.33475045e-01 -1.30547307e-01 -6.51561699e-02  1.26871740e-01
  1.46054818e-01 -1.14712298e-01 -9.78322984e-02  1.43024133e-01
  1.13378690e-01 -1.50643662e-01 -2.69756834e-02  9.01818252e-02
  1.28896313e-01 -1.25677720e-01 -9.90320152e-02  1.03078984e-01
  1.41793472e-01 -1.89954040e-01 -7.60517664e-02  1.39080172e-01
  9.02207049e-02 -1.21717889e-01 -1.72639344e-02  1.09659279e-01
  9.98626291e-02 -1.41373078e-01 -3.04086540e-02  8.38110051e-02
  1.25780727e-01 -1.54517798e-01 -7.42840518e-03  8.72598451e-02
  1.29229567e-01 -1.40985868e-01 -3.29592933e-02  1.03729624e-01
  1.03381294e-01 -1.83110316e-01  5.97974430e-03  7.10534957e-02
  1.49148186e-01 -2.12848595e-01 -2.96342337e-02  1.20393009e-01
  9.07475647e-02 -1.70336937e-01 -7.78285956e-04  9.68478137e-02
  1.12775657e-01 -1.58074549e-01 -1.42403910e-02  7.68752391e-02
  9.05000041e-02 -1.64074028e-01  2.86415905e-03  9.78697947e-02
  1.00776699e-01 -1.43714243e-01 -2.88598133e-02  1.11084339e-01
  6.87353413e-02 -1.62734662e-01 -1.56452689e-02  1.04767475e-01
  6.86115610e-02 -1.40071798e-01 -4.18109278e-02  9.51953751e-02
  6.55499312e-02 -1.98472420e-01 -3.83620879e-02  1.11347769e-01
  2.63633330e-02 -1.23725799e-01 -3.91206390e-02  8.19268752e-02
  5.55366662e-02 -1.53146693e-01 -2.91613294e-02  1.14672829e-01
  3.61988623e-02 -9.43588612e-02 -3.57955794e-02  1.01528109e-01
  2.95646123e-02 -1.23462369e-01 -6.30486088e-03  5.64658119e-02
  1.70546635e-02 -1.10247825e-01 -1.84974243e-02  7.35703619e-02
  1.75656540e-02 -1.31571322e-01 -1.44138136e-02  6.10604131e-02
  1.80766445e-02 -1.61309601e-01  2.74630734e-02  7.65780361e-02
  7.55238894e-03 -1.16494865e-01 -1.20409102e-02  6.37507019e-02
  3.05326378e-02 -1.38770518e-01  1.09393387e-02  7.95857103e-02
  1.44500688e-02 -1.03086715e-01  1.40707932e-02  6.02479065e-02
  3.41750828e-02 -1.28934989e-01  4.71341320e-02  6.40141318e-02
  3.11134531e-02 -8.64233311e-02  2.12858584e-02  6.71455863e-02
  1.79687335e-02 -1.12271605e-01 -1.62456563e-03  5.72561015e-02
  2.43554228e-02 -1.02629680e-01  1.15899788e-02  4.08561471e-02
 -2.07068742e-02 -8.61599012e-02  5.27311420e-03  4.49397578e-02
  1.82321633e-02]",0.19833333333333333,0.0006666666666666666,0.0,0.8144285714285714,0.4169285714285714,0.0,0.19846153846153847,7.692307692307693e-05,0.0,0.9273333333333333,0.68425,0.0,0.19827272727272727,0.0,0.0,0.8287,0.4447,0.0,0.19777777777777777,0.0003333333333333333,0.0,0.9285,0.67575,0.0,0.19885714285714284,0.0,0.0,0.8341666666666666,0.44316666666666665,0.0,0.9173214285714286,0.6248214285714285,0.0,0.5327436630036629,0.0,0.1065918095238095,0.0,1.961400922496954e-06,1.961400922496954e-06
3.845,0.136,101,0.5696875,0.05363268447271682,0.743625,0.05341450528648564,0.1777637201979307,2.0,0.5114475269460594,0.5145112654861878,0.01742035399033904,4.0,0.16974666892981413,0.8132117754637279,0.06788635592165801,4,0.621521303683585,8,0.42032530298632526,-0.00306458822806453,30.0,1.092160822471085,"[ 1.00000000e+00 -1.17517087e-01 -2.65675086e-01  1.00118251e-01
  3.36387330e-01 -5.16624543e-02 -1.89146792e-01 -8.81358469e-02
  4.20325303e-01 -4.46745190e-02 -1.95023111e-01  2.20892365e-02
  3.06551350e-01  1.73575293e-02 -1.77082213e-01 -1.88365626e-02
  3.33533919e-01  8.73201660e-03 -2.02673865e-01 -2.77413759e-02
  2.56441437e-01  2.57639691e-03 -1.72985914e-01 -4.18652758e-02
  1.90581219e-01  6.54025351e-02 -1.29595808e-01 -8.33496761e-02
  2.60537736e-01  6.99205773e-02 -1.86135056e-01 -3.69310757e-02
  2.36578075e-01  5.44439865e-02 -1.45214842e-01 -1.01159303e-01
  2.99404214e-01 -7.42569784e-04 -1.59059442e-01  8.50717967e-03
  2.05066293e-01 -2.11589467e-02 -5.13042514e-02 -9.02119261e-02
  2.18346705e-01  8.01421421e-03 -1.44804271e-01  3.31567122e-02
  2.14660978e-01 -8.57651055e-02 -5.29418288e-02  1.22877179e-03
  1.76719862e-01  1.62123971e-02 -7.08883126e-02 -4.02556285e-02
  1.97924742e-01  9.21887579e-03 -9.56858745e-02 -5.90719281e-03
  1.44649478e-01  2.13820859e-02 -1.47763953e-02 -5.49103500e-03
  1.60399783e-01  5.49364317e-02 -4.77777261e-02  1.16119612e-02
  1.33690929e-01  1.94046791e-03 -6.35336174e-02 -8.24581460e-03
  9.19272285e-02  4.15079902e-02 -6.99685376e-02 -4.23205357e-02
  1.47666800e-01 -4.13183670e-02 -4.70878537e-02  2.57246891e-02
  6.01799572e-02 -2.06282756e-02 -3.16168489e-02 -4.52744812e-03
  9.83947886e-02 -6.40239678e-02 -3.47439745e-02  3.14967908e-02
  2.43308014e-02  3.27782600e-02 -6.90979962e-02 -2.66744478e-02
  1.04166890e-01 -3.76635414e-03 -3.61022514e-02  1.42457653e-02
  5.33615190e-02  9.23475758e-03 -4.11844807e-02  3.62885476e-02
  2.96811593e-02 -3.63515271e-02  3.32282762e-03 -7.10714462e-03
  4.10502796e-02  7.87648070e-03 -5.51277115e-02  1.79208265e-03
  7.81479088e-02 -7.60011008e-03 -3.96567068e-02 -3.53111326e-02
  5.66581416e-02  1.85771828e-03 -3.10367800e-02  1.30187597e-02
  6.08968833e-02 -4.42871675e-02  1.89251036e-02 -1.20581027e-02
  4.02012059e-02  3.96069940e-02 -2.42350999e-02 -1.24798465e-02
  9.86461591e-02  8.79625573e-03 -4.13436821e-02 -1.07109979e-02
  3.52558338e-02  1.08444050e-02 -2.86218709e-02 -3.68612506e-02
  7.31913647e-02 -1.88491312e-02 -2.10753345e-02  1.14686417e-02
  3.60881494e-02 -1.18611958e-02 -5.70613475e-02 -5.70969584e-02
  1.07720469e-01 -3.90848389e-02 -1.02368332e-01 -5.73857195e-03
  7.28078467e-02 -3.20969036e-02 -3.81456908e-02 -3.43587177e-02
  7.10334120e-02  1.18518037e-02 -5.80034666e-02 -6.21409619e-02
  1.26493683e-01 -1.97530244e-02 -6.55117772e-02 -3.10565091e-02
  1.00902031e-01  2.01045734e-03 -5.03200729e-02 -4.18726143e-02
  1.48394022e-01 -2.51317094e-03 -3.48490682e-02 -3.70752715e-02
  4.61316327e-02  5.04772069e-02 -6.07200204e-02 -1.14961843e-01
  1.43492462e-01  2.70032968e-03 -1.05747704e-01 -2.93918778e-02
  9.29663908e-02 -1.44082525e-02 -5.41538289e-02 -3.66646997e-02
  1.03497610e-01 -2.57829588e-02 -6.71605266e-02 -2.11936949e-02
  5.70734232e-02  4.74289290e-03 -6.29217849e-02 -5.17251327e-02
  8.81578760e-02  1.30835191e-02 -4.80093812e-02 -1.73766970e-02
  1.18125127e-01 -4.56463206e-02 -7.22483420e-02  1.91689166e-03
  7.22595414e-02 -3.92169864e-02  1.08517297e-02 -6.55753180e-02
  9.48609248e-02 -2.07174875e-02 -7.79878039e-02 -4.87078106e-02
  7.61203512e-02  8.17637282e-03 -5.89297039e-02 -7.89599478e-02
  1.05572813e-01 -1.21961922e-02 -1.03957387e-01 -4.29357088e-02
  1.21602418e-01 -4.90201069e-02 -6.24785733e-02 -5.62217071e-02
  8.23086107e-02  2.94194793e-02 -1.37101162e-01 -6.89491043e-02
  1.60468896e-01 -4.35711176e-02 -8.49486854e-02 -3.87025531e-02
  8.20237241e-02  1.13305522e-02 -9.38534987e-02 -4.32261814e-02
  1.38557385e-01 -5.20597731e-02 -6.52389389e-02  1.63924775e-04
  5.05119415e-02 -2.20925224e-02 -5.96475063e-02 -5.85659149e-02
  9.19907557e-02  2.14085236e-03 -6.96257099e-02 -6.03403496e-02
  8.42031446e-02  9.68738876e-03 -1.10830810e-01 -3.36370818e-02
  6.29926779e-02 -5.23060093e-03 -7.34538798e-02 -5.78760426e-02
  8.85787436e-02  4.09086988e-02 -1.10836396e-01 -3.39219684e-02
  1.22133089e-01  1.06565616e-02 -9.42481887e-02 -6.99079814e-02
  1.00922623e-01 -8.36331250e-03 -1.18487149e-01 -2.37686816e-02
  9.25764106e-02 -1.94587183e-02 -8.49328036e-02 -5.40208188e-02
  1.16809785e-01]",0.13926666666666668,0.0006,0.0,0.8902857142857142,0.5400714285714285,0.0,0.13923076923076924,0.0,0.0,0.8975,0.58,0.0,0.13972727272727273,0.00027272727272727274,0.0,0.8934,0.5471,0.0,0.1391111111111111,0.0003333333333333333,0.0,0.900125,0.588625,0.0,0.1397142857142857,0.001142857142857143,0.0,0.893,0.534,0.0,0.8933928571428571,0.5691071428571428,0.0,0.5574895021645021,0.11159185714285713,0.11159185714285713,2.4067974219558943e-06,2.4067974219558943e-06,4.813594843911789e-06
3.845,0.136,707,0.5718125,0.04047563889242515,0.742875,0.05017952147041661,0.18842906258319794,4.0,0.09207390308899145,0.856938391600147,0.0566070237566033,4.0,0.08362566074002882,0.8539856303554672,0.08717793698236147,4,0.3875307046511794,4,0.3668516484539346,0.000535535440817663,26.0,1.0896589658965896,"[ 1.00000000e+00 -3.22686331e-02 -2.28408418e-01  1.16559205e-01
  3.66851648e-01 -5.51632475e-02 -1.64781695e-01 -8.96603651e-02
  3.17714566e-01 -7.91251838e-02 -1.93354214e-01  4.02706313e-02
  2.47653009e-01 -2.57869483e-02 -6.09410739e-02  1.73698115e-02
  2.13762496e-01 -4.97488846e-02 -3.77422728e-02  4.40377348e-03
  1.71364435e-01 -4.46325031e-02 -2.26973149e-02 -3.16151777e-02
  1.00241761e-01 -3.66802719e-02 -9.84305713e-02 -2.11808025e-02
  9.89728267e-02 -4.04313501e-02 -5.04103294e-02 -3.20246074e-02
  1.11535640e-01 -1.08472333e-02 -5.98331068e-02 -6.69762366e-02
  1.55658916e-01 -1.28235785e-02 -7.95381661e-02 -3.38488591e-02
  1.92329554e-01 -6.33816886e-02 -1.27260427e-01 -4.18568144e-02
  1.54182165e-01 -6.46506227e-02 -1.38811642e-01 -4.70227147e-02
  1.98305440e-01 -3.01022178e-02 -1.42202810e-01 -7.71000490e-04
  2.87107309e-01 -5.83148258e-02 -1.52686704e-01  2.66846777e-02
  1.72727070e-01 -6.63165758e-02 -9.36705636e-02  9.10805704e-03
  1.53729421e-01 -2.50353550e-02 -1.09478657e-01  8.54653400e-03
  1.05299750e-01 -4.68688528e-02 -1.28830010e-01 -3.10156778e-02
  6.53838326e-02 -1.69310305e-02 -1.19103046e-01 -4.92997096e-02
  1.04189115e-01 -5.42933336e-03 -8.49083468e-02 -3.21263132e-02
  1.39091225e-01  9.61562448e-03 -4.29135097e-02 -5.37804606e-03
  1.23996748e-01 -1.32789899e-02 -4.38225329e-02 -5.59299508e-02
  5.00444304e-02  1.48903047e-02 -4.68599947e-02 -1.21021014e-01
  7.43105535e-02  6.68137182e-02 -3.92614691e-02 -2.44190076e-02
  1.11694808e-01  1.02302033e-02  3.00369529e-02 -1.18561939e-02
  7.00041576e-02  2.52751612e-02  8.55716068e-03 -3.83002743e-02
  8.07922383e-02 -3.06009426e-02 -3.06513456e-02 -3.81481809e-02
  9.08729080e-02 -3.86026925e-02 -2.12780870e-02  5.27821267e-02
  1.00246167e-01 -2.71009953e-02  1.00807628e-02  6.74733790e-02
  1.29830283e-01 -7.09174935e-03 -5.67850339e-02 -4.12351614e-02
  9.55860652e-02 -4.84286942e-02 -8.03932647e-02 -3.25755192e-02
  4.99922433e-02 -4.18974906e-02 -6.60619233e-02 -7.46260805e-02
  6.39698792e-02 -2.08271280e-02 -4.32168277e-02 -4.07850867e-02
  7.15684048e-02  2.11677092e-02 -2.17865542e-02 -1.33294084e-02
  6.14382163e-02 -4.53443820e-02 -2.51839269e-02 -8.62268152e-02
  1.26548393e-02 -1.46991486e-02 -4.87921577e-02 -8.53673108e-02
  4.57822167e-02  4.11212310e-02  6.32081092e-03 -1.85510329e-02
  1.82770197e-02 -3.92164026e-02  1.95972411e-02 -3.25781875e-02
 -2.55358639e-02 -9.98599140e-03  4.85647002e-03 -4.23546705e-02
  2.70949606e-02 -6.47947732e-02  2.94762986e-02  2.47601628e-03
  5.26146285e-03 -4.44318217e-02  7.28909532e-03 -3.04358955e-03
  1.46347215e-02 -1.80372601e-02  2.62372247e-02  2.12225335e-02
  1.58541368e-02 -2.14284274e-02 -1.19039596e-02  2.52777985e-02
  2.77095395e-02 -8.86561362e-03  8.10528635e-03 -5.42315902e-03
  2.00552898e-02  5.46572780e-03 -4.91918449e-02 -3.39956780e-02
  3.18608014e-03 -1.14034818e-02 -5.11681901e-02 -3.88078727e-02
  5.40421716e-02 -3.09754516e-03 -4.32159589e-02  4.64445303e-02
  2.93728242e-02 -1.50024666e-02  4.09687188e-03 -9.17819312e-04
  6.35675236e-02  2.87671035e-02 -4.14907447e-02  2.12198652e-02
  9.31516404e-02 -2.63953838e-02 -3.14100750e-02  5.77168308e-03
  1.28140067e-02 -6.66650067e-02 -1.49440897e-02 -1.03839101e-02
  3.70801298e-02 -1.97058814e-02  1.96043152e-02  4.15395033e-02
  5.38998207e-02 -8.55788981e-03  5.34453091e-02  3.10556093e-02
  8.31220408e-03 -9.11320749e-03  1.88473854e-02  7.14562739e-04
 -1.81798437e-03 -3.41362604e-02  1.79383622e-02  2.28768360e-03
 -4.85544613e-03 -1.44807199e-02  2.55368878e-02  1.52042029e-02
  3.74930965e-02 -1.61033596e-02 -8.70733039e-03  2.84744277e-02
  8.92057759e-03 -2.33976984e-02 -1.81301078e-02 -2.06626549e-02
  2.92835291e-02 -7.67916581e-02 -7.04629509e-02  4.33115680e-02
  5.14150083e-02 -1.07492616e-01 -6.53465694e-02  5.09100936e-02
  1.12913293e-01 -1.18330215e-01 -2.40591433e-02  8.22689434e-02
  6.44898263e-02 -7.91712276e-02 -1.50395902e-02  3.41991828e-02
  7.63452290e-02 -9.46194097e-02 -3.47446494e-02  7.69014310e-02
  4.45831549e-02 -1.01913749e-01 -2.67838859e-03  3.20212254e-02
  4.75710979e-02 -6.70116382e-02  9.88442517e-03  4.13944841e-02
 -6.17036196e-03 -6.61459284e-02  5.04644402e-02 -1.71098845e-03
 -8.85411819e-03]",0.14393333333333333,0.0004,0.0,0.8846428571428572,0.5517142857142857,0.0,0.14315384615384616,0.0005384615384615384,0.0,0.9049166666666667,0.6188333333333333,0.0,0.1431818181818182,0.0005454545454545455,0.0,0.8951,0.5729,0.0,0.14277777777777778,0.0005555555555555556,0.0,0.898125,0.590875,0.0,0.1447142857142857,0.00042857142857142855,0.0,0.8878333333333334,0.5536666666666666,0.0,0.9007142857142857,0.5889285714285715,0.0,0.5771042485292485,0.0,0.11551957142857142,0.0,2.650097003911852e-06,2.650097003911852e-06
3.845,0.136,1313,0.5666875,0.030227716482559494,0.8033750000000001,0.03545926359923454,0.17348171724830286,2.0,0.47252768780691673,0.5781911436358542,0.027627551092624884,2.0,0.2907604078164825,0.7148944030839589,0.03650630866937718,4,0.6070689706768811,8,0.46761466863839124,0.0009085785751306045,51.0,1.043005517689062,"[ 1.         -0.3563622   0.05087988 -0.18840909  0.45279306 -0.27262135
  0.09485485 -0.32270952  0.46761467 -0.24752274  0.05566943 -0.27806349
  0.39793379 -0.2575548   0.06552031 -0.20292202  0.3739961  -0.23212067
  0.09558965 -0.20267708  0.38881771 -0.28756039  0.08522207 -0.25778128
  0.418216   -0.26212626  0.04106591 -0.18828159  0.34887065 -0.21748024
  0.13044855 -0.24237921  0.34911558 -0.17216317  0.08662792 -0.22722207
  0.33444831 -0.21168412  0.02655298 -0.15241612  0.2597967  -0.25154059
  0.12090635 -0.18233112  0.27495383 -0.17673463  0.09099135 -0.14762657
  0.33451206 -0.21195589  0.09123628 -0.13811121  0.314203   -0.24187089
  0.14018199 -0.16305548  0.21503324 -0.19722487  0.11093804 -0.17772275
  0.24973779 -0.177097    0.07672335 -0.14234715  0.21055237 -0.22158868
  0.12600459 -0.14210222  0.20085584 -0.16700119  0.12161431 -0.16174022
  0.21567745 -0.21612808  0.12682998 -0.17640749  0.21625791 -0.18142353
  0.14131606 -0.13740326  0.20058406 -0.14772555  0.11073001 -0.14810637
  0.22004088 -0.16702803  0.09639827 -0.10776003  0.17057847 -0.19197229
  0.15132128 -0.14231024  0.11648084 -0.13140749  0.1320188  -0.17121867
  0.18631606 -0.15635176  0.14153416 -0.13254996  0.1510948  -0.16241966
  0.18053839 -0.15749422  0.13078575 -0.15787504  0.16022934 -0.15328513
  0.13035963 -0.14802416  0.16047427 -0.14806946  0.13060457 -0.13286703
  0.14050074 -0.147489    0.12621429 -0.11703884  0.14638746 -0.15651449
  0.11221807 -0.13103506  0.15227417 -0.14135735  0.09755079 -0.14106712
  0.22177387 -0.17590756  0.0974602  -0.07620264  0.16734072 -0.15577969
  0.13250028 -0.15118978  0.1669146  -0.14626434  0.08236682 -0.10654375
  0.16185328 -0.1460194   0.07764101 -0.09105109  0.14255079 -0.135833
  0.06297374 -0.07622948  0.18222608 -0.14586506  0.06288315 -0.05643713
  0.14700482 -0.18108632  0.06245703 -0.07708171  0.15188496 -0.17089992
  0.09252638 -0.05164758  0.12761175 -0.16568425  0.08282984 -0.02621345
  0.11825074 -0.16476827  0.07346883 -0.00608558  0.07839427 -0.15028218
  0.05813051 -0.01148243  0.09818661 -0.12054837  0.02855103 -0.03609117
  0.15310963 -0.14979232  0.05364964 -0.01099256  0.11325316 -0.12502923
  0.06880678 -0.07073197  0.09327963 -0.10026615  0.02397957 -0.04596889
  0.08291204 -0.11063374  0.05337786 -0.03114728  0.0834925  -0.10011181
  0.06389979 -0.01531909  0.06949628 -0.08958988  0.04493283 -0.0246801
  0.09459489 -0.09398016  0.02032409 -0.0294059   0.0752924  -0.13350111
  0.05536417 -0.03876692  0.0705666  -0.0683011   0.02645574 -0.03321572
  0.08142405 -0.11709246  0.04691914 -0.00281086  0.0372679  -0.07244644
  0.07631743 -0.03803212  0.03187105 -0.02282968  0.02154876 -0.03812271
  0.0665756  -0.04777395  0.07150104 -0.0382133   0.04660207 -0.03758755
  0.03695083 -0.04260358  0.03690553 -0.03734261  0.05210796 -0.04269417
  0.0020198  -0.032798    0.02682817 -0.01329588  0.01187067 -0.01764086
  0.04232084 -0.0272921   0.00250966 -0.0021482   0.03759503 -0.02207643
  0.01800232 -0.02642141  0.08257658 -0.03177297 -0.01688341 -0.01724158
  0.09209193 -0.05705276 -0.00239732 -0.01733218  0.09200134 -0.05217261
 -0.02237085  0.00246017  0.06242187]",0.13366666666666666,0.0,0.0,0.8748571428571429,0.4805,0.0,0.13415384615384615,7.692307692307693e-05,0.0,0.9195833333333333,0.6610833333333334,0.0,0.13463636363636364,0.0,0.0,0.8763,0.4812,0.0,0.13433333333333333,0.0,0.0,0.954625,0.789125,0.0,0.13214285714285715,0.0,0.0,0.8798333333333334,0.49266666666666664,0.0,0.93375,0.7023214285714285,0.0,0.5808996153846153,0.0,0.116183,0.0,2.148991845985104e-06,2.148991845985104e-06
3.845,0.136,2029,0.5859375,0.04221295528330136,0.71025,0.057835434640019785,0.226491000645136,2.0,0.12047810537765542,0.8438697444232108,0.11243282834709209,2.0,0.13402367379669824,0.8172634331578984,0.19506936155193463,4,0.39369485394859416,4,0.4051213587697826,-0.011121358873014488,40.0,1.1336791699920192,"[ 1.00000000e+00  2.26984342e-02  8.91196584e-02  1.56690007e-01
  4.05121359e-01  2.42528354e-02  4.43447187e-02  7.82354398e-02
  3.43483249e-01  4.10915282e-02  1.03009679e-01  6.47951662e-02
  2.79210561e-01  1.08715923e-01  8.17123825e-02  2.18420094e-02
  3.19573609e-01  4.66947720e-02  3.91422672e-02 -3.41906145e-02
  2.76620453e-01 -4.11540761e-03 -1.12848708e-02  6.78327790e-02
  2.54220744e-01 -3.28399727e-02  3.32449224e-02  5.48222594e-02
  2.00869411e-01 -2.67824978e-02  4.04048095e-02  7.09415815e-02
  1.90446757e-01 -5.25361554e-02  5.91119976e-02  3.39769521e-02
  1.53099086e-01 -6.74618827e-02  6.17688111e-02 -2.42604963e-02
  1.70367533e-01 -3.44793905e-02 -1.21359704e-02 -2.15569704e-02
  2.05601562e-01 -8.63452699e-02 -2.85004391e-02  3.04468039e-02
  2.00018311e-01 -1.24029270e-01  6.98350119e-04  2.30417702e-02
  1.33587511e-01 -1.02640791e-01  2.39553243e-02 -2.24525402e-02
  1.35188625e-01 -1.32467768e-01 -2.13466246e-03 -1.75441899e-02
  6.08540892e-02 -5.24832770e-02 -4.92078514e-02 -7.62113922e-02
  1.36718549e-01 -9.05970310e-02 -8.24354902e-02 -6.94345466e-02
  1.45746931e-01 -1.04326921e-01 -8.57204918e-02 -9.92615239e-02
  9.20125563e-02 -1.18056812e-01 -4.33955231e-02 -8.64494385e-02
  7.15747678e-02 -1.29918207e-01 -2.34924980e-02 -1.02813907e-01
  3.69083877e-02 -8.19877520e-02  1.88324707e-02 -1.08303733e-01
  6.27999402e-02 -6.76902128e-02 -3.00157888e-02 -1.33244595e-01
  8.60569144e-02 -1.12082111e-01 -3.89062763e-02 -2.96423233e-02
  2.48485585e-02 -1.55707926e-01 -4.51621854e-02 -8.11251612e-02
  1.22210804e-02 -1.06675059e-01 -6.95724883e-03 -2.68698500e-02
  3.39926008e-02 -9.98515013e-02  3.22025823e-03 -8.95169473e-02
  6.40041854e-02 -1.11329855e-01  2.16378296e-02 -5.24144229e-02
  7.53308171e-02 -7.38442889e-02 -1.78679534e-02 -9.70641268e-03
  7.61658476e-02 -1.00653646e-01 -8.40981707e-03 -2.30532615e-02
  9.68349558e-02 -2.16781423e-02  1.74817355e-02 -7.98963919e-03
  1.70204974e-01 -6.90409481e-02  3.47501822e-02 -2.31520581e-03
  1.19058465e-01 -1.04473411e-01  2.39911994e-02 -3.58791738e-02
  1.03077038e-01 -5.02181001e-02  2.44431884e-02 -2.08622639e-02
  1.39749808e-01 -4.34412545e-02 -2.41288141e-03 -3.57412788e-02
  9.23870027e-02 -3.99716456e-02  1.43976905e-03 -6.66706684e-02
  9.39414040e-02 -4.32566472e-02  4.86266560e-03 -6.66017209e-02
  6.67490050e-02 -3.38452232e-02  2.62511445e-02 -5.38363478e-02
  3.28019956e-02 -9.10279527e-03  1.73606570e-02 -2.83278368e-02
  4.07279658e-02 -3.89297726e-02 -3.12384387e-03 -3.53498290e-02
  6.43679815e-02 -7.46985650e-02  1.71622228e-02 -2.73771464e-02
  7.00891272e-02 -7.30974514e-02 -7.01255629e-03 -3.81361292e-02
  9.78491751e-02 -7.89703190e-02 -1.36515069e-02 -2.64264560e-02
  4.67493787e-02 -6.28042845e-02 -2.55129020e-02 -4.05393879e-02
  5.58244736e-02 -4.43867131e-02 -5.52931669e-02 -4.00406865e-02
  5.36885966e-02 -6.93275753e-02 -4.73671967e-02 -3.99717390e-02
  7.24424971e-02 -7.11271231e-02 -3.94412265e-02 -6.71641380e-02
  7.17920738e-02 -4.03961677e-02 -3.26176685e-02 -6.52266952e-02
  6.77409892e-02 -5.52751826e-02 -1.98522954e-02 -6.43916646e-02
  3.53261459e-02 -3.16351670e-02 -5.60041294e-02 -6.76766662e-02
  4.99600142e-02 -5.17366262e-02 -3.12617015e-02 -8.88805378e-02
  8.70625385e-02 -4.71646051e-02 -3.88469515e-03 -6.18865730e-02
  9.42691381e-02 -5.90260001e-02 -4.26711075e-02 -3.34071545e-02
  5.84536333e-02 -8.47329453e-02 -1.34256059e-02 -3.96630636e-02
  2.97757806e-02 -8.57664101e-02  2.36302061e-02 -4.51996020e-02
  7.03974290e-03 -2.77741083e-02  3.04537641e-02 -6.67865151e-02
  3.25482539e-02 -5.68350025e-02 -2.51491059e-02 -6.29805770e-02
  6.45826716e-03 -5.48975597e-02 -6.39355182e-02 -1.69186177e-02
  4.35607915e-02 -7.49523067e-02 -5.63458772e-02  1.64469160e-02
  2.46084568e-02 -6.10378090e-02 -1.77578991e-02 -2.15734132e-02
  2.58265289e-02 -2.69061922e-02  1.48415516e-02 -4.23942432e-02
  7.78770156e-02  5.31021693e-03 -3.17551711e-02 -1.65026906e-02
  8.92036473e-02 -1.47445300e-02 -1.33375997e-02 -2.79810441e-02
  1.24054635e-01  4.39241204e-03 -1.88741382e-02  3.85232347e-03
  1.13295652e-01 -5.41813655e-02  1.52107663e-02 -1.30117342e-03
  6.25321848e-02 -2.83365253e-02 -1.19816327e-02 -3.10072124e-03
  5.77617295e-02]",0.17653333333333332,0.0026,0.0,0.8495714285714285,0.40714285714285714,0.0,0.17715384615384616,0.0003076923076923077,0.0,0.8871666666666667,0.5663333333333334,0.0,0.17963636363636365,0.00027272727272727274,0.0,0.8521,0.4194,0.0,0.18388888888888888,0.00011111111111111112,0.0,0.888125,0.582125,0.0,0.18785714285714286,0.00042857142857142855,0.0,0.8415,0.4036666666666667,0.0,0.8757142857142857,0.5464285714285714,0.0,0.474989551004551,0.0,0.09514671428571428,0.0,1.970805657836197e-06,1.970805657836197e-06
3.855,0.12,101,0.555375,0.027486076020414394,0.8745000000000002,0.041680331092734856,0.12222919869702266,2.0,0.5651457823280656,0.44454619657470573,0.025385356856800618,2.0,0.4049122001606795,0.5519333781778315,0.07412567578517232,36,0.7429440962958365,36,0.7272859404230825,-0.0012191626602341698,9.0,1.0344521661984327,"[ 1.         -0.19161066  0.23204706 -0.18423622 -0.0304015  -0.19859152
  0.42653403 -0.22014211  0.61181177 -0.20571629  0.04892431 -0.23791589
  0.06158728 -0.24691071  0.5760131  -0.2469474   0.29359764 -0.22532631
  0.09216506 -0.22529105  0.295431   -0.21813247  0.57241258 -0.2056134
  0.04359476 -0.23068967  0.07960642 -0.23248921  0.60122751 -0.21989819
  0.34942798 -0.21266765 -0.05699813 -0.23774392  0.1859138  -0.23234818
  0.72728594 -0.22878724  0.14090589 -0.2377101  -0.03894085 -0.24494208
  0.35852569 -0.23242301  0.51495035 -0.21447151  0.04552957 -0.21612714
  0.03660671 -0.22695676  0.50250036 -0.23235394  0.22184775 -0.2251234
  0.04919629 -0.22692294  0.28124334 -0.22695963  0.45565621 -0.22883113
 -0.00847604 -0.23239351  0.06710966 -0.21444201  0.53293136 -0.20728342
  0.26674126 -0.22163872 -0.07140164 -0.21081055  0.18759174 -0.21627968
  0.64805296 -0.21448158  0.09581451 -0.20005576 -0.06964168 -0.21448302
  0.36203842 -0.23250791  0.42852209 -0.19656821  0.00579868 -0.19110052
  0.04907757 -0.21088826  0.47172759 -0.20196683  0.16053101 -0.20369442
  0.04184415 -0.20549396  0.28644697 -0.19657253  0.39250468 -0.19484638
 -0.02118866 -0.20912973  0.0669528  -0.18941538  0.48960282 -0.17506152
  0.20725932 -0.19477731 -0.0697237  -0.20193733  0.2000626  -0.19661354
  0.55435746 -0.17866204  0.06151605 -0.1875849  -0.05717082 -0.19841452
  0.32950281 -0.20028601  0.34745431 -0.18409735 -0.0033163  -0.17862966
  0.05611599 -0.18945927  0.40321557 -0.18773313  0.13159303 -0.18946071
  0.03625486 -0.17510685  0.26286948 -0.1733807   0.33118794 -0.18061268
 -0.02318031 -0.1859379   0.06496115 -0.16622356  0.43364657 -0.15186969
  0.16929126 -0.17158548 -0.06092243 -0.1787455   0.18727803 -0.17342172
  0.47321773 -0.15547021  0.04153619 -0.16439308 -0.04836955 -0.17522269
  0.29873003 -0.17709419  0.28790042 -0.15907073 -0.0070708  -0.15360304
  0.05595913 -0.16443265  0.34909411 -0.1627065   0.10265506 -0.16443409
  0.03250036 -0.15008023  0.2339315  -0.14835408  0.27706648 -0.15558606
 -0.02333717 -0.16091128  0.06120665 -0.14119693  0.37232983 -0.12684307
  0.13315801 -0.14655886 -0.05028637 -0.15371888  0.16913297 -0.14839509
  0.39031515 -0.13044359  0.02339114 -0.13936646 -0.03773349 -0.15019607
  0.26259678 -0.15206756  0.22298604 -0.13404411 -0.00722766 -0.12857641
  0.05580227 -0.13940603  0.29137502 -0.13767988  0.07371708 -0.13940747
  0.02874586 -0.1250536   0.20139588 -0.12332746  0.22294503 -0.13055943
 -0.01989639 -0.13588466  0.05385451 -0.11617031  0.3110131  -0.10181645
  0.10062239 -0.12153223 -0.04324795 -0.12869226  0.15098791 -0.12336847
  0.30741258 -0.10541697  0.00884372 -0.11433983 -0.02709742 -0.12516945
  0.22286588 -0.12704094  0.16526694 -0.10901748 -0.00738452 -0.10354979
  0.05204778 -0.11437941  0.23365592 -0.11265326  0.04837674 -0.11438085
  0.01779609 -0.10002698  0.17245791 -0.09830083  0.16162829 -0.10553281
 -0.01645561 -0.11085804  0.05010001 -0.09114369  0.24969636 -0.07678983
  0.06448914 -0.09650561 -0.03261189 -0.10366564  0.12564758 -0.10193949
  0.22091236 -0.08398798 -0.00210606 -0.09291085 -0.01646136 -0.10374047
  0.18313498 -0.10201432  0.10035257]",0.1108,0.0,0.0,0.8905714285714286,0.56,0.0,0.11138461538461539,0.0,0.0,0.9758333333333333,0.8595,0.0,0.11090909090909092,0.0,0.0,0.8924,0.5428,0.0,0.11144444444444444,0.0,0.0,0.96625,0.80425,0.0,0.111,0.0,0.0,0.894,0.5393333333333333,0.0,0.9669642857142857,0.8094642857142857,0.0,0.6611766666666667,0.0,0.13223533333333334,0.0,1.1136626198010105e-06,1.1136626198010105e-06
3.855,0.12,707,0.5970624999999999,0.03740566258937276,0.7885,0.06484789896365184,0.21421926395389465,2.0,0.7037845231891613,0.30770207140559247,0.010414144372228443,2.0,0.7735326285089319,0.215083492240578,0.00596703741705089,8,0.830790890893406,8,0.9176279650436955,0.0023846063901312763,3.0,1.1082220660576247,"[ 1.         -0.63196733  0.45553802 -0.62537706  0.67797456 -0.62039192
  0.45522353 -0.6197466   0.91762797 -0.62516512  0.44930593 -0.61526054
  0.6601944  -0.61107797  0.45298942 -0.60711833  0.83216456 -0.61105062
  0.44409934 -0.60526292  0.67167826 -0.59993594  0.44183788 -0.59712071
  0.77379526 -0.58882127  0.42917276 -0.59195098  0.72363236 -0.58513777
  0.42656947 -0.58712309  0.74663694 -0.56807815  0.41539058 -0.57452217
  0.76929968 -0.57696822  0.41393169 -0.57186419  0.72291184 -0.55910603
  0.41098656 -0.5584607   0.75860888 -0.56719354  0.40324089 -0.55877519
  0.67803757 -0.55459262  0.40246567 -0.54617428  0.72367755 -0.55307904
  0.3980343  -0.54431886  0.63007193 -0.544595    0.39611468 -0.53583482
  0.69686107 -0.53084968  0.38905267 -0.52803445  0.6092004  -0.52979683
  0.38827745 -0.52880967  0.71280364 -0.51193464  0.37790114 -0.51391995
  0.60662446 -0.52196912  0.3738116  -0.51652324  0.73549373 -0.49667573
  0.36194905 -0.49751665  0.59033054 -0.51036636  0.3631208  -0.50674856
  0.73669282 -0.49067609  0.35903127 -0.48408582  0.5413394  -0.50139424
  0.35905862 -0.49297589  0.6954747  -0.48284837  0.35679716 -0.47591627
  0.50492182 -0.4857935   0.35533827 -0.47703332  0.65494025 -0.47285075
  0.34747369 -0.46706305  0.51228881 -0.46836469  0.34006985 -0.46257699
  0.64230248 -0.46136689  0.33334968 -0.45443478  0.54126568 -0.44830524
  0.32411777 -0.44583185  0.61148802 -0.44610799  0.3173976  -0.44249019
  0.56281137 -0.43567698  0.31891118 -0.43205918  0.56249688 -0.44010835
  0.31184918 -0.42871753  0.56023542 -0.42487679  0.31221836 -0.41943092
  0.50195767 -0.43079439  0.30481452 -0.41460303  0.55091196 -0.41487917
  0.30289489 -0.40611899  0.45433387 -0.41450999  0.29583289 -0.40129109
  0.55645086 -0.40190907  0.29471583 -0.39200449  0.43906545 -0.3941087
  0.28765383 -0.39312154  0.56462041 -0.38813641  0.28024999 -0.3812043
  0.43500327 -0.3799942   0.27501605 -0.38232135  0.56501694 -0.37733622
  0.27172909 -0.37074594  0.42019559 -0.37250832  0.26798139 -0.36854869
  0.52825754 -0.36802226  0.26355003 -0.35365897  0.40012663 -0.36582501
  0.26426104 -0.35740666  0.47995006 -0.355394    0.25982968 -0.34068887
  0.38600262 -0.35616922  0.25459574 -0.34146409  0.45164735 -0.33465088
  0.24638933 -0.33034941  0.39782831 -0.34056849  0.2401299  -0.33215014
  0.44164021 -0.31870831  0.2352378  -0.31920739  0.4074841  -0.32496775
  0.22749212 -0.32134995  0.42420189 -0.30756629  0.22854497 -0.30692096
  0.38890137 -0.31416756  0.2207993  -0.3012905   0.39338743 -0.30568352
  0.22185215 -0.29577894  0.36883241 -0.29856682  0.21559271 -0.28386169
  0.35662802 -0.30082828  0.2073863  -0.28315067  0.35539207 -0.2778237
  0.20512484 -0.27054976  0.32832531 -0.28488571  0.19920724 -0.27646736
  0.36356162 -0.26039489  0.19843202 -0.25940773  0.30974258 -0.26928497
  0.18954194 -0.26681157  0.37618988 -0.24776663  0.18579425 -0.24712131
  0.28784555 -0.25699854  0.18250728 -0.25338074  0.37029963 -0.2462257
  0.17727335 -0.23483488  0.25703109 -0.24471212  0.17432822 -0.23480753
  0.34543012 -0.24137046  0.16875245 -0.22254845  0.23398966 -0.23059762
  0.16912163 -0.22183744  0.30786814]",0.19413333333333332,0.0,0.0,0.8053571428571429,0.34414285714285714,0.0,0.19430769230769232,0.0,0.0,0.9785833333333334,0.8815,0.0,0.19445454545454546,0.0,0.0,0.8056,0.3412,0.0,0.1942222222222222,0.0,0.0,0.968875,0.82875,0.0,0.194,0.0,0.0,0.8063333333333333,0.3428333333333333,0.0,0.9825,0.9005357142857143,0.0,0.547685238095238,0.0,0.10953704761904759,0.0,6.739008635466708e-07,6.739008635466708e-07
3.855,0.12,1313,0.5742499999999999,0.027828717182076485,0.838875,0.04855393264196011,0.15202468639277572,2.0,0.49687632680293553,0.5328110188028318,0.06552919043554029,2.0,0.42242785445420317,0.5430119427512754,0.23066821735297302,36,0.6560963602614798,36,0.6503695676668061,-0.026423498080255254,14.0,1.1010664479081214,"[ 1.         -0.08856635  0.49514111  0.10647335  0.45482002  0.02049316
  0.554419   -0.13794907  0.6260353  -0.00712639  0.38569963  0.08805183
  0.41784059 -0.02768067  0.55661666 -0.12426539  0.48006124  0.08815248
  0.34105843  0.07846521  0.47718337 -0.14596367  0.52405136 -0.04283205
  0.37444402  0.06413045  0.37330003 -0.04187904  0.6001533  -0.1941375
  0.45525835 -0.02885012  0.33864434  0.00771159  0.34545374 -0.16074528
  0.65036957 -0.16837129  0.33639211 -0.05610653  0.2742721  -0.10172988
  0.36650757 -0.27460752  0.46757793 -0.14849722  0.22577088 -0.05066787
  0.26851636 -0.16374925  0.39403678 -0.24648843  0.33928028 -0.0711864
  0.21942527 -0.06054612  0.29987646 -0.26641708  0.32671515 -0.19185803
  0.19831686 -0.0822444   0.15799578 -0.18295162  0.36835239 -0.32578531
  0.26528566 -0.18494799  0.17194195 -0.14956603  0.1775716  -0.29269135
  0.42504404 -0.29089259  0.19148202 -0.18304859  0.1381969  -0.18596221
  0.23072399 -0.33350829  0.32325108 -0.22566429  0.14654256 -0.1331372
  0.1297834  -0.21764601  0.25265269 -0.31747173  0.21468448 -0.14865172
  0.10160311 -0.12976642  0.19295044 -0.30559344  0.22921391 -0.26667885
  0.13616183 -0.13968705  0.07551319 -0.2076992   0.27673666 -0.35171265
  0.20960601 -0.20940394  0.14306524 -0.1492803   0.14280274 -0.28091959
  0.36258412 -0.28913548  0.16083567 -0.17598922  0.08958251 -0.18950737
  0.17945847 -0.3270388   0.27669795 -0.21654367  0.11530634 -0.14051324
  0.10650057 -0.21500741  0.21228332 -0.29892634  0.18285838 -0.14601311
  0.07183826 -0.13567108  0.15788334 -0.27232102  0.20357157 -0.24135981
  0.12171389 -0.12556242  0.07373104 -0.18562118  0.24844319 -0.30518457
  0.17925129 -0.19144843  0.11064926 -0.13397592  0.1130379  -0.25235956
  0.29570344 -0.26322658  0.13372196 -0.16392584  0.06718118 -0.16683947
  0.14645262 -0.28846412  0.2436921  -0.18857351  0.09555614 -0.12579874
  0.0973549  -0.18968838  0.17927747 -0.26035166  0.15515479 -0.13129861
  0.06269259 -0.12360771  0.13017975 -0.23374633  0.17380673 -0.21279978
  0.1052047  -0.10760691  0.05987298 -0.15706114  0.20807382 -0.26336888
  0.14683531 -0.16819065  0.08883781 -0.11867153  0.09122645 -0.21849726
  0.23942729 -0.22936428  0.1119105  -0.14066807  0.05597426 -0.14093056
  0.11403665 -0.24929955  0.21922952 -0.1626646   0.08169808 -0.10725335
  0.07348219 -0.16318959  0.14480024 -0.22324835  0.12332869 -0.11540435
  0.04677328 -0.10771345  0.09040025 -0.20194528  0.13667836 -0.18895212
  0.07868086 -0.09436378  0.04130253 -0.13586462  0.16034094 -0.2289167
  0.10705582 -0.14699413  0.05966284 -0.10542841  0.05615934 -0.18728609
  0.18580227 -0.20345537  0.08479679 -0.12536369  0.03416281 -0.12032392
  0.07896954 -0.21484738  0.17414776 -0.14146808  0.05252311 -0.09666135
  0.0416561  -0.1446442   0.09971848 -0.19674956  0.08620033 -0.11276574
  0.0255517  -0.09712145  0.0453185  -0.17279537  0.09424774 -0.17305786
  0.0495059  -0.08642291  0.0147787  -0.11731923  0.11260805 -0.19976678
  0.06933758 -0.13434088  0.03520026 -0.09542629  0.02374336 -0.16402831
  0.12687498 -0.17754646  0.05238082 -0.11271043  0.00970022 -0.10501954
  0.0412513  -0.18098508  0.125825  ]",0.1498,0.0,0.0,0.8535,0.46885714285714286,0.0,0.1503076923076923,0.0,0.0,0.9710833333333333,0.85,0.0,0.1519090909090909,0.0,0.0,0.85,0.4466,0.0,0.15411111111111112,0.0,0.0,0.958,0.78475,0.0,0.15728571428571428,0.0,0.0,0.8456666666666667,0.42433333333333334,0.0,0.9578571428571429,0.79375,0.0,0.5949080952380952,0.0,0.11898161904761903,0.0,1.0347586164955598e-06,1.0347586164955598e-06
3.855,0.12,2029,0.57725,0.02813916310056146,0.8283749999999999,0.04963475974556541,0.16176399034647596,2.0,0.42535539501281716,0.6067038271742221,0.06937804730207284,2.0,0.28237613839382975,0.6260397679680735,0.31942834170217776,8,0.5807980108927303,8,0.7024019635823967,-0.05062970393873148,10.0,1.0986405835543767,"[ 1.          0.07320419  0.54823243  0.13026195  0.54042728  0.09599031
  0.49600792  0.07262111  0.70240196  0.08367168  0.42424273  0.12118876
  0.49220294  0.06154783  0.46122296  0.04147029  0.53823366  0.11518933
  0.40755875  0.1088239   0.53709021  0.06474702  0.44954307  0.05330773
  0.46237583  0.10926827  0.4027349   0.09241263  0.57758859  0.07589948
  0.40268867  0.09744026  0.36300068  0.08709818  0.36280632  0.08546412
  0.56446899  0.04865554  0.37037087  0.06765938  0.30023974  0.01562924
  0.35873721  0.02414288  0.49553697  0.02682794  0.34820078  0.04727149
  0.34327505  0.02931863  0.35720503  0.02768456  0.3950646   0.04161455
  0.29990667  0.05698424  0.36964908  0.01873596  0.30747122 -0.00175383
  0.30295774  0.00785704  0.2404374   0.04064275  0.35694173 -0.01029018
  0.25053888 -0.00362849  0.2401968  -0.02158135  0.22334117  0.00215387
  0.36158063 -0.01435928  0.24105343  0.02130584  0.20931871  0.00335298
  0.21673513  0.02057463  0.31294404 -0.01369702  0.21236978 -0.00230396
  0.16541349 -0.03547839  0.18551455 -0.02984415  0.20890728 -0.06082414
  0.14494723 -0.05484742  0.16758522 -0.08802185  0.14963237 -0.07553157
  0.12009209 -0.10904848  0.11482387 -0.0683095   0.17585827 -0.09860452
  0.11909676 -0.08179511  0.06960354 -0.10845598  0.10382895 -0.07930442
  0.16993721 -0.09328064  0.11173599 -0.07393432  0.07492741 -0.11979338
  0.11025005 -0.10840032  0.12815667 -0.10969191  0.08010316 -0.11427515
  0.04473429 -0.1307883   0.06881199 -0.11322417  0.07005733 -0.11739516
  0.05066477 -0.14261632  0.07110832 -0.15878698  0.05130351 -0.13182987
  0.02464264 -0.15231966  0.03240155 -0.14929212  0.07965409 -0.14914399
  0.03955385 -0.13089489 -0.00232858 -0.17277732  0.01811497 -0.14074635
  0.07695493 -0.13915852  0.03685468 -0.13359405  0.01163353 -0.1765737
  0.02844293 -0.13693195  0.05540004 -0.14185768  0.01893395 -0.13883014
  0.02813257 -0.17022238  0.02718347 -0.1280437   0.02225774 -0.14709377
  0.0071843  -0.1505798   0.03921526 -0.17689818  0.01289689 -0.13218257
 -0.00725041 -0.16391729 -0.00456536 -0.16740331  0.04776103 -0.17342626
  0.00875802 -0.13488173 -0.02770808 -0.18293524 -0.00582482 -0.15707535
  0.0403305  -0.14533981  0.01037797 -0.13216455 -0.01086655 -0.18892607
  0.00594285 -0.14928432  0.02275225 -0.14152541 -0.0010292  -0.1410348
  0.01070634 -0.18511167  0.01229418 -0.14293299 -0.0053162  -0.15183536
 -0.01277886 -0.15278445  0.02939983 -0.17910283  0.00308145 -0.13438722
 -0.03482435 -0.17373273 -0.01945466 -0.17721875  0.0201871  -0.18070477
 -0.01627899 -0.13201253 -0.05528201 -0.18260297 -0.01564026 -0.17340435
  0.01385378 -0.15659495 -0.01500152 -0.1256612  -0.02973248 -0.19764429
 -0.00894645 -0.16417361 -0.00735861 -0.14119313 -0.01591849 -0.14070252
 -0.00671988 -0.19746404 -0.00513205 -0.15274843 -0.0303532  -0.15150308
 -0.03274201 -0.15498911  0.00436282 -0.18384441 -0.00927092 -0.14420266
 -0.05732443 -0.17086352 -0.03180702 -0.17688648  0.00276088 -0.18290943
 -0.02609443 -0.13421718 -0.07524516 -0.18227069 -0.03306648 -0.18321979
 -0.01879401 -0.17292395 -0.04147824 -0.13184249 -0.06635691 -0.19621479
 -0.02527545 -0.17433154 -0.03527503]",0.15993333333333334,0.0,0.0,0.8441428571428572,0.4845,0.0,0.16507692307692307,0.0003846153846153846,0.0,0.9520833333333333,0.8075833333333333,0.0,0.16554545454545455,9.09090909090909e-05,0.0,0.8438,0.4763,0.0,0.16644444444444445,0.0,0.0,0.93275,0.7255,0.0,0.17657142857142857,0.0,0.0,0.837,0.46,0.0,0.9125,0.66125,0.0,0.5906815617715617,0.0,0.11815533333333332,0.0,9.929935544977614e-07,9.929935544977614e-07
3.855,0.1253,101,0.5911875,0.024915403744471015,0.8113749999999998,0.04230082002751246,0.19765270143144978,2.0,0.7627370682943542,0.26772414417719276,0.02528238053547228,2.0,0.8230802433610126,0.17704423495832236,0.006714996935514604,12,0.7873166204166907,4,0.8724245758345772,0.0025047871377853917,4.0,1.076629623486482,"[ 1.         -0.734548    0.52969023 -0.66854502  0.87242458 -0.70843714
  0.54881535 -0.71308619  0.85582637 -0.68042266  0.52014928 -0.69904319
  0.86986937 -0.69861012  0.51672792 -0.66674122  0.83421755 -0.66980102
  0.52457981 -0.68492868  0.86302666 -0.6697295   0.51337809 -0.6770768
  0.86928929 -0.6949027   0.52043534 -0.66652667  0.82474812 -0.66958647
  0.52479436 -0.68042663  0.83609288 -0.66872032  0.49771754 -0.6508229
  0.81949467 -0.66785418  0.49858368 -0.64456027  0.80829295 -0.65111294
  0.48388909 -0.63480477  0.79439298 -0.65802716  0.49364459 -0.63044576
  0.790177   -0.64827166  0.50070185 -0.63386711  0.79533064 -0.64311802
  0.4814054  -0.6252206   0.78301994 -0.64145725  0.47258756 -0.62165621
  0.77531108 -0.63519462  0.46487871 -0.6014221   0.75791825 -0.62813736
  0.46495023 -0.59357022  0.74481291 -0.61679261  0.4623235  -0.58571833
  0.73869332 -0.60894072  0.45620391 -0.58056469  0.73336835 -0.60378708
  0.44738607 -0.5727128   0.72375588 -0.59593519  0.44126647 -0.56486092
  0.71414342 -0.58808331  0.43514688 -0.55700903  0.70453095 -0.58023142
  0.42902728 -0.54915715  0.69491849 -0.57237954  0.42290768 -0.54130526
  0.68530602 -0.56452765  0.41678809 -0.53345338  0.67569355 -0.55667577
  0.41066849 -0.52560149  0.66608109 -0.54882389  0.4045489  -0.51774961
  0.65646862 -0.540972    0.3984293  -0.50989772  0.64685615 -0.53312012
  0.3923097  -0.50204584  0.63724369 -0.52526823  0.38619011 -0.49419395
  0.62763122 -0.51741635  0.38007051 -0.48634207  0.61801876 -0.50956446
  0.37395092 -0.47849019  0.60840629 -0.50171258  0.36783132 -0.4706383
  0.59879382 -0.49386069  0.36171172 -0.46278642  0.58918136 -0.48600881
  0.35559213 -0.45493453  0.57956889 -0.47815692  0.34947253 -0.44708265
  0.56995643 -0.47030504  0.34335294 -0.43923076  0.56034396 -0.46245315
  0.33723334 -0.43137888  0.55073149 -0.45460127  0.33111375 -0.42352699
  0.54111903 -0.44674938  0.32499415 -0.41567511  0.53150656 -0.4388975
  0.31887455 -0.40782322  0.5218941  -0.43104561  0.31275496 -0.39997134
  0.51228163 -0.42319373  0.30663536 -0.39211945  0.50266916 -0.41534184
  0.30051577 -0.38426757  0.4930567  -0.40748996  0.29439617 -0.37641568
  0.48344423 -0.39963807  0.28827657 -0.3685638   0.47383177 -0.39178619
  0.28215698 -0.36071191  0.4642193  -0.3839343   0.27603738 -0.35286003
  0.45460683 -0.37608242  0.26991779 -0.34500814  0.44499437 -0.36823053
  0.26379819 -0.33715626  0.4353819  -0.36037865  0.25767859 -0.32930437
  0.42576944 -0.35252676  0.251559   -0.32145249  0.41615697 -0.34467488
  0.2454394  -0.3136006   0.4065445  -0.33682299  0.23931981 -0.30574872
  0.39693204 -0.32897111  0.23320021 -0.29789683  0.38731957 -0.32111922
  0.22708062 -0.29004495  0.37770711 -0.31326734  0.22096102 -0.28219306
  0.36809464 -0.30541546  0.21484142 -0.27434118  0.35848217 -0.29756357
  0.20872183 -0.26648929  0.34886971 -0.28971169  0.20260223 -0.25863741
  0.33925724 -0.2818598   0.19648264 -0.25078552  0.32964478 -0.27400792
  0.19036304 -0.24293364  0.32003231 -0.26615603  0.18424344 -0.23508175
  0.31041984 -0.25830415  0.17812385 -0.22722987  0.30080738 -0.25045226
  0.17200425 -0.21937799  0.29119491]",0.183,0.0,0.0,0.8177142857142857,0.4898571428571429,0.0,0.18384615384615385,0.0,0.0,0.9924166666666666,0.9615833333333333,0.0,0.18381818181818183,0.0,0.0,0.819,0.4881,0.0,0.18288888888888888,0.0,0.0,0.988625,0.942375,0.0,0.18171428571428572,0.0,0.0,0.8233333333333334,0.4885,0.0,0.98375,0.9176785714285715,0.0,0.6740830952380953,0.0,0.13481661904761905,0.0,8.710487190785938e-07,8.710487190785938e-07
3.855,0.1253,707,0.553125,0.013095204274848081,0.8871250000000002,0.02651385251147031,0.11936223319737253,400.0,0.08962390535647394,0.864960480639566,0.21318991475430027,400.0,0.38585199269444825,0.5461835840362713,0.7378611172154507,2,0.38012528473803986,2,0.7900236714009472,-0.09335658721676847,5.0,1.0050984279847046,"[ 1.00000000e+00  6.37182492e-01  7.90023671e-01  6.76144840e-01
  7.57860683e-01  6.79544520e-01  6.81244360e-01  6.65162866e-01
  6.49081372e-01  6.32999878e-01  6.16918384e-01  6.18618224e-01
  6.02536730e-01  6.33197917e-01  5.90444422e-01  6.09925596e-01
  6.02734769e-01  5.71161288e-01  5.57369140e-01  5.47888967e-01
  5.60768820e-01  5.42397980e-01  5.44097820e-01  5.36906993e-01
  5.11934831e-01  5.46907993e-01  5.30826499e-01  5.32526339e-01
  4.80882176e-01  5.80379354e-01  4.57609855e-01  5.48216365e-01
  4.52118868e-01  5.07162710e-01  4.46627881e-01  4.39437054e-01
  4.67808895e-01  4.07274066e-01  4.62317908e-01  3.75111078e-01
  4.32444267e-01  3.89690771e-01  3.93679958e-01  3.70997144e-01
  3.90478318e-01  3.74396824e-01  4.02768665e-01  3.33343169e-01
  3.61715010e-01  3.47922862e-01  3.29552022e-01  3.31251861e-01
  3.21771688e-01  3.23471528e-01  2.80718032e-01  2.91308539e-01
  2.77516392e-01  2.68036218e-01  2.38752084e-01  2.47053244e-01
  2.39862417e-01  2.14890256e-01  2.09988776e-01  1.93907281e-01
  1.77825787e-01  1.95017615e-01  1.63444133e-01  1.89526628e-01
  1.46773132e-01  1.84035640e-01  1.41282145e-01  1.78544653e-01
  1.53572492e-01  1.55272332e-01  1.39190838e-01  1.49781345e-01
  1.24809184e-01  1.35399691e-01  1.19318197e-01  1.03236703e-01
  7.82645418e-02  9.54563691e-02  9.71562090e-02  6.32933809e-02
  5.61025538e-02  4.89117268e-02  5.06115668e-02  2.79287524e-02
  2.07379254e-02  6.94577804e-03 -2.45049010e-04 -1.40371963e-02
 -2.12280234e-02 -2.84188504e-02 -3.56096775e-02 -4.94018248e-02
 -4.99913316e-02 -5.05808384e-02 -5.11703452e-02 -5.83611722e-02
 -5.89506790e-02 -5.95401858e-02 -6.01296926e-02 -6.07191994e-02
 -6.13087062e-02 -6.18982130e-02 -6.24877198e-02 -6.30772266e-02
 -6.36667333e-02 -6.42562401e-02 -6.48457469e-02 -6.54352537e-02
 -6.60247605e-02 -6.66142673e-02 -6.72037741e-02 -6.77932809e-02
 -6.83827877e-02 -6.89722945e-02 -6.95618012e-02 -7.01513080e-02
 -7.07408148e-02 -7.13303216e-02 -7.19198284e-02 -7.25093352e-02
 -7.30988420e-02 -7.36883488e-02 -7.42778556e-02 -7.48673624e-02
 -7.54568692e-02 -7.60463759e-02 -7.66358827e-02 -7.72253895e-02
 -7.78148963e-02 -7.84044031e-02 -7.89939099e-02 -7.95834167e-02
 -8.01729235e-02 -8.07624303e-02 -8.13519371e-02 -8.19414438e-02
 -8.25309506e-02 -8.31204574e-02 -8.37099642e-02 -8.42994710e-02
 -8.48889778e-02 -8.54784846e-02 -8.60679914e-02 -8.66574982e-02
 -8.72470050e-02 -8.78365117e-02 -8.84260185e-02 -8.90155253e-02
 -8.96050321e-02 -9.01945389e-02 -9.07840457e-02 -9.13735525e-02
 -9.19630593e-02 -9.25525661e-02 -9.31420729e-02 -9.37315796e-02
 -9.43210864e-02 -9.49105932e-02 -9.55001000e-02 -9.60896068e-02
 -9.66791136e-02 -9.72686204e-02 -9.78581272e-02 -9.84476340e-02
 -9.90371408e-02 -9.96266476e-02 -1.00216154e-01 -1.00805661e-01
 -1.01395168e-01 -1.01984675e-01 -1.02574182e-01 -1.03163688e-01
 -1.03753195e-01 -1.04342702e-01 -1.04932209e-01 -1.05521715e-01
 -1.06111222e-01 -1.06700729e-01 -1.07290236e-01 -1.07879743e-01
 -1.08469249e-01 -1.09058756e-01 -1.09648263e-01 -1.10237770e-01
 -1.10827277e-01 -1.11416783e-01 -1.12006290e-01 -1.12595797e-01
 -1.13185304e-01 -1.13774811e-01 -1.14364317e-01 -1.14953824e-01
 -1.15543331e-01 -1.16132838e-01 -1.16722344e-01 -1.17311851e-01
 -1.17901358e-01 -1.18490865e-01 -1.19080372e-01 -1.19669878e-01
 -1.20259385e-01 -1.20848892e-01 -1.21438399e-01 -1.22027906e-01
 -1.22617412e-01 -1.23206919e-01 -1.23796426e-01 -1.24385933e-01
 -1.24975440e-01 -1.25564946e-01 -1.26154453e-01 -1.26743960e-01
 -1.27333467e-01 -1.27922973e-01 -1.28512480e-01 -1.29101987e-01
 -1.29691494e-01 -1.30281001e-01 -1.30870507e-01 -1.31460014e-01
 -1.32049521e-01 -1.32639028e-01 -1.33228535e-01 -1.33818041e-01
 -1.34407548e-01 -1.34997055e-01 -1.35586562e-01 -1.36176069e-01
 -1.36765575e-01 -1.37355082e-01 -1.37944589e-01 -1.38534096e-01
 -1.39123602e-01 -1.39713109e-01 -1.40302616e-01 -1.40892123e-01
 -1.41481630e-01 -1.42071136e-01 -1.42660643e-01 -1.43250150e-01
 -1.43839657e-01 -1.44429164e-01 -1.45018670e-01 -1.45608177e-01
 -1.46197684e-01 -1.46787191e-01 -1.47376698e-01 -1.47966204e-01
 -1.48555711e-01 -1.49145218e-01 -1.49734725e-01 -1.50324232e-01
 -1.50913738e-01 -1.51503245e-01 -1.52092752e-01 -1.52682259e-01
 -1.53271765e-01]",0.10966666666666666,0.0,0.0,0.8912857142857142,0.6737142857142857,0.0,0.10923076923076923,0.0,0.0,0.9901666666666666,0.9505833333333333,0.0,0.10909090909090909,0.0,0.0,0.89,0.6653,0.0,0.1111111111111111,0.0,0.0,0.98525,0.925875,0.0,0.11428571428571428,0.0,0.0,0.8833333333333333,0.6421666666666667,0.0,0.9789285714285715,0.8941071428571429,0.0,0.7715278571428572,0.0,0.15430557142857143,0.0,4.851541508769959e-05,4.851541508769959e-05
3.855,0.1253,1313,0.5777500000000001,0.02534635082215977,0.81625,0.047811478747263186,0.1786536938212082,400.0,0.06596050814537002,0.8713185775886237,0.28776031238918165,400.0,0.14976920745968192,0.7218037432422781,0.601120107494537,8,0.3411888315984043,4,0.6205809979494193,-0.016112827271594368,28.0,1.0592051905920519,"[ 1.00000000e+00  5.49471975e-01  5.61008202e-01  5.90794600e-01
  6.20580998e-01  5.53716678e-01  5.07836637e-01  4.52865687e-01
  6.05686945e-01  4.94188312e-01  4.31903623e-01  4.61690021e-01
  5.20663021e-01  4.40128161e-01  3.90625427e-01  3.90336637e-01
  4.88475735e-01  4.03429597e-01  3.75799727e-01  3.85558783e-01
  4.10833903e-01  3.67687970e-01  3.59196856e-01  3.30678401e-01
  4.13369788e-01  3.44728298e-01  2.86134655e-01  3.29591593e-01
  4.04012303e-01  3.20811688e-01  2.98650034e-01  3.16611415e-01
  3.53711552e-01  2.79601846e-01  2.84781271e-01  2.74512987e-01
  3.16124402e-01  2.82137731e-01  2.06182502e-01  2.46905332e-01
  3.15857826e-01  2.14407040e-01  1.94979494e-01  2.08361244e-01
  2.71845523e-01  2.23231374e-01  2.21097061e-01  1.75217020e-01
  2.47860560e-01  1.96512303e-01  1.54254956e-01  1.43029733e-01
  2.20184552e-01  1.57899863e-01  1.13865345e-01  1.17199248e-01
  1.51565277e-01  1.09376282e-01  9.81510595e-02  7.51008202e-02
  1.45010253e-01  8.27255639e-02  8.33253589e-02  7.94138756e-02
  1.33807245e-01  7.79477102e-02  5.21633630e-02  3.27358168e-02
  1.19049897e-01  3.31151743e-02  2.46240602e-02  6.08509911e-03
  7.05263158e-02  1.91780588e-02  1.79323308e-02 -2.88362953e-02
  8.20847573e-02  1.15977444e-02  3.72522215e-04  1.10201640e-02
  4.90088859e-02  3.86722488e-02  1.00854409e-02 -2.75922761e-02
  5.96103896e-02  2.28212577e-02 -3.03144224e-03 -1.52136022e-02
  3.46684894e-02  8.81578947e-03  1.30382775e-02 -4.56237184e-02
  7.25427204e-02  2.48171565e-02  1.69856459e-03  1.05006835e-02
  4.84894053e-02  2.90618592e-02  6.60936432e-02 -1.44412167e-02
  6.72932331e-02  6.51589200e-02  2.29015721e-02  3.80604921e-02
  6.51127820e-02  4.65738209e-02  4.99077239e-02  3.22573479e-02
  7.57142857e-02  6.62662338e-02  6.22863978e-02  4.46360219e-02
  8.62474368e-02  6.49743677e-02  6.37286398e-02  4.79237867e-02
  9.68489405e-02  8.10440875e-02  4.61004785e-02  5.49025974e-02
  8.74231032e-02  3.60748462e-02  4.21428571e-02  9.93335612e-03
  9.07108681e-02  6.03468900e-02  3.17600820e-02  2.96257690e-02
  6.57689679e-02  6.17891319e-02  3.04682160e-02  9.92822967e-04
  8.08817498e-02  3.22676008e-02  9.14900889e-03  1.52170198e-02
  2.31305537e-02  5.19600137e-02  4.79801777e-02 -8.83629528e-03
  5.10252905e-02  5.89388243e-02  2.94634313e-02  3.00632262e-02
  4.89131921e-02  2.57946001e-02  3.82194122e-02  3.60850991e-02
  2.30143541e-02  6.10030759e-02  4.33526999e-02  1.11431989e-02
  6.55365687e-02  5.51999316e-02  5.39542037e-02  3.63038278e-02
  5.05741627e-02  4.84398496e-02  4.81510595e-02  1.13619275e-02
  6.11756664e-02  4.17481203e-02  2.59432673e-02  1.37611073e-02
  3.34996582e-02  2.86312372e-02  1.88995215e-03 -4.67241969e-02
  1.31373889e-02  6.42344498e-03 -1.48496241e-02 -1.78725222e-02
 -2.00068353e-02 -1.84501025e-02 -8.75939850e-03 -8.01349966e-02
 -4.39234450e-02 -1.50939850e-02 -3.08988380e-02 -5.12833219e-02
 -4.15242652e-02 -3.08766234e-02  7.11209843e-03 -5.24384826e-02
 -2.26520848e-02 -3.38773069e-02 -2.86978811e-02 -6.36414901e-02
 -4.39029392e-02 -3.32552973e-02 -3.17669173e-02 -6.94446343e-02
 -4.33492823e-02 -3.72812714e-02 -5.85543404e-02 -7.43591934e-02
 -6.74025974e-02 -8.32074504e-02 -7.35167464e-02 -1.13039986e-01
 -9.05673274e-02 -4.89559125e-02 -9.12132604e-02 -1.17065960e-01
 -9.73274094e-02 -7.39661654e-02 -7.61004785e-02 -1.08309979e-01
 -9.67737526e-02 -6.52101846e-02 -8.37491456e-02 -1.12335954e-01
 -1.15358852e-01 -6.82792208e-02 -9.77546138e-02 -1.30852700e-01
 -7.64593301e-02 -5.21411483e-02 -7.34142174e-02 -9.01076555e-02
 -9.85987697e-02 -7.51691729e-02 -6.54784689e-02 -1.03156186e-01
 -9.07313739e-02 -5.72539303e-02 -7.94155844e-02 -1.10736500e-01
 -8.18386876e-02 -7.03024607e-02 -7.87935748e-02 -1.08268968e-01
 -1.09514696e-01 -6.33236500e-02 -7.09261791e-02 -8.67310321e-02
 -8.06630212e-02 -5.27221463e-02 -5.94360902e-02 -9.16455913e-02
 -8.37320574e-02 -3.66524265e-02 -6.52392344e-02 -1.14741969e-01
 -7.31305537e-02 -5.88602187e-02 -7.37764867e-02 -8.86927546e-02
 -1.01763500e-01 -7.74453178e-02 -4.95044429e-02 -1.16368763e-01
 -7.83800410e-02 -5.59073821e-02 -5.53075871e-02 -9.48308271e-02
 -6.60013671e-02 -6.08219412e-02 -4.92857143e-02 -9.24316473e-02
 -9.27204375e-02]",0.15846666666666667,0.0,0.0,0.8485714285714285,0.47535714285714287,0.0,0.16338461538461538,0.0,0.0,0.94725,0.7819166666666667,0.0,0.1658181818181818,0.0,0.0,0.8413,0.4634,0.0,0.16877777777777778,0.0,0.0,0.9375,0.747625,0.0,0.17242857142857143,0.0,0.0,0.8338333333333333,0.44033333333333335,0.0,0.9255357142857142,0.7046428571428571,0.0,0.5817264285714285,0.0,0.1163452857142857,0.0,9.056664795724126e-05,9.056664795724126e-05
3.855,0.1253,2029,0.556125,0.011318541204589892,0.8873750000000001,0.022008166098064618,0.11255467099120353,2.0,0.49601027240209106,0.18838720592023891,0.002988616011208163,4.0,0.49519417475728145,0.14939142317232332,0.0009223300970873747,4,0.932856445908037,4,0.9677728313816578,0.003114175488462572,3.0,1.0286914939863787,"[ 1.         -0.32663965 -0.32746234 -0.32828503  0.96777283 -0.32015589
 -0.32097858 -0.32180127  0.95809478 -0.3169303  -0.31775299 -0.31857568
  0.94841672 -0.31370472 -0.3145274  -0.31535009  0.93873867 -0.31047913
 -0.31130182 -0.3121245   0.92906061 -0.30725354 -0.30807623 -0.30889892
  0.91938256 -0.30402795 -0.30485064 -0.30567333  0.90970451 -0.30080236
 -0.30162505 -0.30244774  0.90002645 -0.29757678 -0.29839946 -0.29922215
  0.8903484  -0.29435119 -0.29517388 -0.29599656  0.88067034 -0.2911256
 -0.29194829 -0.29277098  0.87099229 -0.28790001 -0.2887227  -0.28954539
  0.86131424 -0.28467442 -0.28549711 -0.2863198   0.85163618 -0.28144884
 -0.28227152 -0.28309421  0.84195813 -0.27822325 -0.27904594 -0.27986862
  0.83228007 -0.27499766 -0.27582035 -0.27664304  0.82260202 -0.27177207
 -0.27259476 -0.27341745  0.81292397 -0.26854649 -0.26936917 -0.27019186
  0.80324591 -0.2653209  -0.26614359 -0.26696627  0.79356786 -0.26209531
 -0.262918   -0.26374069  0.7838898  -0.25886972 -0.25969241 -0.2605151
  0.77421175 -0.25564413 -0.25646682 -0.25728951  0.76453369 -0.25241855
 -0.25324123 -0.25406392  0.75485564 -0.24919296 -0.25001565 -0.25083833
  0.74517759 -0.24596737 -0.24679006 -0.24761275  0.73549953 -0.24274178
 -0.24356447 -0.24438716  0.72582148 -0.23951619 -0.24033888 -0.24116157
  0.71614342 -0.23629061 -0.23711329 -0.23793598  0.70646537 -0.23306502
 -0.23388771 -0.23471039  0.69678732 -0.22983943 -0.23066212 -0.23148481
  0.68710926 -0.22661384 -0.22743653 -0.22825922  0.67743121 -0.22338825
 -0.22421094 -0.22503363  0.66775315 -0.22016267 -0.22098535 -0.22180804
  0.6580751  -0.21693708 -0.21775977 -0.21858245  0.64839705 -0.21371149
 -0.21453418 -0.21535687  0.63871899 -0.2104859  -0.21130859 -0.21213128
  0.62904094 -0.20726031 -0.208083   -0.20890569  0.61936288 -0.20403473
 -0.20485741 -0.2056801   0.60968483 -0.20080914 -0.20163183 -0.20245451
  0.60000677 -0.19758355 -0.19840624 -0.19922893  0.59032872 -0.19435796
 -0.19518065 -0.19600334  0.58065067 -0.19113238 -0.19195506 -0.19277775
  0.57097261 -0.18790679 -0.18872948 -0.18955216  0.56129456 -0.1846812
 -0.18550389 -0.18632658  0.5516165  -0.18145561 -0.1822783  -0.18310099
  0.54193845 -0.17823002 -0.17905271 -0.1798754   0.5322604  -0.17500444
 -0.17582712 -0.17664981  0.52258234 -0.17177885 -0.17260154 -0.17342422
  0.51290429 -0.16855326 -0.16937595 -0.17019864  0.50322623 -0.16532767
 -0.16615036 -0.16697305  0.49354818 -0.16210208 -0.16292477 -0.16374746
  0.48387012 -0.1588765  -0.15969918 -0.16052187  0.47419207 -0.15565091
 -0.1564736  -0.15729628  0.46451402 -0.15242532 -0.15324801 -0.1540707
  0.45483596 -0.14919973 -0.15002242 -0.15084511  0.44515791 -0.14597414
 -0.14679683 -0.14761952  0.43547985 -0.14274856 -0.14357124 -0.14439393
  0.4258018  -0.13952297 -0.14034566 -0.14116834  0.41612375 -0.13629738
 -0.13712007 -0.13794276  0.40644569 -0.13307179 -0.13389448 -0.13471717
  0.39676764 -0.1298462  -0.13066889 -0.13149158  0.38708958 -0.12662062
 -0.1274433  -0.12826599  0.37741153 -0.12339503 -0.12421772 -0.1250404
  0.36773348 -0.12016944 -0.12099213 -0.12181482  0.35805542 -0.11694385
 -0.11776654 -0.11858923  0.34837737]",0.11233333333333333,0.0,0.0,0.8876428571428572,0.6747142857142857,0.0,0.11238461538461539,0.0,0.0,0.9996666666666667,0.998,0.0,0.11227272727272727,0.0,0.0,0.8877,0.6746,0.0,0.11233333333333333,0.0,0.0,0.9995,0.997,0.0,0.11214285714285714,0.0,0.0,0.8878333333333334,0.6743333333333333,0.0,0.9992857142857143,0.9957142857142857,0.0,0.8037295238095238,0.0,0.16074590476190476,0.0,7.932984292177075e-07,7.932984292177075e-07
3.855,0.1307,101,0.5531875,0.02181232091617027,0.8746250000000001,0.041531426354027394,0.12019383776902574,2.0,0.36537738887695925,0.519358052219192,0.16109393043119152,400.0,0.1693817397939117,0.5662479846275177,0.5887800165861341,4,0.7835203080485058,4,0.8427309291518335,-0.04011593571639459,23.0,1.0355187213260322,"[ 1.          0.5698198   0.56174829  0.52106542  0.84273093  0.4632795
  0.4243812   0.42171774  0.72342691  0.36933987  0.34850463  0.37120556
  0.68373083  0.35316926  0.32330249  0.35865843  0.6549052   0.33337516
  0.32341038  0.3406489   0.62786414  0.29908713  0.2837143   0.29370585
  0.55739562  0.23948907  0.22411623  0.22686082  0.51769954  0.18892253
  0.1898282   0.1889493   0.47794911  0.15279559  0.14645429  0.13470494
  0.40742624  0.08227272  0.06506097  0.06418207  0.33868794  0.04430685
  0.01260116  0.0424947   0.31878514  0.03889799  0.01984732  0.04249389
  0.32603129  0.03889717  0.01443845  0.03346154  0.29347347  0.00633935
 -0.03802135 -0.01899827  0.2337667  -0.05336742 -0.08869659 -0.0696735
  0.192123   -0.07873262 -0.10140677 -0.06972867  0.18844435 -0.07878779
 -0.10146194 -0.06978384  0.1847657  -0.07884295 -0.10151711 -0.069839
  0.18108705 -0.07889812 -0.10157227 -0.06989417  0.17740839 -0.07895329
 -0.10162744 -0.06994934  0.17372974 -0.07900846 -0.10168261 -0.07000451
  0.17005109 -0.07906362 -0.10173778 -0.07005967  0.16637244 -0.07911879
 -0.10179295 -0.07011484  0.16269379 -0.07917396 -0.10184811 -0.07017001
  0.15901514 -0.07922913 -0.10190328 -0.07022518  0.15533649 -0.07928429
 -0.10195845 -0.07028034  0.15165783 -0.07933946 -0.10201362 -0.07033551
  0.14797918 -0.07939463 -0.10206878 -0.07039068  0.14430053 -0.0794498
 -0.10212395 -0.07044585  0.14062188 -0.07950496 -0.10217912 -0.07050101
  0.13694323 -0.07956013 -0.10223429 -0.07055618  0.13326458 -0.0796153
 -0.10228945 -0.07061135  0.12958593 -0.07967047 -0.10234462 -0.07066652
  0.12590728 -0.07972563 -0.10239979 -0.07072168  0.12222862 -0.0797808
 -0.10245496 -0.07077685  0.11854997 -0.07983597 -0.10251012 -0.07083202
  0.11487132 -0.07989114 -0.10256529 -0.07088719  0.11119267 -0.0799463
 -0.10262046 -0.07094235  0.10751402 -0.08000147 -0.10267563 -0.07099752
  0.10383537 -0.08005664 -0.10273079 -0.07105269  0.10015672 -0.08011181
 -0.10278596 -0.07110786  0.09647806 -0.08016697 -0.10284113 -0.07116303
  0.09279941 -0.08022214 -0.1028963  -0.07121819  0.08912076 -0.08027731
 -0.10295146 -0.07127336  0.08544211 -0.08033248 -0.10300663 -0.07132853
  0.08176346 -0.08038764 -0.1030618  -0.0713837   0.07808481 -0.08044281
 -0.10311697 -0.07143886  0.07440616 -0.08049798 -0.10317213 -0.07149403
  0.0707275  -0.08055315 -0.1032273  -0.0715492   0.06704885 -0.08060831
 -0.10328247 -0.07160437  0.0633702  -0.08066348 -0.10333764 -0.07165953
  0.05969155 -0.08071865 -0.1033928  -0.0717147   0.0560129  -0.08077382
 -0.10344797 -0.07176987  0.05233425 -0.08082899 -0.10350314 -0.07182504
  0.0486556  -0.08088415 -0.10355831 -0.0718802   0.04497695 -0.08093932
 -0.10361347 -0.07193537  0.04129829 -0.08099449 -0.10366864 -0.07199054
  0.03761964 -0.08104966 -0.10372381 -0.07204571  0.03394099 -0.08110482
 -0.10377898 -0.07210087  0.03026234 -0.08115999 -0.10383414 -0.07215604
  0.02658369 -0.08121516 -0.10388931 -0.07221121  0.02290504 -0.08127033
 -0.10394448 -0.07226638  0.01922639 -0.08132549 -0.10399965 -0.07232154
  0.01554773 -0.08138066 -0.10405481 -0.07237671  0.01186908 -0.08143583
 -0.10410998 -0.07243188  0.00819043]",0.10666666666666667,0.0,0.0,0.8935,0.6426428571428572,0.0,0.10761538461538461,0.0,0.0,0.98875,0.9464166666666667,0.0,0.109,0.0,0.0,0.8901,0.6293,0.0,0.111,0.0,0.0,0.983125,0.919625,0.0,0.11414285714285714,0.0,0.0,0.8835,0.5988333333333333,0.0,0.9758928571428571,0.8851785714285715,0.0,0.7473635714285715,0.0,0.1494727142857143,0.0,1.177862893868141e-05,1.177862893868141e-05
3.855,0.1307,707,0.5635625000000001,0.035866015861118435,0.8233750000000001,0.07295450208863057,0.1387026841775847,400.0,0.21702483145392507,0.7378837385544041,0.2847268605571293,400.0,0.5828435830945754,0.4140244523072792,0.7153512837535804,4,0.5110400502868112,4,0.8203284786176244,-0.1409490963236883,36.0,1.094004318219565,"[ 1.00000000e+00  6.66244639e-01  7.19380077e-01  7.07929497e-01
  8.20328479e-01  6.80880153e-01  7.09355476e-01  6.82639109e-01
  7.97386674e-01  6.73204134e-01  6.66450719e-01  6.74414109e-01
  7.87987382e-01  6.59732988e-01  6.91182203e-01  6.43953905e-01
  7.67623146e-01  6.55183520e-01  6.38486794e-01  6.54670222e-01
  7.50629127e-01  6.01786471e-01  6.49675764e-01  6.06519320e-01
  7.00129642e-01  6.28790208e-01  6.24385376e-01  5.97120029e-01
  6.94329553e-01  6.03027169e-01  5.82258588e-01  6.00165289e-01
  6.67392222e-01  5.81412313e-01  5.69961733e-01  5.56162570e-01
  6.52823114e-01  5.42106759e-01  5.55941605e-01  5.44491025e-01
  6.28707017e-01  5.22138847e-01  5.35348383e-01  5.01662598e-01
  6.28153075e-01  5.00447662e-01  4.93145266e-01  4.78171812e-01
  6.01139415e-01  4.61142108e-01  4.75525936e-01  4.74643977e-01
  5.53690152e-01  4.47670962e-01  4.41542857e-01  4.24297150e-01
  5.34972859e-01  4.07267446e-01  4.07010798e-01  3.84442615e-01
  5.02713053e-01  3.62715747e-01  3.88293505e-01  3.58679576e-01
  4.78749615e-01  3.39926599e-01  3.45541407e-01  3.41761885e-01
  4.08988818e-01  3.20660326e-01  3.24475532e-01  2.96112223e-01
  3.83302107e-01  2.90276450e-01  2.74754015e-01  2.61031182e-01
  3.62312561e-01  2.59892574e-01  2.60886546e-01  2.44189820e-01
  3.30205413e-01  2.36005465e-01  2.33400234e-01  2.14980235e-01
  2.87529644e-01  1.83935366e-01  2.15384580e-01  1.67607301e-01
  2.41879982e-01  1.69366257e-01  1.50946259e-01  1.40746299e-01
  2.26212911e-01  1.50725294e-01  1.24710567e-01  1.36273159e-01
  1.98879256e-01  1.02879707e-01  1.20862737e-01  8.30287687e-02
  1.74366837e-01  6.48247737e-02  7.34134738e-02  5.13942727e-02
  1.40932740e-01  4.32099178e-02  5.11733078e-02  1.85854855e-02
  1.24640359e-01  1.81485170e-02  1.67939060e-02  1.53629661e-02
  9.73067043e-02 -9.65098596e-04 -7.64218465e-03 -9.62210574e-03
  5.88554477e-02 -3.59698104e-02 -2.62831480e-02 -5.00256216e-02
  4.53843015e-02 -6.00095778e-02 -5.49437514e-02 -7.75119337e-02
  2.49437368e-02 -7.81015600e-02 -6.25434414e-02 -8.51116237e-02
  3.80153304e-03 -9.10237251e-02 -7.89884802e-02 -9.56852063e-02
 -2.55607094e-02 -9.69764716e-02 -9.95817028e-02 -1.15104138e-01
 -3.91081845e-02 -1.08175364e-01 -1.11954887e-01 -1.31625505e-01
 -4.97580960e-02 -1.34014733e-01 -1.22528469e-01 -1.45096652e-01
 -6.37782234e-02 -1.43963005e-01 -1.44844964e-01 -1.57393506e-01
 -9.07918833e-02 -1.59706405e-01 -1.67634111e-01 -1.77910400e-01
 -1.04263029e-01 -1.85073122e-01 -1.84704460e-01 -1.90908894e-01
 -1.20784397e-01 -2.00969179e-01 -1.94256409e-01 -1.89892222e-01
 -1.41453949e-01 -2.10444800e-01 -1.93163408e-01 -2.14008318e-01
 -1.42709530e-01 -2.24617585e-01 -2.15556232e-01 -2.31703977e-01
 -1.59856208e-01 -2.34718515e-01 -2.33328220e-01 -2.40706945e-01
 -1.74181651e-01 -2.35577773e-01 -2.36536061e-01 -2.38668640e-01
 -1.66820871e-01 -2.47005653e-01 -2.37395319e-01 -2.44225063e-01
 -1.87643080e-01 -2.36747309e-01 -2.51797091e-01 -2.57452544e-01
 -1.92101541e-01 -2.58271157e-01 -2.55706571e-01 -2.63710606e-01
 -2.03056768e-01 -2.62180637e-01 -2.43724955e-01 -2.65195175e-01
 -1.94521696e-01 -2.51845964e-01 -2.63921854e-01 -2.64254831e-01
 -2.09472450e-01 -2.66247736e-01 -2.60160276e-01 -2.86952971e-01
 -2.13381929e-01 -2.74854381e-01 -2.68766921e-01 -2.82642412e-01
 -2.13768535e-01 -2.82286734e-01 -2.65005343e-01 -2.80604107e-01
 -2.26370706e-01 -2.77823517e-01 -2.71110747e-01 -2.73792308e-01
 -2.22532799e-01 -2.96922454e-01 -2.68523461e-01 -2.80050370e-01
 -2.32313735e-01 -2.89089022e-01 -2.73607232e-01 -2.91005597e-01
 -2.42643653e-01 -2.90573590e-01 -2.80963256e-01 -2.90141583e-01
 -2.35282872e-01 -2.97304304e-01 -2.87693971e-01 -3.06266627e-01
 -2.50233625e-01 -2.99963164e-01 -2.92076103e-01 -3.00080138e-01
 -2.62210486e-01 -3.06617549e-01 -2.93408013e-01 -3.05483903e-01
 -2.49999883e-01 -2.99653092e-01 -2.80572100e-01 -3.05565194e-01
 -2.51255464e-01 -2.90889034e-01 -2.90047720e-01 -2.95077863e-01
 -2.49613482e-01 -2.92220944e-01 -2.84333883e-01 -2.99231008e-01
 -2.50869064e-01 -2.91127943e-01 -2.73221242e-01 -2.98763317e-01
 -2.38505802e-01 -2.91681886e-01 -2.59607361e-01 -2.79277980e-01
 -2.38510764e-01 -2.69924295e-01 -2.71355235e-01 -2.79831922e-01
 -2.25522193e-01]",0.13266666666666665,0.0002,0.0,0.8787142857142857,0.5634285714285714,0.0,0.14092307692307693,0.0,0.0,0.9339166666666666,0.7165,0.0,0.14781818181818182,0.0,0.0,0.8528,0.4882,0.0,0.16455555555555557,0.00011111111111111112,0.0,0.896625,0.594625,0.0,0.18357142857142858,0.0,0.0,0.8186666666666667,0.39066666666666666,0.0,0.8744642857142857,0.5226785714285714,0.0,0.5506218253968255,0.0,0.11013680952380953,0.0,2.7072718820407664e-05,2.7072718820407664e-05
3.855,0.1307,1313,0.582375,0.03489246874326893,0.774625,0.06864662682900012,0.2041248550702332,2.0,0.15887905674420807,0.7893822069438037,0.17625783021930808,400.0,0.6077465956001122,0.44145571645405884,0.7677211996667963,8,0.41539778487916945,4,0.7891180771309492,-0.1145997957132351,26.0,1.0734453490386282,"[ 1.          0.7297664   0.78247678  0.75362969  0.78911808  0.7231346
  0.76258199  0.70457621  0.77852728  0.7211548   0.73144349  0.6973111
  0.74869519  0.68934321  0.74935819  0.66945851  0.7274741   0.68007871
  0.7056099   0.65886771  0.6963356   0.6741399   0.6824292   0.61777202
  0.66054511  0.62176072  0.66916591  0.61379283  0.65191392  0.61510903
  0.64196652  0.58594024  0.63401852  0.59656043  0.59489254  0.59920294
  0.60151394  0.57201365  0.56703995  0.54947635  0.56309074  0.53889565
  0.54120665  0.52629565  0.54121645  0.50243206  0.52863635  0.50576755
  0.52466725  0.48786236  0.50608896  0.46928407  0.49614156  0.46864067
  0.47097156  0.45075537  0.47363396  0.44545997  0.46966486  0.41163918
  0.44114927  0.44878537  0.42789607  0.41561778  0.44578107  0.42423858
  0.41793858  0.40698659  0.40531869  0.39969179  0.42189729  0.3738288
  0.40333889  0.3817964   0.41132638  0.3579527   0.39939948  0.3519842
  0.38414689  0.3539735   0.3615897   0.34137351  0.37155669  0.33673131
  0.35230531  0.31947932  0.34170471  0.30292032  0.32910471  0.28434203
  0.32580871  0.27508763  0.29861942  0.27575063  0.28669252  0.25984483
  0.28072403  0.24391914  0.27210293  0.23264545  0.26215554  0.21871915
  0.23298674  0.19818125  0.22769134  0.18823386  0.19717636  0.16435037
  0.20379776  0.17097177  0.16532498  0.16632957  0.15937637  0.14113968
  0.14412378  0.12190819  0.12158649  0.10534919  0.09441709  0.09409539
  0.08977489  0.070885    0.08315319  0.0649364   0.0586165   0.0602743
  0.04003821  0.02975932  0.03539602  0.02379082  0.02612172 -0.00737737
 -0.00771896 -0.01203946 -0.01701316 -0.02929145 -0.01637005 -0.03925874
 -0.02766364 -0.05185873 -0.04424253 -0.05188873 -0.07012542 -0.07046701
 -0.05423981 -0.09769609 -0.0748374  -0.10170498 -0.08745728 -0.09908237
 -0.08218208 -0.11368177 -0.09745457 -0.11571115 -0.10744175 -0.11839374
 -0.10614544 -0.13301303 -0.10882803 -0.13834822 -0.13336472 -0.15692651
 -0.13804671 -0.17552469 -0.15266599 -0.18020668 -0.15402229 -0.18952077
 -0.16731527 -0.17957367 -0.17328377 -0.17891067 -0.16201037 -0.20346725
 -0.18322137 -0.19747916 -0.18521096 -0.21405805 -0.20111676 -0.22465865
 -0.20045376 -0.24123755 -0.21570635 -0.24853234 -0.21437026 -0.23658585
 -0.22229836 -0.24849285 -0.22561426 -0.25046256 -0.23552187 -0.25243226
 -0.24479616 -0.25572826 -0.24478637 -0.28820286 -0.26267166 -0.27758266
 -0.25998937 -0.28683707 -0.28450617 -0.28084897 -0.28514957 -0.29806117
 -0.27848838 -0.28744098 -0.28974218 -0.29206328 -0.28707979 -0.30596968
 -0.29635409 -0.30396049 -0.30228279 -0.31256169 -0.31753539 -0.32579499
 -0.32546349 -0.32048    -0.32810629 -0.3211433  -0.32479069 -0.32843809
 -0.33739069 -0.32975459 -0.32942309 -0.33307049 -0.33937049 -0.33901909
 -0.35129739 -0.34235489 -0.35991848 -0.35495488 -0.35395028 -0.35031298
 -0.35530657 -0.36493227 -0.34870507 -0.35635126 -0.34873506 -0.35505495
 -0.34811185 -0.35241245 -0.35275404 -0.34978984 -0.35145774 -0.34716723
 -0.34618253 -0.34984982 -0.35484341 -0.34524771 -0.35154771 -0.34393151
 -0.3502514  -0.3479404  -0.3403242  -0.34133889 -0.35561658 -0.34469458
 -0.33707838 -0.34337838 -0.35102457]",0.1678,0.0,0.0,0.8443571428571428,0.43564285714285716,0.0,0.1793846153846154,0.0,0.0,0.90875,0.6189166666666667,0.0,0.19527272727272726,0.0,0.0,0.8125,0.3547,0.0,0.2121111111111111,0.0,0.0,0.87,0.50925,0.0,0.22185714285714286,0.0,0.0,0.7855,0.29633333333333334,0.0,0.8525,0.45017857142857143,0.0,0.44296857142857143,0.0,0.08859371428571429,0.0,3.4656572345440774e-06,3.4656572345440774e-06
3.855,0.1307,2029,0.59575,0.030934406410985167,0.7484999999999999,0.04647848964843847,0.2278392451324782,2.0,0.11455399061032852,0.8662700249132421,0.06457432383142579,2.0,0.12990666847017454,0.7574591644732726,0.355705378046214,8,0.25561491737966174,4,0.534360606411295,-0.026677918646872346,27.0,1.1198803067140453,"[ 1.00000000e+00  2.15944624e-01  3.49028469e-01  2.85549416e-01
  5.34360606e-01  2.10408228e-01  2.80015623e-01  1.84711550e-01
  5.08658720e-01  1.93385893e-01  2.74392431e-01  2.13719766e-01
  4.62444162e-01  1.93462273e-01  2.39663812e-01  1.90650677e-01
  4.01850480e-01  1.32868592e-01  2.48593334e-01  1.44522914e-01
  3.84654554e-01  1.24352216e-01  1.93959611e-01  1.30567353e-01
  3.35893994e-01  1.21882595e-01  1.82723643e-01  1.48002835e-01
  3.12911700e-01  1.13366219e-01  1.74467654e-01  6.46976623e-02
  2.99042935e-01  6.77592293e-02  1.11327971e-01  5.06553061e-02
  2.64748293e-01  6.22228330e-02  1.02811596e-01  7.96635227e-02
  2.50445550e-01  2.19682328e-02  7.99160977e-02  7.93108437e-03
  1.52587663e-01 -6.66878833e-04  3.42223122e-02 -3.80230876e-02
  1.82116653e-01 -1.45356440e-02  3.18394862e-02 -1.43672607e-02
  1.33442889e-01 -4.88302858e-02  4.10293947e-02 -6.87405972e-02
  1.13700961e-01 -4.83199282e-02 -3.66630020e-02 -8.28697489e-02
  9.94850133e-02 -1.03040447e-01 -4.79857655e-02 -1.40483451e-01
  4.46776993e-02 -1.08750434e-01 -6.53552830e-02 -1.28921132e-01
  5.62400185e-02 -9.71881148e-02 -4.80065965e-02 -1.11659241e-01
  6.75419512e-02 -1.03245284e-01 -5.99369286e-02 -9.73773290e-02
  4.71056591e-02 -9.16829649e-02 -2.52291401e-02 -1.32105948e-01
  7.62006712e-02 -7.44210739e-02 -5.69777803e-02 -1.29223180e-01
  8.47830112e-02 -8.02178567e-02 -8.89868071e-02 -7.72430853e-02
  7.89862284e-02 -1.43878313e-01 -7.16381206e-02 -1.09078521e-01
  4.40840181e-02 -1.15217278e-01 -8.63748409e-02 -1.12502893e-01
  5.23191760e-02 -1.24254427e-01 -7.22665201e-02 -1.06987328e-01
  4.34556186e-02 -1.50477086e-01 -6.94705474e-02 -8.95518459e-02
  3.76588358e-02 -1.44701134e-01 -7.53541257e-02 -1.18580893e-01
  7.23666242e-02 -1.38838387e-01 -4.63459090e-02 -8.10667168e-02
  4.60571693e-02 -1.07370964e-01 -6.39758130e-02 -1.36308008e-01
  6.02522856e-02 -1.48059542e-01 -7.56457586e-02 -1.13259750e-01
  5.15623192e-02 -1.10458570e-01 -8.16161324e-02 -8.16187363e-02
  6.86506191e-02 -1.13622555e-01 -4.13823632e-02 -6.74236200e-02
  5.40006944e-02 -1.02320623e-01 -7.62845735e-02 -7.91803611e-02
  3.06712186e-02 -1.11097385e-01 -1.11099988e-01 -7.34912047e-02
  3.07475987e-02 -1.25573718e-01 -5.32467307e-02 -8.49007638e-02
  5.09894688e-02 -8.78859507e-02 -6.18499016e-02 -5.60661382e-02
  2.18736257e-02 -9.68363037e-02 -7.08870501e-02 -7.37828376e-02
  5.04478648e-02 -9.71071057e-02 -5.08187710e-02 -2.46959264e-02
  3.30783474e-02 -4.81069899e-02 -5.10027775e-02 -5.38985650e-02
  3.28075454e-02 -6.27569147e-02 -3.95272538e-02 -2.79571230e-02
  4.42830691e-02 -9.46791459e-02  6.57967828e-03 -2.24415577e-02
 -2.27867145e-03 -3.99794584e-02 -8.15704201e-03 -2.56055433e-02
  5.82073834e-02 -6.92688925e-02 -1.71073950e-02 -3.45558963e-02
  1.46256220e-02 -7.51524708e-02 -4.32432589e-02 -3.45663118e-02
  1.74215947e-02 -4.92978243e-02 -2.01950006e-02 -4.05366856e-02
  6.92280986e-02 -2.90559542e-02 -4.35244763e-02 -2.89743664e-02
  3.16062956e-02 -3.21331443e-02 -5.23880338e-02 -3.78379239e-02
  3.44022683e-02 -3.80167226e-02 -1.47002662e-02 -3.48683601e-02
  5.47309339e-02 -4.66198935e-02 -9.09790534e-03 -2.06732438e-02
  6.33132739e-02 -4.10175327e-02  5.27080199e-03 -4.97022914e-02
  4.28769818e-02 -5.26006828e-02 -1.78850827e-02 -2.94604212e-02
  4.26929754e-02 -2.37660572e-02  2.25222775e-02 -2.38580604e-02
  7.44207846e-02 -5.29686958e-02  4.97916908e-03 -3.53544150e-02
  1.95266752e-02 -4.99991320e-02 -6.51718551e-03 -8.46357482e-02
  7.15067700e-02 -5.59695058e-02 -9.14824673e-04 -1.82765305e-02
  7.72827219e-02 -4.73003703e-02  1.62602708e-02 -5.01119662e-02
  6.83323689e-02 -9.37753154e-02 -4.08922578e-03 -3.29368707e-02
  7.69147089e-02 -8.51061798e-02  3.05317672e-02  1.68412221e-03
  6.80511515e-02 -5.64451452e-02  2.44745978e-02  2.73651776e-02
  4.75280639e-02 -2.77841106e-02  3.57765305e-02  1.55216410e-02
  5.88299965e-02 -5.40935656e-02  1.53402384e-02 -1.93467191e-03
  5.00532346e-02 -4.84044092e-02  2.97089457e-02  3.66768892e-03
  2.66369633e-02 -4.57820275e-02  3.53113066e-02 -8.08905219e-03
  9.26744590e-03 -4.58792385e-02  1.77681981e-02 -1.99325888e-02
  4.65212360e-02 -4.04504687e-02  5.21288045e-02  4.88948038e-05
  3.18713112e-02]",0.1944,0.0,0.0,0.8215,0.3980714285714286,0.0,0.197,0.0,0.0,0.92975,0.6865,0.0,0.19745454545454547,0.0,0.0,0.8201,0.392,0.0,0.20077777777777778,0.0,0.0,0.91775,0.653,0.0,0.20357142857142857,0.0,0.0,0.8175,0.38333333333333336,0.0,0.9028571428571428,0.5991071428571428,0.0,0.5025809523809524,0.0,0.10051619047619047,0.0,1.5673429864779446e-06,1.5673429864779446e-06
3.855,0.136,101,0.5439375000000001,0.032822379465084484,0.861375,0.04976805576873584,0.08697170501128927,4.040404040404041,0.12471720315700373,0.857131079205349,0.12668844364619353,400.0,0.10256688912623985,0.7700831720710163,0.5120410358201585,4,0.3753382452654365,4,0.533684857966553,-0.010055295496062485,33.0,1.0547987142201132,"[ 1.00000000e+00  4.33489345e-01  3.99981043e-01  5.14776730e-01
  5.33684858e-01  4.21378431e-01  3.65733981e-01  4.02305607e-01
  5.17675358e-01  4.00322217e-01  3.15772715e-01  4.22998331e-01
  4.54523243e-01  2.97944521e-01  2.94142437e-01  2.99285653e-01
  3.76805052e-01  2.37889827e-01  2.46704528e-01  2.85799510e-01
  3.20995906e-01  2.59730679e-01  1.92043509e-01  2.29189198e-01
  2.56241460e-01  2.15163088e-01  1.51948568e-01  1.86570900e-01
  1.97334894e-01  1.58779878e-01  8.62730966e-02  8.16698471e-02
  1.64810023e-01  1.31875785e-01  4.90484737e-02  9.88109470e-02
  1.32058050e-01  1.29404094e-01  3.53352280e-02  4.72473489e-02
  8.94397517e-02  1.07546714e-01 -2.57477337e-02  4.03030078e-02
  8.86902516e-02  6.69975681e-02  3.71607504e-02  4.71235782e-02
  6.97031902e-02  8.52867953e-02 -2.58722929e-03 -7.76454242e-03
  9.16639015e-02  6.93971543e-02 -3.80896612e-02  4.61986418e-02
  5.36381128e-02  4.70855702e-02  2.03461730e-02  1.82662804e-02
  3.88965991e-02  4.74841975e-02 -2.53947476e-03 -7.71678789e-03
  7.09507378e-02  5.12073474e-02  6.23038879e-03  1.56191529e-02
  5.02414852e-02  2.09787313e-02  3.20896864e-02 -1.65587564e-02
  2.73558375e-02  5.61302904e-02  1.36766886e-02 -2.17809064e-02
  7.26008239e-02  2.81979290e-02  4.94023114e-02 -2.75771201e-02
  2.13841874e-02  7.03454949e-02  1.52751090e-02 -1.82331929e-02
  4.83916124e-02  8.72594926e-02  4.98526044e-02  2.39143730e-02
  4.45446918e-02  8.78852220e-02  5.10523975e-02 -1.52595430e-02
  7.85481236e-02  1.04225156e-01  7.94350519e-02  4.90241706e-02
  7.21778462e-02  1.08522370e-01  8.62556224e-02  1.99436818e-02
  8.34710666e-02  9.40079580e-02  2.88441449e-02  2.87135454e-02
  7.65267255e-02  1.07824535e-01  6.78942903e-02  1.98199112e-02
  7.52031618e-02  5.23623509e-02  3.82397378e-02 -6.73722077e-03
  4.80719661e-02  6.87022849e-02  3.88654672e-02 -2.41219507e-02
  1.86445158e-02  2.72321141e-02 -8.22548086e-03 -5.25865985e-03
  2.31517988e-04  3.40526845e-02  1.43092942e-02 -3.12417281e-02
  9.00138154e-03 -1.52146588e-02  2.25050940e-02 -3.00419350e-02
 -3.26958913e-02  8.12128199e-03 -1.10480447e-02 -1.50772305e-02
 -1.01611163e-02  3.76520638e-02 -2.30390994e-02 -4.02591330e-02
 -2.02028779e-02 -1.21893432e-02 -1.93159495e-02 -5.86721308e-02
 -7.18746649e-03  5.87278181e-03  2.20304506e-02 -4.50826557e-02
 -2.05537507e-02 -2.44678871e-03 -2.66628291e-02 -2.11726512e-02
 -2.82992575e-02 -1.58130729e-02 -1.98422587e-02 -5.40678089e-03
 -4.33877327e-02 -9.56656615e-03 -6.59974514e-03 -5.71974811e-02
 -6.23747942e-02 -2.66043345e-02 -7.92330888e-03 -5.15250380e-02
 -6.93191352e-02 -2.46033756e-02 -4.43467660e-02 -5.14733723e-02
 -8.88802604e-02 -2.53528757e-02 -4.25729092e-02 -6.48396564e-02
 -6.43961923e-02 -3.81450962e-02 -3.57523388e-02 -3.47348110e-02
 -7.97117696e-02 -3.24726531e-02  3.29780657e-03 -6.63386566e-02
 -5.19031788e-02 -2.06053691e-02 -4.44770028e-03 -4.24286521e-02
 -6.27461061e-02 -4.96858578e-02  8.22074956e-03 -5.63689999e-02
 -5.34021789e-02 -2.82992102e-02  1.85047218e-03 -4.00290659e-02
 -4.01596654e-02 -3.21461307e-02  1.68151767e-02 -3.32084955e-02
 -3.52883881e-02 -1.46580694e-02  7.92154253e-03 -1.12477842e-02
 -1.27536131e-02 -1.54075694e-02  4.36471653e-02 -7.55729597e-04
  6.68374138e-03  1.50642825e-03  4.28976653e-02 -9.07530012e-03
  1.09809550e-02 -2.08051558e-02  3.82495789e-02  3.05489090e-02
 -4.47083315e-02 -1.36780134e-03  4.44960856e-02 -7.47687974e-03
 -7.03341555e-03 -9.68737186e-03  1.40403674e-02 -1.63705139e-02
 -4.17346816e-02 -1.10109356e-02  1.52401605e-02 -3.53575754e-02
 -2.48206840e-02 -1.48578562e-02 -1.24650988e-02 -1.90176414e-02
 -3.56636113e-02 -1.87047767e-02 -1.76872488e-02 -1.47204278e-02
 -4.82287297e-02 -3.01217677e-02 -1.90108126e-02 -1.91414121e-02
 -4.33574524e-02 -3.02972041e-02 -3.99471672e-02 -1.93168485e-02
 -3.14901684e-02 -4.11401315e-02 -5.07900946e-02  2.64386288e-03
 -5.35746504e-02 -5.87519635e-02 -6.19799835e-02 -3.32055306e-02
 -8.07058460e-02 -5.81262341e-02 -6.33035472e-02 -3.51031580e-02
 -5.67958415e-02 -6.95432251e-02 -5.51077473e-02 -5.15668626e-02
 -8.45011008e-02 -8.91043503e-02 -5.33338906e-02 -5.48397195e-02
 -8.21531804e-02 -7.78111299e-02 -4.39899633e-02 -3.03556514e-02
 -8.29026804e-02]",0.08953333333333334,0.0,0.0,0.9278571428571428,0.6940714285714286,0.0,0.09007692307692308,0.0,0.0,0.9403333333333334,0.7306666666666667,0.0,0.09163636363636364,0.0,0.0,0.9289,0.6844,0.0,0.09388888888888888,0.0,0.0,0.928375,0.67975,0.0,0.09614285714285714,0.0,0.0,0.9275,0.668,0.0,0.9208928571428572,0.6458928571428572,0.0,0.6913776190476191,0.13827552380952382,0.13827552380952382,1.5820314120979453e-05,1.5820314120979453e-05,3.1640628241958905e-05
3.855,0.136,707,0.5920624999999999,0.0329933113486658,0.732875,0.053272735756670145,0.24457586586345983,3.9603960396039604,0.07635677928570153,0.8484285302879129,0.11640527520497654,200.0,0.16596838079607168,0.7251689392430166,0.44655374556753236,4,0.4242878160985535,4,0.7054319471896318,-0.008710189723192959,67.0,1.1129460895975702,"[ 1.00000000e+00  3.77254310e-01  2.30952618e-01  3.85607261e-01
  7.05431947e-01  3.74139808e-01  2.06569721e-01  3.10632780e-01
  6.12839328e-01  3.31445059e-01  1.45502557e-01  2.74484270e-01
  5.42963096e-01  2.84345775e-01  1.31437282e-01  2.17127927e-01
  4.78245674e-01  2.68771947e-01  1.18065721e-01  2.28735582e-01
  4.33288095e-01  2.44389050e-01  9.29285474e-02  2.25560518e-01
  4.03746387e-01  1.97229204e-01  6.55891065e-02  1.98975354e-01
  3.99183895e-01  1.94868979e-01  9.18583557e-02  2.20840069e-01
  3.69642187e-01  2.08618339e-01  8.28307668e-02  1.77330480e-01
  3.60614598e-01  1.71715552e-01  2.46595845e-02  1.99134633e-01
  3.35477424e-01  1.67846775e-01  3.40044100e-02  1.54870768e-01
  2.91213559e-01  1.28741721e-01 -7.30291085e-03  1.55467087e-01
  2.70541482e-01  7.35876447e-02 -9.97902340e-05  1.36182439e-01
  2.87941100e-01  6.16035121e-02 -3.55545859e-02  1.27909126e-01
  2.57645116e-01  5.11279325e-02 -6.06917597e-02  9.39628835e-02
  2.23698873e-01  3.70020949e-02 -8.72769241e-02  4.53550468e-02
  1.60368880e-01  4.50384296e-03 -1.23485996e-01  4.74144006e-03
  1.35171144e-01 -1.92459024e-02 -1.16404000e-01 -1.01992364e-02
  1.26837269e-01  5.45423138e-03 -1.11524272e-01  2.47579571e-02
  1.12590307e-01 -5.14247293e-03 -1.15514174e-01  1.93200638e-02
  1.00545612e-01 -6.17583177e-03 -1.03333930e-01  3.56454845e-03
  1.06058492e-01 -3.81014942e-02 -9.78210493e-02  9.83170549e-03
  7.34391156e-02 -4.49873783e-02 -1.02504666e-01  2.05639593e-02
  6.14549829e-02 -5.99280547e-02 -1.02029472e-01 -7.59032048e-03
  5.16125551e-02 -8.73886203e-02 -8.76469600e-02 -1.74327483e-02
  1.75451878e-02 -1.21455988e-01 -8.42757844e-02  2.70272283e-02
  2.45666213e-02 -1.18839089e-01 -8.24131619e-02  3.54966526e-02
  2.20247094e-02 -1.01560595e-01 -8.19985300e-02  4.69226206e-02
  5.62276263e-02 -1.26818894e-01 -1.01404303e-01  6.27531231e-02
  5.36857144e-02 -1.07338133e-01 -1.00989671e-01  2.94400323e-02
  5.70568901e-02 -9.58516030e-02 -1.21028596e-01  3.50740375e-02
  5.16795591e-02 -8.29170819e-02 -8.83342326e-02  2.73733146e-02
  5.57444489e-02 -6.70865794e-02 -1.12144540e-01  4.69146374e-02
  2.82838833e-02 -8.05792651e-02 -1.16828157e-01  5.54446240e-02
  8.18439584e-03 -8.89737022e-02 -9.36365764e-02  7.42316703e-02
  1.29851182e-03 -8.56025266e-02 -8.73088570e-02  8.34553711e-02
 -1.93711426e-03 -8.14770744e-02 -8.39376813e-02  9.27396342e-02
 -4.41846381e-03 -6.33837423e-02 -6.13792524e-02  9.84342018e-02
  1.30417164e-02 -8.99689067e-02 -3.36620125e-02  9.67676911e-02
  2.67910764e-02 -5.71534182e-02 -1.04098695e-02  1.17063290e-01
  5.24359828e-03 -7.06461039e-02 -9.24096107e-03  1.16784208e-01
  9.36905044e-03 -8.41387896e-02 -3.73952409e-02  1.16505126e-01
  1.72053229e-02 -9.31663785e-02 -4.20182953e-02  1.22199693e-01
  2.57958719e-02 -1.03641958e-01 -6.27509346e-02  1.13926381e-01
  3.29384301e-02 -1.09713003e-01 -3.87445150e-02  1.19560386e-01
  4.88294950e-02 -8.28106023e-02 -5.00349335e-02  1.17833313e-01
  5.51572144e-02 -7.64828829e-02 -1.50777400e-02  1.15351964e-01
  6.80917354e-02 -7.09094400e-02  3.01559205e-03  1.18029425e-01
  5.53533262e-02 -6.01771862e-02 -1.66802473e-03  1.12591532e-01
  4.55108985e-02 -5.24014761e-02  8.30995260e-03  1.34335122e-01
  3.86250145e-02 -4.82760239e-02  1.38833955e-02  1.18640169e-01
  4.49527338e-02 -4.63528390e-02  8.44550214e-03  9.99886721e-02
  3.73125733e-02 -3.41725944e-02  1.25709543e-02  8.86982536e-02
  3.99900347e-02 -5.79223398e-02  2.40574847e-02  8.32603603e-02
  2.20928146e-02 -5.15946204e-02  8.36253173e-03  8.73858124e-02
  2.62182667e-02 -7.09398313e-02  1.68925183e-02  7.68496705e-02
  1.78843920e-02 -1.09351171e-01  1.66739984e-02  8.39922287e-02
  3.00427790e-03 -1.08815414e-01  9.15496253e-03  9.33370542e-02
  2.04038958e-02 -6.34800364e-02 -1.30862298e-02  9.97253360e-02
  1.50265648e-02 -9.23885928e-02  7.20936955e-03  5.76031762e-02
  8.14068083e-03 -8.38586062e-02 -2.02511961e-02  4.63127577e-02
  2.00907334e-03 -1.01001550e-01 -4.98534666e-02  1.52624965e-02
 -4.15005148e-02 -1.11477129e-01 -5.51702353e-02 -9.12040070e-03
 -5.70743430e-02 -1.30007501e-01 -5.24322115e-02 -1.52520082e-02
 -7.27692960e-02 -1.40543643e-01 -7.76905099e-02 -3.53514956e-02
 -5.39822497e-02]",0.1854,0.0003333333333333333,0.0,0.8282857142857143,0.41385714285714287,0.0,0.18884615384615386,0.0,0.0,0.9136666666666666,0.6381666666666667,0.0,0.19118181818181817,0.0,0.0,0.8265,0.4073,0.0,0.19255555555555556,0.0005555555555555556,0.0,0.905375,0.607375,0.0,0.1972857142857143,0.0,0.0,0.8275,0.39916666666666667,0.0,0.8917857142857143,0.5464285714285714,0.0,0.4929953174603175,0.0,0.09863461904761905,0.0,1.5358710502329908e-05,1.5358710502329908e-05
3.855,0.136,1313,0.5475625,0.022332623978162516,0.8842500000000001,0.025287101455089722,0.1001170204924075,2.0,0.34449717338312386,0.6967765249649439,0.034539255970971725,3.883495145631068,0.05395419706705705,0.8889254190131345,0.07319628564145846,12,0.41349297848510735,12,0.24029224904701382,-0.004356991615235068,5.0,1.0207792207792208,"[ 1.00000000e+00 -1.12151549e-01 -1.85157365e-01  1.98146076e-01
  6.34160884e-02 -6.15396833e-02  6.76341511e-02 -3.77731893e-02
  1.27418630e-01 -4.64082201e-02 -9.31702668e-02  3.60035676e-02
  2.40292249e-01 -2.81978790e-02  2.27822305e-02  2.18123839e-02
  1.02115140e-01 -6.37107810e-03  4.46090314e-02  7.62120027e-03
  3.59740006e-02 -8.89817711e-02 -5.75500929e-02  9.89956993e-03
  4.80265859e-02 -2.80581077e-02  7.17930799e-02 -3.36142606e-02
 -1.50356759e-02  5.54928648e-02  1.85050337e-02  1.05503128e-01
 -9.67842831e-03 -6.62146906e-02  5.01060502e-02 -1.92833056e-02
 -3.98015834e-02  4.71965106e-02  2.97571107e-02 -3.96322451e-02
  1.44267423e-02  6.23279738e-02 -1.68355977e-02  1.31886668e-01
 -3.21659662e-02 -7.89280129e-02  1.35134884e-01  3.64228814e-02
 -1.11160199e-01  6.38058352e-02  2.98968820e-02 -3.95611377e-04
 -6.00107516e-02  2.33708826e-02  5.17236829e-02  3.12054051e-02
 -8.39761509e-02  7.45203304e-02  4.73067149e-02  2.00930994e-02
 -2.97478252e-02  1.81534063e-02  7.22123937e-02  2.54503470e-02
 -7.01827778e-02 -1.61237904e-02  7.08743036e-02  3.08075946e-02
 -7.45997459e-02  7.72013977e-02  1.75862575e-02  1.46857590e-04
 -2.03714202e-02  1.77555957e-02  7.18145831e-02  2.19736585e-02
 -3.45626039e-02  2.92705992e-02  3.80749682e-02 -4.10886033e-02
 -3.89795719e-02  1.86958753e-02  2.75002444e-02  2.96092757e-02
 -2.02316489e-02  6.00711074e-02  4.26317076e-02 -4.63060796e-02
 -8.17906363e-03  3.61057081e-02 -2.04305542e-02  7.92224611e-03
 -2.23702473e-02  3.83840778e-02 -1.68263122e-03 -7.10719871e-02
  2.53543153e-03  8.95335256e-02  5.95738442e-04  2.70476982e-03
  9.58606197e-02  2.64712638e-02  9.03186394e-03  4.44555762e-03
 -1.29938422e-02  8.68573453e-02 -7.71952888e-02 -3.90682729e-02
  9.01055615e-02  2.37950836e-02 -7.49169192e-02  2.49342684e-02
  8.56885935e-02  1.62992376e-02 -1.14016225e-03  6.26930408e-02
  3.54794253e-02  8.33806568e-02 -4.15751148e-02  9.40499462e-03
  1.82093637e-02 -1.87784674e-02 -4.90709608e-02 -1.09439449e-02
  2.04877334e-02  4.88405337e-02 -4.67925911e-02  4.18751833e-03
  3.21767178e-03  2.48751344e-02 -6.40626527e-02  2.60143192e-02
 -4.27817418e-03 -1.50222363e-02 -5.50889454e-02 -3.65103607e-02
  2.11650865e-02  1.04210243e-02 -1.04760532e-01  2.13344248e-02
  8.16147004e-04 -1.66232529e-02 -3.71415306e-02  6.94049946e-02
 -6.67969895e-03  1.18988857e-02 -2.50889454e-02 -3.27541296e-02
  3.46955332e-02 -5.37117584e-03 -6.49863161e-02  6.11086404e-02
 -4.42987000e-02 -3.54943310e-02 -1.38368683e-02  1.75948099e-02
 -1.26976835e-02  2.85082103e-02 -1.82538364e-02  1.98731796e-02
  9.12911739e-03 -1.61494478e-03 -2.57496823e-02 -2.67195289e-02
 -4.72378067e-02 -6.03191281e-03 -3.92288144e-03  4.88148764e-03
 -5.86257453e-03 -1.35277588e-02 -8.33984948e-03  1.02387352e-02
 -1.02795426e-02 -2.77189424e-02  2.32611670e-02  2.22913205e-02
 -3.73238198e-02  1.36562897e-02 -1.04784479e-02 -3.09967256e-02
  3.64529372e-02 -7.23023165e-03  1.75061089e-02  3.60846936e-02
 -4.30788779e-02 -2.14214153e-02  4.24117877e-02 -2.69775682e-02
 -3.77216303e-02 -2.58383833e-02  3.49159417e-02  4.62344834e-03
 -1.03862770e-01  5.76263317e-03  5.67427426e-02 -8.10661226e-02
 -1.36164598e-02  1.47363405e-02  1.68453719e-02  1.58755254e-02
 -5.71302903e-02 -3.23939498e-02  4.48299286e-02 -3.12547649e-02
 -1.00644121e-01 -3.87181116e-03  3.42552048e-02 -5.16037044e-02
 -5.92688887e-02  8.18077412e-03  2.67593588e-02 -4.93253348e-02
 -1.78936565e-02  6.84928160e-04  2.90377285e-02 -4.87122471e-03
 -1.25364090e-02  6.04217574e-03  1.48465448e-02 -2.88366240e-02
 -4.31971459e-02  1.44783012e-02  3.73423908e-03 -3.99489297e-02
 -8.51725149e-03  1.00613332e-02 -2.02311602e-02  3.07489493e-02
  1.33095494e-02 -7.20872837e-03  1.59564070e-03 -4.20875281e-02
  8.89258137e-03  3.72453817e-02 -1.25955430e-02 -7.89060209e-02
  2.09451667e-02  1.02011045e-02 -8.85108983e-02  1.44191672e-02
  3.67510507e-03 -7.54884664e-02  3.10580588e-02  2.33928746e-02
 -3.82074089e-03 -4.79058743e-03 -2.22299873e-02 -2.01209559e-02
 -2.10908025e-02 -4.83044179e-02  9.37102922e-03 -4.04698954e-02
 -6.09881732e-02 -2.28611573e-02 -3.05263415e-02 -4.79657414e-02
  4.88065683e-02 -1.75039097e-02 -8.69954061e-03  1.04828463e-04
 -2.71087870e-02]",0.09486666666666667,0.0,0.0,0.9132857142857143,0.668,0.0,0.09492307692307693,0.0,0.0,0.9786666666666667,0.8935833333333333,0.0,0.09545454545454546,0.0,0.0,0.9128,0.6535,0.0,0.096,0.0,0.0,0.971625,0.854625,0.0,0.094,0.0,0.0,0.9203333333333333,0.6736666666666666,0.0,0.9691071428571428,0.8425,0.0,0.748675,0.0,0.149735,0.0,1.899490541757741e-06,1.899490541757741e-06
3.855,0.136,2029,0.6063125,0.04882202211860955,0.6705000000000001,0.05748695504199191,0.3072866148054118,2.0,0.5498383953609962,0.5199603138894356,0.021415992763088948,2.0,0.16520637784756323,0.7898046426756263,0.05761039617900314,4,0.5299811864653989,12,0.3650480369165596,-0.000355747356788861,39.0,1.1437100213219615,"[ 1.00000000e+00 -2.28833686e-01 -1.14127771e-01  2.24973523e-02
  3.20651335e-01 -1.93302254e-01  4.65644149e-02 -1.77692526e-01
  3.37516454e-01 -5.99570694e-02 -5.91591648e-02 -1.63834443e-01
  3.65048037e-01 -1.02400522e-01 -4.33153037e-02 -9.88189349e-02
  3.03351993e-01 -1.91689424e-01  1.30195174e-02 -6.10558666e-02
  2.51112036e-01 -1.36564982e-01  3.10950148e-02 -1.24643127e-01
  3.14917165e-01 -1.42299909e-01 -2.15799228e-02 -6.57362509e-02
  3.20094561e-01 -1.82511726e-01  3.28504425e-03 -2.38503291e-02
  2.38710946e-01 -1.82232582e-01  3.19324457e-02 -9.13145851e-02
  1.42878433e-01 -9.95152810e-02  4.73413269e-02 -1.46221159e-01
  2.09350178e-01 -1.14706294e-01 -7.75402829e-02 -4.60479234e-02
  1.42415463e-01 -1.46483282e-01  2.56399879e-02 -6.69125879e-02
  1.34354338e-01 -1.26176148e-01  3.99992435e-03 -2.61424843e-02
  1.35068462e-01 -1.21679590e-01  1.03876995e-02 -1.03743664e-01
  1.87961268e-01 -1.31537370e-01 -5.01925259e-02  1.86891974e-02
  1.27721462e-01 -1.91777177e-01  7.75735683e-02 -5.43541493e-02
  9.55094939e-02 -2.46359407e-02 -1.89397836e-02 -1.35397345e-01
  1.94131931e-01 -8.48757470e-02 -2.70009078e-02 -5.30204630e-02
  1.56246312e-01 -1.08407028e-01  3.57829639e-02 -7.64571828e-02
  1.42265678e-01 -9.59106211e-02  3.15988350e-02 -9.31044330e-02
  9.04607005e-02 -4.36986535e-02  2.70742870e-02 -8.10430063e-02
  1.42237688e-01 -6.86861714e-02 -1.03763522e-02 -8.36763371e-02
  1.94449656e-01 -1.27715599e-01  7.35872608e-03 -5.31377184e-02
  1.11855662e-01 -9.11629094e-02  2.65500416e-02 -1.04261858e-01
  1.69987140e-01 -2.73577805e-02 -1.25459566e-02 -1.13873780e-01
  2.55806037e-01 -1.20429117e-01  4.41372267e-03 -5.22057266e-02
  1.49836599e-01 -8.12098116e-02 -2.05386187e-04 -1.19235003e-01
  1.59231409e-01 -5.74606627e-02  1.62455556e-03 -9.43700356e-02
  1.65184205e-01 -5.59711400e-02 -4.76083667e-02 -7.70699372e-02
  2.05954308e-01 -1.15435547e-01 -2.54100159e-02 -4.76471367e-02
  1.14339209e-01 -7.96582571e-02  3.53880778e-02 -1.21125463e-01
  1.52783115e-01 -4.07793706e-02 -3.84306680e-02 -8.44782132e-02
  2.04219684e-01 -8.35632423e-02 -2.98112565e-02 -4.55993267e-02
  1.16387019e-01 -5.14738256e-02 -1.13007792e-02 -1.05404153e-01
  1.38244950e-01 -4.01877979e-02 -2.83830093e-02 -1.05465429e-01
  1.37843256e-01 -1.44528709e-02 -2.38864513e-02 -7.18252137e-02
  1.29876693e-01 -4.55490203e-02 -1.56074590e-02 -4.95323020e-02
  1.09012028e-01 -2.13648914e-02 -4.13703760e-02 -3.74708753e-02
  5.37650352e-02 -4.30049550e-02 -2.44106967e-02 -7.12336410e-02
  1.28142068e-01  5.33001740e-03 -8.49909222e-02 -2.70215221e-02
  1.35740222e-01 -4.99169756e-02 -4.49016567e-02 -1.04022619e-02
  8.03986686e-02 -3.75151297e-02 -4.99557455e-02 -3.51439216e-02
  9.09092972e-02  1.76093124e-02 -5.61256525e-02 -2.46332930e-02
  1.04426961e-01 -6.69736743e-03 -4.26079885e-02 -2.77536122e-03
  8.27868976e-02 -5.36986535e-02  3.83576670e-03 -1.38435207e-02
  9.64899009e-03  3.24606627e-02 -3.56006506e-02 -6.42868220e-02
  6.85558666e-02 -1.23089871e-02 -5.50090778e-02  3.32197973e-02
  7.22770255e-02 -4.71875709e-02 -1.83618277e-02  1.42463500e-02
  3.39564264e-02 -4.76838263e-02  7.95937665e-03 -3.74073304e-02
  6.59512822e-02  1.79179590e-02 -5.91644602e-02 -1.14265451e-02
  1.25538997e-01 -4.00902111e-02 -5.28712459e-02 -2.59367199e-02
  3.00469022e-02 -5.94986383e-02 -3.67815266e-02 -3.78748392e-02
  3.93471518e-02 -9.02659051e-03  1.41255012e-02 -7.80866556e-02
  5.77630683e-02  1.17155231e-02 -3.24408049e-02 -4.67726379e-02
  1.04982223e-01 -8.93556623e-02 -4.56880248e-03  1.05834405e-02
  3.15038959e-02 -2.06522808e-02  1.08400787e-02 -6.02282699e-02
  8.12951055e-02 -7.13461684e-03 -5.99716317e-02 -3.21261064e-03
  9.93706029e-02 -5.52517210e-02 -1.43032756e-02 -1.99544217e-02
  5.99341856e-02 -5.23059611e-02 -3.56029200e-02 -4.42611014e-02
  4.77502080e-02 -7.07258492e-03 -2.83266510e-03 -2.99680384e-02
  1.09664120e-01 -4.71898404e-02 -2.32623496e-02 -9.56634390e-03
  9.26764506e-02 -2.94547621e-02 -4.41145321e-03  2.83550193e-03
  7.81662758e-02 -3.10668356e-02 -1.77112490e-02  5.78126182e-03
  6.45260610e-02  7.47163174e-03 -4.34741660e-02 -4.00096452e-02
  7.95945230e-02 -1.37334518e-02 -4.84336939e-02  2.15638475e-02
  3.94772676e-02]",0.21286666666666668,0.00013333333333333334,0.0,0.8156428571428571,0.31142857142857144,0.0,0.21407692307692308,0.00023076923076923076,0.0,0.9085,0.57375,0.0,0.21309090909090908,0.0,0.0,0.8216,0.3213,0.0,0.21422222222222223,0.00011111111111111112,0.0,0.893125,0.5105,0.0,0.21057142857142858,0.0,0.0,0.825,0.319,0.0,0.8891071428571429,0.4835714285714286,0.0,0.4071006715506715,0.0,0.08143914285714285,0.0,1.6042189821508183e-06,1.6042189821508183e-06
3.865,0.12,101,0.5911875,0.047521335668834055,0.7821250000000001,0.06224334803816389,0.21467748030386244,2.0,0.7690691138270238,0.27339947557632044,0.011977161291601831,2.0,0.7482785428698356,0.29056297115787877,0.01139413012415434,8,0.8194980272227689,8,0.8200935668741,0.0001668186266797943,3.0,1.1109730113636365,"[ 1.         -0.62045776  0.51032162 -0.57984589  0.5266182  -0.59212753
  0.588085   -0.62468737  0.82009357 -0.60896751  0.47064854 -0.56628264
  0.54986078 -0.59734622  0.6038382  -0.60893417  0.74435288 -0.58146199
  0.45505683 -0.57161829  0.58485568 -0.59991519  0.60507239 -0.57762549
  0.68370791 -0.5522263   0.42621653 -0.57142059  0.63183681 -0.584162
  0.5627496  -0.55864585  0.65106444 -0.55260532  0.44300622 -0.56269701
  0.64597679 -0.5647226   0.52088657 -0.54669583  0.65114519 -0.55310131
  0.46359908 -0.56365277  0.60146404 -0.55161912  0.49792243 -0.53416908
  0.63624716 -0.55670678  0.479929   -0.55054929  0.57423697 -0.53102626
  0.48786407 -0.53235816  0.64612419 -0.54521652  0.46076803 -0.53537283
  0.55011938 -0.51907624  0.48794482 -0.52259808  0.65484777 -0.52520039
  0.43826367 -0.51915986  0.54052079 -0.51634578  0.49712816 -0.51883113
  0.63867934 -0.52039694  0.37807847 -0.50939979  0.54279148 -0.51188514
  0.51772102 -0.51702021  0.57653811 -0.50729347  0.37654599 -0.50171271
  0.56603406 -0.50258484  0.52114517 -0.50449346  0.5406682  -0.49257677
  0.37893364 -0.49771184  0.57441482 -0.48729141  0.47997582 -0.48332387
  0.48866607 -0.4774003   0.38224083 -0.47988565  0.59915366 -0.47269167
  0.4316599  -0.47033735  0.4806807  -0.47132644  0.41308974 -0.46678218
  0.57953293 -0.46546436  0.3711319  -0.44640109  0.46209646 -0.45925946
  0.42953662 -0.46324107  0.52499804 -0.44475454  0.33906516 -0.43756056
  0.49087239 -0.45306864  0.44218033 -0.44310798  0.47195942 -0.41816856
  0.32854703 -0.43194646  0.48254421 -0.43235882  0.41610671 -0.42620134
  0.44369585 -0.40506508  0.31364901 -0.41296683  0.49829741 -0.41879558
  0.3812733  -0.40560848  0.43306077 -0.39518805  0.33055565 -0.40308979
  0.48074966 -0.40949527  0.33733728 -0.39411822  0.42622885 -0.39453058
  0.34204591 -0.3974757   0.43854383 -0.39846479  0.33430853 -0.38908086
  0.41190755 -0.39006994  0.33682722 -0.38771563  0.42249235 -0.38916448
  0.32966657 -0.37171444  0.40242592 -0.36348396  0.31121336 -0.3724222
  0.39906844 -0.36741817  0.32882777 -0.35423107  0.40861674 -0.34277415
  0.26532131 -0.35159543  0.39350694 -0.33910201  0.32868266 -0.34308362
  0.36387815 -0.3316267   0.2371747  -0.32869566  0.37607616 -0.32588158
  0.3284206  -0.32663674  0.33296486 -0.31736977  0.23472269 -0.31501546
  0.37846381 -0.31969076  0.29105442 -0.30650365  0.29340874 -0.29942663
  0.23872356 -0.3045617   0.38465463 -0.28930161  0.26763052 -0.28798379
  0.26940811 -0.28413321  0.24272443 -0.29514443  0.39407189 -0.28368751
  0.22162151 -0.26520098  0.24759743 -0.26561334  0.23923592 -0.28250073
  0.33838355 -0.26839409  0.19174472 -0.24287794  0.23765603 -0.25561935
  0.24220029 -0.25960096  0.31127344 -0.23581499  0.18295677 -0.23334372
  0.23970087 -0.2444719   0.24366841 -0.2312848   0.25731528 -0.21014855
  0.16771594 -0.2271529   0.25718424 -0.23182819  0.20895195 -0.21115171
  0.24034426 -0.19646834  0.17597975 -0.2215388   0.24931583 -0.22575433
  0.17043232 -0.19539852  0.24687789 -0.19800082  0.17882717 -0.21869138
  0.21886232 -0.2013583   0.15772425 -0.18436803  0.22241749 -0.20206606
  0.18386453 -0.2019017   0.17815274]",0.18253333333333333,0.0,0.0,0.8188571428571428,0.3497857142857143,0.0,0.18353846153846154,0.0,0.0,0.953,0.7506666666666667,0.0,0.18381818181818183,0.0,0.0,0.8241,0.3581,0.0,0.18366666666666667,0.0,0.0,0.948875,0.737125,0.0,0.18071428571428572,0.0,0.0,0.8335,0.378,0.0,0.9307142857142857,0.6426785714285714,0.0,0.5147354761904761,0.0,0.10294709523809523,0.0,6.83706473994721e-07,6.83706473994721e-07
3.865,0.12,707,0.5248750000000001,0.024874371851365422,0.9308749999999999,0.02877471763545211,0.051550229202176404,2.0,0.6046863988724455,0.4699166049108729,0.036055028770338234,2.0,0.3553382991930476,0.7090149128771651,0.10620487448609632,6,0.5681074017020634,12,0.3575839293464928,-0.005115048203223477,9.0,1.0188808318511424,"[ 1.         -0.17288827  0.2544952  -0.04277269  0.20056066 -0.19483709
  0.3533216  -0.20348092  0.33246815 -0.16394676  0.20482299 -0.18302632
  0.35758393 -0.21142821  0.25369751 -0.14747481  0.23461795 -0.21650625
  0.25328065 -0.1902951   0.24463683 -0.22447156  0.17737927 -0.19826041
  0.24133268 -0.22777571  0.25710809 -0.21954874  0.11725331 -0.22064412
  0.15101291 -0.20952987  0.26780548 -0.23904517  0.20809637 -0.1855275
  0.14838727 -0.23480086  0.25763139 -0.21613816  0.14797041 -0.15507204
  0.15619737 -0.21478114  0.20216659 -0.22631225  0.18308703 -0.17745575
  0.10828103 -0.19476142  0.24483167 -0.21672827  0.24084901 -0.16032331
  0.10565539 -0.16430597  0.15162462 -0.19670854  0.19004539 -0.18848158
  0.14543319 -0.17736734  0.14145053 -0.15115619  0.19030703 -0.16557458
  0.13814638 -0.16489607  0.12372799 -0.1415722   0.13195495 -0.16353904
  0.23542451 -0.16286053  0.13331198 -0.14419784  0.15197467 -0.14351932
  0.09981403 -0.16259888  0.10804099 -0.16480766  0.13891331 -0.17922605
  0.15002755 -0.1530149   0.16291568 -0.17498174  0.12119077 -0.13656097
  0.15206309 -0.09059175  0.09235398 -0.14741357  0.13366204 -0.15139623
  0.1267921  -0.12052391  0.15766441 -0.15758766  0.14324602 -0.08431191
  0.10440839 -0.12781071  0.14282916 -0.15732601  0.12841077 -0.13688942
  0.11110509 -0.11822673  0.1599616  -0.13264512  0.1002525  -0.05648209
  0.10959286 -0.14061043  0.1677717  -0.13704464  0.09585298 -0.15146303
  0.11451567 -0.11304226  0.13495226 -0.13034794  0.13274348 -0.1023629
  0.11366392 -0.13365208  0.14453624 -0.14518319  0.0755048  -0.1416174
  0.17431319 -0.13050315  0.07508794 -0.12227619  0.14836368 -0.15467877
  0.12639684 -0.12091917  0.11486573 -0.10514375  0.08246315 -0.1422075
  0.13598083 -0.15662589  0.07161056 -0.13330202  0.11469249 -0.15526887
  0.05498339 -0.131945    0.09163028 -0.12549192  0.14048678 -0.1416842
  0.07900379 -0.11836033  0.12208573 -0.12811756  0.10766734 -0.13210022
  0.05550669 -0.09367945  0.06662094 -0.11564629  0.16542932 -0.12251623
  0.06797796 -0.09164391  0.1110599  -0.1060623   0.17035214 -0.06475425
  0.11353032 -0.09315615  0.06425695 -0.10468726  0.13109764 -0.1115572
  0.11379196 -0.12131442  0.11158319 -0.11020018  0.09250363 -0.06423095
  0.09895671 -0.11350432  0.12694174 -0.12792271  0.14271716 -0.11969575
  0.06791115 -0.11901724  0.08368657 -0.13343563  0.08725236 -0.12520867
  0.08038242 -0.12919132  0.08106093 -0.1615939   0.07419099 -0.1278343
  0.10506331 -0.14980115  0.0633384  -0.11892883  0.05646846 -0.11070186
  0.10998613 -0.14021716  0.08801929 -0.12444174  0.06316516 -0.12087595
  0.1073605  -0.12019744  0.10337784 -0.13172855  0.07852371 -0.08864661
  0.0989603  -0.09551655  0.14315563 -0.10704766  0.10897917 -0.1128042
  0.08235115 -0.0790446   0.12654649 -0.1236568   0.13188617 -0.09278448
  0.07972552 -0.07700907  0.11059784 -0.10652436  0.14435744 -0.10584585
  0.08464834 -0.07208625  0.0777784  -0.08184347  0.15105414 -0.08871341
  0.0820227  -0.08226034  0.0855885  -0.09845261  0.06939622 -0.10532255
  0.08517163 -0.11974095  0.09805976 -0.08132018  0.08652866 -0.09573857
  0.05701336 -0.07996315  0.07744994]",0.0494,0.0,0.0,0.958,0.8237142857142857,0.0,0.04915384615384615,0.0,0.0,0.96725,0.8494166666666667,0.0,0.04963636363636364,0.0,0.0,0.9618,0.8279,0.0,0.04988888888888889,0.0,0.0,0.96275,0.83425,0.0,0.05185714285714286,0.0,0.0,0.9646666666666667,0.8371666666666666,0.0,0.9589285714285715,0.8128571428571428,0.0,0.8344895238095237,0.16689790476190475,0.16689790476190475,1.4692480223578557e-06,1.4692480223578557e-06,2.9384960447157115e-06
3.865,0.12,1313,0.5961875,0.0333001853410758,0.762875,0.0535302192691194,0.23620456279677862,2.7777777777777777,0.1277387062077489,0.8366235151590249,0.10922275999308685,400.0,0.11538047859712881,0.7602939604482394,0.28540530806117387,8,0.3127655797012107,8,0.5800656520767105,-0.025491690142707784,15.0,1.1138893958751597,"[ 1.00000000e+00  7.99792656e-02  2.94081798e-01  1.81641588e-01
  2.13652306e-01  1.34425285e-01  4.04741045e-01  1.59251776e-01
  5.80065652e-01  1.97099626e-01  1.33140530e-01  1.74999059e-01
  2.64280853e-01  5.47475476e-02  4.59235650e-01  1.03566492e-01
  4.33830668e-01  1.74692965e-01  1.19458398e-01  8.93395668e-02
  3.31862251e-01  2.19968673e-02  4.10655403e-01  1.16619586e-01
  2.87661118e-01  1.48485681e-01  1.22167473e-01  6.31322829e-02
  3.77632327e-01  4.86983958e-02  2.80811627e-01  1.32350020e-01
  1.74143115e-01  1.00963283e-01  1.92987851e-01 -1.21177566e-02
  4.21221270e-01  2.62917346e-02  1.57511246e-01  1.05019453e-01
  1.55602510e-01  4.80207726e-02  2.41435267e-01  4.67052636e-03
  2.99474947e-01  6.10252820e-02  6.35579990e-02  4.43448288e-02
  1.83231020e-01 -3.22840407e-02  2.58158116e-01 -3.31349276e-02
  1.56975151e-01  7.17663762e-02  1.40601229e-04 -3.27210032e-02
  2.33232492e-01 -7.82523815e-02  1.91501737e-01 -1.09265313e-02
  6.25256965e-02 -1.88824561e-02  3.49395826e-02 -1.11340892e-01
  2.46781794e-01 -2.60043432e-02  3.21799598e-02  1.29667895e-02
  1.22605253e-02 -4.18507588e-02  4.46882617e-02 -6.17701932e-02
  2.11784548e-01 -5.88204574e-02 -2.46286077e-02 -3.07549853e-02
  1.82085817e-02 -9.59165526e-02  1.10088527e-01 -1.13027779e-01
  1.40896772e-01 -4.90063444e-02 -5.40748728e-02 -4.27521934e-02
  7.32648276e-02 -9.26458359e-02  1.12235960e-01 -6.12759487e-02
  4.86938836e-02 -2.39897405e-02 -1.05397893e-01 -6.29777225e-02
  1.17911621e-01 -9.26795344e-02  1.11078979e-01 -6.24329302e-02
 -3.75272505e-02 -5.13203074e-02 -3.99976280e-02 -8.32032515e-02
  1.30403073e-01 -3.71270809e-02  3.03433920e-02 -3.52351942e-02
 -1.04614403e-01 -7.52810252e-02 -2.03357035e-02 -5.53130061e-02
  1.56112187e-01 -2.83053830e-02 -3.06311378e-02 -3.61958738e-02
 -9.41077806e-02 -1.16063725e-01  8.28363169e-02 -3.55856476e-02
  8.58514867e-02  1.48527872e-02 -5.67075538e-02 -6.50150634e-02
 -4.27867234e-02 -9.35935924e-02  7.04083352e-02 -1.96589118e-02
  4.01448817e-02  8.40656030e-03 -9.42512719e-02 -6.27367619e-02
 -9.41093074e-03 -6.02177997e-02  5.03136741e-02 -1.41416291e-02
 -1.64673839e-02 -1.66120066e-02 -5.70748565e-02 -9.75377063e-02
  6.70258628e-02 -6.01206302e-02  1.76938617e-02  7.20521999e-03
 -5.12683283e-02 -2.46777241e-02 -6.25000682e-03 -5.92380079e-02
  4.80544847e-02 -1.85819506e-02 -4.76429323e-02  1.97351560e-04
 -4.57510456e-02 -5.40585552e-02  2.10785971e-02 -1.60798376e-02
  2.73981820e-02 -1.36263094e-02 -1.01577858e-01  7.33412490e-03
 -2.71469701e-02 -6.87331030e-02  3.31392762e-02  4.70536995e-03
 -3.25184987e-02 -1.73951966e-02 -1.26034784e-01 -8.39827200e-03
  1.38300680e-02 -7.24365563e-02  2.13895447e-03  3.63962381e-02
 -1.23532671e-01 -3.04502538e-02 -7.74565000e-02 -4.86847637e-02
  4.49592946e-02 -4.07456882e-02 -4.25098015e-02  2.22833318e-02
 -1.33779520e-01 -5.48417452e-02 -3.26134052e-02  2.70172746e-03
  4.73823688e-03 -2.64857599e-04 -7.83685950e-02  1.58371049e-02
 -1.12432671e-01 -4.00382925e-02  3.23560862e-02 -5.92563157e-03
 -8.81302790e-03 -7.29329684e-04 -1.21397860e-01  3.05751236e-02
 -5.73109913e-02 -6.12562367e-02  1.76815384e-02  3.17469914e-02
 -6.87297087e-02  1.12659154e-02 -1.33891276e-01 -3.72961323e-03
 -4.93208500e-03 -3.01270100e-02 -1.33842173e-02  4.64850102e-02
 -1.22168427e-01 -4.53191542e-03 -8.42551434e-02 -2.27664253e-02
  2.34543680e-02 -1.20845761e-02 -5.64134827e-02  4.97557268e-02
 -1.36281333e-01 -2.57498596e-02 -4.65825204e-02  1.05439335e-02
 -4.30697253e-03  2.88270280e-02 -9.07182195e-02  3.40233299e-02
 -1.01847692e-01 -5.61885398e-02 -9.96774651e-03  3.62530468e-02
 -4.18506906e-02  2.89241975e-02 -1.13490220e-01  1.56135934e-02
 -7.22725216e-02 -5.06058231e-02 -3.92831437e-02  6.63898583e-02
 -8.26333899e-02 -4.81889787e-03 -1.21059730e-01  3.68181917e-03
 -4.98678234e-02 -4.50885403e-02 -6.26822200e-02  6.42404616e-02
 -1.03851334e-01 -3.41997290e-02 -9.09883528e-02 -1.31084268e-02
 -2.85209743e-02 -3.02850876e-02 -8.49580132e-02  6.91961029e-02
 -1.20145372e-01 -5.70371638e-02 -5.05729561e-02  2.75287500e-03
 -6.88074660e-02  7.38753538e-03 -1.08357089e-01  2.18045733e-02
 -8.40922401e-02 -6.18639001e-02 -4.06934092e-02  3.88060074e-02
 -8.94637687e-02]",0.19646666666666668,6.666666666666667e-05,0.0,0.8161428571428572,0.3397142857142857,0.0,0.19438461538461538,0.0,0.0,0.93125,0.6901666666666667,0.0,0.1968181818181818,0.0,0.0,0.826,0.3425,0.0,0.198,0.0,0.0,0.895125,0.584375,0.0,0.20342857142857143,0.0,0.0,0.8376666666666667,0.3581666666666667,0.0,0.8623214285714286,0.46285714285714286,0.0,0.4629711904761905,0.0,0.09259690476190477,0.0,8.826651823305958e-06,8.826651823305958e-06
3.865,0.12,2029,0.5813125,0.055304519198253584,0.7998750000000001,0.08112480739576519,0.18265652558001075,2.0,0.7926817609907731,0.2608626249088435,0.029023936948080344,2.0,0.735563414106967,0.29124195680819126,0.12021303327164563,8,0.7891427447544633,8,0.815775868413743,-0.023012021561336266,9.0,1.1006191950464397,"[ 1.         -0.41405607  0.72175146 -0.39980629  0.68472382 -0.40170089
  0.78729053 -0.40549721  0.81577587 -0.40359788  0.67238283 -0.39694308
  0.68568532 -0.39788801  0.76735691 -0.40548538  0.7265211  -0.40548065
  0.63535753 -0.41022901  0.71702675 -0.39503668  0.73886677 -0.39598873
  0.65909449 -0.39598637  0.64295484 -0.41782641  0.73317109 -0.39598639
  0.6913856  -0.38459037  0.62965705 -0.40548786  0.62015559 -0.39883781
  0.74455996 -0.38744653  0.62490392 -0.40169159  0.61540483 -0.39124761
  0.66193627 -0.38839861  0.67142821 -0.38650403  0.6106517  -0.39315173
  0.62299265 -0.38555914  0.64768405 -0.37320869  0.6324917  -0.38080844
  0.58310648 -0.39695521  0.62869062 -0.37416314  0.62014358 -0.3703621
  0.57360974 -0.37796185  0.57265769 -0.39126436  0.61918438 -0.36752263
  0.58594829 -0.36371921  0.55081287 -0.38556875  0.54700706 -0.37512477
  0.62297826 -0.36277907  0.50996991 -0.38176773  0.52706395 -0.37132612
  0.56695482 -0.37416802  0.54605733 -0.37322311  0.49477514 -0.37322075
  0.5242149  -0.37322789  0.56029759 -0.37417519  0.5052191  -0.36562818
  0.4710286  -0.37703135  0.53180271 -0.36848671  0.54699742 -0.3675323
  0.46152949 -0.35803561  0.46058218 -0.37038608  0.51470386 -0.36469045
  0.5004588  -0.35803802  0.43493631 -0.36753948  0.43778531 -0.36658745
  0.52609985 -0.35709314  0.4168878  -0.36183912  0.41689016 -0.3684892
  0.46437602 -0.35139278  0.43682608 -0.35709556  0.39314601 -0.37133587
  0.41594282 -0.36753483  0.44062948 -0.3608919   0.39504769 -0.37038386
  0.35991464 -0.37227847  0.39980313 -0.37227848  0.41309375 -0.3703839
  0.35611592 -0.3808279   0.35136993 -0.37702924  0.38460362 -0.36468829
  0.3684521  -0.37134074  0.32761628 -0.38274154  0.33331191 -0.36089677
  0.3845917  -0.35804777  0.31146474 -0.38084461  0.32286314 -0.36944858
  0.35610157 -0.35140486  0.31905731 -0.36280566  0.28486918 -0.3760963
  0.32096137 -0.37040067  0.33140536 -0.36090636  0.28676849 -0.37419937
  0.26398352 -0.37324734  0.31526568 -0.37134801  0.29911653 -0.36565238
  0.24213633 -0.3685014   0.26683248 -0.37704844  0.30386485 -0.36754938
  0.27442507 -0.36754702  0.24689413 -0.38274175  0.27063349 -0.366595
  0.32096598 -0.36754231  0.23169937 -0.37703902  0.23739976 -0.37039372
  0.29248297 -0.35613918  0.26019656 -0.35708649  0.20797183 -0.3580338
  0.23836125 -0.35993078  0.27919467 -0.34948442  0.2288669  -0.34853001
  0.20322818 -0.35137903  0.252611   -0.34473136  0.26210769 -0.34473137
  0.1975325  -0.34472663  0.19943657 -0.35137433  0.25356537 -0.34187527
  0.2174779  -0.33427555  0.18994459 -0.35041758  0.20229266 -0.33046502
  0.24028181 -0.3276184   0.16526026 -0.33331643  0.178558   -0.32856572
  0.2127461  -0.32191567  0.1880523  -0.33426139  0.15672268 -0.3352087
  0.17666573 -0.32760897  0.18045965 -0.32191097  0.16242066 -0.33330702
  0.1481756  -0.33425907  0.1747616  -0.32476239  0.15576819 -0.32570969
  0.15482563 -0.33235502  0.16147093 -0.32570972  0.16716656 -0.31621541
  0.14437922 -0.31431133  0.1510269  -0.32191345  0.15481845 -0.30956775
  0.16716414 -0.2991214   0.12158235 -0.30862285  0.14437204 -0.30197518
  0.15671536 -0.28962711  0.13107189]",0.16633333333333333,0.0,0.0,0.8382142857142857,0.39985714285714286,0.0,0.1723076923076923,0.0,0.0,0.9405,0.7139166666666666,0.0,0.18181818181818182,0.0,0.0,0.8166,0.332,0.0,0.194,0.0,0.0,0.901125,0.589125,0.0,0.208,0.0,0.0,0.7883333333333333,0.2775,0.0,0.8876785714285714,0.5828571428571429,0.0,0.46247976190476187,0.0,0.09249595238095237,0.0,4.6327840870412054e-07,4.6327840870412054e-07
3.865,0.1253,101,0.5668124999999999,0.021436588901921846,0.8540000000000001,0.04354882317583335,0.14484549667820346,400.0,0.17842047540798156,0.766349053185385,0.2630324841290418,400.0,0.4339459957034317,0.5649956647433662,0.5556819372336509,8,0.5027565688249644,8,0.7265647244924864,-0.09506840894756702,21.0,1.0579126664602043,"[ 1.          0.42681782  0.48638017  0.55226997  0.57505405  0.53245452
  0.45334036  0.42010018  0.72656472  0.43020828  0.43018719  0.46641708
  0.54852096  0.41997364  0.43010282  0.40345373  0.58139204  0.45969945
  0.32812022  0.44370683  0.55520696  0.3871131   0.3906512   0.39392565
  0.46337464  0.45649881  0.30488268  0.38751384  0.58192987  0.37428948
  0.30862114  0.44042183  0.39096757  0.45712101  0.28902716  0.34147113
  0.60179805  0.3677933   0.26587398  0.45040337  0.36140258  0.41437385
  0.28582652  0.33194305  0.50355392  0.34205115  0.22009491  0.41147904
  0.35213815  0.34223042  0.26667545  0.31279199  0.39845505  0.34926443
  0.18420248  0.33274453  0.39507514  0.31925653  0.23051938  0.31921434
  0.30627472  0.35595044  0.22713947  0.26692855  0.4778223   0.28336409
  0.25394674  0.33960981  0.29345109  0.36593198  0.21761139  0.24039547
  0.51390456  0.24008964  0.21726338  0.29303981  0.26309518  0.26281044
  0.19358292  0.18670709  0.37809122  0.19655154  0.1405062   0.22287371
  0.25251252  0.156657    0.16678619  0.13684155  0.27879251  0.18649618
  0.10408648  0.16338518  0.2487846   0.1397469   0.12351173  0.12652254
  0.18938044  0.15969945  0.09047192  0.09677828  0.27142104  0.10635908
  0.06349591  0.13571316  0.1159188   0.13896652  0.04667018  0.03649881
  0.27705247  0.05899815  0.006512    0.10509359  0.06223042  0.07842341
  0.0026048  -0.01086211  0.16707619  0.01216451 -0.0606222   0.03822304
  0.02831532 -0.01507514 -0.05437912 -0.04148168  0.0406222  -0.02504614
 -0.11101503 -0.03497495  0.02735566 -0.04846296 -0.07788031 -0.0482415
 -0.0447034  -0.01480095 -0.11698392 -0.07389929  0.08097021 -0.07038228
 -0.09650409 -0.03035065 -0.05344055 -0.02327445 -0.13204851 -0.09581861
  0.07223306 -0.08900606 -0.13490113 -0.04567888 -0.08854205 -0.0852676
 -0.13472186 -0.14489322  0.016831   -0.1279304  -0.17079357 -0.06838914
 -0.09477458 -0.1143053  -0.15031374 -0.14703928 -0.05452149 -0.13007646
 -0.1861218  -0.11008173 -0.07055629 -0.12989718 -0.16590562 -0.12308463
 -0.11625099 -0.11244925 -0.19485895 -0.15203796 -0.04660163 -0.1487846
 -0.19467967 -0.12246243 -0.16176641 -0.11235434 -0.21427366 -0.17830741
 -0.04294753 -0.18467704 -0.22398102 -0.14134985 -0.19383601 -0.16749275
 -0.23645663 -0.24003691 -0.10797258 -0.22992882 -0.28294226 -0.18383338
 -0.21377801 -0.23054047 -0.25969417 -0.25312418 -0.17022937 -0.23892961
 -0.28812022 -0.21537569 -0.19535987 -0.23466385 -0.25749011 -0.25065647
 -0.21719483 -0.21009755 -0.28262062 -0.24586343 -0.15387292 -0.23325073
 -0.26266807 -0.20692855 -0.22672291 -0.19682046 -0.26631163 -0.24300026
 -0.1276773  -0.23289217 -0.26230952 -0.19615608 -0.22913261 -0.20582125
 -0.26213024 -0.25859214 -0.14986027 -0.23859742 -0.2718376  -0.19909307
 -0.20900079 -0.21890852 -0.24529396 -0.23872397 -0.17230688 -0.21161086
 -0.25447403 -0.20809386 -0.17186396 -0.2048405  -0.22437121 -0.21780121
 -0.19778539 -0.18106512 -0.24040601 -0.21709465 -0.13775903 -0.20039547
 -0.22651727 -0.18699183 -0.19993145 -0.17332455 -0.23292908 -0.22635908
 -0.12092275 -0.20003691 -0.22945426 -0.18307408 -0.20590034 -0.18285262
 -0.23230688 -0.23562352 -0.14284208]",0.13633333333333333,0.0,0.0,0.8656428571428572,0.5037142857142857,0.0,0.14015384615384616,0.0,0.0,0.9703333333333334,0.8655833333333334,0.0,0.146,0.0,0.0,0.8524,0.462,0.0,0.1537777777777778,0.0,0.0,0.947875,0.785125,0.0,0.16171428571428573,0.0,0.0,0.836,0.4176666666666667,0.0,0.9373214285714285,0.7589285714285714,0.0,0.6068178571428572,0.0,0.12136357142857143,0.0,4.265379290929923e-05,4.265379290929923e-05
3.865,0.1253,707,0.5524374999999999,0.02696054698536362,0.8731250000000002,0.05664789823991709,0.12304584206397565,2.0,0.38613183000867296,0.6260430611077081,0.16756793540865286,400.0,0.23161279441980256,0.6428298298710224,0.7063093982145622,8,0.5551759199049865,2,0.7522525867315887,-0.055001748586839296,10.0,1.0118788932348255,"[ 1.          0.70668016  0.75225259  0.67616951  0.71979428  0.60461199
  0.63565003  0.54113725  0.63150578  0.49969537  0.55695374  0.48656756
  0.51251735  0.46160773  0.52560986  0.3997885   0.49195861  0.3874154
  0.45816129  0.33414151  0.39305539  0.33240749  0.38367681  0.30535393
  0.40232015  0.31620663  0.41212599  0.30473433  0.33742788  0.29131436
  0.34258369  0.23804047  0.31372855  0.24409708  0.32833049  0.22858338
  0.27970663  0.2442322   0.28561716  0.23261382  0.28193548  0.22698448
  0.27616007  0.19993092  0.24236275  0.14470937  0.21426233  0.15256756
  0.18136579  0.11952495  0.1979154   0.14386519  0.17836032  0.09419446
  0.1357255   0.08362295  0.11721729  0.06616159  0.11054108  0.05649087
  0.12993914  0.02929124  0.06378637  0.04374711  0.09876567  0.05535453
  0.08205904  0.05527602  0.12288131  0.05415064  0.08669811  0.05511899
  0.07118442  0.05608734  0.0711059   0.03173615  0.09544614  0.02776233
  0.0603098   0.00535879  0.03985393  0.02865216  0.03497931  0.00430097
  0.0660633   0.02265216  0.03767072  0.00699239  0.0327961   0.00601309
  0.01039257 -0.01534358  0.01915155 -0.01841662  0.00828789 -0.03108186
 -0.01411564 -0.0205213  -0.00640353 -0.02734358 -0.01232502 -0.03431193
  0.00213086 -0.0363381  -0.03105782 -0.03836427 -0.02334571 -0.04143731
 -0.01952891 -0.04541114 -0.00702069 -0.03485058 -0.02177967 -0.04271972
 -0.00717772 -0.03890292 -0.02868046 -0.04092909 -0.01707304 -0.05074589
 -0.0463664  -0.06730645 -0.04150274 -0.06543731 -0.04352891 -0.06551582
 -0.03686366 -0.06079823 -0.03604139 -0.06671972 -0.05559647 -0.06394979
 -0.04503591 -0.07481345 -0.05200426 -0.07204352 -0.04923433 -0.0731689
 -0.05230736 -0.08688101 -0.05133901 -0.0791689  -0.05635971 -0.07834662
 -0.04579915 -0.07557669 -0.06250578 -0.07670207 -0.0489507  -0.07678058
 -0.06565733 -0.07790596 -0.04341083 -0.07513603 -0.06011747 -0.0723661
 -0.04176628 -0.07933445 -0.0418448  -0.08031376 -0.05360925 -0.07949148
 -0.0605776  -0.08256452 -0.05391236 -0.0836899  -0.05399087 -0.08376841
 -0.06485453 -0.07515551 -0.05624163 -0.08212386 -0.04957638 -0.07545861
 -0.03991662 -0.07943244 -0.05857091 -0.07276719 -0.04801035 -0.07778789
 -0.0549787  -0.07891327 -0.02973767 -0.07899178 -0.05318807 -0.07412812
 -0.05326659 -0.0752535  -0.048549   -0.07832654 -0.03993609 -0.07360895
 -0.05170055 -0.07173981 -0.04893061 -0.0631269  -0.04226537 -0.07399057
 -0.03065794 -0.05654017 -0.03463177 -0.07310073 -0.04444857 -0.07123159
 -0.05231771 -0.07625228 -0.04370481 -0.07348235 -0.04483019 -0.08135149
 -0.06048996 -0.0766339  -0.05187705 -0.07581163 -0.05105478 -0.08277998
 -0.04139501 -0.08181163 -0.06679306 -0.08773311 -0.06492392 -0.08106786
 -0.06994461 -0.08803621 -0.0574364  -0.08331862 -0.07024772 -0.09508308
 -0.07032623 -0.08647018 -0.07534693 -0.0856479  -0.04725746 -0.08677328
 -0.06591175 -0.09269477 -0.07183323 -0.09382015 -0.08074924 -0.09299787
 -0.05850274 -0.10191388 -0.06247657 -0.09510256 -0.08787462 -0.09038497
 -0.07341875 -0.09540566 -0.07064881 -0.09068807 -0.06203591 -0.09570876
 -0.08848083 -0.09578728 -0.08855934 -0.10080797 -0.0818941  -0.10193335
 -0.05575228 -0.10305873 -0.08414486]",0.106,0.0,0.0,0.898,0.6589285714285714,0.0,0.10592307692307693,0.0,0.0,0.968,0.8495833333333334,0.0,0.10754545454545454,0.0,0.0,0.897,0.6418,0.0,0.11011111111111112,0.0,0.0,0.953875,0.78625,0.0,0.11414285714285714,0.0,0.0,0.894,0.6075,0.0,0.9378571428571428,0.7196428571428571,0.0,0.708812380952381,0.0,0.1417624761904762,0.0,9.018107131218758e-06,9.018107131218758e-06
3.865,0.1253,1313,0.585375,0.039865202558120774,0.78275,0.0715187912369889,0.2155520498593254,2.0,0.44659111735597734,0.5724204618896064,0.1671878543256596,400.0,0.47931383175416803,0.4940178960725469,0.6855763730270733,6,0.5547351318933055,4,0.7816247754737962,-0.0969505228531507,14.0,1.0531449714093508,"[ 1.00000000e+00  6.26371259e-01  7.55748421e-01  6.41207645e-01
  7.81624775e-01  6.25496249e-01  7.66292171e-01  6.18717024e-01
  7.48136952e-01  6.00983364e-01  6.87636396e-01  5.93825346e-01
  7.18779188e-01  5.81822450e-01  6.35483877e-01  5.54313500e-01
  6.30812449e-01  5.48841720e-01  6.39539278e-01  5.09070889e-01
  5.93280099e-01  5.04356694e-01  5.55152739e-01  4.80935037e-01
  6.08289935e-01  4.77821546e-01  5.35527499e-01  4.61688590e-01
  5.57273794e-01  4.41889900e-01  5.66379416e-01  4.26135736e-01
  5.60400543e-01  4.05493927e-01  5.13298244e-01  4.12577286e-01
  5.87165166e-01  3.98466593e-01  4.81832684e-01  3.85577811e-01
  5.25573382e-01  3.93883081e-01  5.09819218e-01  3.89547679e-01
  4.89220176e-01  3.95409126e-01  4.47005523e-01  3.84542608e-01
  4.89903102e-01  3.89560937e-01  4.12631814e-01  3.78694418e-01
  4.12805264e-01  3.77224398e-01  4.42261819e-01  3.42720005e-01
  4.07757426e-01  3.43693807e-01  3.68408155e-01  3.17785561e-01
  4.19058762e-01  3.14250510e-01  3.50762412e-01  2.89942967e-01
  3.84306260e-01  2.69722718e-01  3.74661653e-01  2.71075313e-01
  3.63795134e-01  2.53298886e-01  3.22423600e-01  2.44075838e-01
  4.08888427e-01  2.27099763e-01  3.26729493e-01  2.19477419e-01
  3.34613204e-01  2.51799356e-01  3.36766151e-01  2.22982960e-01
  3.29986926e-01  2.36175876e-01  2.86128802e-01  2.15955626e-01
  3.24981855e-01  2.44190270e-01  2.58707768e-01  2.10107437e-01
  2.88207090e-01  2.28988349e-01  2.98491856e-01  2.10790363e-01
  2.59942937e-01  2.22339807e-01  2.40944599e-01  1.93987738e-01
  2.65134716e-01  1.81520516e-01  2.18453977e-01  1.57212973e-01
  2.34469507e-01  1.52077219e-01  2.33378279e-01  1.22882031e-01
  2.25377143e-01  1.10414808e-01  1.77474493e-01  1.04857495e-01
  2.28968218e-01  9.11683611e-02  1.60250309e-01  7.66361087e-02
  1.75508254e-01  8.21187637e-02  1.47956537e-01  7.41176273e-02
  1.41598871e-01  8.40236012e-02  1.20535503e-01  6.29602329e-02
  1.44304060e-01  7.45096775e-02  1.08156197e-01  5.10024866e-02
  1.05464265e-01  7.84367783e-02  1.11282946e-01  4.10670035e-02
  9.10626963e-02  4.93722736e-02  8.55053825e-02  2.46859382e-02
  9.66332678e-02  2.60385330e-02  6.98819023e-02  3.75325334e-03
  7.12344970e-02 -5.82149098e-04  5.71238041e-02 -4.27968023e-02
  4.87011083e-02 -4.26661188e-02  1.91271277e-02 -6.28863684e-02
  5.26709759e-02 -9.44826122e-02 -1.96699007e-02 -1.04084452e-01
 -3.00720928e-02 -1.09220207e-01 -5.64018989e-02 -1.42081129e-01
 -7.54002371e-02 -1.40306975e-01 -1.11505334e-01 -1.62971047e-01
 -9.99558890e-02 -1.64862627e-01 -1.38926368e-01 -1.95279726e-01
 -1.37531006e-01 -1.82086811e-01 -1.32555444e-01 -2.20678497e-01
 -1.50753431e-01 -2.07528348e-01 -1.61662716e-01 -2.22103368e-01
 -1.52221068e-01 -2.20793540e-01 -1.65574176e-01 -2.36211678e-01
 -1.61820526e-01 -2.25926911e-01 -1.73151370e-01 -2.53142603e-01
 -1.64510075e-01 -2.51832775e-01 -1.79085094e-01 -2.55410593e-01
 -1.70443798e-01 -2.62232585e-01 -1.91128374e-01 -2.66653521e-01
 -1.84930901e-01 -2.51059550e-01 -2.05615477e-01 -2.72966037e-01
 -2.05106001e-01 -2.52527188e-01 -2.15214934e-01 -2.63858032e-01
 -2.09439021e-01 -2.53994825e-01 -2.21991777e-01 -2.71856786e-01
 -2.15372744e-01 -2.46909084e-01 -2.11240301e-01 -2.80234332e-01
 -2.22149586e-01 -2.59373923e-01 -2.17174025e-01 -2.76814324e-01
 -2.22816872e-01 -2.76304849e-01 -2.25973130e-01 -2.91722987e-01
 -2.23862950e-01 -2.81859780e-01 -2.36415706e-01 -3.04187826e-01
 -2.29417881e-01 -2.98411912e-01 -2.32574139e-01 -2.99545907e-01
 -2.36151957e-01 -3.03502517e-01 -2.45839331e-01 -3.06701542e-01
 -2.42085680e-01 -2.90307219e-01 -2.59104522e-01 -3.08547972e-01
 -2.56572783e-01 -2.90131386e-01 -2.55262955e-01 -3.01462231e-01
 -2.65371889e-01 -2.89955553e-01 -2.62840150e-01 -3.06595602e-01
 -2.60308410e-01 -2.83291371e-01 -2.59420142e-01 -3.12529326e-01
 -2.67885605e-01 -2.92047710e-01 -2.56757719e-01 -3.06201169e-01
 -2.67667005e-01 -2.99117811e-01 -2.52830619e-01 -3.08762418e-01
 -2.44146556e-01 -2.95991062e-01 -2.54591515e-01 -3.05214109e-01
 -2.40598248e-01 -2.98552310e-01 -2.30270714e-01 -2.93533981e-01
 -2.39493762e-01 -2.93782090e-01 -2.35233018e-01 -2.85055261e-01
 -2.25705837e-01 -2.71440786e-01 -2.36150796e-01 -2.75776189e-01
 -2.24179792e-01]",0.179,0.00013333333333333334,0.0,0.8295,0.401,0.0,0.18546153846153846,0.00023076923076923076,0.0,0.9243333333333333,0.68325,0.0,0.19072727272727272,0.0,0.0,0.811,0.3655,0.0,0.20633333333333334,0.00044444444444444447,0.0,0.88675,0.575125,0.0,0.22442857142857142,0.00014285714285714287,0.0,0.7823333333333333,0.2791666666666667,0.0,0.8689285714285714,0.5339285714285714,0.0,0.4606180525030525,0.0,0.09216166666666667,0.0,3.97703178130913e-06,3.97703178130913e-06
3.865,0.1253,2029,0.58875,0.04158951189903531,0.77825,0.07835456272611059,0.20431747055751923,2.0,0.19706840390879457,0.7737344839600225,0.20574129035175534,400.0,0.30329587888719906,0.5950715566568623,0.641146209017515,8,0.414706413730804,4,0.7255633150431128,-0.040783325818255334,42.0,1.1046841731724628,"[ 1.00000000e+00  5.78351819e-01  7.10810793e-01  6.27584291e-01
  7.25563315e-01  5.85195992e-01  6.54670776e-01  5.51526937e-01
  6.94430679e-01  5.60746582e-01  5.80914121e-01  5.44073180e-01
  6.43645387e-01  5.37137029e-01  5.66909479e-01  5.27014512e-01
  6.09280573e-01  4.87944921e-01  5.60916564e-01  4.74768378e-01
  5.89478372e-01  4.70753912e-01  4.99508353e-01  4.63685420e-01
  5.32717370e-01  4.52102060e-01  4.82892519e-01  4.19583355e-01
  5.18137553e-01  4.09018003e-01  4.27149525e-01  3.96859469e-01
  4.63280227e-01  3.64915938e-01  4.12126874e-01  3.60590979e-01
  4.49540267e-01  3.31126299e-01  3.81391261e-01  3.27244174e-01
  4.14025104e-01  3.05923563e-01  3.37289196e-01  2.81548925e-01
  4.01038471e-01  2.35353274e-01  3.19655353e-01  2.35543184e-01
  3.12719203e-01  2.18869781e-01  2.58379483e-01  2.00160362e-01
  3.21243090e-01  1.89284518e-01  2.32423420e-01  1.92085620e-01
  2.63728762e-01  1.84574294e-01  2.23198328e-01  1.82860528e-01
  2.60611721e-01  1.52067346e-01  2.20213629e-01  1.54425614e-01
  2.60105873e-01  1.68292469e-01  1.88327666e-01  1.77512114e-01
  2.32602437e-01  1.46189568e-01  1.89638963e-01  1.35491876e-01
  2.36835419e-01  1.35284762e-01  1.58373986e-01  1.38839190e-01
  2.14864859e-01  1.20307922e-01  1.60260457e-01  1.11646247e-01
  2.05553237e-01  1.04445414e-01  1.51081176e-01  8.10887856e-02
  1.70348566e-01  9.71698089e-02  1.04103236e-01  9.35981767e-02
  1.44305973e-01  4.31981503e-02  1.29979080e-01  5.50289878e-02
  1.33665849e-01  8.09796042e-02  1.09158870e-01  8.19228400e-02
  1.46750415e-01  5.10431279e-02  1.15560210e-01  7.59757358e-02
  1.33234417e-01  6.71817196e-02  1.04080229e-01  6.60889383e-02
  1.39503415e-01  4.29104611e-02  9.24679073e-02  3.00444106e-02
  1.32981136e-01  1.35491596e-02  7.67835510e-02  4.64934949e-02
  9.44577577e-02  1.10989148e-02  6.37103867e-02  2.31079038e-02
  1.15864544e-01  1.02418534e-02  6.64825259e-02  3.91141544e-02
  8.65032424e-02  3.06306309e-02  5.16838371e-02  1.83397553e-02
  1.14725596e-01 -1.91512863e-04  5.69348271e-02  3.09823274e-03
  7.28835093e-02 -2.21162617e-02  3.95249463e-02 -6.16757948e-03
  6.43252130e-02 -1.29255785e-02  4.68119535e-02  3.28778593e-03
  7.97562887e-02  2.34408435e-02  4.40512160e-02  3.87685405e-02
  8.36787776e-02  2.66644440e-03  5.83319421e-02  1.78618002e-02
  7.80421659e-02  5.88141727e-03  3.76898840e-02 -5.83428347e-03
  6.97485519e-02 -8.07741446e-03  3.23179546e-02  4.19625678e-03
  7.00418402e-02 -1.62386874e-02  2.06598223e-02  1.37839633e-02
  5.15681404e-02  1.49308772e-03  2.92295202e-02 -2.04026987e-02
  7.56726492e-02 -1.36619041e-02  3.44346998e-02 -7.93911800e-03
  3.50674431e-02 -2.37268530e-02  1.27288229e-02 -3.47350378e-02
  5.16030581e-02 -4.16711883e-02  1.10726247e-02 -1.60310645e-02
  1.12625342e-02 -4.49205699e-02  1.13201026e-02 -5.24318952e-02
  2.37261150e-02 -4.36550834e-02 -1.47683012e-02 -5.20520762e-02
  2.29555843e-02 -6.62466278e-02 -1.69996742e-02 -5.32654406e-02
 -4.59366188e-03 -7.44537112e-02 -1.09546375e-02 -9.40487982e-02
  9.02026855e-03 -9.64700807e-02 -3.76182162e-02 -9.01721198e-02
 -2.52122039e-02 -9.63549440e-02 -5.42340504e-02 -8.64277825e-02
 -3.36839694e-02 -1.03101185e-01 -7.21783856e-02 -1.05390126e-01
 -6.70307744e-02 -9.99320225e-02 -8.73333774e-02 -1.04256981e-01
 -7.49273651e-02 -1.34164495e-01 -9.00075842e-02 -1.41543479e-01
 -1.01723285e-01 -1.38564226e-01 -1.13749478e-01 -1.53644445e-01
 -1.01343466e-01 -1.45885642e-01 -1.27178946e-01 -1.36976489e-01
 -1.28449878e-01 -1.44930648e-01 -1.39458063e-01 -1.49255607e-01
 -1.17314799e-01 -1.56324098e-01 -1.40671428e-01 -1.75919185e-01
 -1.33355458e-01 -1.76304451e-01 -1.60651780e-01 -1.95013870e-01
 -1.42270057e-01 -1.98453161e-01 -1.68548371e-01 -2.16587406e-01
 -1.53088333e-01 -2.23523557e-01 -1.75294612e-01 -2.30459707e-01
 -1.68110983e-01 -2.21815237e-01 -1.85802394e-01 -2.39506648e-01
 -1.83265975e-01 -2.45999964e-01 -2.02993403e-01 -2.51607614e-01
 -2.20241981e-01 -2.44556326e-01 -2.36162057e-01 -2.53218001e-01
 -2.21409535e-01 -2.67544894e-01 -2.20333958e-01 -2.73595377e-01
 -2.32314341e-01 -2.69730457e-01 -2.37921990e-01 -2.59049969e-01
 -2.21265792e-01 -2.74084378e-01 -2.36167859e-01 -2.70087116e-01
 -2.37082489e-01]",0.19293333333333335,0.0006,0.0,0.8192142857142857,0.40285714285714286,0.0,0.20792307692307693,0.0013846153846153845,0.0,0.90125,0.64075,0.0,0.22154545454545455,0.001090909090909091,0.0,0.7906,0.3567,0.0,0.22955555555555557,0.0015555555555555555,0.0,0.871,0.577375,0.0,0.25,0.0017142857142857142,0.0,0.7513333333333333,0.26266666666666666,0.0,0.8448214285714286,0.5148214285714285,0.0,0.4468006887556888,0.0,0.08961395238095239,0.0,7.44241891324933e-06,7.44241891324933e-06
3.865,0.1307,101,0.5636249999999999,0.028095540126504046,0.853125,0.06007482313748415,0.14035517603352632,2.0,0.2554087887421217,0.6935830565257606,0.2616969164794832,400.0,0.3821286694528583,0.49750999159331366,0.7167713303851496,16,0.5221552287258255,4,0.8419471804307824,-0.08375743530158904,8.0,1.0427807486631016,"[ 1.          0.67073682  0.74335697  0.69659189  0.84194718  0.6634579
  0.71865191  0.66138787  0.79472887  0.63680458  0.7026058   0.61914845
  0.75920013  0.61523839  0.64965094  0.57517724  0.74640113  0.57473076
  0.61433867  0.56064644  0.69550276  0.52902776  0.57383104  0.5321531
  0.62360645  0.50042618  0.51578905  0.48623363  0.57433164  0.45797029
  0.49930999  0.44377774  0.55612079  0.43651234  0.45371523  0.4156091
  0.52795216  0.39632942  0.42565483  0.3892805   0.5         0.38039155
  0.40787693  0.38016154  0.46836779  0.35038289  0.39551088  0.34874581
  0.45242992  0.34148041  0.3710223   0.31386649  0.45229462  0.3119047
  0.34123011  0.29262501  0.39295378  0.27680891  0.29217177  0.2556892
  0.34400368  0.23467772  0.27114677  0.22427346  0.3227622   0.19958194
  0.22890735  0.18560586  0.28420284  0.17682514  0.18720911  0.1473712
  0.26674965  0.14367762  0.15384511  0.10513178  0.22115489  0.09451104
  0.11333748  0.06646417  0.1737201   0.05227162  0.08516885  0.03840378
  0.14230436  0.03308664  0.05916495  0.01423991  0.11803225  0.01411814
  0.04723184 -0.0047286   0.12006169 -0.01156105  0.04742126 -0.01655347
  0.09946964 -0.02013881  0.02498918 -0.01993587  0.07887758 -0.02157295
  0.01500433 -0.03165251  0.07755168 -0.02116706  0.00317946 -0.03828201
  0.07958112 -0.04511446 -0.01037721 -0.03441254  0.06786449 -0.03767318
 -0.00120413 -0.03043484  0.06491503 -0.03715905 -0.01108074 -0.03684787
  0.05677021 -0.03318135 -0.01922557 -0.0432609   0.06767507 -0.04305796
 -0.01871144 -0.04274678  0.04048057 -0.05812994 -0.01473374 -0.05262339
  0.03060396 -0.06107939 -0.02277032 -0.05200103  0.02765451 -0.06760066
 -0.03102338 -0.07064482  0.01950969 -0.07401369 -0.0391682  -0.07532606
  0.01472021 -0.09428104 -0.03172692 -0.08877449  0.0048436  -0.09723049
 -0.04863892 -0.08826036 -0.00156943 -0.0968246  -0.05158838 -0.09651342
 -0.00982249 -0.10507766 -0.05291428 -0.10985361 -0.01277195 -0.10618709
 -0.06268265 -0.10576767 -0.02611213 -0.10913654 -0.06043674 -0.1121807
 -0.01683083 -0.11554957 -0.06858156 -0.11339837 -0.03547462 -0.11676724
 -0.08365353 -0.12327498 -0.04177941 -0.12480382 -0.08833478 -0.12979624
 -0.05869142 -0.12786151 -0.1088186  -0.14151288 -0.0634809  -0.1465053
 -0.11176805 -0.15138949 -0.07335751 -0.15118655 -0.12694826 -0.15975078
 -0.09037775 -0.15781605 -0.13693311 -0.17146742 -0.10036259 -0.17126448
 -0.14345438 -0.17463335 -0.11391926 -0.17616219 -0.15538749 -0.17953106
 -0.11535339 -0.18452349 -0.1549816  -0.18085697 -0.11841108 -0.1841176
 -0.16150287 -0.1822911  -0.1233088  -0.18728353 -0.16456056 -0.18350877
 -0.12625825 -0.18850119 -0.16751001 -0.18310288 -0.12758415 -0.1880953
 -0.16894415 -0.18269699 -0.12891006 -0.1894212  -0.1718936  -0.18553821
 -0.13348306 -0.19063887 -0.17311127 -0.18675587 -0.13654075 -0.19185653
 -0.17432893 -0.18970533 -0.14111376 -0.1930742  -0.1755466  -0.19092299
 -0.145795   -0.19591541 -0.17838781 -0.19376421 -0.14874445 -0.19713308
 -0.17798192 -0.19509011 -0.15007035 -0.19845898 -0.17919959 -0.19641601
 -0.15301981 -0.19967664 -0.18052549 -0.19763367 -0.15596926 -0.20100254
 -0.18174315 -0.19885134 -0.15902695]",0.1304,6.666666666666667e-05,0.0,0.8739285714285714,0.5972857142857143,0.0,0.13053846153846155,0.0,0.0,0.96525,0.8440833333333333,0.0,0.13172727272727272,0.0,0.0,0.8734,0.5736,0.0,0.13655555555555557,0.0,0.0,0.94975,0.772375,0.0,0.14442857142857143,0.0,0.0,0.8583333333333333,0.5075,0.0,0.9364285714285714,0.71875,0.0,0.6589554761904761,0.0,0.13179376190476189,0.0,6.113738374391705e-06,6.113738374391705e-06
3.865,0.1307,707,0.5300000000000001,0.014031215200402267,0.9357499999999999,0.029948914838437785,0.06373491994520183,400.0,0.21414827855216967,0.7120536327380449,0.4550041645083145,400.0,0.3924698508673568,0.44741656736978586,0.8460230459206397,6,0.6393650793650797,2,0.8843812277890049,-0.09555740624462195,7.0,1.0036197881753586,"[ 1.00000000e+00  7.85407114e-01  8.84381228e-01  8.23087764e-01
  8.59348477e-01  7.98055014e-01  8.27347572e-01  8.00894885e-01
  8.09282977e-01  7.75862135e-01  8.05154693e-01  7.36893074e-01
  7.80121943e-01  7.18828479e-01  7.48121037e-01  6.86827573e-01
  7.30056442e-01  6.68762978e-01  6.91087381e-01  6.50698383e-01
  6.73022786e-01  6.11729322e-01  6.47990036e-01  5.86696572e-01
  6.11006898e-01  5.58667514e-01  5.60087450e-01  5.47571075e-01
  5.37040624e-01  5.17556094e-01  5.05039718e-01  5.06459654e-01
  5.00911435e-01  4.60522437e-01  4.96783151e-01  4.44443767e-01
  4.52831858e-01  4.40315483e-01  4.15848721e-01  4.10300502e-01
  4.04752282e-01  4.01189987e-01  3.74737301e-01  3.64206850e-01
  3.60644554e-01  3.34191868e-01  3.21675493e-01  3.11145042e-01
  3.05596823e-01  2.79144136e-01  2.82549997e-01  2.77001777e-01
  2.52535015e-01  2.58937182e-01  2.48406731e-01  2.35890356e-01
  2.18391750e-01  2.05875375e-01  2.02313079e-01  1.84814473e-01
  1.74284022e-01  1.61767647e-01  1.51237196e-01  1.45688976e-01
  1.35158526e-01  1.17659919e-01  1.07129468e-01  9.65990175e-02
  8.60685667e-02  7.55381158e-02  6.50076650e-02  5.94594453e-02
  4.39467633e-02  4.33807749e-02  3.28503240e-02  2.73021044e-02
  1.67716535e-02  1.12234339e-02  6.92983067e-04 -9.83746777e-03
 -1.53856874e-02 -2.09339070e-02 -2.64821267e-02 -3.20303463e-02
 -3.75785660e-02 -3.81445544e-02 -4.36927740e-02 -4.42587625e-02
 -4.98069821e-02 -5.03729705e-02 -5.09389590e-02 -5.15049474e-02
 -5.20709358e-02 -5.26369243e-02 -5.32029127e-02 -5.37689011e-02
 -5.43348896e-02 -5.49008780e-02 -5.54668664e-02 -5.60328549e-02
 -5.65988433e-02 -5.71648317e-02 -5.77308202e-02 -5.82968086e-02
 -5.88627970e-02 -5.94287855e-02 -5.99947739e-02 -6.05607623e-02
 -6.11267507e-02 -6.16927392e-02 -6.22587276e-02 -6.28247160e-02
 -6.33907045e-02 -6.39566929e-02 -6.45226813e-02 -6.50886698e-02
 -6.56546582e-02 -6.62206466e-02 -6.67866351e-02 -6.73526235e-02
 -6.79186119e-02 -6.84846004e-02 -6.90505888e-02 -6.96165772e-02
 -7.01825657e-02 -7.07485541e-02 -7.13145425e-02 -7.18805310e-02
 -7.24465194e-02 -7.30125078e-02 -7.35784963e-02 -7.41444847e-02
 -7.47104731e-02 -7.52764616e-02 -7.58424500e-02 -7.64084384e-02
 -7.69744269e-02 -7.75404153e-02 -7.81064037e-02 -7.86723922e-02
 -7.92383806e-02 -7.98043690e-02 -8.03703575e-02 -8.09363459e-02
 -8.15023343e-02 -8.20683228e-02 -8.26343112e-02 -8.32002996e-02
 -8.37662881e-02 -8.43322765e-02 -8.48982649e-02 -8.54642534e-02
 -8.60302418e-02 -8.65962302e-02 -8.71622187e-02 -8.77282071e-02
 -8.82941955e-02 -8.88601840e-02 -8.94261724e-02 -8.99921608e-02
 -9.05581493e-02 -9.11241377e-02 -9.16901261e-02 -9.22561146e-02
 -9.28221030e-02 -9.33880914e-02 -9.39540799e-02 -9.45200683e-02
 -9.50860567e-02 -9.56520452e-02 -9.62180336e-02 -9.67840220e-02
 -9.73500105e-02 -9.79159989e-02 -9.84819873e-02 -9.90479758e-02
 -9.96139642e-02 -1.00179953e-01 -1.00745941e-01 -1.01311929e-01
 -1.01877918e-01 -1.02443906e-01 -1.03009895e-01 -1.03575883e-01
 -1.04141872e-01 -1.04707860e-01 -1.05273849e-01 -1.05839837e-01
 -1.06405825e-01 -1.06971814e-01 -1.07537802e-01 -1.08103791e-01
 -1.08669779e-01 -1.09235768e-01 -1.09801756e-01 -1.10367744e-01
 -1.10933733e-01 -1.11499721e-01 -1.12065710e-01 -1.12631698e-01
 -1.13197687e-01 -1.13763675e-01 -1.14329663e-01 -1.14895652e-01
 -1.15461640e-01 -1.16027629e-01 -1.16593617e-01 -1.17159606e-01
 -1.17725594e-01 -1.18291582e-01 -1.18857571e-01 -1.19423559e-01
 -1.19989548e-01 -1.20555536e-01 -1.21121525e-01 -1.21687513e-01
 -1.22253501e-01 -1.22819490e-01 -1.23385478e-01 -1.23951467e-01
 -1.24517455e-01 -1.25083444e-01 -1.25649432e-01 -1.26215421e-01
 -1.26781409e-01 -1.27347397e-01 -1.27913386e-01 -1.28479374e-01
 -1.29045363e-01 -1.29611351e-01 -1.30177340e-01 -1.30743328e-01
 -1.31309316e-01 -1.31875305e-01 -1.32441293e-01 -1.33007282e-01
 -1.33573270e-01 -1.34139259e-01 -1.34705247e-01 -1.35271235e-01
 -1.35837224e-01 -1.36403212e-01 -1.36969201e-01 -1.37535189e-01
 -1.38101178e-01 -1.38667166e-01 -1.39233154e-01 -1.39799143e-01
 -1.40365131e-01 -1.40931120e-01 -1.41497108e-01 -1.42063097e-01
 -1.42629085e-01 -1.43195074e-01 -1.43761062e-01 -1.44327050e-01
 -1.44893039e-01 -1.45459027e-01 -1.46025016e-01 -1.46591004e-01
 -1.47156993e-01]",0.06133333333333333,0.0,0.0,0.9393571428571429,0.7825,0.0,0.06284615384615384,0.0,0.0,0.9858333333333333,0.9481666666666667,0.0,0.06545454545454546,0.0,0.0,0.933,0.7628,0.0,0.06888888888888889,0.0,0.0,0.97875,0.92225,0.0,0.07428571428571429,0.0,0.0,0.9216666666666666,0.7213333333333334,0.0,0.9696428571428571,0.8889285714285714,0.0,0.8274100000000001,0.0,0.16548200000000002,0.0,3.5800434899469054e-05,3.5800434899469054e-05
3.865,0.1307,1313,0.5508749999999999,0.016560023399741906,0.8881250000000002,0.030252840775702377,0.11102752504510577,2.8985507246376807,0.03942526039626363,0.9034379638587458,0.09179093306130924,400.0,0.09116755617368552,0.8072718341158515,0.5016487050604619,6,0.22686826961426673,3,0.549079172001707,-0.009423921732302495,7.0,1.0142755174875089,"[ 1.00000000e+00  3.98334400e-01  4.76310286e-01  5.49079172e-01
  4.00081093e-01  4.18219163e-01  4.62050790e-01  3.01016859e-01
  4.33623560e-01  3.06733888e-01  2.80655143e-01  3.67081733e-01
  2.93201024e-01  2.49879428e-01  3.03783611e-01  1.47956679e-01
  2.44797268e-01  2.06682672e-01  1.54910371e-01  8.94803671e-02
  9.75458813e-02  8.35029876e-02  9.83973538e-02  5.70390525e-02
  9.07981221e-02  7.15482288e-02  1.05307298e-01  6.55708493e-02
  7.20145113e-02  1.05773581e-01  5.40012804e-02  5.36160905e-02
  1.28348271e-01  1.34944516e-02  9.50554844e-02  5.53190354e-02
  2.07895860e-02  4.77198037e-02  5.41634656e-02  2.64628681e-02
  8.07084934e-02  3.93501921e-02  6.62804097e-02  5.22375160e-02
  9.28254375e-02  5.99178404e-02  8.00192061e-02  5.23186086e-02
  7.40418267e-02  8.04854887e-02  6.64425950e-02  4.03638498e-02
  1.01438327e-01  4.12153222e-02  4.76589842e-02  2.67872386e-02
  6.05463082e-02  6.69899701e-02  8.70913359e-02  1.32106274e-02
  1.22087068e-01  5.34133589e-02  1.64105847e-03  8.32020913e-02
  3.50149381e-02  8.93619292e-03  5.63529663e-02  4.23100726e-02
  4.87537345e-02  7.39543321e-03  8.89564661e-02  3.55623133e-02
  3.51771233e-02  4.16207853e-02  1.30010670e-01  1.35349979e-02
  8.14383269e-02  4.85307298e-02  7.54609475e-02  2.20667947e-02
  5.58258643e-02  4.17829706e-02  6.18843363e-02  5.46702945e-02
  8.16005122e-02  6.91794708e-02  7.56231327e-02  1.54001280e-02
  5.76099018e-02  2.30804524e-02  6.36683739e-02 -3.38348271e-03
  5.76909945e-02 -9.36086214e-03  3.91165173e-03 -1.01312420e-02
  4.41143833e-02 -2.45091763e-03  3.81370038e-02  3.77518139e-02
  3.05377721e-02  2.33237303e-02  7.07405036e-02 -3.72844644e-02
  7.15919761e-02  3.02336748e-02 -1.11246265e-02  4.31209987e-02
  1.76269740e-03 -2.59379001e-02  8.29385403e-02 -3.19152796e-02
  1.55014938e-02  6.29182672e-02  1.07341016e-03  4.32831840e-02
  6.33845497e-02 -5.28915920e-03  3.85424669e-02 -1.64735382e-02
 -3.05164319e-02  1.69003414e-02 -1.76291080e-02 -4.35659411e-03
  8.91591976e-03 -3.24423816e-02  2.86320956e-02  3.50757576e-02
  7.37516005e-03  1.78297055e-03  4.91997439e-02  3.51568502e-02
  2.24925309e-03  3.60083227e-02  6.29385403e-02 -5.73516859e-03
  2.11950491e-02  3.44675630e-02  6.76696543e-03  6.78414426e-02
  2.12761417e-02  4.04396073e-04  5.46500213e-02 -3.65983781e-04
  5.38796415e-02  2.78008963e-02  1.37580026e-02  3.54812207e-02
  5.03755869e-02 -3.19558259e-02  7.69206146e-02  3.03990610e-03
 -4.17413572e-03  2.43779343e-02 -2.38092190e-02  3.12099872e-03
  4.37089202e-02 -2.49647887e-02  2.92808365e-02  3.57244985e-02
  2.16816048e-02  2.97471191e-02  4.98484848e-02  8.49018353e-03
  6.43576611e-02  3.66570636e-02  2.94430218e-02  5.11662399e-02
  3.02944942e-02  4.21574904e-03  5.16325224e-02  1.71030730e-02
  4.40332907e-02  5.04769526e-02  4.32629108e-02  5.13284251e-02
  5.09432352e-02  3.69003414e-02  6.70742638e-02  1.20582586e-02
  1.85019206e-02  3.33962868e-02  2.61822450e-02  1.03499787e-04
  4.06914213e-02 -1.95315834e-02  5.69782330e-04  2.06711481e-02
 -2.00597525e-04  7.86491677e-03  7.47972685e-03 -6.56316688e-03
 -2.41912079e-02 -4.50629535e-02 -2.49615877e-02 -5.10403329e-02
 -4.45966709e-02 -5.86395647e-02 -3.69163466e-02 -5.77880922e-02
 -2.92360222e-02 -6.21436193e-02 -4.88711054e-02 -7.49498506e-02
 -7.53350405e-02 -7.57202305e-02 -7.44835681e-02 -7.48687580e-02
 -7.52539479e-02 -7.23954332e-02 -7.27806231e-02 -7.31658131e-02
 -7.19291507e-02 -7.23143406e-02 -7.26995305e-02 -7.30847204e-02
 -7.18480580e-02 -7.22332480e-02 -7.09965856e-02 -7.13817755e-02
 -7.01451131e-02 -7.05303030e-02 -7.09154930e-02 -6.80569782e-02
 -6.84421682e-02 -6.88273581e-02 -6.75906957e-02 -6.79758856e-02
 -6.83610755e-02 -6.87462655e-02 -6.91314554e-02 -6.95166453e-02
 -6.82799829e-02 -6.86651729e-02 -6.74285105e-02 -6.78137004e-02
 -6.81988903e-02 -6.69622279e-02 -6.73474178e-02 -6.77326078e-02
 -6.64959454e-02 -6.68811353e-02 -6.72663252e-02 -6.76515152e-02
 -6.80367051e-02 -6.84218950e-02 -6.88070849e-02 -6.91922749e-02
 -6.79556125e-02 -6.83408024e-02 -6.71041400e-02 -6.74893299e-02
 -6.78745198e-02 -6.66378574e-02 -6.54011950e-02 -6.57863850e-02
 -6.45497226e-02 -6.49349125e-02 -6.53201024e-02 -6.57052924e-02
 -6.60904823e-02]",0.1024,0.0,0.0,0.9034285714285715,0.6527142857142857,0.0,0.10253846153846154,0.0,0.0,0.9844166666666667,0.9299166666666666,0.0,0.10318181818181818,0.0,0.0,0.9079,0.6581,0.0,0.10355555555555555,0.0,0.0,0.979,0.89725,0.0,0.10542857142857143,0.0,0.0,0.9048333333333334,0.6383333333333333,0.0,0.9767857142857143,0.88625,0.0,0.7552628571428571,0.0,0.15105257142857142,0.0,1.3754403419824779e-05,1.3754403419824779e-05
3.865,0.1307,2029,0.6241875,0.01805276554298539,0.74875,0.037395688254129006,0.2983067788518916,2.0,0.6173185283394098,0.25802815086870035,0.010261953978908597,2.0,0.685331531478598,0.20822231170506936,0.008011019843545865,4,0.8900206158382374,4,0.9508268156424589,0.0023400413593011576,4.0,1.1548101021785233,"[ 1.         -0.55531006  0.16882123 -0.53743855  0.95082682 -0.5373324
  0.15987151 -0.53286872  0.93740782 -0.52393575  0.15103352 -0.52382961
  0.93315084 -0.51925419  0.14219553 -0.5147905   0.90196648 -0.50127654
  0.11994972 -0.49670112  0.88865922 -0.49659497  0.12027374 -0.49201955
  0.86663687 -0.47850559  0.10696648 -0.47851117  0.8487486  -0.46957821
  0.09354749 -0.46053352  0.83097207 -0.45606983  0.0847095  -0.45149441
  0.81319553 -0.44256145  0.07587151 -0.43809777  0.79977654 -0.43810335
  0.07586034 -0.43363966  0.79093855 -0.43364525  0.07584916 -0.42918156
  0.78198883 -0.42918715  0.07583799 -0.42472346  0.77303911 -0.42472905
  0.07582682 -0.42026536  0.76408939 -0.42027095  0.07581564 -0.41580726
  0.75513966 -0.41581285  0.07580447 -0.41134916  0.74618994 -0.41135475
  0.0757933  -0.40689106  0.73724022 -0.40689665  0.07578212 -0.40243296
  0.7282905  -0.40243855  0.07577095 -0.39797486  0.71934078 -0.39798045
  0.07575978 -0.39351676  0.71039106 -0.39352235  0.0757486  -0.38905866
  0.70144134 -0.38906425  0.07573743 -0.38460056  0.69249162 -0.38460615
  0.07572626 -0.38014246  0.6835419  -0.38014804  0.07571508 -0.37568436
  0.67459218 -0.37568994  0.07570391 -0.37122626  0.66564246 -0.37123184
  0.07569274 -0.36676816  0.65669274 -0.36677374  0.07568156 -0.36231006
  0.64774302 -0.36231564  0.07567039 -0.35785196  0.6387933  -0.35785754
  0.07565922 -0.35339385  0.62984358 -0.35339944  0.07564804 -0.34893575
  0.62089385 -0.34894134  0.07563687 -0.34447765  0.61194413 -0.34448324
  0.0756257  -0.34001955  0.60299441 -0.34002514  0.07561453 -0.33556145
  0.59404469 -0.33556704  0.07560335 -0.33110335  0.58509497 -0.33110894
  0.07559218 -0.32664525  0.57614525 -0.32665084  0.07558101 -0.32218715
  0.56719553 -0.32219274  0.07556983 -0.31772905  0.55824581 -0.31773464
  0.07555866 -0.31327095  0.54929609 -0.31327654  0.07554749 -0.30881285
  0.54034637 -0.30881844  0.07553631 -0.30435475  0.53139665 -0.30436034
  0.07552514 -0.29989665  0.52244693 -0.29990223  0.07551397 -0.29543855
  0.51349721 -0.29544413  0.07550279 -0.29098045  0.50454749 -0.29098603
  0.07549162 -0.28652235  0.49559777 -0.28652793  0.07548045 -0.28206425
  0.48664804 -0.28206983  0.07546927 -0.27760615  0.47769832 -0.27761173
  0.0754581  -0.27314804  0.4687486  -0.27315363  0.07544693 -0.26868994
  0.45979888 -0.26869553  0.07543575 -0.26423184  0.45084916 -0.26423743
  0.07542458 -0.25977374  0.44189944 -0.25977933  0.07541341 -0.25531564
  0.43294972 -0.25532123  0.07540223 -0.25085754  0.424      -0.25086313
  0.07539106 -0.24639944  0.41505028 -0.24640503  0.07537989 -0.24194134
  0.40610056 -0.24194693  0.07536872 -0.23748324  0.39715084 -0.23748883
  0.07535754 -0.23302514  0.38820112 -0.23303073  0.07534637 -0.22856704
  0.3792514  -0.22857263  0.0753352  -0.22410894  0.37030168 -0.22411453
  0.07532402 -0.21965084  0.36135196 -0.21965642  0.07531285 -0.21519274
  0.35240223 -0.21519832  0.07530168 -0.21073464  0.34345251 -0.21074022
  0.0752905  -0.20627654  0.33450279 -0.20628212  0.07527933 -0.20181844
  0.32555307 -0.20182402  0.07526816 -0.19736034  0.31660335 -0.19736592
  0.07525698 -0.19290223  0.30765363]",0.24866666666666667,0.0,0.0,0.7523571428571428,0.277,0.0,0.249,0.0,0.0,0.99425,0.9713333333333334,0.0,0.24881818181818183,0.0,0.0,0.7533,0.2778,0.0,0.24855555555555556,0.0,0.0,0.991375,0.957,0.0,0.24814285714285714,0.0,0.0,0.7555,0.2796666666666667,0.0,0.9876785714285714,0.9385714285714286,0.0,0.5525599999999999,0.0,0.11051199999999999,0.0,8.386581123223762e-07,8.386581123223762e-07
3.865,0.136,101,0.5313750000000002,0.01677004397728282,0.9244999999999999,0.03999687487792013,0.06712436513540472,400.0,0.16585760097865304,0.829650044235862,0.36138756706159575,400.0,0.5201768898306167,0.5009512820991575,0.7831165610912793,8,0.39882660147786053,2,0.7872315986872945,-0.1083876840217609,6.0,1.0068064252654505,"[ 1.          0.77445656  0.7872316   0.77265862  0.74054383  0.72788522
  0.74257462  0.70256798  0.72897797  0.69287818  0.6587709   0.6343917
  0.68033599  0.62661627  0.65884748  0.61684834  0.62173152  0.6090729
  0.63349039  0.59539811  0.61200188  0.60516448  0.58277778  0.59156782
  0.59254415  0.55843687  0.58285435  0.56038951  0.584807    0.5584353
  0.53796296  0.55456673  0.54772933  0.53307822  0.52823332  0.54093022
  0.53018597  0.51561299  0.50096187  0.48439639  0.48736521  0.48052782
  0.47369042  0.46294616  0.45610877  0.47661939  0.46005391  0.47275082
  0.43665104  0.45134044  0.44059619  0.43575129  0.41719331  0.44751016
  0.4367659   0.43383536  0.41527739  0.42215307  0.40558759  0.43590444
  0.3939053   0.39878848  0.39785045  0.40863299  0.36272699  0.39112947
  0.36085091  0.35600602  0.34526176  0.32869628  0.3101383   0.34436201
  0.28482107  0.29361111  0.29068058  0.2741151   0.25754962  0.27415338
  0.24387482  0.25266487  0.21847945  0.2272695   0.23215268  0.22531528
  0.20675731  0.22336107  0.22043054  0.20968628  0.19894202  0.20773207
  0.19698781  0.21749844  0.19894046  0.18237498  0.21069933  0.17651391
  0.17166901  0.16873847  0.16580794  0.17659048  0.160025    0.14146703
  0.13271527  0.12396351  0.10739803  0.11228122  0.10935068  0.09860642
  0.09376153  0.07911041  0.07617987  0.06352125  0.08793874  0.07719448
  0.07035709  0.06351969  0.04113299  0.04210931  0.05089936  0.03234138
  0.05285201  0.04210775  0.02554227  0.0265186   0.01194562 -0.00852672
 -0.0075504  -0.02220152 -0.03095327 -0.04169753 -0.04263557 -0.05728669
 -0.06021722 -0.0787752  -0.09143382 -0.10608494 -0.10901547 -0.11393851
 -0.11686904 -0.12179208 -0.13253633 -0.13355251 -0.14429677 -0.14531294
 -0.14632911 -0.14734529 -0.14836146 -0.14937764 -0.15039381 -0.15140999
 -0.15242616 -0.15344233 -0.15445851 -0.15547468 -0.15649086 -0.15750703
 -0.15852321 -0.15953938 -0.16055556 -0.16157173 -0.1625879  -0.16360408
 -0.16462025 -0.16563643 -0.1666526  -0.16766878 -0.16868495 -0.16970113
 -0.1707173  -0.17173347 -0.17274965 -0.17376582 -0.174782   -0.17579817
 -0.17681435 -0.17783052 -0.17884669 -0.17986287 -0.18087904 -0.18189522
 -0.18291139 -0.18392757 -0.18494374 -0.18595992 -0.18697609 -0.18799226
 -0.18900844 -0.19002461 -0.19104079 -0.19205696 -0.19307314 -0.19408931
 -0.19510549 -0.19612166 -0.19713783 -0.19815401 -0.19917018 -0.20018636
 -0.20120253 -0.20221871 -0.20323488 -0.20425105 -0.20526723 -0.2062834
 -0.20729958 -0.20831575 -0.20933193 -0.2103481  -0.21136428 -0.21238045
 -0.21339662 -0.2144128  -0.21542897 -0.21644515 -0.21746132 -0.2184775
 -0.21949367 -0.22050985 -0.22152602 -0.22254219 -0.22355837 -0.22457454
 -0.22559072 -0.22660689 -0.22762307 -0.22863924 -0.22965541 -0.23067159
 -0.23168776 -0.23270394 -0.23372011 -0.23473629 -0.23575246 -0.23676864
 -0.23778481 -0.23880098 -0.23981716 -0.24083333 -0.24184951 -0.24286568
 -0.24388186 -0.24489803 -0.24591421 -0.24693038 -0.24794655 -0.24896273
 -0.2499789  -0.25099508 -0.25201125 -0.25302743 -0.2540436  -0.25505977
 -0.25607595 -0.25709212 -0.2581083  -0.25912447 -0.26014065 -0.26115682
 -0.262173   -0.26119667 -0.26221285]",0.06353333333333333,0.0,0.0,0.9357142857142857,0.76,0.0,0.06953846153846154,0.0,0.0,0.9726666666666667,0.89325,0.0,0.07754545454545454,0.0,0.0,0.9218,0.7179,0.0,0.084,0.0,0.0,0.954,0.829625,0.0,0.09371428571428571,0.0,0.0,0.903,0.6465,0.0,0.9344642857142857,0.7576785714285714,0.0,0.769455,0.0,0.153891,0.0,3.202139020159712e-05,3.202139020159712e-05
3.865,0.136,707,0.5792499999999999,0.021302875392772674,0.8121250000000001,0.03273735442884777,0.17532245354282064,4.0,0.14548144071003438,0.8356431281434713,0.0485128686527462,4.0,0.4325813221406084,0.6477826881518872,0.060880710822181855,4,0.2679878804572367,8,0.434412969631584,0.0019144366104439047,18.0,1.0888218535277359,"[ 1.00000000e+00 -6.39329504e-03 -4.87761441e-01  8.05708110e-02
  4.19878847e-01  2.43966045e-02 -3.53590631e-01 -2.29426237e-02
  4.34412970e-01  3.94071380e-03 -4.20699873e-01 -4.92301833e-02
  4.18374568e-01  1.84748363e-02 -4.13411599e-01  5.27789725e-02
  4.13999504e-01 -5.87086134e-02 -3.85625009e-01  5.58247073e-02
  3.82055226e-01 -2.36761747e-02 -4.08909259e-01  3.38211281e-03
  4.12670175e-01 -4.69604248e-02 -3.95614366e-01  2.39228543e-02
  3.76308408e-01 -5.99955169e-02 -4.11652768e-01  1.95477905e-02
  3.83596682e-01 -1.04713811e-02 -3.95704466e-01 -1.69889271e-02
  3.70386640e-01 -6.18641659e-03 -3.73924494e-01  1.64543818e-02
  3.39681591e-01 -1.93964587e-02 -3.87134537e-01 -2.00823359e-02
  3.43966555e-01 -2.23573428e-02 -3.55105407e-01  4.11051377e-02
  3.17678996e-01 -4.72307227e-02 -3.58066291e-01  3.15424035e-03
  3.49708125e-01  8.12508201e-03 -3.53781327e-01  1.91025426e-02
  3.58410579e-01 -1.81624776e-02 -3.56742211e-01  4.38858232e-02
  3.37954688e-01  2.20331385e-03 -3.66948944e-01 -1.88059293e-02
  3.14670438e-01  8.07740811e-03 -3.71324008e-01 -2.75984823e-02
  3.24787071e-01 -5.13263402e-03 -3.72870712e-01  8.84813605e-03
  3.36492834e-01 -2.84168841e-02 -3.68410797e-01  4.47307227e-03
  3.61276115e-01 -1.22936318e-02 -3.50873365e-01 -1.29795090e-02
  3.13251010e-01 -3.11603928e-02 -3.28918444e-01  8.97541223e-03
  3.30788442e-01  3.87204590e-03 -3.53616874e-01 -1.57230176e-02
  3.65820880e-01 -5.03017889e-04 -3.39082751e-01  6.87911315e-02
  3.33701652e-01 -2.67905775e-02 -2.95390284e-01  1.91768964e-02
  3.17663250e-01  2.27335583e-02 -2.75024493e-01 -3.04373387e-02
  3.61355717e-01  8.63487921e-04 -3.15803750e-01  6.87434576e-02
  3.39485647e-01 -1.65890933e-02 -2.61862125e-01  2.35467117e-02
  3.14787217e-01  3.59383520e-02 -3.14304719e-01 -1.15171816e-03
  3.08997973e-01  6.82243297e-03 -3.21508142e-01  1.05540450e-02
  3.74602936e-01 -3.69601333e-02 -3.09802379e-01  5.72498214e-02
  2.33271129e-01  3.32372687e-02 -2.41194107e-01 -1.41019594e-02
  3.06296890e-01 -6.12780831e-03 -3.28626715e-01  3.43547258e-03
  3.07753495e-01 -1.05028721e-02 -3.02429255e-01 -3.45154248e-02
  2.46475922e-01  2.61707075e-03 -2.95140981e-01 -2.13954819e-02
  2.82922541e-01 -3.43813328e-04 -3.05347713e-01 -5.05114009e-02
  2.55220802e-01  1.86077984e-02 -2.67486915e-01  6.25858349e-03
  2.81418262e-01 -1.35114301e-02 -3.11269481e-01  2.52101952e-02
  3.07615722e-01 -4.80897640e-03 -2.74822863e-01 -1.27407021e-02
  2.79913983e-01  2.58059731e-02 -2.89447085e-01 -2.73649240e-02
  2.72535610e-01  1.84275998e-02 -2.79330452e-01 -1.72482906e-02
  2.53493899e-01  2.27125643e-02 -2.22560467e-01  1.03633494e-02
  2.15543001e-01  2.25667362e-03 -2.48848027e-01 -5.67505212e-03
  2.57821289e-01  2.29909901e-03 -2.77963946e-01  1.32765596e-02
  2.43197067e-01 -4.73151361e-02 -2.19604832e-01  4.24773294e-02
  2.14081148e-01 -2.03353939e-03 -2.42889082e-01 -1.13794448e-02
  2.57948565e-01 -1.99111399e-03 -2.13688312e-01 -2.15861775e-02
  2.06920150e-01 -1.94868860e-03 -2.41390051e-01  1.34462612e-02
  2.43366768e-01 -1.79870901e-02 -2.35515957e-01 -3.17504848e-02
  2.31745856e-01  1.12136796e-02 -1.93237670e-01  1.05278025e-02
  1.98212448e-01  1.85019536e-02 -1.80117727e-01  3.21069820e-04
  2.40490735e-01  8.29522095e-03 -2.19482804e-01  3.67676882e-02
  2.06957327e-01  3.92015716e-03 -1.94699523e-01  4.40559622e-02
  2.20077270e-01  1.70401000e-02 -2.16569594e-01  3.27670540e-03
  2.31783033e-01  3.01600429e-02 -2.28190506e-01 -3.02567028e-02
  2.33239638e-01 -1.06192139e-02 -2.09238894e-01  3.97657492e-02
  1.76379554e-01  8.33239784e-03 -1.91701462e-01 -4.76668586e-02
  1.85256958e-01  1.86239813e-02 -2.32480719e-01 -8.21693079e-03
  1.91131052e-01 -2.79869444e-02 -1.97448280e-01  4.85522882e-04
  1.64843493e-01 -9.03533262e-03 -1.79910848e-01 -1.11353895e-02
  1.60468429e-01 -7.57872753e-03 -1.82871732e-01 -1.40962736e-02
  1.69170882e-01 -3.24521074e-02 -1.84418437e-01  1.85202869e-03
  1.85119185e-01 -1.65038052e-02 -1.62638466e-01 -1.71896823e-02
  1.42750798e-01  1.55253240e-02 -1.71431019e-01  1.76192941e-03
  1.50039072e-01 -2.24255733e-02 -1.40816069e-01 -1.28622924e-02
  1.35414850e-01  1.98527139e-02 -1.43776953e-01 -4.15983875e-03
  1.67443980e-01]",0.1586,0.0,0.0,0.8501428571428571,0.48014285714285715,0.0,0.15884615384615386,0.0,0.0,0.9756666666666667,0.8814166666666666,0.0,0.15827272727272726,0.0,0.0,0.8505,0.4794,0.0,0.15888888888888889,0.00011111111111111112,0.0,0.97275,0.868625,0.0,0.158,0.0,0.0,0.8498333333333333,0.47533333333333333,0.0,0.97,0.8560714285714286,0.0,0.6369613492063492,0.0,0.12739671428571428,0.0,1.9669329961921537e-06,1.9669329961921537e-06
3.865,0.136,1313,0.558375,0.021180400728031543,0.8605000000000002,0.046526873954737175,0.13364212644121978,400.0,0.13074861570235272,0.8304195559186738,0.19235566541802174,400.0,0.5917318224547709,0.4504520353939525,0.7229246556273056,3,0.4531654244017969,3,0.7929544404665675,-0.12618728063095344,35.0,1.0237953599048186,"[ 1.          0.65690582  0.63368114  0.79295444  0.69815683  0.66976412
  0.736648    0.61875303  0.7139023   0.73747863  0.60514782  0.65927041
  0.71628017  0.62953776  0.63518478  0.65526764  0.65863379  0.62963477
  0.58103187  0.64214141  0.66161797  0.58642424  0.5984519   0.59771827
  0.60974593  0.60673144  0.53791835  0.58687291  0.62488509  0.57628219
  0.53345363  0.57952102  0.56845132  0.54005861  0.51455307  0.55773328
  0.54088925  0.52343891  0.50659487  0.51512906  0.53749278  0.51198724
  0.43968068  0.48225459  0.51737961  0.43701784  0.43689052  0.48873224
  0.45167802  0.42845334  0.44625534  0.44901519  0.44190091  0.42505688
  0.41976152  0.41674703  0.46053355  0.3974948   0.37077665  0.44343487
  0.45257536  0.34911624  0.37786061  0.41009845  0.39614159  0.37929755
  0.35896004  0.35594555  0.4257166   0.348242    0.32273646  0.37108471
  0.36518305  0.33101599  0.33666301  0.32498701  0.36011202  0.31090282
  0.28828444  0.32280315  0.32784386  0.27346662  0.29126862  0.28536696
  0.29739462  0.27188907  0.24577723  0.28546397  0.30326597  0.2229042
  0.26897159  0.25957645  0.23118374  0.23971792  0.21071891  0.21347875
  0.24222312  0.19073305  0.17677619  0.21646293  0.1788024   0.16484554
  0.15316953  0.17036523  0.17084421  0.14184519  0.12788832  0.14508402
  0.116085    0.13677417  0.12509816  0.09549284  0.12195635  0.10161884
  0.06456461  0.13084219  0.07008431  0.0503531   0.10857547  0.07380211
  0.0454094   0.08342158  0.04059302  0.05262068  0.09352004  0.02181978
  0.03324114  0.06198551  0.01915695  0.01386159  0.02756381 -0.00371608
  0.02274743  0.00529709 -0.02370193 -0.00939341 -0.00602725 -0.03730714
 -0.02588578 -0.02601311 -0.04574431 -0.04237816 -0.05344786 -0.07667254
 -0.04154752 -0.08437608 -0.07933537 -0.06153338 -0.07549024 -0.09294058
 -0.06419621 -0.09547609 -0.09849059 -0.0893501  -0.12351715 -0.10632146
 -0.09718097 -0.14578387 -0.13086904 -0.10789901 -0.15072757 -0.13930621
 -0.14232071 -0.16554539 -0.15412403 -0.16230656 -0.19358644 -0.1833777
 -0.18578589 -0.20551709 -0.20625072 -0.21503955 -0.22610925 -0.22973005
 -0.23502541 -0.24092707 -0.24804134 -0.24467519 -0.24997055 -0.25359135
 -0.26466105 -0.27056271 -0.27935154 -0.28175973 -0.29054856 -0.29584392
 -0.29247777 -0.29777313 -0.30306848 -0.3025895  -0.31137833 -0.31378652
 -0.32196905 -0.32726441 -0.33484063 -0.33208078 -0.339657   -0.3426715
 -0.33991165 -0.34292615 -0.34305347 -0.34318079 -0.34330812 -0.34632261
 -0.34356277 -0.34825182 -0.34837914 -0.35018103 -0.34970204 -0.34922306
 -0.34874408 -0.34598424 -0.34550525 -0.34502627 -0.34454729 -0.34406831
 -0.34358933 -0.34082948 -0.3403505  -0.33759066 -0.33483081 -0.33435183
 -0.32931112 -0.32883214 -0.32835316 -0.32103159 -0.31827174 -0.31779276
 -0.31275205 -0.31227307 -0.30951322 -0.30447251 -0.30399353 -0.30351455
 -0.29619298 -0.295714   -0.29523502 -0.29247517 -0.28971533 -0.28695548
 -0.28419563 -0.28371665 -0.28095681 -0.28047783 -0.27999885 -0.27951986
 -0.27676002 -0.27628104 -0.27580206 -0.27304221 -0.27256323 -0.26980338
 -0.26704354 -0.26656456 -0.26608558 -0.26104487 -0.26056589 -0.2600869
 -0.25732706 -0.25684808 -0.2563691 ]",0.11813333333333334,0.0,0.0,0.8885714285714286,0.5937857142857143,0.0,0.12407692307692307,0.0,0.0,0.9619166666666666,0.8385833333333333,0.0,0.13227272727272726,0.0,0.0,0.8702,0.5467,0.0,0.14377777777777778,0.0,0.0,0.92825,0.734125,0.0,0.15257142857142858,0.0,0.0,0.857,0.512,0.0,0.92125,0.7167857142857142,0.0,0.6450388095238095,0.0,0.1290077619047619,0.0,3.675261400280856e-05,3.675261400280856e-05
3.865,0.136,2029,0.6041249999999999,0.037439743254995744,0.737375,0.04340920841250164,0.29201179459638105,2.0,0.737815859080421,0.22082488704854777,0.010522908244703793,4.0,0.6155749505128666,0.3406628618232139,0.015603883257320483,8,0.9018483797973494,8,0.8549157124022593,0.002522998802615954,5.0,1.0909931570186795,"[ 1.         -0.16192093 -0.60242626 -0.08518734  0.85241163 -0.14035367
 -0.55512911 -0.14238524  0.85491571 -0.10384433 -0.60653094 -0.09676305
  0.82177273 -0.1510919  -0.56338805 -0.11415963  0.76705412 -0.10215294
 -0.568355   -0.12411834  0.76124968 -0.09884454 -0.55757556 -0.11665567
  0.74881168 -0.09469865 -0.55758394 -0.1232976   0.75543686 -0.08475669
 -0.5584298  -0.09097569  0.72805678 -0.06486441 -0.55428391 -0.10673047
  0.72888589 -0.0482889  -0.58498076 -0.06693752  0.72556074 -0.09141537
 -0.54435033 -0.0685877   0.68658853 -0.05326423 -0.55926761 -0.09513029
  0.71478934 -0.08560289 -0.5584385  -0.06029592  0.68824675 -0.08892804
 -0.53107517 -0.09595136  0.68907586 -0.07315685 -0.5534635  -0.08517191
  0.70648886 -0.08063626 -0.54104226 -0.08186351  0.69569267 -0.08064464
 -0.53357959 -0.08435118  0.68988822 -0.07070268 -0.52695441 -0.08767633
  0.680767   -0.06987357 -0.51949175 -0.08684722  0.67164578 -0.06904446
 -0.51202908 -0.08601811  0.66252456 -0.06821535 -0.50456641 -0.08518899
  0.65340334 -0.06738623 -0.49710375 -0.08435988  0.64428213 -0.06655712
 -0.48964108 -0.08353077  0.63516091 -0.06572801 -0.48217842 -0.08270166
  0.62603969 -0.0648989  -0.47471575 -0.08187255  0.61691847 -0.06406979
 -0.46725309 -0.08104344  0.60779725 -0.06324068 -0.45979042 -0.08021433
  0.59867603 -0.06241157 -0.45232776 -0.07938521  0.58955481 -0.06158246
 -0.44486509 -0.0785561   0.58043359 -0.06075334 -0.43740242 -0.07772699
  0.57131237 -0.05992423 -0.42993976 -0.07689788  0.56219115 -0.05909512
 -0.42247709 -0.07606877  0.55306993 -0.05826601 -0.41501443 -0.07523966
  0.54394871 -0.0574369  -0.40755176 -0.07441055  0.53482749 -0.05660779
 -0.4000891  -0.07358144  0.52570627 -0.05577868 -0.39262643 -0.07275232
  0.51658505 -0.05494956 -0.38516377 -0.07192321  0.50746383 -0.05412045
 -0.3777011  -0.0710941   0.49834261 -0.05329134 -0.37023843 -0.07026499
  0.48922139 -0.05246223 -0.36277577 -0.06943588  0.48010017 -0.05163312
 -0.3553131  -0.06860677  0.47097895 -0.05080401 -0.34785044 -0.06777766
  0.46185773 -0.0499749  -0.34038777 -0.06694854  0.45273651 -0.04914578
 -0.33292511 -0.06611943  0.44361529 -0.04831667 -0.32546244 -0.06529032
  0.43449407 -0.04748756 -0.31799978 -0.06446121  0.42537285 -0.04665845
 -0.31053711 -0.0636321   0.41625163 -0.04582934 -0.30307445 -0.06280299
  0.40713041 -0.04500023 -0.29561178 -0.06197388  0.39800919 -0.04417112
 -0.28814911 -0.06114476  0.38888797 -0.04334201 -0.28068645 -0.06031565
  0.37976675 -0.04251289 -0.27322378 -0.05948654  0.37064553 -0.04168378
 -0.26576112 -0.05865743  0.36152431 -0.04085467 -0.25829845 -0.05782832
  0.35240309 -0.04002556 -0.25083579 -0.05699921  0.34328187 -0.03919645
 -0.24337312 -0.0561701   0.33416065 -0.03836734 -0.23591046 -0.05534099
  0.32503943 -0.03753823 -0.22844779 -0.05451187  0.31591821 -0.03670911
 -0.22098512 -0.05368276  0.30679699 -0.03588    -0.21352246 -0.05285365
  0.29767577 -0.03505089 -0.20605979 -0.05202454  0.28855455 -0.03422178
 -0.19859713 -0.05119543  0.27943333 -0.03339267 -0.19113446 -0.05036632
  0.27031211 -0.03256356 -0.1836718  -0.04953721  0.26119089 -0.03173445
 -0.17620913 -0.04870809  0.25206967]",0.2086,0.0,0.0,0.7933571428571429,0.2935714285714286,0.0,0.20992307692307693,0.0,0.0,0.9845,0.9284166666666667,0.0,0.20936363636363636,0.0,0.0,0.7959,0.2944,0.0,0.20877777777777778,0.0,0.0,0.97675,0.892625,0.0,0.20757142857142857,0.0,0.0,0.8015,0.299,0.0,0.9667857142857142,0.8466071428571429,0.0,0.5416026190476191,0.0,0.10832052380952381,0.0,1.1289549097941484e-06,1.1289549097941484e-06
3.875,0.12,101,0.5870000000000001,0.04616275555033516,0.754,0.08044563381563975,0.2236577099248484,400.0,0.08923855478535446,0.8768874900176872,0.20832238524920052,400.0,0.23270691290951762,0.744622056891471,0.5006951055666885,2,0.27626349131862976,2,0.5317422545005017,-0.0395702704975449,10.0,1.0937443336355395,"[ 1.00000000e+00  3.26927297e-01  5.31742255e-01  4.88276288e-01
  4.82475469e-01  4.11967859e-01  4.89223519e-01  3.84257127e-01
  4.64564630e-01  4.34696747e-01  3.77787221e-01  3.69320868e-01
  4.43524685e-01  3.16268253e-01  4.24505911e-01  2.96283705e-01
  3.63958897e-01  3.34245538e-01  3.25470138e-01  3.00431121e-01
  3.17808854e-01  2.90838291e-01  2.80285869e-01  2.83331531e-01
  2.87033918e-01  2.42756702e-01  3.26772773e-01  2.05001932e-01
  2.84189137e-01  2.25270803e-01  2.99474619e-01  2.20275052e-01
  2.39661593e-01  2.36835355e-01  2.33700070e-01  2.20095805e-01
  1.97799583e-01  2.19851657e-01  1.91915321e-01  2.29728811e-01
  2.55643977e-01  1.69683999e-01  2.17000695e-01  2.11122615e-01
  1.75382832e-01  1.55829406e-01  2.26170131e-01  1.48979371e-01
  2.28900564e-01  1.50280460e-01  1.70555513e-01  1.69506297e-01
  1.76028741e-01  1.37391640e-01  2.16424322e-01  1.16866260e-01
  1.86395735e-01  1.85346519e-01  1.44468825e-01  1.19429808e-01
  1.63462876e-01  7.35625435e-02  1.43092019e-01  1.09129259e-01
  1.30524608e-01  1.11202967e-01  1.48707409e-01  8.10971181e-02
  1.10064127e-01  9.92026578e-02  1.26547168e-01  9.07301244e-02
  1.35226764e-01  9.19925829e-02  1.46958201e-01  9.10144480e-02
  1.39374179e-01  1.06608978e-01  1.19157846e-01  9.80591826e-02
  1.01027582e-01  1.01098663e-01  9.05462412e-02  1.21599320e-01
  8.58595380e-02  9.38885884e-02  1.07325968e-01  9.88596152e-02
  1.00707718e-01  1.40684540e-01  8.84493549e-02  1.17416364e-01
  1.17487445e-01  1.17635788e-01  7.04612532e-02  1.38870432e-01
  1.12131654e-01  1.33449741e-01  7.37974195e-02  1.09679363e-01
  8.07772541e-02  7.51309588e-02  6.82871050e-02  1.06100595e-01
  6.10121301e-02  1.07517577e-01  5.64026887e-02  4.01328904e-02
  7.40060264e-02  4.32496330e-02  3.48605424e-02  3.87947153e-02
  6.42076798e-02  5.85613845e-02  3.93170053e-02  7.13358572e-02
  7.82446110e-02  3.49331685e-02  6.80723171e-02  3.32983080e-02
  5.64706791e-02  6.02503284e-02  6.04759329e-02  6.41010585e-02
  9.61971722e-02  2.56895619e-02  5.46565711e-02  9.91532102e-02
  3.93463648e-02  6.24414742e-02  7.02387391e-02  4.72857915e-02
  5.77485900e-02  2.98122537e-02  1.94143552e-02  5.12786835e-02
  3.97604883e-02 -3.62821602e-03  3.13652167e-02 -5.26307657e-03
 -1.67812717e-02  1.12199645e-02  6.67542301e-04 -9.96214170e-03
  1.71505833e-02  1.99644596e-02  1.53132968e-03 -2.54392336e-02
  2.86378738e-02 -1.90002318e-02  3.20636638e-03 -3.34991888e-02
 -7.42949857e-03  1.75971568e-02 -3.15861856e-02  2.20968863e-03
 -3.53071158e-02 -1.02031986e-02 -1.69697906e-02 -2.83334621e-02
 -2.46310747e-02 -2.66460635e-02 -2.68067681e-02 -5.58634011e-02
 -2.99482346e-02 -6.88171212e-02  2.56663834e-03 -6.88294831e-02
 -2.32898092e-02 -2.33732520e-02 -8.81557599e-03 -2.73259677e-02
 -5.22290041e-04 -7.41590049e-02  1.17113498e-02 -4.84045430e-02
 -3.79417446e-02 -6.52213552e-02  1.95287028e-02 -7.92953720e-02
 -2.52955265e-02 -4.46944294e-02 -8.54948621e-02 -6.26315383e-02
 -2.91447114e-02 -7.66282933e-02 -8.71807154e-02 -4.67789539e-02
 -5.25797729e-02 -8.65425326e-02 -5.57985011e-02 -1.05793093e-01
 -4.21355173e-02 -1.26241211e-01 -7.20095805e-02 -1.20072626e-01
 -8.44997296e-02 -1.26845399e-01 -8.62891138e-02 -1.08430812e-01
 -9.49161709e-02 -9.00934868e-02 -1.26721780e-01 -1.34454145e-01
 -6.47701460e-02 -1.81789384e-01 -9.65757552e-02 -1.47613382e-01
 -1.42867960e-01 -1.14943985e-01 -1.50451982e-01 -1.35160318e-01
 -1.19868655e-01 -1.50779572e-01 -1.44179866e-01 -1.49903423e-01
 -1.37509078e-01 -1.58105540e-01 -1.11097891e-01 -1.69282238e-01
 -1.02727343e-01 -1.66551804e-01 -1.63969713e-01 -1.41994901e-01
 -1.29677818e-01 -1.62674805e-01 -1.45528857e-01 -1.45612300e-01
 -1.41987175e-01 -1.78924515e-01 -1.51077803e-01 -1.82877231e-01
 -1.27911612e-01 -2.04059337e-01 -1.64391563e-01 -1.77995828e-01
 -1.77268021e-01 -1.84189137e-01 -1.73649077e-01 -1.94091014e-01
 -1.65201267e-01 -1.92403616e-01 -1.51615545e-01 -2.10533879e-01
 -1.25552036e-01 -1.97836668e-01 -1.51485745e-01 -1.63969713e-01
 -1.48600788e-01 -1.65990883e-01 -1.37023874e-01 -1.59242834e-01
 -1.52797651e-01 -1.50872286e-01 -1.45972340e-01 -1.52816194e-01
 -1.66420459e-01 -1.29650004e-01 -1.37382369e-01 -1.69181797e-01
 -1.47940972e-01]",0.21653333333333333,0.0015333333333333334,0.0,0.8149285714285714,0.37514285714285717,0.0,0.23346153846153847,0.002,0.0,0.8109166666666666,0.3775,0.0,0.25436363636363635,0.0041818181818181815,0.0,0.7753,0.307,0.0,0.2743333333333333,0.005888888888888889,0.0,0.76175,0.31225,0.0,0.28585714285714287,0.004428571428571428,0.0,0.7435,0.2665,0.0,0.7358928571428571,0.25857142857142856,0.0,0.324072049062049,0.06553571428571428,0.06553571428571428,2.337769875355522e-05,2.337769875355522e-05,4.675539750711044e-05
3.875,0.12,707,0.6075624999999999,0.040819677776165755,0.735,0.07158910531638178,0.2713730054038546,3.9603960396039604,0.07778721987827633,0.8516657253126501,0.14222856614875448,400.0,0.11810344125885226,0.7783899624067029,0.3808210751039781,4,0.3573306154599949,4,0.5807804878048779,-0.03403314917127069,22.0,1.152037617554859,"[ 1.00000000e+00  2.68304878e-01  2.31121951e-01  2.83329268e-01
  5.80780488e-01  2.69085366e-01  2.15560976e-01  2.30451220e-01
  5.57536585e-01  1.91817073e-01  9.56097561e-02  2.11719512e-01
  4.81853659e-01  1.82353659e-01  1.49926829e-01  1.67987805e-01
  3.88975610e-01  1.44719512e-01  6.36341463e-02  1.72304878e-01
  3.57439024e-01  1.36841463e-01  2.35609756e-02  1.58695122e-01
  2.87365854e-01  9.15243902e-02 -2.95609756e-02  1.28378049e-01
  2.74487805e-01  6.45000000e-02 -7.23170732e-02  9.42804878e-02
  2.59658537e-01  6.86951220e-02 -8.59268293e-02  1.05426829e-01
  2.55317073e-01  6.04512195e-02 -6.89268293e-02  1.26085366e-01
  2.17439024e-01  1.06597561e-01 -8.54634146e-02  1.45280488e-01
  2.00048780e-01  6.35975610e-02 -5.93170732e-02  1.13378049e-01
  2.30341463e-01  6.63292683e-02 -5.70731707e-02  1.24158537e-01
  2.07463415e-01  6.08902439e-02 -4.86097561e-02  1.16280488e-01
  1.91292683e-01  1.31341463e-02 -8.95365854e-02  8.92560976e-02
  2.06219512e-01 -1.47439024e-02 -8.49756098e-02  1.69878049e-02
  1.70170732e-01 -5.68902439e-02 -8.79756098e-02  3.14268293e-02
  1.43146341e-01 -4.28170732e-02 -1.22317073e-01  1.13536585e-02
  1.36487805e-01 -6.81341463e-02 -8.17804878e-02 -9.45121951e-03
  9.28780488e-02 -9.50365854e-02 -1.02951220e-01 -2.20853659e-02
  9.48780488e-02 -8.53536585e-02 -9.21707317e-02 -1.58170732e-02
  7.27317073e-02 -1.15182927e-01 -7.27317073e-02  2.36219512e-02
  9.50975610e-02 -1.20012195e-01 -1.14390244e-01  2.50121951e-02
  8.75853659e-02 -1.02768293e-01 -7.09268293e-02  3.67682927e-02
  7.12926829e-02 -1.30524390e-01 -7.69756098e-02  6.36463415e-02
  8.39024390e-02 -6.26707317e-02 -8.07073171e-02  6.47926829e-02
  1.27317073e-02 -3.85975610e-02 -8.10243902e-02  5.95975610e-02
 -2.68292683e-04 -8.78170732e-02 -9.40243902e-02  2.70853659e-02
 -1.41219512e-02 -8.21585366e-02 -9.25121951e-02  3.34756098e-02
 -2.91951220e-02 -7.28414634e-02 -9.66097561e-02  7.69390244e-02
 -8.53658537e-03 -7.41341463e-02 -7.68048780e-02  6.01585366e-02
 -1.88536585e-02 -1.03597561e-01 -8.59024390e-02  3.39878049e-02
 -3.35609756e-02 -1.02451220e-01 -1.15975610e-01  3.31829268e-02
 -2.33902439e-02 -1.20329268e-01 -9.39756098e-02  3.53048780e-02
 -7.00487805e-02 -1.00646341e-01 -8.61219512e-02  1.63292683e-02
 -4.63414634e-02 -8.30365854e-02 -3.47317073e-02  3.11341463e-02
 -5.27560976e-02 -1.07378049e-01 -3.43170732e-02  1.52073171e-02
 -4.67317073e-02 -9.55000000e-02 -5.37804878e-02 -4.98780488e-03
 -4.25365854e-02 -1.03987805e-01 -3.70243902e-02  3.72560976e-02
 -4.05365854e-02 -1.15402439e-01 -3.67317073e-02  1.92560976e-02
 -2.40243902e-02 -9.73048780e-02 -4.21707317e-02  2.89390244e-02
 -4.14146341e-02 -8.87195122e-02 -6.40731707e-02  2.69146341e-02
 -6.91707317e-02 -8.84268293e-02 -2.51219512e-02  1.55000000e-02
 -5.74146341e-02 -9.25243902e-02 -1.17073171e-03  2.31097561e-02
 -6.96829268e-02 -1.00280488e-01 -1.20975610e-02 -1.86707317e-02
 -8.86585366e-02 -1.03890244e-01 -2.68048780e-02  7.68292683e-04
 -9.00731707e-02 -1.47987805e-01  1.17073171e-03 -5.03658537e-03
 -7.58780488e-02 -1.15865854e-01 -2.24390244e-02 -3.76829268e-03
 -4.72926829e-02 -7.55731707e-02  3.21951220e-03  2.31097561e-02
 -7.00487805e-02 -9.33292683e-02  6.19512195e-03  1.47439024e-02
 -5.24390244e-02 -5.86463415e-02 -1.31707317e-03  1.86585366e-03
 -6.53170732e-02 -7.18902439e-02  4.80000000e-02  2.19146341e-02
 -6.12439024e-02 -5.96463415e-02  4.56097561e-02  1.21951220e-05
 -4.97317073e-02 -2.66707317e-02  5.98048780e-02  3.94512195e-02
 -4.40731707e-02 -3.73536585e-02  5.72926829e-02  3.07195122e-02
 -6.74390244e-02 -2.88902439e-02  4.50243902e-02  1.73536585e-02
 -4.98292683e-02 -4.62804878e-02  2.80000000e-02  2.17926829e-02
 -7.67317073e-02 -4.72073171e-02  2.26829268e-02 -1.27926829e-02
 -8.08292683e-02 -7.69146341e-02 -5.60975610e-04 -2.83536585e-02
 -9.76097561e-02 -5.94268293e-02  7.07317073e-04 -4.90365854e-02
 -7.35365854e-02 -7.16951220e-02  1.60000000e-02 -3.45975610e-02
 -8.99512195e-02 -7.01829268e-02  6.53658537e-03 -3.86951220e-02
 -8.67317073e-02 -7.91585366e-02  1.21951220e-04 -2.52317073e-02
 -1.08146341e-01 -7.86219512e-02  2.57804878e-02 -2.06707317e-02
 -1.09439024e-01 -6.04024390e-02  2.25365854e-02 -8.42682927e-03
 -8.17073171e-02]",0.2178,0.0002666666666666667,0.0,0.8016428571428571,0.2675,0.0,0.22584615384615384,0.0003076923076923077,0.0,0.8701666666666666,0.46216666666666667,0.0,0.2300909090909091,0.0005454545454545455,0.0,0.8081,0.301,0.0,0.237,0.00022222222222222223,0.0,0.830375,0.351,0.0,0.24385714285714286,0.0008571428571428571,0.0,0.8241666666666667,0.3505,0.0,0.8041071428571429,0.28767857142857145,0.0,0.34599349761349757,0.0,0.06928666666666666,0.0,5.271518791764811e-06,5.271518791764811e-06
3.875,0.12,1313,0.5703125,0.028748301580267293,0.8269999999999998,0.04578209256903838,0.15292264004117165,2.8985507246376807,0.056024074956198947,0.8729635124791097,0.12216414962680176,400.0,0.05494129119631581,0.8788191910757893,0.24803931953784264,3,0.208355488597424,8,0.31526479007633573,-0.01190362595419836,12.0,1.0960901259111995,"[ 1.00000000e+00  6.58051050e-02  1.57612118e-01  2.77866174e-01
  9.78458969e-02  2.10526002e-01  2.48420802e-01  6.26753340e-02
  3.15264790e-01  1.32501193e-01  3.78220420e-02  1.72985448e-01
  5.88048664e-02  2.05895754e-01  1.60298187e-01  6.99725668e-02
  5.74141221e-02  1.04493082e-01  9.76598282e-02  1.35364981e-02
  1.11307252e-01  6.13561546e-02 -1.40601145e-02  8.21004294e-02
  2.48139313e-02 -6.39014790e-02  1.36624523e-01  2.70360210e-02
  1.28673664e-02  1.01692510e-01 -2.71588740e-02  8.39110210e-02
  1.26397901e-01 -6.96648378e-02  6.54985687e-02  6.48676050e-02
 -4.77027672e-02  2.02492844e-02 -1.47924618e-02  2.01204676e-02
  1.13299141e-01 -9.00989981e-02 -3.40744275e-02 -9.24021947e-03
 -1.01097328e-02 -5.57072996e-02 -1.94227099e-02 -9.32287691e-02
 -1.19775763e-02 -1.55904103e-02 -9.07681298e-02 -9.27707538e-02
  1.69370229e-04 -7.68571088e-02 -1.00209924e-01 -1.91972805e-02
 -9.30033397e-02 -2.80653626e-03 -6.79055344e-02 -4.49200859e-02
 -5.19918893e-02  6.77600191e-03 -7.46040076e-02  3.92092080e-02
 -9.14909351e-02 -5.35961355e-02 -8.12738550e-03 -5.09816317e-02
 -1.01049618e-02  2.32466603e-03  1.66030534e-02  9.76979962e-03
  3.43654580e-02 -3.96791508e-02  6.40553435e-02  1.24940363e-02
  4.14432252e-02  3.32383111e-02  1.17843511e-03  7.18738073e-02
  9.99522901e-03  7.77087309e-02  2.29246183e-03  5.37249523e-02
  4.39098282e-02  3.27230439e-02 -6.19561069e-02  6.70050095e-02
  3.03530534e-02  2.78733302e-02  1.66865458e-02 -5.05605916e-03
  3.60591603e-02 -1.87225668e-02  4.00453244e-02  6.44024332e-02
  4.56416985e-02  2.25274332e-02  6.74856870e-03 -3.12750477e-02
  3.87643130e-03  4.79735210e-02  4.11402672e-02  4.18809637e-02
  4.88239504e-02  2.89301050e-02 -2.40028626e-02  2.60579676e-02
  6.55629771e-02 -2.27934160e-03  4.04460878e-02  6.50417462e-02
  5.11116412e-02  5.75262405e-03  4.09041031e-02 -2.66996660e-02
  2.31226145e-02 -8.69871183e-03 -1.75572519e-03 -1.59243798e-02
 -4.62786260e-03 -3.96696088e-02 -6.12833969e-03 -5.57013359e-04
 -1.03721374e-02 -1.12416508e-02 -5.82108779e-02 -2.90231393e-02
 -7.59923664e-02 -2.02063454e-02 -5.92795802e-03 -1.09124523e-02
 -3.83802481e-02 -4.65851622e-02 -2.49713740e-02 -5.84029103e-02
 -1.86593511e-02  1.34422710e-03 -5.31989504e-02 -5.68117844e-02
  2.14575382e-02 -1.28505487e-01  9.40124046e-03 -2.40302958e-02
 -4.98878817e-02 -5.35007156e-02 -8.09685115e-02 -9.78804866e-02
  4.24379771e-03 -8.28614027e-02 -4.49666031e-02  1.86319179e-02
 -7.16937023e-02 -3.74165076e-03 -4.61187977e-02 -1.07997376e-01
 -2.89122137e-03  1.43690363e-02 -6.10472328e-02 -6.60317271e-02
 -4.57895992e-02 -2.25656011e-02 -3.05319656e-02 -8.91817748e-03
 -6.56727099e-03  2.07717080e-02  8.21326336e-03 -9.83933683e-02
 -2.47137405e-03  2.34959447e-02 -2.80653626e-02  5.02039599e-02
 -7.32108779e-03 -7.97554866e-02  5.54079198e-02 -6.61080630e-02
 -4.77146947e-02  6.69966603e-03 -2.39885496e-02 -3.95288645e-02
 -2.06583969e-02 -7.52015744e-02 -4.02910305e-03 -1.67819656e-03
 -1.44751908e-02 -3.00155057e-02 -2.60543893e-02 -6.84315363e-02
  2.33754771e-02 -2.03733302e-02 -8.38621183e-02  2.74463263e-02
  2.19847328e-02 -1.02274571e-01 -4.46397901e-02 -1.70622615e-02
 -4.61402672e-02  3.37392653e-02 -5.79580153e-02 -3.61056775e-02
 -6.91793893e-03 -2.84219943e-02 -3.63883588e-02  1.80260019e-02
 -6.90791985e-02  1.81357347e-02  9.85209924e-04 -5.76729485e-02
  2.38167939e-02 -5.49976145e-03 -3.73210878e-02 -1.73175095e-02
 -4.31750954e-02 -1.39873569e-02  3.90553435e-02 -4.64396469e-02
  6.60305344e-03 -1.51395515e-02 -2.47161260e-02 -1.25357824e-03
 -1.40505725e-02  1.83802481e-03 -1.77480916e-03 -2.64992844e-02
 -1.90362595e-03 -4.31476622e-02 -6.60782443e-04  3.30033397e-03
 -2.73878817e-02 -1.42056298e-03 -4.54079198e-02 -7.51312023e-03
  1.54723282e-02 -6.15541508e-02 -1.17604962e-03  1.31023378e-02
 -3.41054389e-02  2.49010019e-02 -3.69775763e-02 -3.59983302e-02
  4.08993321e-02 -4.45968511e-03 -5.11903626e-02 -2.22411737e-02
 -4.98091603e-03  1.96147424e-02  2.46421756e-03 -3.09673187e-02
 -4.76145038e-03 -5.63096374e-03 -1.95610687e-02 -1.44668416e-02
 -3.17032443e-03  1.54615935e-02  1.64408397e-02 -2.08134542e-03
 -5.04222328e-02 -2.85698950e-02 -5.34589695e-03 -1.65326813e-02
 -1.14384542e-02]",0.14513333333333334,0.0,0.0,0.8651428571428571,0.4377857142857143,0.0,0.1493846153846154,7.692307692307693e-05,0.0,0.9231666666666667,0.633,0.0,0.15245454545454545,0.0,0.0,0.8689,0.4522,0.0,0.155,0.0,0.0,0.905625,0.5735,0.0,0.16328571428571428,0.0,0.0,0.8488333333333333,0.4106666666666667,0.0,0.8971428571428571,0.5696428571428571,0.0,0.5014150915750916,0.0,0.10028609523809524,0.0,8.712175258906966e-06,8.712175258906966e-06
3.875,0.12,2029,0.5913125,0.036629425927114934,0.767875,0.05957545111033572,0.21917922702144285,2.0100502512562812,0.07167664329280099,0.8736336726428326,0.16605952341784885,2.0,0.16943620656308422,0.7978629352849799,0.2806421238991161,6,0.30978949222514324,6,0.4317536132352486,-0.00100479137067803,13.0,1.1236509968904336,"[ 1.00000000e+00  4.11923236e-02  3.65610343e-01  1.85769081e-01
  3.36985133e-01  6.79653072e-02  4.31753613e-01  1.39211989e-01
  3.93821819e-01  8.19098199e-02  2.82934150e-01  1.04351962e-01
  2.96197375e-01  1.00507625e-01  3.02289160e-01  4.09426439e-02
  2.33919463e-01  1.65965261e-02  2.24919965e-01  8.44489899e-02
  2.21075628e-01  4.89076760e-02  1.95470436e-01  3.03462565e-02
  1.80430903e-01 -3.43411431e-03  1.95455072e-01  3.33509097e-02
  1.48216693e-01 -5.14968127e-02  2.47136596e-01 -4.65364339e-02
  1.79396437e-01  1.31408512e-02  2.06747208e-01 -5.29660336e-02
  1.47684096e-01 -4.03323450e-02  1.37297855e-01 -3.88938525e-02
  1.69931455e-01 -2.86603405e-03  1.38413896e-01 -4.55787890e-02
  1.16330591e-01 -8.86657444e-02  1.95250582e-01 -1.03705278e-01
  1.23358999e-01 -6.46574415e-02  9.95147501e-02 -9.02626337e-02
  1.39693992e-01 -9.64974510e-02  1.41004816e-01 -1.35688320e-01
  9.60292493e-02 -1.29468867e-01  8.06155157e-02 -8.04849087e-02
  1.04316732e-01 -1.40551759e-01  7.56915224e-02 -1.56348497e-01
  6.59348187e-02 -1.01077972e-01  9.71816765e-02 -1.14356562e-01
  8.26440121e-02 -1.35937999e-01  7.57796576e-02 -1.15758669e-01
  7.43258009e-02 -8.91651038e-02  5.09834207e-02 -1.57662469e-01
  3.58162192e-02 -7.72368711e-02  4.64336279e-02 -9.52964218e-02
  5.78082421e-02 -1.22662557e-01  2.21392598e-02 -1.03742301e-01
  6.39517766e-02 -7.66468671e-02  5.23064613e-02 -8.41407588e-02
  6.48124816e-02 -1.20439278e-01  1.03604981e-01 -4.80611906e-02
  8.20235438e-02 -5.90769686e-02  2.52232436e-02 -8.72003095e-02
  3.52111151e-02 -1.02997048e-01  1.04696854e-01 -6.45787494e-02
  1.10031433e-01 -8.67897236e-02  2.39246360e-02 -4.43476696e-02
  2.77536088e-02 -1.05044057e-01  9.90002906e-02 -6.49924830e-02
  3.98095100e-02 -9.36176926e-02 -7.55653728e-03 -9.57010865e-02
  4.78416560e-02 -7.74103680e-02  3.21725856e-02 -7.78604871e-02
  1.34834978e-02 -1.34031250e-01  3.71847141e-02 -4.70637483e-02
  5.83677818e-02 -1.23234423e-01  1.28355389e-01 -9.61389890e-02
  2.64001039e-02 -6.18721137e-02  6.93440267e-02 -9.41468781e-02
  7.53081430e-02 -4.99438809e-02  6.90733257e-02 -7.55490731e-02
  9.26468737e-02  6.63746803e-03  6.51530700e-02 -1.10536768e-01
  1.10487473e-01 -7.51384872e-02  8.37508750e-02 -6.20029298e-02
  8.10379439e-02 -9.62475402e-03  2.53690497e-02 -4.88156226e-02
  6.13968682e-02 -8.91378973e-02  6.97514649e-02 -6.89585672e-02
  7.16646636e-03 -6.51660129e-03  3.37600319e-02 -9.55157472e-02
  1.32679935e-01 -9.19421112e-02  2.82065014e-02 -4.35876906e-02
  5.94533592e-02 -1.00387991e-01  9.08278854e-02 -4.72526095e-02
  4.29599694e-02 -7.63796880e-02  5.89878759e-02 -3.85909263e-02
  4.16855308e-02 -6.82198736e-02  6.47572100e-02 -4.92996179e-02
  6.78289772e-02 -6.55982254e-02  7.63112423e-02 -1.59847304e-02
  3.83794480e-02 -2.34730422e-03  8.19529080e-02 -3.80162865e-02
  3.21963804e-02 -2.02274368e-02  3.06148553e-02  9.88801502e-03
  5.95989012e-02 -1.62963183e-03  7.09735154e-02  3.83261575e-03
  5.99577374e-02 -1.12069174e-02  1.27682533e-01 -5.03977861e-02
  8.44679090e-02 -2.01546658e-02  8.23845151e-02 -4.62862809e-03
  1.07217137e-01  2.30963434e-02  4.17397898e-02 -7.16214104e-03
  8.41818438e-02 -3.27673332e-02  8.03375068e-02  3.89002250e-03
  5.18399655e-02 -6.57387487e-02  5.68003443e-02 -4.14079951e-02
  7.40873252e-02 -2.47505514e-02  8.65933454e-02 -3.73996042e-02
  1.40722251e-02 -5.72200981e-02  5.12314496e-02 -6.28253783e-02
  2.62557946e-02 -3.25822581e-02  2.35428636e-02 -6.64902972e-02
  2.78737052e-02 -6.03985124e-02  2.91845292e-02 -6.02190943e-02
  5.81685751e-02 -6.11710822e-02  2.72805535e-02 -1.69680851e-02
  9.85053995e-03 -9.40178560e-04  2.17270230e-02  3.70645518e-04
  2.83206766e-02 -1.84041673e-03  6.23737074e-03 -1.38599324e-02
  3.23290674e-02 -2.83975968e-02  2.48351757e-02 -3.58914885e-02
  3.20583665e-02 -3.88742510e-03  6.68476036e-04  3.39013366e-02
  6.13072362e-03 -1.63570598e-02  1.81348750e-02 -6.53563819e-02
  1.07686517e-02 -2.00219788e-02 -1.25737285e-02 -8.64736453e-03
  2.69697250e-03 -8.43161707e-02  1.24311581e-03 -5.00492954e-02
 -3.86029557e-03 -6.68497717e-02 -1.53779424e-02 -3.61047827e-02
 -3.50145938e-03 -8.69927163e-02  4.48529612e-02 -6.27896311e-02
 -1.43378193e-02]",0.18866666666666668,6.666666666666667e-05,0.0,0.8247857142857142,0.325,0.0,0.19884615384615384,0.00015384615384615385,0.0,0.8935833333333333,0.541,0.0,0.20445454545454544,0.0,0.0,0.814,0.2977,0.0,0.21155555555555555,0.0,0.0,0.878125,0.501375,0.0,0.21942857142857142,0.0,0.0,0.8006666666666666,0.29783333333333334,0.0,0.8571428571428571,0.46535714285714286,0.0,0.39253756410256413,0.0,0.07851633333333334,0.0,8.395210522798417e-07,8.395210522798417e-07
3.875,0.1253,101,0.5608124999999999,0.034099521165992915,0.8576250000000002,0.04151035262437552,0.13232816518420232,2.0,0.6923607450360216,0.32641033464861224,0.005207924619095384,2.0,0.6521755072109507,0.3320999126206756,0.0065843365926120286,16,0.7969934592217582,16,0.7935614214855047,0.0021532064403800327,3.0,1.0500459136822773,"[ 1.         -0.51205853  0.29616151 -0.47958276  0.48878563 -0.47919833
  0.3000044  -0.45145601  0.77917446 -0.46447395  0.2971461  -0.48333162
  0.51098006 -0.4461224   0.29318152 -0.49455053  0.79356142 -0.5190031
  0.28196261 -0.43574704  0.55131031 -0.42030081  0.28998581 -0.47961042
  0.65253348 -0.48955433  0.28964839 -0.4286144   0.5838331  -0.39810637
  0.2867901  -0.51907777  0.64933777 -0.50055752  0.28227237 -0.4027928
  0.59151887 -0.41581074  0.28052036 -0.47094005  0.60316923 -0.4415383
  0.27292862 -0.39818105  0.53754287 -0.40087063  0.27007032 -0.4746889
  0.67977113 -0.43385252  0.27643409 -0.40137676  0.47268537 -0.42220216
  0.26994863 -0.40841536  0.63722975 -0.37120615  0.25676199 -0.42522917
  0.45608729 -0.42429159  0.25697771 -0.42138628  0.75120957 -0.39813258
  0.24323792 -0.41280994  0.42135339 -0.40879834  0.2579623  -0.37742886
  0.61743596 -0.36505665  0.24059535 -0.4165588   0.45750333 -0.38715705
  0.24333196 -0.39876039  0.61731427 -0.39782282  0.22233784 -0.3756754
  0.48805838 -0.36385633  0.24124253 -0.38689431  0.50222962 -0.37507524
  0.23002362 -0.36128844  0.50969967 -0.33133355  0.23386651 -0.41966047
  0.50210793 -0.37937724  0.2184673  -0.33601998  0.53859529 -0.34903792
  0.22759678 -0.37877708  0.44868506 -0.33123952  0.21637787 -0.33503539
  0.48517243 -0.33354467  0.22132704 -0.38559996  0.50044995 -0.32300059
  0.20955499 -0.32734961  0.42394209 -0.35124904  0.22231164 -0.33328193
  0.47967156 -0.27849003  0.2038384  -0.35175516  0.4031637  -0.3647731
  0.21493562 -0.3401048   0.54901912 -0.29926842  0.20064269 -0.34351624
  0.35699517 -0.34983299  0.21899423 -0.3142832   0.48053446 -0.27344683
  0.19437295 -0.33945763  0.38281676 -0.33126572  0.20547017 -0.31385175
  0.46227695 -0.30258583  0.18699694 -0.31000886  0.40193718 -0.30851814
  0.20952879 -0.31286716  0.38346394 -0.29071974  0.18435436 -0.28726129
  0.42105759 -0.2821434   0.1929307  -0.33001839  0.38082137 -0.29391546
  0.17335118 -0.27594834  0.45050635 -0.28478597  0.19028813 -0.3030905
  0.33520598 -0.25610608  0.16456057 -0.25627479  0.40126379 -0.27236675
  0.17424319 -0.30155277  0.36994133 -0.25038804  0.15521681 -0.26199138
  0.36234959 -0.27863648  0.17104748 -0.2679237   0.35641727 -0.21675897
  0.14587306 -0.26463395  0.33794403 -0.28490622  0.17147893 -0.26386508
  0.38949319 -0.21632752  0.13849704 -0.2642025   0.30210385 -0.26689209
  0.17135724 -0.24585096  0.36398136 -0.20138741  0.13222731 -0.25651672
  0.30978962 -0.25195198  0.16146034 -0.24179234  0.33121519 -0.2123906
  0.12847845 -0.23487543  0.31022108 -0.23338471  0.16496581 -0.23410656
  0.28086635 -0.20107765  0.12528274 -0.21212785  0.31846    -0.21063713
  0.14474057 -0.24400346  0.26734229 -0.20372022  0.11845986 -0.2075161
  0.33758041 -0.21272656  0.14265114 -0.22740393  0.2259072  -0.17679234
  0.10966925 -0.1914697   0.31010084 -0.19668017  0.1266062  -0.21135753
  0.24195359 -0.16800028  0.09614519 -0.19048511  0.28151498 -0.19624872
  0.11923018 -0.19279026  0.23568386 -0.14887986  0.08680143 -0.18224619
  0.26073659 -0.20251845  0.12021477 -0.17729701  0.24029561 -0.13701378
  0.08360572 -0.18488876  0.24721252]",0.12153333333333333,0.0,0.0,0.8788571428571429,0.5730714285714286,0.0,0.12138461538461538,0.0,0.0,0.9785,0.8915833333333333,0.0,0.12136363636363637,0.0,0.0,0.8786,0.5795,0.0,0.12166666666666667,0.0,0.0,0.977875,0.8845,0.0,0.12157142857142857,0.0,0.0,0.878,0.5655,0.0,0.9601785714285714,0.7819642857142857,0.0,0.6988309523809524,0.0,0.1397661904761905,0.0,9.650674663089625e-07,9.650674663089625e-07
3.875,0.1253,707,0.539,0.030014579790495134,0.9033749999999999,0.05310234811192437,0.08169313277788799,2.0,0.3996891306761407,0.5485938371199601,0.07824510191144331,2.0,0.27326916452983274,0.522167216619712,0.3196714693392911,14,0.6263521576245313,14,0.7489540424777388,-0.05008041496451377,8.0,1.0373187885747093,"[ 1.00000000e+00  1.53166866e-01  5.07784381e-01  1.95109090e-01
  2.55092009e-01  1.77656729e-01  6.05266580e-01  1.57688728e-01
  6.69522638e-01  1.52786860e-01  2.85762117e-01  1.70498044e-01
  3.96563049e-01  1.55112497e-01  7.48954042e-01  1.30262826e-01
  4.67148960e-01  1.23294144e-01  1.63329261e-01  1.23423556e-01
  5.44533748e-01  1.12321246e-01  6.68483607e-01  1.36232871e-01
  3.04820497e-01  1.04883541e-01  3.04351475e-01  1.04863344e-01
  6.65458550e-01  8.22300951e-02  4.61078650e-01  1.06291329e-01
  1.08497653e-01  1.04204318e-01  4.25425886e-01  7.96538641e-02
  6.62413296e-01  6.13038521e-02  2.91801702e-01  6.30512520e-02
  2.09175435e-01  3.62843753e-02  5.63633243e-01  3.80317752e-02
  4.58992359e-01  4.86448654e-02  9.51796411e-02  6.85724715e-02
  2.98621496e-01  3.24910789e-02  6.06384821e-01  8.42531487e-04
  2.80251287e-01  9.68802467e-03  9.84844379e-02  2.99148478e-02
  4.39942927e-01 -3.35168808e-03  4.50855234e-01  5.04497953e-03
  1.02707083e-01 -1.04901757e-02  2.11291593e-01 -5.92791917e-03
  5.30436247e-01 -1.71798378e-02  2.71094608e-01  2.74776834e-03
  1.61858138e-02  7.45963340e-03  3.46562190e-01 -2.80233251e-02
  4.35049288e-01 -2.39098941e-02  9.59164353e-02 -2.85125450e-02
  1.51157194e-01 -4.61145142e-02  4.83600385e-01 -5.08667736e-02
  2.95034659e-01 -2.88723535e-02 -8.78504026e-03 -2.63769110e-02
  2.59381895e-01 -6.40762920e-02  4.52190463e-01 -6.88285514e-02
  1.08325548e-01 -5.12669764e-02  4.63951272e-02 -5.76372243e-02
  3.50174432e-01 -7.55384106e-02  2.63564146e-01 -9.13727829e-02
 -4.46883987e-02 -7.33623823e-02  1.59351890e-01 -1.02046465e-01
  4.03287786e-01 -1.11081961e-01  9.74012722e-02 -1.15834220e-01
 -2.46717755e-02 -1.06539901e-01  2.67875808e-01 -1.22224665e-01
  2.43325354e-01 -1.11312358e-01 -4.68965928e-02 -1.15316574e-01
  7.98681229e-02 -1.32768935e-01  3.50401089e-01 -1.48453699e-01
  9.99251403e-02 -1.26160062e-01 -1.06222357e-01 -1.19381383e-01
  1.82041990e-01 -1.45849042e-01  2.44231234e-01 -1.55034147e-01
 -4.62899302e-02 -1.50322282e-01 -8.63094348e-03 -1.68073860e-01
  2.59535992e-01 -1.83908232e-01  8.41191937e-02 -1.66645874e-01
 -1.59707488e-01 -1.39470566e-01  9.76765519e-02 -1.65788617e-01
  2.37590195e-01 -1.76890927e-01 -3.91836084e-02 -1.63313372e-01
 -5.88523918e-02 -1.67167980e-01  1.94098803e-01 -1.76053867e-01
  1.00988857e-01 -1.67208374e-01 -1.44755030e-01 -1.44465911e-01
  4.61363322e-02 -1.66351117e-01  2.32594849e-01 -1.88535540e-01
 -1.53654604e-02 -1.66092295e-01 -9.93104986e-02 -1.61081212e-01
  1.44775005e-01 -1.69817491e-01  1.11658078e-01 -1.60971998e-01
 -1.16354428e-01 -1.47095226e-01  5.97744236e-03 -1.62181555e-01
  2.23465875e-01 -1.86582401e-01  6.53548216e-03 -1.59706310e-01
 -1.32820121e-01 -1.43613115e-01  9.35340027e-02 -1.63281898e-01
  1.31492207e-01 -1.63302096e-01 -9.20874545e-02 -1.51641746e-01
 -3.16658078e-02 -1.62145622e-01  1.70307667e-01 -1.82113622e-01
  2.43027966e-02 -1.61886799e-01 -1.50515568e-01 -1.34711491e-01
  5.14579074e-02 -1.58813120e-01  1.40393831e-01 -1.63266162e-01
 -7.43201401e-02 -1.54121452e-01 -6.96082750e-02 -1.57976060e-01
  1.19066664e-01 -1.71294793e-01  2.81731414e-02 -1.58016454e-01
 -1.51078068e-01 -1.35273991e-01  8.78337794e-03 -1.59375620e-01
  1.33182062e-01 -1.79343620e-01 -5.71512598e-02 -1.54683952e-01
 -1.05633537e-01 -1.56322138e-01  7.86085576e-02 -1.62991603e-01
  3.64763314e-02 -1.54146109e-01 -1.29476342e-01 -1.35836492e-01
 -3.16747289e-02 -1.51072430e-01  1.19321027e-01 -1.79906121e-01
 -4.44152246e-02 -1.53030030e-01 -1.32793108e-01 -1.39153257e-01
  3.37176056e-02 -1.54389195e-01  4.28623158e-02 -1.49976547e-01
 -1.14224668e-01 -1.42749043e-01 -5.82358662e-02 -1.53252919e-01
  7.94613539e-02 -1.73220919e-01 -3.55136005e-02 -1.48561251e-01
 -1.46055710e-01 -1.25818788e-01 -3.92564456e-03 -1.49920417e-01
  4.51146722e-02 -1.54373459e-01 -1.03106621e-01 -1.45079140e-01
 -8.71630345e-02 -1.48933748e-01  3.72356500e-02 -1.62252481e-01
 -3.35604612e-02 -1.46608112e-01 -1.50751838e-01 -1.23865649e-01
 -3.74352666e-02 -1.47967277e-01  3.59856985e-02 -1.65718855e-01
 -9.22877914e-02 -1.45492032e-01 -1.14172997e-01 -1.44913795e-01
  5.79284206e-03 -1.53799682e-01 -3.41229616e-02 -1.44954189e-01
 -1.38015803e-01]",0.08333333333333333,6.666666666666667e-05,0.0,0.9217142857142857,0.7025714285714286,0.0,0.08623076923076924,7.692307692307693e-05,0.0,0.9666666666666667,0.886,0.0,0.09154545454545454,0.0,0.0,0.9117,0.6791,0.0,0.09677777777777778,0.0,0.0,0.95,0.83075,0.0,0.105,0.0,0.0,0.8975,0.6386666666666667,0.0,0.9176785714285715,0.6864285714285714,0.0,0.7473889010989012,0.0,0.14948352380952384,0.0,9.072846773648999e-07,9.072846773648999e-07
3.875,0.1253,1313,0.5978749999999999,0.032333950810255155,0.772,0.0405092582010582,0.2246569039221627,2.0,0.3933969626027973,0.5671658334614628,0.030645338405627234,2.0,0.2994818652849741,0.597156486482426,0.019749964470197813,8,0.6137215106634185,8,0.6147592931139549,-0.0002759064173913679,3.0,1.1346683814073122,"[ 1.00000000e+00 -1.41657526e-01  4.97135893e-02 -2.59524680e-01
 -1.31224863e-01 -2.46678854e-01  2.30341255e-01 -1.32218160e-01
  6.14759293e-01 -1.22723949e-01 -1.18433882e-01 -2.25813528e-01
  5.31566118e-02 -2.01084704e-01  3.17830591e-01 -1.49238269e-01
  3.94204753e-01 -1.49494211e-01 -1.82833638e-01 -1.66660573e-01
  2.24893358e-01 -1.37666057e-01  2.78415600e-01 -1.75551493e-01
  1.77458867e-01 -2.00792200e-01 -1.08446069e-01 -1.07507617e-01
  4.44009750e-01 -1.18732480e-01  1.73796466e-01 -2.03997562e-01
  8.09262645e-03 -2.14003656e-01  5.35405241e-02 -1.18586228e-01
  5.31956124e-01 -8.41072517e-02 -2.26873857e-02 -2.08372943e-01
  5.70383912e-02 -2.01011578e-01  2.01968312e-01 -1.22504570e-01
  3.39280926e-01 -9.01584400e-02 -1.21822060e-01 -1.81822060e-01
  2.64271785e-01 -1.84210847e-01  3.00426569e-01 -1.49731871e-01
  1.25429616e-01 -1.32620353e-01 -1.22388787e-01 -1.23583181e-01
  3.86039001e-01 -1.34351005e-01  1.77221207e-01 -1.83662401e-01
 -5.15539305e-02 -1.74625229e-01 -9.91468617e-03 -9.27666057e-02
  5.74686167e-01 -9.80499695e-02  6.11761121e-02 -1.96873857e-01
 -1.59981718e-01 -1.76410725e-01  1.29219988e-01 -1.00036563e-01
  5.65283364e-01 -7.36319317e-02 -1.20530165e-01 -1.97897623e-01
 -5.39061548e-02 -1.71035954e-01  2.75514930e-01 -1.17513711e-01
  3.89518586e-01 -9.87263863e-02 -1.81578306e-01 -1.57787934e-01
  1.11889092e-01 -1.44028032e-01  2.91096892e-01 -1.09549055e-01
  1.93491773e-01 -1.31438147e-01 -1.38117002e-01 -1.46928702e-01
  2.92461913e-01 -7.93906155e-02  2.35990250e-01 -1.60847044e-01
  5.45947593e-02 -1.75118830e-01 -4.46861670e-02 -1.08494820e-01
  4.37538087e-01 -6.38086533e-02  7.80499695e-02 -1.76191347e-01
 -3.26569165e-02 -1.67154174e-01  9.10968921e-02 -1.06014625e-01
  3.60036563e-01 -4.82266910e-02 -6.46556977e-02 -1.62742230e-01
  5.74223035e-02 -1.51115174e-01  2.13778184e-01 -1.20444851e-01
  2.15655088e-01 -4.78793419e-02 -1.25246801e-01 -1.43351615e-01
  2.06307130e-01 -1.31724558e-01  1.76039001e-01 -1.04862888e-01
  6.53321146e-02 -1.18677636e-01 -3.01401584e-02 -1.20609385e-01
  3.64485070e-01 -7.97318708e-02  1.13772090e-01 -1.45953687e-01
 -7.47836685e-02 -1.21681901e-01  5.61304083e-02 -8.55271176e-02
  4.35521024e-01 -4.89152956e-02 -2.13162706e-02 -1.74856795e-01
 -6.56002438e-02 -1.31541743e-01  2.00749543e-01 -7.80195003e-02
  3.78281536e-01 -6.21267520e-02 -1.43302864e-01 -1.49981718e-01
  9.24436319e-03 -1.20987203e-01  2.64625229e-01 -9.41255332e-02
  2.03887873e-01 -6.93967093e-02 -1.48439976e-01 -1.36532602e-01
  1.50511883e-01 -9.77879342e-02  2.09975625e-01 -8.78366849e-02
  7.09323583e-02 -1.15210238e-01 -6.47592931e-02 -1.15466179e-01
  2.89646557e-01 -6.31627057e-02  1.30341255e-01 -1.27708714e-01
 -2.82023157e-02 -1.11511274e-01  1.72455820e-02 -6.94149909e-02
  2.97611213e-01 -4.37720902e-02  3.88238879e-02 -1.46861670e-01
  1.78488726e-02 -1.20457038e-01  1.33985375e-01 -8.59780622e-02
  2.17976843e-01 -3.79402803e-02 -5.65021328e-02 -1.12693480e-01
  9.39122486e-02 -1.29859842e-01  1.74095064e-01 -9.15722121e-02
  1.12900670e-01 -5.37416210e-02 -2.06581353e-02 -1.13260207e-01
  2.21163924e-01 -1.08793419e-01  1.11371115e-01 -1.02650823e-01
 -1.62461913e-02 -7.83790372e-02  3.08775137e-02 -8.41194394e-02
  2.86715417e-01 -8.13284583e-02  2.07678245e-02 -1.28964046e-01
 -6.16026813e-02 -7.80316880e-02  1.19280926e-01 -6.04631322e-02
  2.45624619e-01 -5.59963437e-02 -5.71907374e-02 -1.30749543e-01
 -1.55514930e-02 -9.29189519e-02  1.93668495e-01 -8.51005484e-02
  1.90060938e-01 -3.75198050e-02 -1.05137112e-01 -1.04655698e-01
  5.45703839e-02 -1.06130408e-01  1.95691651e-01 -8.30773918e-02
  1.02352224e-01 -6.42900670e-02 -4.43083486e-02 -1.02632541e-01
  1.53942718e-01 -8.07982937e-02  1.41042048e-01 -8.05971968e-02
  1.89092017e-02 -6.05911030e-02 -6.33150518e-03 -1.06093845e-01
  2.03802559e-01 -4.99817185e-02  7.83180987e-02 -1.03558806e-01
 -2.43753809e-04 -8.14198659e-02  6.25716027e-02 -6.76599634e-02
  1.44887264e-01 -3.65326021e-02 -1.77330896e-03 -8.84338818e-02
  1.53382084e-02 -9.03656307e-02  9.93296770e-02 -7.87385740e-02
  9.19134674e-02 -1.54661792e-02  1.21328458e-02 -8.04692261e-02
  7.70810481e-02 -8.36197441e-02  8.70322974e-02 -6.81840341e-02
  4.48811700e-02]",0.196,0.0,0.0,0.8036428571428571,0.3563571428571429,0.0,0.19723076923076924,0.0,0.0,0.9656666666666667,0.8161666666666667,0.0,0.1968181818181818,0.0,0.0,0.8042,0.3604,0.0,0.19555555555555557,0.0,0.0,0.9665,0.818375,0.0,0.196,0.0,0.0,0.8053333333333333,0.3511666666666667,0.0,0.9439285714285715,0.69375,0.0,0.5404930952380953,0.0,0.10809861904761905,0.0,1.2656152721039328e-06,1.2656152721039328e-06
3.875,0.1253,2029,0.5909375,0.033082224740032216,0.7829999999999999,0.043857724519176786,0.21712619595746532,2.7777777777777777,0.3450333760042066,0.6917432251417123,0.08016215381819285,2.7777777777777777,0.2875392722519469,0.6933504919854176,0.04405913765103245,22,0.43240340858392073,28,0.4644632180920198,-0.0005218962325525848,7.0,1.0964467005076142,"[ 1.00000000e+00 -3.62930855e-01 -1.53106317e-03  1.46520665e-01
 -8.24096699e-02 -1.07674812e-01  3.41455680e-01 -4.01901482e-01
  4.16542761e-01 -8.31180140e-02 -1.30088381e-01  1.01340005e-01
  4.57265402e-02 -1.66957369e-01  3.34161684e-01 -3.11716922e-01
  2.13251885e-01  4.93072524e-02 -2.27257603e-01  5.72641019e-02
  2.14998700e-01 -3.66998960e-01  3.68068625e-01 -1.48943332e-01
 -5.93787367e-02  1.67695607e-01 -1.32719002e-01 -1.73125812e-01
  4.64463218e-01 -3.60126072e-01  1.90837016e-01  3.99545100e-02
 -2.44213673e-01  8.89823239e-02  9.94593189e-02 -2.92975045e-01
  4.25846114e-01 -1.77791786e-01 -7.19807642e-02  1.88691188e-01
 -1.64751755e-01 -1.56602547e-02  2.45011697e-01 -3.06637640e-01
  1.80444502e-01  2.08539121e-02 -2.26467377e-01  1.45785027e-01
  8.93943332e-03 -1.82039251e-01  2.87691708e-01 -1.40484793e-01
 -4.66311411e-02  1.61012477e-01 -2.20569275e-01  7.58448141e-02
  1.84840135e-01 -2.50874708e-01  2.08003639e-01  3.54159085e-02
 -1.91304913e-01  1.88485833e-01 -1.14073304e-01 -1.06845594e-01
  3.81276319e-01 -2.06115155e-01  1.88146608e-02  1.69010918e-01
 -2.40774630e-01  1.10877307e-01  1.11606447e-01 -2.13697687e-01
  2.72279698e-01 -4.75656356e-02 -2.11510268e-01  2.33266181e-01
 -1.06139849e-01 -4.36742917e-02  1.88858851e-01 -1.61334806e-01
  5.92409670e-02  1.28205095e-01 -2.62084741e-01  1.89190278e-01
  2.31011178e-02 -1.74376137e-01  2.17306992e-01 -3.11190538e-02
 -1.05123473e-01  1.86936574e-01 -2.37990642e-01  2.26813101e-02
  2.43257083e-01 -2.35803223e-01  1.15848713e-01  9.59773850e-02
 -2.22828178e-01  1.66710424e-01 -6.32596829e-02 -1.40513387e-01
  3.47608526e-01 -1.46658435e-01 -8.74421627e-02  2.05722641e-01
 -2.26807902e-01  7.38952430e-02  1.30966987e-01 -2.14872628e-01
  1.86623343e-01  3.67806083e-02 -2.41928776e-01  2.10451001e-01
 -1.01855992e-01 -8.48804263e-02  1.79040811e-01 -9.96685729e-02
 -1.12087341e-02  1.37882766e-01 -2.42659215e-01  1.57731999e-01
  7.61242527e-02 -1.57095139e-01  2.10803223e-01 -2.35209254e-02
 -1.62511048e-01  2.01033273e-01 -1.99004419e-01 -3.31817000e-03
  2.60603067e-01 -1.77321289e-01  4.11099558e-02  1.38212893e-01
 -2.67218612e-01  1.45064986e-01 -2.75227450e-02 -1.17773590e-01
  2.49085001e-01 -6.64712763e-02 -1.57761892e-01  2.28527424e-01
 -1.91005979e-01  3.93176501e-02  9.63244086e-02 -1.03297375e-01
  5.88562516e-02  9.74720561e-02 -2.34330647e-01  1.75808422e-01
 -8.66545360e-02 -5.34325448e-02  1.06511567e-01 -1.40876007e-02
 -7.83441643e-02  1.45480894e-01 -2.48058227e-01  1.26338705e-01
  7.07252404e-02 -1.21358201e-01  1.04676371e-01  9.24083702e-02
 -2.18793865e-01  1.73994021e-01 -1.44811541e-01 -3.14621783e-02
  1.99966207e-01 -1.10131271e-01 -7.79490512e-02  1.76224331e-01
 -2.17314791e-01  9.74902521e-02  2.56303613e-02 -1.10110476e-01
  1.06176241e-01  2.56732519e-02 -1.92404471e-01  1.88491032e-01
 -1.10818820e-01 -9.36184040e-03  5.84975305e-02 -2.20054588e-02
 -3.10241747e-02  8.88237588e-02 -2.07236808e-01  1.60661554e-01
 -2.16740317e-02 -6.31855992e-02  9.24044710e-02  1.40460099e-02
 -1.18445542e-01  1.60617364e-01 -2.00428906e-01  5.58890044e-02
  1.33496231e-01 -1.24612685e-01 -2.55523785e-03  1.18397453e-01
 -1.87410970e-01  1.37141929e-01 -5.70860411e-02 -3.68611905e-02
  1.55575773e-01 -4.84000520e-02 -1.15905901e-01  1.70760333e-01
 -1.41546660e-01  6.60319730e-02  4.07668313e-02 -6.78749675e-02
  5.41824799e-02  4.73082922e-02 -1.51273720e-01  1.44035612e-01
 -8.05406811e-02 -1.48258383e-02  7.90278139e-02 -2.20756434e-02
 -3.10943592e-02  9.85014297e-02 -1.93205095e-01  1.24849233e-01
  1.72472056e-02 -9.57486353e-02  6.74447622e-02  6.70691448e-02
 -1.66150247e-01  1.32408370e-01 -1.13808162e-01  2.55354822e-02
  8.80010398e-02 -7.58786067e-02 -2.96594749e-02  1.03185599e-01
 -1.76628542e-01  9.59357941e-02 -2.68079023e-02 -3.68663894e-02
  5.59474916e-02 -1.80569275e-02 -7.36703925e-02  1.53403951e-01
 -1.45905901e-01  7.57746296e-02  2.45152067e-02 -4.51351703e-02
 -2.07954250e-05  6.78385755e-02 -1.78377957e-01  1.39676371e-01
 -8.16506369e-02 -2.89329348e-02  3.56771510e-02  4.61541461e-02
 -1.15580972e-01  9.31024175e-02 -1.36867689e-01  9.02066545e-02
 -1.08968027e-02 -5.66974266e-02  2.31193138e-02  6.06303613e-02
 -1.34702365e-01]",0.183,0.0,0.0,0.823,0.37335714285714283,0.0,0.1833076923076923,0.0,0.0,0.959,0.7851666666666667,0.0,0.183,0.0,0.0,0.8279,0.3671,0.0,0.18222222222222223,0.0,0.0,0.941875,0.712625,0.0,0.18142857142857144,0.0,0.0,0.8368333333333333,0.36233333333333334,0.0,0.90875,0.5378571428571428,0.0,0.5201164285714286,0.0,0.10402328571428572,0.0,1.2808814982138027e-06,1.2808814982138027e-06
3.875,0.1307,101,0.6081875,0.02628264339350212,0.76,0.05196152422706634,0.25507554635153046,400.0,0.07592242869103469,0.8731654646487257,0.1356084040486918,400.0,0.4459919685483946,0.594179434074534,0.6255858988451803,6,0.2528038781038124,2,0.6729629629629637,-0.0815224063842849,21.0,1.1521697934432442,"[ 1.          0.49712963  0.67296296  0.61777778  0.65935185  0.52407407
  0.66333333  0.52851852  0.59324074  0.57416667  0.56574074  0.54851852
  0.59472222  0.58074074  0.5037963   0.56435185  0.57814815  0.50027778
  0.53074074  0.5412963   0.47083333  0.48        0.5262037   0.45527778
  0.46444444  0.43148148  0.4712037   0.41509259  0.49648148  0.41074074
  0.4412037   0.43185185  0.44796296  0.4062037   0.4287963   0.42361111
  0.41194444  0.38037037  0.42657407  0.39175926  0.39861111  0.42907407
  0.36416667  0.3737963   0.42740741  0.37222222  0.35407407  0.41416667
  0.37518519  0.39453704  0.38333333  0.37444444  0.38592593  0.37472222
  0.39638889  0.35694444  0.3712037   0.38314815  0.36175926  0.32972222
  0.38518519  0.35268519  0.32712963  0.38537037  0.32740741  0.3625
  0.35546296  0.36925926  0.32981481  0.33712963  0.31388889  0.32768519
  0.27666667  0.32333333  0.29268519  0.28611111  0.30962963  0.2937963
  0.2687037   0.28712963  0.30092593  0.22675926  0.29194444  0.28212963
  0.23342593  0.26574074  0.24759259  0.20027778  0.24185185  0.22138889
  0.20231481  0.19296296  0.20027778  0.20990741  0.17092593  0.21759259
  0.18509259  0.19425926  0.19972222  0.17138889  0.13148148  0.20361111
  0.14240741  0.1312037   0.17092593  0.1412037   0.15083333  0.15351852
  0.15157407  0.13342593  0.16157407  0.12490741  0.13222222  0.10481481
  0.1612037   0.07314815  0.15916667  0.08546296  0.115       0.06675926
  0.13657407  0.055       0.09055556  0.08351852  0.08157407  0.07222222
  0.07074074  0.06833333  0.04509259  0.07324074  0.03194444  0.05685185
  0.05027778  0.0362963   0.04592593  0.02083333  0.04898148  0.02574074
  0.03351852 -0.0012963   0.03611111 -0.01722222  0.02296296 -0.02342593
  0.00935185 -0.01851852 -0.00611111 -0.04046296  0.00805556 -0.02907407
 -0.01759259 -0.02648148 -0.02842593 -0.0512037  -0.04018519 -0.07685185
 -0.03759259 -0.07888889 -0.06277778 -0.09481481 -0.05046296 -0.11027778
 -0.06824074 -0.08685185 -0.07907407 -0.11435185 -0.08527778 -0.10435185
 -0.10166667 -0.12953704 -0.10555556 -0.12925926 -0.115      -0.13361111
 -0.1262963  -0.13796296 -0.14962963 -0.16777778 -0.14842593 -0.16888889
 -0.16851852 -0.17694444 -0.17657407 -0.17851852 -0.18555556 -0.18287037
 -0.19175926 -0.20527778 -0.1975     -0.2087037  -0.21296296 -0.21768519
 -0.22425926 -0.23638889 -0.22490741 -0.24814815 -0.23203704 -0.24601852
 -0.25537037 -0.25037037 -0.25925926 -0.25425926 -0.26314815 -0.2562963
 -0.26564815 -0.26342593 -0.26583333 -0.26824074 -0.27574074 -0.27305556
 -0.27777778 -0.27740741 -0.27703704 -0.27851852 -0.27814815 -0.27777778
 -0.27740741 -0.27518519 -0.27481481 -0.27444444 -0.27592593 -0.27555556
 -0.27518519 -0.27666667 -0.2762963  -0.27407407 -0.27185185 -0.27148148
 -0.26925926 -0.26888889 -0.26481481 -0.2662963  -0.26407407 -0.2637037
 -0.25962963 -0.26296296 -0.25888889 -0.26037037 -0.25814815 -0.25777778
 -0.25740741 -0.25703704 -0.25666667 -0.25444444 -0.25407407 -0.25185185
 -0.25148148 -0.24740741 -0.24703704 -0.24666667 -0.2462963  -0.24407407
 -0.24185185 -0.23962963 -0.23925926 -0.24074074 -0.23851852 -0.23814815
 -0.23592593 -0.23740741 -0.23518519]",0.22093333333333334,0.00013333333333333334,0.0,0.786,0.3057142857142857,0.0,0.2246153846153846,7.692307692307693e-05,0.0,0.9516666666666667,0.7945,0.0,0.23372727272727273,9.09090909090909e-05,0.0,0.7698,0.2552,0.0,0.2441111111111111,0.00011111111111111112,0.0,0.920125,0.677375,0.0,0.25357142857142856,0.00014285714285714287,0.0,0.7536666666666667,0.21066666666666667,0.0,0.9076785714285714,0.6382142857142857,0.0,0.4485801637251637,0.0,0.0897382380952381,0.0,4.03375136298686e-05,4.03375136298686e-05
3.875,0.1307,707,0.606625,0.022357535083277865,0.774375,0.03259001956120925,0.23126193459840075,2.0,0.4040807163702576,0.6304152699845014,0.04658607045303831,2.0,0.4327446278705156,0.5844964109307079,0.09048081911396695,4,0.49980963395955136,4,0.5850643618977567,-0.00697348716521148,5.0,1.1679864253393666,"[ 1.         -0.29025469  0.14666973 -0.1166633   0.58506436 -0.2667203
  0.22904928 -0.237226    0.52636263 -0.19897848  0.19675432 -0.22244483
  0.51745862 -0.20773538  0.21153549 -0.19302593  0.47626333 -0.18133229
  0.18497793 -0.20479864  0.45860611 -0.21951177  0.1968904  -0.19590199
  0.43808018 -0.19884608  0.16746414 -0.23121276  0.47941523 -0.22238783
  0.15569143 -0.20767837  0.47051122 -0.19598474  0.15267194 -0.21069787
  0.49102979 -0.22254229  0.16730599 -0.19606381  0.47035675 -0.20790824
  0.1642865  -0.21085234  0.46733726 -0.21968095  0.15839831 -0.1696644
  0.47321809 -0.24035399  0.21422398 -0.18445292  0.42010666 -0.20218187
  0.16412836 -0.19335693  0.39943362 -0.18754781  0.15522435 -0.23168352
  0.44349025 -0.20233634  0.14632034 -0.19939592  0.42583303 -0.1964555
  0.14043214 -0.21705314  0.39353807 -0.19344336  0.1493288  -0.21992552
  0.3994189  -0.24052317  0.15520964 -0.19639114  0.40831556 -0.25229588
  0.15520596 -0.18749448  0.39941155 -0.26406859  0.15821809 -0.17572913
  0.39352335 -0.25818775  0.18462118 -0.16109507  0.37285031 -0.22590015
  0.16983266 -0.19052133  0.36122471 -0.23465704  0.16696028 -0.21693178
  0.37585877 -0.23164491  0.1640879  -0.22281997  0.36997058 -0.2375331
  0.15819971 -0.18163203  0.32590658 -0.23466808  0.13164215 -0.19340474
  0.32877161 -0.26696304  0.12876977 -0.16097003  0.30537698 -0.24916605
  0.13479772 -0.14905756  0.29073556 -0.19620908  0.11125598 -0.1697306
  0.30536962 -0.24630471  0.09058293 -0.14332751  0.29646561 -0.23755517
  0.11698602 -0.13457797  0.26402354 -0.21115208  0.12573556 -0.17290456
  0.28755793 -0.18761769  0.10219382 -0.16113921  0.28453843 -0.20240622
  0.09917433 -0.15827418  0.28453476 -0.22594796  0.05812615 -0.1433459
  0.2848253  -0.24029515  0.07893895 -0.13731795  0.28195292 -0.23743012
  0.08180397 -0.13732163  0.24362633 -0.23154928  0.06716256 -0.14909434
  0.24965428 -0.23140585  0.08194373 -0.1518196   0.23802869 -0.21949338
  0.07921846 -0.10761585  0.19984921 -0.19595899  0.11150607 -0.13115759
  0.20271423 -0.19309397  0.05265723 -0.11939224  0.22624862 -0.2136199
  0.08796065 -0.13418076  0.23499816 -0.18721681  0.06140309 -0.12829993
  0.25264803 -0.20788985  0.0555149  -0.1283036   0.20858404 -0.21076223
  0.06139573 -0.12830728  0.19968003 -0.20201269  0.06426076 -0.12845807
  0.17025377 -0.19598474  0.07028871 -0.12529882  0.16451269 -0.18120357
  0.06741633 -0.12228669  0.16164031 -0.18996046  0.0440217  -0.101621
  0.14111438 -0.20460188  0.04703384 -0.11626241  0.1353733  -0.18378908
  0.01187017 -0.0866964   0.15302317 -0.17217083  0.03238875 -0.0956004
  0.15588819 -0.16040548  0.02650055 -0.11024182  0.1824384  -0.17217819
  0.01472784 -0.06618518  0.14712762 -0.20160445  0.05878448 -0.09274274
  0.11468555 -0.17520136  0.03524274 -0.07796157  0.12056638 -0.18108955
  0.05877712 -0.08686558  0.10577786 -0.15755517  0.0439886  -0.09863829
  0.10879    -0.17219658  0.02360978 -0.09849485  0.10304892 -0.18080636
  0.0207374  -0.08069787  0.09730783 -0.18669456  0.04140309 -0.06893251
  0.07663479 -0.16904469  0.03249908 -0.08372104  0.07964693 -0.17478577
  0.01800478 -0.08041467  0.06816844]",0.21333333333333335,0.0,0.0,0.7906428571428571,0.36428571428571427,0.0,0.21553846153846154,0.0,0.0,0.9770833333333333,0.8880833333333333,0.0,0.21654545454545454,0.0,0.0,0.7904,0.3485,0.0,0.21711111111111112,0.0,0.0,0.971,0.863,0.0,0.21914285714285714,0.0,0.0,0.784,0.33666666666666667,0.0,0.9707142857142858,0.8644642857142857,0.0,0.5601071428571428,0.0,0.11202142857142856,0.0,1.3342595066397385e-06,1.3342595066397385e-06
3.875,0.1307,1313,0.5568749999999999,0.01675885959723988,0.8808750000000002,0.03728919917348723,0.1274299924648222,400.0,0.2642066051081836,0.7205269395575578,0.5325837153113652,400.0,0.4183274574394768,0.5076305095829748,0.7924373223275322,2,0.5682823365785817,4,0.8251161353395292,-0.09880273602687889,15.0,1.012063765618268,"[ 1.          0.7213255   0.81677872  0.73865259  0.82511614  0.70376091
  0.75876061  0.69411898  0.73563417  0.70417568  0.66028896  0.6478661
  0.69110056  0.63716789  0.60399012  0.62197483  0.58707779  0.57359865
  0.54769128  0.5937013   0.53183524  0.57956453  0.52840742  0.5699226
  0.50977582  0.52432198  0.50290945  0.54442463  0.50675203  0.50781368
  0.49988566  0.5234215   0.50200897  0.48958611  0.49236704  0.49342869
  0.48444438  0.44505251  0.48207285  0.46515516  0.46516052  0.45273766
  0.44031481  0.42961122  0.4503715   0.42168857  0.39300564  0.39406729
  0.38785855  0.36816529  0.37821662  0.34054402  0.35059534  0.36236594
  0.3274689   0.28530146  0.31782697  0.29813372  0.27222635  0.27778284
  0.26985482  0.2619268   0.25849361  0.24607075  0.2336479   0.25718373
  0.23299564  0.22956246  0.22335371  0.21992053  0.198508    0.20406448
  0.22760032  0.19719812  0.19997904  0.20553553  0.19760751  0.18967949
  0.16998623  0.1845324   0.17382881  0.16762007  0.12373336  0.14726919
  0.12757593  0.11515308  0.08924571  0.09652147  0.08409862  0.07960915
  0.02845203  0.05648271  0.0188101   0.03229998 -0.02335197  0.00917354
 -0.0402643  -0.0212233  -0.0588959  -0.04606901 -0.06298671 -0.05465466
 -0.06707751 -0.06773514 -0.06839276 -0.06905038 -0.069708   -0.07036563
 -0.07102325 -0.07168087 -0.07233849 -0.07299612 -0.07365374 -0.07431136
 -0.07496899 -0.07562661 -0.07628423 -0.07694185 -0.07759948 -0.0782571
 -0.07891472 -0.07957234 -0.08022997 -0.08088759 -0.08154521 -0.08220284
 -0.08286046 -0.08351808 -0.0841757  -0.08483333 -0.08549095 -0.08614857
 -0.08680619 -0.08746382 -0.08812144 -0.08877906 -0.08943668 -0.09009431
 -0.09075193 -0.09140955 -0.09206718 -0.0927248  -0.09338242 -0.09404004
 -0.09469767 -0.09535529 -0.09601291 -0.09667053 -0.09732816 -0.09798578
 -0.0986434  -0.09930102 -0.09995865 -0.10061627 -0.10127389 -0.10193152
 -0.10258914 -0.10324676 -0.10390438 -0.10456201 -0.10521963 -0.10587725
 -0.10653487 -0.1071925  -0.10785012 -0.10850774 -0.10916537 -0.10982299
 -0.11048061 -0.11113823 -0.11179586 -0.11245348 -0.1131111  -0.11376872
 -0.11442635 -0.11508397 -0.11574159 -0.11639921 -0.11705684 -0.11771446
 -0.11837208 -0.11902971 -0.11968733 -0.12034495 -0.12100257 -0.1216602
 -0.12231782 -0.12297544 -0.12363306 -0.12429069 -0.12494831 -0.12560593
 -0.12626355 -0.12692118 -0.1275788  -0.12823642 -0.12889405 -0.12955167
 -0.13020929 -0.13086691 -0.13152454 -0.13218216 -0.13283978 -0.1334974
 -0.13415503 -0.13481265 -0.13547027 -0.13612789 -0.13678552 -0.13744314
 -0.13810076 -0.13875839 -0.13941601 -0.14007363 -0.14073125 -0.14138888
 -0.1420465  -0.14270412 -0.14336174 -0.14401937 -0.14467699 -0.14533461
 -0.14599224 -0.14664986 -0.14730748 -0.1479651  -0.14862273 -0.14928035
 -0.14993797 -0.15059559 -0.15125322 -0.15191084 -0.15256846 -0.15322608
 -0.15388371 -0.15454133 -0.15519895 -0.15585658 -0.1565142  -0.15717182
 -0.15782944 -0.15848707 -0.15914469 -0.15980231 -0.16045993 -0.16111756
 -0.16177518 -0.1624328  -0.16309042 -0.16374805 -0.16440567 -0.16506329
 -0.16572092 -0.16637854 -0.16703616 -0.16769378 -0.16835141 -0.16900903
 -0.16966665 -0.17032427 -0.1709819 ]",0.114,6.666666666666667e-05,0.0,0.888,0.6127142857142858,0.0,0.11615384615384615,0.0,0.0,0.98275,0.9351666666666667,0.0,0.11890909090909091,0.0,0.0,0.8792,0.5901,0.0,0.12311111111111112,0.0,0.0,0.974,0.902625,0.0,0.12971428571428573,0.0,0.0,0.8653333333333333,0.5501666666666667,0.0,0.9628571428571429,0.8608928571428571,0.0,0.7181411904761905,0.0,0.14363090476190477,0.0,4.5076477864584864e-05,4.5076477864584864e-05
3.875,0.1307,2029,0.5534999999999999,0.014040121082098955,0.8895000000000002,0.03065534211193867,0.11975347156406424,400.0,0.11509145788024794,0.8034962344592588,0.4398923696828368,400.0,0.21707992327854872,0.6188403481145518,0.7705234709320924,4,0.5542295497780584,2,0.808272146847565,-0.04986033519553104,11.0,1.0043754410726888,"[ 1.          0.74977321  0.80827215  0.73096369  0.72155893  0.73070963
  0.66670258  0.67059923  0.66644852  0.62239359  0.59303671  0.60079077
  0.55008513  0.57393389  0.47667332  0.50052208  0.46697526  0.47087191
  0.45341979  0.41601556  0.41851556  0.36115922  0.35840516  0.31960428
  0.29550146  0.29660482  0.272502    0.28025605  0.26140729  0.2677647
  0.28216946  0.25666999  0.25112264  0.23227388  0.23337723  0.23448058
  0.22753658  0.23529064  0.23499734  0.22279928  0.23055334  0.19175246
  0.21806198  0.17926111  0.16706305  0.18146781  0.12796887  0.18227787
  0.14208034  0.1498344   0.1428904   0.11739093  0.12514499  0.10629622
  0.07414605  0.08855081  0.0616547   0.06275805  0.06911546  0.04361599
  0.04471934  0.00591846 -0.01818436 -0.01847765 -0.01877095 -0.01906425
 -0.01935754 -0.01965084 -0.01994413 -0.02023743 -0.02053073 -0.02082402
 -0.02111732 -0.02141061 -0.02170391 -0.02199721 -0.0222905  -0.0225838
 -0.02287709 -0.02317039 -0.02346369 -0.02375698 -0.02405028 -0.02434358
 -0.02463687 -0.02493017 -0.02522346 -0.02551676 -0.02581006 -0.02610335
 -0.02639665 -0.02668994 -0.02698324 -0.02727654 -0.02756983 -0.02786313
 -0.02815642 -0.02844972 -0.02874302 -0.02903631 -0.02932961 -0.02962291
 -0.0299162  -0.0302095  -0.03050279 -0.03079609 -0.03108939 -0.03138268
 -0.03167598 -0.03196927 -0.03226257 -0.03255587 -0.03284916 -0.03314246
 -0.03343575 -0.03372905 -0.03402235 -0.03431564 -0.03460894 -0.03490223
 -0.03519553 -0.03548883 -0.03578212 -0.03607542 -0.03636872 -0.03666201
 -0.03695531 -0.0372486  -0.0375419  -0.0378352  -0.03812849 -0.03842179
 -0.03871508 -0.03900838 -0.03930168 -0.03959497 -0.03988827 -0.04018156
 -0.04047486 -0.04076816 -0.04106145 -0.04135475 -0.04164804 -0.04194134
 -0.04223464 -0.04252793 -0.04282123 -0.04311453 -0.04340782 -0.04370112
 -0.04399441 -0.04428771 -0.04458101 -0.0448743  -0.0451676  -0.04546089
 -0.04575419 -0.04604749 -0.04634078 -0.04663408 -0.04692737 -0.04722067
 -0.04751397 -0.04780726 -0.04810056 -0.04839385 -0.04868715 -0.04898045
 -0.04927374 -0.04956704 -0.04986034 -0.05015363 -0.05044693 -0.05074022
 -0.05103352 -0.05132682 -0.05162011 -0.05191341 -0.0522067  -0.0525
 -0.0527933  -0.05308659 -0.05337989 -0.05367318 -0.05396648 -0.05425978
 -0.05455307 -0.05484637 -0.05513966 -0.05543296 -0.05572626 -0.05601955
 -0.05631285 -0.05660615 -0.05689944 -0.05719274 -0.05748603 -0.05777933
 -0.05807263 -0.05836592 -0.05865922 -0.05895251 -0.05924581 -0.05953911
 -0.0598324  -0.0601257  -0.06041899 -0.06071229 -0.06100559 -0.06129888
 -0.06159218 -0.06188547 -0.06217877 -0.06247207 -0.06276536 -0.06305866
 -0.06335196 -0.06364525 -0.06393855 -0.06423184 -0.06452514 -0.06481844
 -0.06511173 -0.06540503 -0.06569832 -0.06599162 -0.06628492 -0.06657821
 -0.06687151 -0.0671648  -0.0674581  -0.0677514  -0.06804469 -0.06833799
 -0.06863128 -0.06892458 -0.06921788 -0.06951117 -0.06980447 -0.07009777
 -0.07039106 -0.07068436 -0.07097765 -0.07127095 -0.07156425 -0.07185754
 -0.07215084 -0.07244413 -0.07273743 -0.07303073 -0.07332402 -0.07361732
 -0.07391061 -0.07420391 -0.07449721 -0.0747905  -0.0750838  -0.07537709
 -0.07567039 -0.07596369 -0.07625698]",0.10686666666666667,0.0,0.0,0.8935,0.6223571428571428,0.0,0.10738461538461538,0.0,0.0,0.9918333333333333,0.9659166666666666,0.0,0.10872727272727273,0.0,0.0,0.8904,0.61,0.0,0.11066666666666666,0.0,0.0,0.98775,0.948875,0.0,0.11371428571428571,0.0,0.0,0.884,0.5833333333333334,0.0,0.9825,0.9269642857142857,0.0,0.7460964285714285,0.0,0.14921928571428572,0.0,6.664471090479463e-05,6.664471090479463e-05
3.875,0.136,101,0.5777499999999999,0.03520387052583848,0.79925,0.05110711789956464,0.1744178285144672,400.0,0.04438056922017033,0.882698546712799,0.08620184655358411,400.0,0.1568707310427412,0.8264503618484536,0.2975742352612679,8,0.2827716980180543,8,0.4233165035533967,-0.03045724706646637,19.0,1.075163948209181,"[ 1.00000000e+00  1.36213000e-01  1.91248235e-01  2.89354945e-01
  3.94676126e-01  1.91246620e-01  2.00781628e-01  1.76888385e-01
  4.23316504e-01  1.84065887e-01  1.09850805e-01  2.89278852e-01
  3.68206791e-01  1.43313333e-01  1.57669953e-01  1.98312137e-01
  2.89204374e-01  1.64775131e-01  1.79131751e-01  1.59952442e-01
  2.77202029e-01  1.14522924e-01  1.07343806e-01  1.64736008e-01
  2.41306980e-01  1.38449367e-01  1.04984686e-01  1.81555658e-01
  2.22197842e-01  1.28911668e-01  1.48089900e-01  1.55232048e-01
  2.22375153e-01  1.21838614e-01  1.14695389e-01  1.84051889e-01
  1.86444210e-01  1.19407707e-01  1.38621832e-01  7.64069417e-02
  1.93656529e-01  1.26655919e-01  7.40483597e-02  9.55835587e-02
  1.64904166e-01  1.16974648e-01  9.06526525e-02  6.86613146e-03
  2.26972793e-01  8.09360269e-02  1.86852432e-02  6.40772535e-02
  1.71719509e-01  8.78970951e-02  7.59681510e-02  4.24316839e-02
  1.78788256e-01  1.02180314e-01  4.95368620e-02  6.62504487e-02
  2.02571128e-01  4.22489890e-02  6.13913283e-02  4.69977387e-02
  1.85783063e-01  6.13538202e-02  6.38179273e-02  6.14604221e-02
  1.71459644e-01  9.24947357e-02  6.62445263e-02  1.37957993e-01
  2.12064320e-01  3.73850231e-02  4.93846761e-02  1.06848664e-01
  1.59455146e-01  6.61330789e-02  3.98110837e-02  1.42667620e-01
  1.92917135e-01  5.40948410e-02  7.55941471e-02  1.01950958e-01
  1.57022086e-01  7.32355651e-02  8.76280778e-02  7.80561006e-02
  1.35484195e-01  1.11483274e-01  5.88757149e-02  6.36250030e-02
  1.09052906e-01  3.00521045e-02  7.08019669e-02  8.58707616e-03
  1.23515589e-01  4.93364002e-02  5.17287215e-02 -1.04502764e-02
  1.40263454e-01  1.82629633e-02  2.07270704e-02 -3.20206504e-03
  6.85472949e-02  6.29651121e-03  8.72472542e-03  1.35099064e-02
  2.54377737e-02  5.41156589e-02  3.86506664e-03 -1.75635304e-02
  8.76858654e-02  8.75684956e-03  5.19713575e-02  3.27920485e-02
  6.86485128e-02  6.14693953e-02  1.12905889e-02 -7.85282716e-03
  1.18968199e-01 -3.17825010e-02 -1.26042689e-02  2.80738078e-02
  5.19659735e-02  4.95366825e-02 -2.69276878e-02  1.60714628e-02
  7.34995573e-02  6.53484004e-03 -5.32871910e-02  5.91048910e-02
  2.80689622e-02 -3.17889617e-02 -5.43215046e-03  1.60312627e-02
  2.08164437e-02 -7.55724917e-04 -3.42204063e-02  2.79575148e-02
  2.54923309e-02 -7.93645761e-03  6.37770094e-02  2.54548228e-02
  2.30973176e-02 -2.47604149e-02  2.55608863e-02  1.11672968e-02
  2.78808834e-02 -7.90487186e-03  3.75589242e-02  3.74866000e-02
  6.48656409e-03  1.36287119e-02  5.67355411e-02  1.84851403e-02
  1.73458400e-03 -2.21945515e-02  6.87335790e-02 -1.02672226e-02
  2.80538872e-02 -2.21967050e-02  1.36597593e-02 -3.40902946e-02
 -1.97336747e-02 -2.93415448e-02  3.29440549e-02 -7.46992774e-02
 -2.92713742e-02 -3.40576320e-02 -5.34385394e-03 -4.35942547e-02
 -4.12378263e-02 -2.44883468e-02 -2.92028188e-02 -8.18821636e-02
 -5.32042784e-02 -3.40978321e-02 -5.79910746e-02 -6.03844727e-02
 -8.90275418e-02 -6.50994831e-02 -6.02784092e-02 -8.65645115e-02
 -1.08064894e-01 -4.34223278e-02 -1.00851499e-01 -1.12744550e-01
 -9.60309636e-02 -6.01027135e-02 -9.83172214e-02 -8.63175684e-02
 -1.55675145e-01 -8.15329257e-02 -9.35336556e-02 -1.05462600e-01
 -1.27034768e-01 -1.00713850e-01 -1.12571008e-01 -9.58215286e-02
 -1.41286401e-01 -1.38894080e-01 -1.00608863e-01 -1.12466021e-01
 -1.65109473e-01 -1.19681570e-01 -7.17890216e-02 -1.34039805e-01
 -1.12540499e-01 -1.19683724e-01 -8.37554737e-02 -9.08628054e-02
 -1.33898926e-01 -1.26756778e-01 -5.25068795e-02 -1.33864648e-01
 -1.36222153e-01 -1.05079622e-01 -7.15442320e-02 -1.31330370e-01
 -8.58665741e-02 -1.19295363e-01 -8.34030054e-02 -7.37962121e-02
 -1.31261276e-01 -1.21726269e-01 -7.62983657e-02 -1.14512874e-01
 -1.26477711e-01 -9.77998253e-02 -6.42644349e-02 -6.90506927e-02
 -1.14515566e-01 -1.12159137e-01 -5.46951497e-02 -9.05167979e-02
 -1.21660405e-01 -9.77323467e-02 -6.65180302e-02 -8.56973391e-02
 -9.76621761e-02 -1.02412541e-01 -7.37346558e-02 -7.61280539e-02
 -1.26378646e-01 -8.33077098e-02 -7.60937762e-02 -8.56298605e-02
 -8.56662918e-02 -9.75234500e-02 -6.88814577e-02 -6.64891364e-02
 -9.98820320e-02 -1.02311323e-01 -4.97048408e-02 -9.98836472e-02
 -8.79198871e-02 -7.83130937e-02 -6.39923668e-02 -8.56004283e-02
 -8.31363212e-02]",0.1642,6.666666666666667e-05,0.0,0.8520714285714286,0.4742857142857143,0.0,0.18046153846153845,7.692307692307693e-05,0.0,0.9011666666666667,0.62075,0.0,0.1918181818181818,0.0003636363636363636,0.0,0.8416,0.4431,0.0,0.19755555555555557,0.00022222222222222223,0.0,0.8635,0.480875,0.0,0.1957142857142857,0.0015714285714285715,0.0,0.8443333333333334,0.4206666666666667,0.0,0.8458928571428571,0.4351785714285714,0.0,0.48747530081030077,0.0,0.09758709523809524,0.0,5.9336445070176435e-05,5.9336445070176435e-05
3.875,0.136,707,0.5911874999999999,0.025227016148367604,0.799625,0.04038699512219248,0.2034404551294202,2.0,0.24554167564074947,0.6742169060178921,0.17900601278866432,4.0,0.18500725163161683,0.6366675366458813,0.2024109688517101,8,0.5663082881677397,4,0.6360692971616327,-0.05673576700135721,7.0,1.0978204908186031,"[ 1.00000000e+00 -1.68654601e-01  2.60500953e-01 -2.68228822e-02
  6.36069297e-01 -9.96265243e-02  2.60586305e-01 -1.34026473e-01
  6.32294163e-01 -8.04111705e-02  2.29960198e-01 -1.33998597e-01
  6.09331552e-01 -9.18210622e-02  1.91728070e-01 -1.07091009e-01
  5.71156900e-01 -1.33884937e-01  1.99476919e-01 -1.10808666e-01
  5.44420017e-01 -9.93138537e-02  1.61273529e-01 -8.77328266e-02
  5.06216628e-01 -1.25993261e-01  1.88238593e-01 -9.52534941e-02
  5.25489458e-01 -9.13934391e-02  1.38539960e-01 -6.83171681e-02
  4.87257331e-01 -1.25765080e-01  1.38654051e-01 -9.88570614e-02
  4.75904915e-01 -1.21819242e-01  1.11945905e-01 -7.19207355e-02
  4.37672788e-01 -8.34451485e-02  1.15805529e-01 -7.57246075e-02
  4.26205420e-01 -7.95567865e-02  8.90399077e-02 -7.56392553e-02
  3.99468537e-01 -6.03126946e-02  5.46682664e-02 -7.17221552e-02
  3.99553889e-01 -1.10040066e-01  6.23883764e-02 -5.25068014e-02
  3.38302536e-01 -8.69929640e-02  1.26322671e-02 -6.39166930e-02
  3.07705166e-01 -1.17590333e-01  8.82839517e-03 -9.45715387e-02
  3.11564790e-01 -1.13730710e-01 -6.44198255e-03 -7.53561849e-02
  2.69472177e-01 -7.53853541e-02 -2.17410984e-02 -8.68522909e-02
  2.96322288e-01 -8.68527220e-02 -2.93767183e-02 -5.61129551e-02
  2.61864433e-01 -6.76373682e-02  1.36261747e-03 -9.82055685e-02
  2.54286289e-01 -4.84220143e-02 -2.92347520e-02 -6.74949708e-02
  2.15996686e-01 -2.53461745e-02 -4.83368777e-02 -7.51305908e-02
  2.19885048e-01 -7.13280120e-02 -7.51887136e-02 -5.98331992e-02
  1.66182238e-01 -6.36941164e-02 -8.28818097e-02 -4.45358077e-02
  1.31666906e-01 -3.30984711e-02 -1.21228889e-01 -9.43781313e-02
  1.81478767e-01 -8.66575902e-02 -1.74788009e-01 -3.29848119e-02
  1.12621395e-01 -8.66297142e-02 -1.47909159e-01 -1.01899661e-01
  1.01154027e-01 -5.21161068e-02 -2.16852746e-01 -8.27130452e-02
  8.96579207e-02 -7.12182324e-02 -1.97666130e-01 -6.35264295e-02
  6.28922991e-02 -5.58921028e-02 -2.20657480e-01 -7.49937974e-02
  2.84057055e-02 -4.82294690e-02 -2.39817082e-01 -5.58646579e-02
  5.90300888e-02 -5.59225652e-02 -2.01557941e-01 -5.58942581e-02
  1.30482513e-02 -1.76059478e-02 -2.32184048e-01 -7.89430842e-02
  2.83169047e-02 -3.68517640e-02 -2.66785595e-01 -6.37031689e-02
  2.82010901e-02 -7.91455442e-02 -2.55434903e-01 -6.00159736e-02
 -2.17561859e-02 -6.01313571e-02 -2.40194988e-01 -9.07570337e-02
 -1.41510283e-02 -4.48339656e-02 -2.70936048e-01 -7.93776044e-02
 -2.19016007e-02 -5.25845379e-02 -2.63330891e-01 -8.70994386e-02
 -6.66168539e-03 -5.26716144e-02 -2.63446705e-01 -5.65037934e-02
 -4.50087651e-02 -5.65617007e-02 -2.28961836e-01 -7.95238814e-02
 -2.20766158e-02 -5.65913010e-02 -2.36712408e-01 -6.43127042e-02
 -1.06971865e-02 -6.05388635e-02 -2.13837735e-01 -6.43997806e-02
  1.98697206e-02 -7.59816699e-02 -1.90934324e-01 -5.68233612e-02
  5.95166250e-04 -3.77512669e-02 -2.10180140e-01 -5.69391758e-02
  4.33983773e-03 -6.46893171e-02 -1.72007213e-01 -9.54012080e-02
  1.94935387e-02 -2.65451284e-02 -2.14300993e-01 -8.01900307e-02
  1.17142282e-02 -6.11179364e-02 -2.06724574e-01 -7.26136113e-02
 -7.47411175e-03 -4.58492830e-02 -1.91484659e-01 -6.50084538e-02
 -1.52534222e-02 -3.44411156e-02 -1.76216005e-01 -5.74320344e-02
 -2.68070044e-02 -1.14802282e-02 -1.99264831e-01 -5.36873629e-02
  1.14521367e-02 -3.06973063e-02 -1.95491422e-01 -4.22504574e-02
 -3.93319347e-03 -3.46161307e-02 -1.91718012e-01 -4.22800577e-02
 -3.99153184e-03 -7.88097154e-03 -1.91776350e-01 -5.00306300e-02
  7.38789742e-03 -2.32663017e-02 -1.91863427e-01 -2.70984807e-02
 -2.71274344e-02 -4.19463843e-03 -1.84287008e-01 -3.10173051e-02
 -1.19162571e-02  1.10165388e-02 -1.95926804e-01 -1.96953521e-02
  3.23744384e-03 -8.28675365e-03 -1.88407861e-01 -8.31592283e-03
 -1.60083724e-02  1.84196674e-02 -1.65504450e-01 -3.52252349e-02
 -7.97195161e-04  1.45008430e-02 -1.73255022e-01 -2.76775536e-02
  6.77922426e-03  6.75027062e-03 -1.61875593e-01 -9.71132569e-04
  1.81586535e-02  1.42979519e-02 -1.35140434e-01 -4.83248077e-03
  1.81003152e-02  2.95953435e-02 -1.35141296e-01 -4.89081913e-03
  3.33977067e-02  3.33687531e-02 -1.08434875e-01 -4.97789560e-03
  5.63011179e-02  4.09739106e-02 -1.12324961e-01  1.40937677e-02
  5.62140414e-02  3.70263481e-02 -9.70850456e-02  2.55594113e-02
  5.23239551e-02]",0.18253333333333333,0.0,0.0,0.8240714285714286,0.40014285714285713,0.0,0.182,0.0,0.0,0.966,0.8230833333333333,0.0,0.18072727272727274,0.0,0.0,0.8306,0.3922,0.0,0.1831111111111111,0.0,0.0,0.953125,0.756125,0.0,0.18828571428571428,0.0,0.0,0.8246666666666667,0.3575,0.0,0.9430357142857143,0.7055357142857143,0.0,0.545810238095238,0.0,0.1091620476190476,0.0,9.814516118124803e-07,9.814516118124803e-07
3.875,0.136,1313,0.564375,0.029094404530768433,0.844375,0.053848021087130035,0.15012188554315933,2.0100502512562812,0.05343100763891869,0.8866841674963113,0.20067349150990701,400.0,0.20110194601608314,0.6845666861901031,0.6524496920175471,8,0.3177757268112596,3,0.6598400242489564,-0.008840765189276586,13.0,1.0253491196114146,"[ 1.00000000e+00  5.86608851e-01  6.21311464e-01  6.59840024e-01
  6.40656069e-01  5.96334029e-01  5.66615250e-01  5.14856864e-01
  5.79735956e-01  5.82349118e-01  4.61858413e-01  5.04940388e-01
  5.32691634e-01  4.57465647e-01  4.85459383e-01  4.50944699e-01
  4.70074094e-01  4.76998181e-01  4.03685168e-01  4.76943621e-01
  4.36205038e-01  4.12467668e-01  4.10769904e-01  4.08829651e-01
  4.39463829e-01  3.92986326e-01  3.79783780e-01  3.88620841e-01
  3.99855853e-01  3.74205510e-01  3.65798868e-01  3.31769163e-01
  3.38450761e-01  3.55909673e-01  2.88120032e-01  3.02938502e-01
  2.98842786e-01  2.83969756e-01  2.79389061e-01  2.51583255e-01
  2.53468948e-01  2.72598343e-01  2.10062643e-01  2.33987943e-01
  2.55515290e-01  2.12378755e-01  2.20973326e-01  2.22859019e-01
  2.01034622e-01  2.43874108e-01  2.06961471e-01  1.98069850e-01
  2.34685437e-01  2.15258992e-01  1.95590058e-01  1.91009363e-01
  2.05827832e-01  1.94780749e-01  1.75596794e-01  1.77482487e-01
  2.16011047e-01  1.79583389e-01  1.46981679e-01  1.91976627e-01
  1.70152230e-01  1.74193385e-01  1.61233329e-01  1.56652634e-01
  1.75782029e-01  1.64977435e-01  1.39084602e-01  1.40970295e-01
  1.60099690e-01  1.53363532e-01  1.49267816e-01  1.44929611e-01
  1.25260676e-01  1.57807827e-01  1.23293143e-01  1.55355315e-01
  9.71305402e-02  1.42125488e-01  1.05212852e-01  1.44468881e-01
  1.24799946e-01  9.45961875e-02  1.13725583e-01  1.06989425e-01
  1.06962145e-01  9.37595985e-02  1.15044456e-01  8.26852351e-02
  1.10436481e-01  9.07675468e-02  7.34965647e-02  8.18486461e-02
  9.04432170e-02  7.31722349e-02  1.00923481e-01  5.96999192e-02
  1.00383942e-01  7.85595447e-02  9.55334770e-02  7.37090799e-02
  6.26619965e-02  7.96359289e-02  9.68523508e-02  7.95813687e-02
  5.79994611e-02  8.57507073e-02  8.11700121e-02  5.12087431e-02
  6.38717500e-02  3.82214064e-02  7.05260676e-02  5.13421124e-02
  3.83820558e-02  4.93745790e-02  6.01246127e-02  5.60288967e-02
  2.82230904e-02  2.81958103e-02  2.81685302e-02  3.50926175e-02
  2.69284656e-02  1.63663613e-02  4.48450761e-02  4.07493601e-02
  3.66536441e-02  3.23154385e-02  4.78613768e-02  5.62134582e-02
  5.42732049e-02  6.07123131e-02  5.47036239e-02  6.32981948e-02
  4.19587768e-02  5.94176883e-02  5.53219722e-02  4.26044052e-02
  2.98868382e-02  3.22575104e-02  5.21143742e-02  3.07749562e-02
  2.66792402e-02  2.23410346e-02  3.74019938e-02  1.17516503e-02
  9.56890745e-03  7.38616462e-03  1.62232251e-02 -2.47575104e-03
 -8.96941937e-03 -3.03088374e-02 -2.31510171e-03 -4.30536845e-02
 -1.29044861e-02 -3.87973191e-02  2.12919305e-03 -5.15421662e-02
 -1.92375051e-02 -1.27983969e-02 -8.02977233e-03 -2.26603125e-02
 -7.59935336e-03  9.95217567e-04 -1.41203018e-02 -4.87336656e-04
 -2.42247070e-02 -1.53876465e-02  1.82877543e-03 -3.65118550e-02
 -4.51609861e-02 -1.26138354e-02 -5.14394450e-02 -4.88262832e-02
 -3.59207867e-02 -5.31917688e-02 -5.96854372e-02 -5.32463290e-02
 -6.62063856e-02 -5.97672774e-02 -6.62609457e-02 -9.86201670e-02
 -6.87134582e-02 -7.76050788e-02 -7.76323589e-02 -8.22130540e-02
 -8.46382864e-02 -7.41307423e-02 -5.50013472e-02 -7.25148188e-02
 -6.39202479e-02 -4.69463155e-02 -5.10420315e-02 -4.67583861e-02
 -5.99609322e-02 -4.46574835e-02 -3.58204230e-02 -4.01586286e-02
 -5.93425839e-02 -3.97282096e-02 -3.54445642e-02 -5.89394450e-02
 -6.51906237e-02 -4.17503031e-02 -5.68658224e-02 -6.74279267e-02
 -6.33867708e-02 -6.77249764e-02 -6.15283578e-02 -6.61090529e-02
 -9.87107638e-02 -6.66485922e-02 -5.39855853e-02 -7.55674929e-02
 -8.01481881e-02 -5.02414792e-02 -7.82897750e-02 -8.26279806e-02
 -6.75670214e-02 -8.05270780e-02 -8.48652836e-02 -8.27371009e-02
 -8.92307692e-02 -6.12370335e-02 -6.94011855e-02 -8.23612421e-02
 -7.13687188e-02 -4.12195204e-02 -5.58500606e-02 -7.74319682e-02
 -4.48848175e-02 -3.62902465e-02 -4.20564462e-02 -5.71719655e-02
 -7.22874848e-02 -3.13609727e-02 -6.10797521e-02 -5.63111276e-02
 -6.49602587e-02 -3.48110602e-02 -4.53731645e-02 -5.83332211e-02
 -3.89613364e-02 -6.05432440e-02 -4.30843325e-02 -7.11326283e-02
 -6.66064933e-02 -5.58564597e-02 -5.51562710e-02 -7.43402263e-02
 -7.86784319e-02 -7.43947865e-02 -6.98686515e-02 -1.10849724e-01
 -1.13032467e-01 -1.21439108e-01 -9.53583457e-02 -1.31543513e-01
 -1.31328304e-01]",0.1314,0.0002,0.0,0.8769285714285714,0.546,0.0,0.13792307692307693,0.0,0.0,0.9535833333333333,0.7926666666666666,0.0,0.14327272727272727,0.0,0.0,0.8677,0.509,0.0,0.14566666666666667,0.0,0.0,0.93475,0.737,0.0,0.15414285714285714,0.00014285714285714287,0.0,0.8588333333333333,0.4855,0.0,0.9173214285714286,0.68375,0.0,0.6139647619047619,0.0,0.12280666666666666,0.0,1.056352767447984e-05,1.056352767447984e-05
3.875,0.136,2029,0.590125,0.0359163524734904,0.7751249999999998,0.0773788367384778,0.21278804686312427,400.0,0.125189237194089,0.8183609526197613,0.3086306277225739,400.0,0.3606399946104465,0.5670359341739635,0.678485404555804,8,0.41342167419663484,4,0.7943626940571348,-0.045371920917739665,12.0,1.100834368897568,"[ 1.00000000e+00  5.94205615e-01  7.02507039e-01  6.37000599e-01
  7.94362694e-01  6.06207186e-01  6.77449537e-01  5.88988965e-01
  7.73491006e-01  6.17699883e-01  6.28923810e-01  5.69685653e-01
  7.54187694e-01  5.48286837e-01  6.20053719e-01  5.54552498e-01
  6.99912996e-01  5.43592122e-01  6.05964408e-01  5.21149462e-01
  6.65985428e-01  5.37853563e-01  5.42814425e-01  5.17498591e-01
  6.27368391e-01  4.86710397e-01  5.29249646e-01  4.97151434e-01
  5.64223628e-01  5.02373251e-01  4.91676453e-01  4.48095957e-01
  5.40734501e-01  4.68450903e-01  4.40528068e-01  4.30869894e-01
  4.89066803e-01  4.23041050e-01  4.22782693e-01  4.02166766e-01
  4.35830730e-01  4.26697088e-01  3.72678152e-01  3.79721483e-01
  3.91989254e-01  3.89123895e-01  3.28836675e-01  3.45279822e-01
  3.83643694e-01  3.52589327e-01  3.33541776e-01  3.08750473e-01
  3.38758374e-01  3.18147666e-01  2.90224831e-01  2.60733620e-01
  3.36151347e-01  3.14496795e-01  2.67784767e-01  2.76921006e-01
  3.02228999e-01  2.97275952e-01  2.52127080e-01  2.41430282e-01
  2.88664219e-01  2.97281145e-01  2.42742896e-01  2.34133786e-01
  2.84499255e-01  2.65451704e-01  2.50054998e-01  2.17437474e-01
  2.68846787e-01  2.41967796e-01  2.33883217e-01  2.08048070e-01
  2.51631163e-01  2.48241273e-01  2.15099217e-01  2.15360172e-01
  2.56331045e-01  2.25276677e-01  2.19793880e-01  2.05965549e-01
  2.61550239e-01  2.29976559e-01  2.15104384e-01  2.00751522e-01
  2.74600873e-01  2.11711872e-01  2.13535983e-01  2.14316250e-01
  2.51636278e-01  2.09099626e-01  2.07272892e-01  1.92920030e-01
  2.39110123e-01  2.13274976e-01  1.87964361e-01  2.02839132e-01
  2.35978565e-01  1.82484160e-01  1.90052023e-01  1.84569225e-01
  2.37546914e-01  1.46468904e-01  2.00490437e-01  1.64216849e-01
  2.17713851e-01  1.62651070e-01  1.62392712e-01  1.65265887e-01
  1.97361475e-01  1.34472474e-01  1.61354061e-01  1.61615016e-01
  1.73353036e-01  1.43867044e-01  1.59266347e-01  1.19341915e-01
  1.89015890e-01  1.17251604e-01  1.33694751e-01  1.15166513e-01
  1.52481322e-01  1.10988514e-01  1.26907129e-01  1.17254175e-01
  1.14902909e-01  1.02118423e-01  1.19080882e-01  7.23688540e-02
  1.26385168e-01  8.07169839e-02  8.04534067e-02  7.49706093e-02
  9.66277574e-02  4.67841970e-02  6.32221248e-02  4.73008867e-02
  6.47826586e-02  2.90336026e-02  4.80837502e-02  5.54709824e-03
  5.74757241e-02  1.96389800e-02 -4.57634284e-04  1.75486692e-02
  1.78044045e-02  5.54444949e-03 -8.28910044e-03 -1.06351465e-02
 -4.60283038e-04  1.89357879e-03 -2.60292563e-02 -3.56874300e-02
  2.15191063e-03 -3.46409894e-02 -4.06430993e-02 -5.23889611e-02
 -2.18617481e-02 -4.29969872e-02 -6.72689777e-02 -6.23133346e-02
 -5.05753147e-02 -5.50090488e-02 -8.86808551e-02 -7.58937719e-02
 -5.37120922e-02 -7.27596432e-02 -1.09557762e-01 -9.31198346e-02
 -6.93802176e-02 -7.95524845e-02 -1.02785850e-01 -9.83495194e-02
 -7.14731510e-02 -8.58260134e-02 -1.17929444e-01 -1.16105333e-01
 -7.82659923e-02 -1.00455514e-01 -1.32558945e-01 -1.21854330e-01
 -9.86288064e-02 -1.17157045e-01 -1.38297503e-01 -1.43255769e-01
 -1.22642465e-01 -1.35426952e-01 -1.58135786e-01 -1.59957300e-01
 -1.20554803e-01 -1.58916079e-01 -1.60742812e-01 -1.61525702e-01
 -1.35693178e-01 -1.69884296e-01 -1.75886406e-01 -1.74586827e-01
 -1.50836771e-01 -1.70928167e-01 -1.94680845e-01 -1.81893761e-01
 -1.51366548e-01 -1.97559264e-01 -2.00429842e-01 -1.99125043e-01
 -1.76943364e-01 -2.16873015e-01 -2.07212245e-01 -2.27833391e-01
 -1.88425674e-01 -2.28355326e-01 -2.26006683e-01 -2.41927921e-01
 -2.06176269e-01 -2.27836039e-01 -2.40095995e-01 -2.40884103e-01
 -2.17144486e-01 -2.35672725e-01 -2.46374743e-01 -2.46119007e-01
 -2.14542731e-01 -2.46121630e-01 -2.48992208e-01 -2.67006353e-01
 -2.35424858e-01 -2.55526691e-01 -2.57877956e-01 -2.58141534e-01
 -2.37523010e-01 -2.44568964e-01 -2.59965671e-01 -2.70672908e-01
 -2.33352879e-01 -2.60237090e-01 -2.56325291e-01 -2.68071152e-01
 -2.28663436e-01 -2.49284582e-01 -2.46416627e-01 -2.68076398e-01
 -2.23449461e-01 -2.45109232e-01 -2.45372809e-01 -2.61813359e-01
 -2.16661891e-01 -2.37802349e-01 -2.37016863e-01 -2.50850413e-01
 -2.11962009e-01 -2.36758531e-01 -2.33366045e-01 -2.56594191e-01
 -2.13011099e-01 -2.32063869e-01 -2.30759070e-01 -2.44068089e-01
 -1.90046555e-01]",0.1894,6.666666666666667e-05,0.0,0.8211428571428572,0.4135,0.0,0.2053076923076923,7.692307692307693e-05,0.0,0.8995,0.61425,0.0,0.22245454545454546,9.09090909090909e-05,0.0,0.7907,0.3491,0.0,0.235,0.00022222222222222223,0.0,0.857,0.505,0.0,0.24957142857142858,0.00028571428571428574,0.0,0.7621666666666667,0.3005,0.0,0.8380357142857143,0.4630357142857143,0.0,0.43632151293151294,0.0,0.08729400000000001,0.0,3.4728339676826275e-05,3.4728339676826275e-05
