r,epsilon,seed,global_activity_mean,global_activity_std,wall_density_mean,wall_density_std,mean_wall_velocity,global_period,global_period_power,global_spectral_entropy,global_lowfreq_power,wall_period,wall_period_power,wall_spectral_entropy,wall_lowfreq_power,global_ac_peak_lag,global_ac_peak_value,wall_ac_peak_lag,wall_ac_peak_value,wall_ac_late_mean,max_cluster_lifetime,mean_cluster_lifetime,wall_ac,frame_25,motif_25,comp_25,frame_50,motif_50,comp_50,frame_75,motif_75,comp_75,frame_100,motif_100,comp_100,frame_125,motif_125,comp_125,frame_150,motif_150,comp_150,frame_175,motif_175,comp_175,frame_200,motif_200,comp_200,frame_225,motif_225,comp_225,frame_250,motif_250,comp_250,frame_260,motif_260,comp_260,odd_even_motif_index,even_decay_index,resonance_index
3.905,0.119,101,0.5771428571428572,0.044217978151841524,0.7991071428571429,0.07076815228300808,0.18387206098223444,2.0,0.06954742227469499,0.8671057753089032,0.21485978800438482,140.0,0.07809084257963851,0.83451318689426,0.4104601117528465,4,0.273402421181141,3,0.4561442306380386,-0.04082453859122696,9.0,1.0718562874251496,"[ 1.00000000e+00  2.52936301e-01  2.40456028e-01  4.56144231e-01
  4.13228760e-01  2.38480491e-01  2.97249144e-01  3.20393334e-01
  2.93618705e-01  2.11576813e-01  2.56082946e-01  2.32969456e-01
  1.70538528e-01  1.63374864e-01  2.50700392e-01  8.31152190e-02
  1.65092302e-01  1.66842712e-01  1.29403030e-01  1.13357127e-01
  1.07944442e-01  7.40703894e-02  1.39970302e-01  7.40374164e-02
  5.62723705e-02  7.95120681e-02  6.88146100e-02  3.49723937e-02
  7.43210977e-02  8.67683978e-02  6.54377220e-02  8.48258344e-03
  8.33284063e-02  6.36532016e-02  3.51594300e-02  2.98740887e-02
  1.56421545e-01  6.90312084e-02  2.09264725e-02  1.79564597e-01
  1.18916485e-01  1.01960414e-02  5.83314762e-02  1.56353893e-01
  2.96779563e-02  3.32748537e-02  8.13784525e-02  5.63866389e-02
  8.85404112e-02  1.18151285e-02  2.61407514e-02  2.61083469e-02
  2.61396144e-02  8.31572879e-02  1.53779158e-02  6.88617955e-02
  9.19423132e-02  4.91223502e-02  5.09045967e-02  7.76462522e-02
  4.37085279e-02  1.00726201e-01  1.25685042e-01 -1.16877845e-02
  1.00660824e-01  6.14064909e-02  5.24918477e-02  2.60429695e-03
  1.14541312e-02  8.45171391e-02  2.03670689e-02 -5.80773569e-02
  8.46109416e-02  2.22436862e-02 -4.91013157e-02  6.67492507e-02
  3.64089923e-02 -2.59264270e-02  4.35391151e-02  3.09951700e-02
  1.67639180e-02 -3.13726538e-02  3.98438673e-02  4.21883599e-03
 -3.67864761e-02 -6.35611046e-02  4.21713049e-03 -2.96250858e-02
 -5.10194336e-02 -3.31600167e-02 -7.05678629e-02 -4.91746522e-02
 -5.46191734e-02 -9.74391364e-02 -2.96290653e-02 -5.10870851e-02
 -1.06386753e-01 -3.86403535e-02 -8.30123205e-03 -6.18180847e-02
 -7.60493367e-02 -2.08144781e-02 -2.61634914e-02 -7.24854123e-02
 -4.57755927e-02 -3.14499698e-02 -4.03646129e-02 -7.59578082e-02
 -5.99448783e-02 -1.53750733e-02 -3.83612201e-02 -7.40499234e-02
 -4.73082678e-02 -3.29826448e-02 -2.04080008e-02 -4.00195336e-02
 -1.85626509e-02  2.60389900e-02 -2.56632117e-02 -7.04371080e-04
 -9.58717829e-03 -2.21311233e-02 -1.14029662e-02  2.24699491e-02
 -5.41916617e-02 -1.13728357e-02  5.82200503e-02 -4.52156206e-02
 -3.07944896e-02 -2.17451120e-03 -3.92264766e-04 -2.17547765e-02
 -6.98276764e-02 -1.98775907e-02  3.90502417e-02 -6.43854291e-02
  2.12209554e-02 -7.78844536e-05  7.05280680e-03 -4.28665800e-02
  2.30970042e-02 -8.01584522e-05  2.48786822e-02  3.48433442e-03
  2.85386830e-02  1.43074310e-02 -1.60328274e-02 -3.37660374e-02
  2.68809380e-02 -2.47575917e-02  2.69753089e-02 -1.55029858e-03
  3.42009396e-02  3.43595510e-02  3.43271465e-02  2.29958113e-03
  4.86840370e-02  5.22490984e-02  7.67815642e-03  3.98000928e-02
  2.54733328e-02 -1.37173283e-02  5.93775156e-02  3.97659828e-02
 -1.01215680e-02  3.62947239e-02  6.30363794e-02 -9.96409356e-03
 -1.52494349e-02  3.11031850e-02  1.50254460e-02 -8.29441006e-04
  9.86688012e-03  8.05166070e-03  9.89757910e-03 -4.35874375e-02
  1.04603938e-03 -3.10770340e-02 -6.13536204e-02 -1.32181856e-02
 -2.92959245e-02 -2.03505824e-02 -5.60392856e-02 -4.35283136e-02
 -8.45336256e-02 -6.31722508e-02 -6.85849361e-02 -9.70468717e-02
 -1.05993351e-01 -8.46956480e-02 -1.15004070e-01 -8.28821341e-02
 -1.02461831e-01 -1.00679584e-01 -1.09562392e-01 -7.56576404e-02
 -1.14911974e-01 -1.00650023e-01 -5.42655667e-02 -9.53663867e-02
 -1.14977919e-01 -7.39419084e-02 -7.22233340e-02 -7.76360192e-02
 -9.18354353e-02 -2.94693169e-02 -7.94205397e-02 -9.90639085e-02
 -4.55481929e-02 -6.33132388e-02 -8.11419566e-02 -3.65403157e-02
 -3.83555351e-02 -6.69448146e-02 -6.86963621e-02 -3.83890766e-02
 -4.91183707e-02 -5.97839929e-02 -5.09659946e-02 -3.84868586e-02
 -4.38677079e-02 -6.88913574e-02 -4.39325168e-02 -4.39330853e-02
 -7.07077139e-02 -5.65412708e-02 -3.51480601e-02 -5.12257990e-02
 -6.37379080e-02 -4.05300463e-02 -5.66077853e-02 -5.11962370e-02
 -4.05635878e-02 -3.51520395e-02 -3.51844440e-02 -4.76965531e-02
 -4.58824707e-02 -5.66754367e-02 -5.84906561e-02 -4.95771500e-02
 -4.24146227e-02 -7.09720662e-02 -6.56560259e-02 -7.09732032e-02
 -8.34853122e-02 -8.88661615e-02 -1.01282763e-01 -1.10165570e-01
 -1.13795440e-01 -1.20959104e-01 -1.20864165e-01 -1.13669802e-01
 -1.29747541e-01 -1.27837950e-01 -1.22458238e-01 -1.15327547e-01
 -1.31309778e-01 -1.25898229e-01 -1.09821628e-01 -1.15234313e-01
 -1.15234881e-01]",0.1843137254901961,0.0013725490196078432,0.0,0.846304347826087,0.4643478260869565,0.0,0.22170731707317073,0.004512195121951219,0.0,0.8134722222222223,0.4275,0.0,0.23806451612903226,0.004838709677419355,0.0,0.7911538461538462,0.4101923076923077,0.0,0.25952380952380955,0.01,0.0,0.758125,0.36875,0.0,0.2781818181818182,0.007272727272727273,0.0,0.735,0.36,0.0,0.73375,0.375,0.0,0.4005587905375117,0.08123160535117056,0.08123160535117056
3.905,0.119,707,0.5608035714285714,0.04865858448812249,0.8382142857142857,0.10700646080055738,0.1425071480224781,280.0,0.2459575524246314,0.7111496542794828,0.5133542186225647,280.0,0.37281994184127454,0.49929908799902206,0.8075831834708906,2,0.535016688367878,4,0.7889289732446207,-0.11820828339884407,15.0,1.0564933603421112,"[ 1.          0.74690168  0.76942689  0.78355852  0.78892897  0.72081801
  0.72407753  0.75086916  0.70495913  0.67115768  0.6870772   0.67584429
  0.64341857  0.60920497  0.5808173   0.61912155  0.56564226  0.56009605
  0.52803793  0.5513429   0.49295668  0.48800643  0.49787165  0.45705235
  0.43279185  0.43839066  0.42894563  0.39418063  0.39725635  0.37533514
  0.36900916  0.36135202  0.34452154  0.33351699  0.30301839  0.29242601
  0.28376074  0.26105977  0.25143094  0.22872997  0.22281615  0.2180497
  0.17255183  0.19626896  0.17219226  0.14444511  0.14573295  0.15348725
  0.11794248  0.10698249  0.10028891  0.07451344  0.05433556  0.05525579
  0.03902127  0.02668556  0.01476201  0.00710486 -0.01261631 -0.02944679
 -0.02288442 -0.05099917 -0.03641082 -0.04677485 -0.0485615  -0.05443076
 -0.04039381 -0.05057404 -0.06208543 -0.06249636 -0.03795491 -0.07015227
 -0.06317774 -0.04780963 -0.05175176 -0.06835388 -0.06624172 -0.03761766
 -0.0686231  -0.05229143 -0.05251855 -0.03559092 -0.06641255 -0.05943802
 -0.05383921 -0.06204776 -0.07181583 -0.05938296 -0.05318819 -0.06841459
 -0.06533887 -0.06519839 -0.04652743 -0.08730218 -0.07973168 -0.059685
 -0.05151855 -0.09811922 -0.04862539 -0.05472301 -0.07462798 -0.07563487
 -0.04971769 -0.04742173 -0.07902313 -0.07649881 -0.05548857 -0.06369711
 -0.07773159 -0.07364775 -0.05534439 -0.06002173 -0.08263359 -0.03722237
 -0.04501875 -0.06666705 -0.06689418 -0.04643533 -0.06106578 -0.07881526
 -0.06129167 -0.0554645  -0.07830472 -0.06252445 -0.074448   -0.06375846
 -0.08971773 -0.07907274 -0.0847582  -0.08732461 -0.07897436 -0.08351245
 -0.09369268 -0.07676505 -0.09396313 -0.08854812 -0.08721573 -0.09271738
 -0.09078902 -0.09335543 -0.09963685 -0.09734089 -0.09366921 -0.09797894
 -0.10659965 -0.08499344 -0.08581653 -0.09599676 -0.09076555 -0.10406483
 -0.10236483 -0.11662767 -0.09970003 -0.11630215 -0.12203217 -0.12849739
 -0.13340309 -0.11725521 -0.13188566 -0.15784492 -0.13408323 -0.13683344
 -0.15770198 -0.1317848  -0.14485572 -0.14040427 -0.15191567 -0.13553944
 -0.13847345 -0.14003174 -0.14159003 -0.14589977 -0.15117306 -0.13635636
 -0.1445649  -0.15084632 -0.13584581 -0.13157817 -0.13785959 -0.14781146
 -0.12152668 -0.16326498 -0.14674951 -0.13624377 -0.14385635 -0.15284466
 -0.15463131 -0.14394177 -0.15976413 -0.1691646  -0.16668483 -0.16906744
 -0.18507361 -0.17887884 -0.1781424  -0.18089261 -0.1922202  -0.20299639
 -0.19446234 -0.19877207 -0.21303491 -0.20234537 -0.2125256  -0.20610247
 -0.21802602 -0.21357458 -0.21614099 -0.22164265 -0.22654834 -0.22659167
 -0.21902118 -0.22489044 -0.22608112 -0.20640204 -0.21034418 -0.20566437
 -0.21153363 -0.20240362 -0.19951169 -0.20051858 -0.18496667 -0.18776144
 -0.18899669 -0.17674762 -0.17270834 -0.16435808 -0.15875927 -0.14926165
 -0.16315689 -0.14668597 -0.14361025 -0.14094669 -0.13943049 -0.13988597
 -0.12589358 -0.13942122 -0.12506123 -0.12262602 -0.13087913 -0.127252
 -0.12110179 -0.11531918 -0.11930587 -0.1164585  -0.09705234 -0.11819379
 -0.09057785 -0.09768359 -0.08529528 -0.08886981 -0.07625315 -0.07634103
 -0.07175034 -0.06165676 -0.06133249 -0.05284299 -0.03710727 -0.04187373
 -0.03590732 -0.02292305 -0.03021259]",0.14823529411764705,0.000588235294117647,0.0,0.8802173913043478,0.565,0.0,0.15609756097560976,0.0004878048780487805,0.0,0.8606944444444444,0.5166666666666667,0.0,0.17629032258064517,0.0006451612903225806,0.0,0.8342307692307692,0.455,0.0,0.20595238095238094,0.0016666666666666668,0.0,0.7940625,0.3384375,0.0,0.2690909090909091,0.0013636363636363637,0.0,0.7516666666666667,0.23416666666666666,0.0,0.74125,0.23,0.0,0.4209038657681083,0.0,0.08437083333333334
3.905,0.119,1313,0.5973214285714286,0.04543406020300863,0.7369642857142857,0.07183611414823583,0.24626462466832486,2.028985507246377,0.10706817053497814,0.8803202662299701,0.09290441902157605,280.0,0.10990456161143887,0.8535239068128221,0.32302201567356936,4,0.22498317315649516,4,0.32211919489202584,-0.021314372179417555,10.0,1.1005333333333334,"[ 1.00000000e+00  9.67179827e-02  2.13351804e-01  2.87632799e-01
  3.22119195e-01  7.71412108e-02  1.89937695e-01  1.58225402e-01
  2.43715622e-01 -2.72153622e-02  1.58249523e-01  1.15779093e-01
  1.54628064e-01  1.05687922e-01  1.76131582e-01  1.70446440e-01
  1.53100986e-01  8.64077561e-02  2.15227128e-01  8.88790731e-02
  1.08695844e-01  1.33252127e-01  9.55212095e-02  1.02849644e-01
  6.51187261e-02  3.94992086e-02  1.00840780e-01  6.61933260e-02
  9.59402092e-02  9.53715163e-02  1.20829975e-01  9.26522333e-02
  9.55439405e-02  1.22732599e-01  1.62409595e-01  7.84143644e-02
  1.09440360e-01  1.74242331e-01  2.53275242e-02  8.81009466e-03
  9.95650666e-02  7.13873247e-02 -5.33046820e-02  4.39200021e-02
  2.82305968e-02 -9.30010099e-02 -1.20350727e-01 -3.13259556e-02
 -7.14660885e-03 -3.57012871e-02 -1.89679798e-02 -5.24398469e-03
 -3.47008387e-02  2.88220207e-02 -2.61367458e-02  1.39913375e-02
 -2.89301802e-02  5.70451803e-03 -8.18252639e-02 -1.87534924e-02
 -7.94280983e-02 -4.32115028e-02 -9.44070843e-02 -9.27944893e-02
 -4.14571815e-02  2.13130188e-03 -9.92400803e-02 -8.86204480e-03
 -5.44159383e-02  1.68557455e-02 -1.01292398e-01  4.61080872e-02
 -5.73704314e-02 -4.62046606e-02 -8.57399298e-02 -3.43284705e-02
 -1.20504989e-01 -4.79541930e-02 -1.27660999e-01 -1.16569380e-01
 -1.68969922e-01 -1.23274302e-01 -1.45884507e-01 -7.64171751e-02
 -1.61691518e-01 -5.79971213e-02 -1.27773815e-01 -9.41154441e-02
 -1.62087786e-01 -7.65234146e-02 -8.86782684e-02 -1.44990299e-01
 -1.36005816e-01 -1.22281820e-01 -1.46622226e-01 -1.78785607e-01
 -1.39936636e-01 -1.08910640e-01 -1.50553046e-01 -1.55033227e-01
 -1.07984343e-01 -1.04190461e-01 -7.66248653e-02 -1.58061871e-01
 -3.27028991e-02 -1.33623193e-01 -1.07336710e-01 -1.53267540e-01
 -7.55261441e-02 -1.39661150e-01 -1.27216267e-01 -1.76304712e-01
 -8.08102280e-02 -1.88200234e-01 -1.12640126e-01 -1.31864083e-01
 -1.12949488e-01 -1.22620269e-01 -1.28830650e-01 -9.52464299e-02
 -7.67829226e-02 -1.24895040e-01 -9.43201329e-02 -6.07359132e-02
 -6.04024304e-02 -1.01142660e-01  2.02306727e-02 -7.89594215e-02
 -5.09427383e-02 -1.07780008e-01  1.57746132e-02 -6.31041686e-02
 -9.65466620e-02 -4.70137057e-02  5.14900906e-02 -1.07428980e-01
 -2.06596476e-02  1.71534767e-03  4.69598797e-02 -6.43416148e-02
  1.81392935e-02  1.93008006e-02  6.62070749e-03 -4.32957618e-02
  4.30966343e-02  2.08633654e-02 -2.90531039e-02 -8.10767097e-02
 -1.77021531e-02 -3.55728463e-02 -4.52436272e-02 -5.49144081e-02
  3.01247245e-02 -1.97175934e-02  4.02707145e-02 -5.11705554e-02
  3.95844165e-02  8.31728999e-02  4.75491187e-02 -3.19537489e-03
  8.53783091e-02  6.95061515e-03  4.22650349e-02  1.52922537e-02
  4.19556733e-02  7.23406782e-03  2.60745116e-02  4.79984190e-02
  5.30714140e-02 -3.13749043e-02  6.83338527e-02  3.75237351e-02
 -1.44998707e-02  6.32415253e-02  6.92166961e-02  6.60897788e-02
 -1.95671499e-03  4.90036564e-02  8.34900518e-02  1.76248458e-02
  2.31489287e-02  1.04801813e-01 -5.02057702e-02  1.71544256e-02
  1.53066206e-02  3.68535915e-02 -1.95325900e-02  4.95578059e-02
  2.00268004e-02  1.34394832e-02 -2.73007467e-02  7.64678011e-02
  1.15047709e-02  6.46464301e-02  6.19706007e-02  6.31321078e-02
  3.70615024e-02  3.65669609e-02  6.27792927e-02  5.74710876e-02
  4.54530608e-03  8.01795656e-02  6.35879846e-02 -1.95792215e-02
  2.35581740e-02  5.15748572e-02  3.03179154e-02  1.50054466e-02
  7.80772181e-02  6.28389007e-02  6.66327836e-02  6.95986421e-02
  2.32167243e-02  6.76332320e-02  5.59294661e-02  2.72264849e-02
  5.69733682e-02  3.56422750e-02  6.11126952e-03  8.55188879e-03
 -2.09791167e-02  3.25394790e-02 -9.93095089e-03  1.67324687e-02
 -1.61106339e-02 -1.23167511e-02 -2.58248684e-02  1.43773663e-02
  8.69222478e-03  2.07601713e-02 -2.08822343e-02  2.00738734e-02
  3.63059523e-03 -1.71752587e-02  7.83211234e-03  3.75789955e-02
 -6.03010018e-04  7.93038505e-03 -2.11733228e-03  2.37180630e-02
 -2.72947881e-03 -8.86570823e-03  2.82530629e-02  3.91265756e-03
  1.23682819e-03  1.32306233e-02 -5.01700628e-03 -1.67421128e-03
 -2.16875276e-03  5.91355444e-03 -6.69238721e-03 -1.41077288e-02
  1.64671787e-02 -2.29939390e-02 -1.61165925e-02 -1.87924219e-02
 -1.84589391e-02 -2.67764564e-02 -1.59876220e-02 -3.29561394e-02
 -1.35904564e-02]",0.24705882352941178,0.00303921568627451,0.0,0.8058695652173913,0.37467391304347825,0.0,0.2659756097560976,0.002926829268292683,0.0,0.7790277777777778,0.32013888888888886,0.0,0.28258064516129033,0.0027419354838709676,0.0,0.7457692307692307,0.2698076923076923,0.0,0.32,0.005,0.0,0.71,0.183125,0.0,0.3290909090909091,0.006818181818181818,0.0,0.7408333333333333,0.19166666666666668,0.0,0.74625,0.22875,0.0,0.26377719973002123,0.0,0.05357648643626904
3.905,0.119,2029,0.5461607142857143,0.03342089636403413,0.8837499999999999,0.05406882188470541,0.0915841961243356,2.028985507246377,0.0559930986028558,0.8712449863561559,0.22075798991230963,140.0,0.08931189808885874,0.8529908329142172,0.4076705540041119,4,0.2677775885853767,4,0.4059784683515309,-0.004953793559910181,13.0,1.0482948527854268,"[ 1.00000000e+00  2.37060014e-01  2.68271360e-01  3.74767122e-01
  4.05978468e-01  1.88812323e-01  2.63774147e-01  2.64367794e-01
  2.38543178e-01  7.84129953e-02  1.68645491e-01  2.19174238e-01
  1.04779721e-01  1.09572803e-01  1.90642895e-01  1.71995495e-01
  1.21814156e-01  8.07952203e-02  2.01645415e-01  1.10691380e-01
  1.10368787e-01  5.50717722e-02  7.40665801e-02  6.25200428e-02
  4.18111018e-02  2.20947545e-02  7.49408261e-03 -2.34462091e-02
 -2.98770711e-02  1.96590822e-02 -5.19011987e-02 -3.03504619e-04
 -3.92608994e-02 -1.91971444e-02  9.95266091e-03 -3.57906391e-03
 -2.42116515e-02 -4.79747270e-02 -2.48530198e-03 -2.21252959e-02
 -2.06154081e-03 -7.49980912e-03 -6.99740399e-02  6.05673055e-03
 -8.48973047e-02 -7.91116286e-02 -3.46147973e-02 -1.01135756e-01
 -1.31999695e-01 -4.37523860e-02 -9.49263190e-02 -1.10519585e-01
 -9.35099641e-02 -4.70279453e-02 -1.14541498e-01 -1.07686875e-01
  1.01091853e-02 -8.19137971e-02 -6.29189891e-02 -3.57543712e-02
 -2.89761014e-02 -9.34355196e-02 -8.66572498e-02 -4.72760938e-02
 -8.88753150e-03 -1.05033595e-01 -1.30781858e-01 -8.93907002e-03
 -5.10269527e-02 -7.27284874e-02 -4.66328167e-02 -2.15297396e-02
 -5.85019470e-02 -9.44815607e-02 -2.95983813e-02  9.78277468e-03
 -1.45308086e-01 -8.85947163e-02 -1.56180805e-02 -7.29766359e-02
 -1.80193938e-01 -3.49106666e-02 -9.12766282e-02 -1.09924028e-01
 -1.24524700e-01 -8.10968161e-02 -1.45556234e-01 -1.11290754e-01
 -1.52309689e-01 -1.07812858e-01 -1.23406124e-01 -1.87865542e-01
 -1.16874093e-01 -1.50792166e-01 -1.20573414e-01 -9.74555242e-02
 -1.38474460e-01 -1.00162251e-01 -5.06260976e-02 -5.19412843e-02
 -9.70833015e-02 -5.77021455e-02 -2.03825304e-02 -8.99576239e-02
 -1.05550890e-01 -3.97514698e-02 -7.87852180e-02 -1.09649156e-01
 -6.41597312e-02 -8.79991601e-02 -9.54226159e-02 -1.22239826e-01
 -3.80392456e-02 -7.91345346e-02 -9.97671222e-02 -4.30537528e-02
 -2.51278919e-02 -9.66881729e-02 -3.38665343e-02 -5.76296098e-02
 -4.87897992e-02 -6.94987402e-02 -6.17278766e-02 -6.82350920e-02
  1.79506757e-02 -6.89566313e-02 -3.88142323e-02 -1.88268306e-02
  3.07093227e-02 -2.46640452e-02  5.54134535e-02  7.63934489e-02
 -5.47453615e-03  3.69607544e-02  9.35977705e-02  7.48740170e-02
  3.23738261e-03  8.94231503e-02  9.00167977e-02  6.21306406e-02
  5.86775597e-02  9.49282278e-02  5.17713980e-02  7.06898526e-02
  4.38726426e-02  1.00509659e-01  6.65152325e-02  4.06906162e-02
  1.16721387e-01  7.15030160e-02  3.44544552e-02  1.11477819e-01
  5.61044514e-02  7.81533939e-02  7.06535848e-02  3.66591586e-02
  3.52676185e-02  4.20458884e-02  7.52424219e-02  6.16343437e-02
 -2.93196915e-02 -8.26334275e-03  4.12728106e-02 -2.11250668e-02
  2.33717645e-02  4.43517599e-02 -2.11002520e-02  3.15663892e-02
  3.01748492e-02  9.91047568e-02  1.12048561e-02  7.40264946e-02
  9.29449492e-02  1.01784760e-01  4.95418798e-02  7.46449569e-02
  8.24158204e-02  9.73639001e-02  3.35573032e-03  5.90001527e-02
  5.25692907e-02  7.42727342e-03  5.80323738e-02  5.56482401e-02
  1.14988165e-02  1.93460334e-02  1.49767122e-02  8.18450790e-02
 -3.99328090e-03  3.03485531e-02  3.00259601e-02  6.63529816e-02
  9.00969688e-04  5.15060701e-02  3.07971291e-02  1.82579980e-02
  9.76559517e-03  5.62476140e-02  3.76002138e-02  2.09380011e-02
  7.40627625e-03  3.45708941e-02  5.05115675e-02  7.43109109e-03
  2.44407116e-02  7.39768649e-02  2.78422540e-02  2.85886081e-02
  5.36916851e-02  8.39104375e-02  5.09849584e-02  2.21062075e-02
  5.53790944e-02  8.65904406e-02  2.82392914e-02  3.91406429e-02
  7.43223639e-02  4.24658319e-02  2.38184317e-02 -1.21611820e-02
  6.08154539e-02  4.02763992e-04  4.28380545e-02  1.60208445e-02
 -5.75704360e-03  2.09017332e-03  2.42154692e-02  3.00011453e-02
  2.15087425e-02  7.97701764e-03 -7.61624800e-03  5.34664427e-03
  2.64029931e-02  1.99721310e-02 -1.60074826e-02 -1.42685348e-02
  1.28960831e-02 -2.00293960e-02 -3.86767962e-02 -4.00683363e-02
  1.86302207e-02 -3.76593876e-02 -2.37039017e-02 -3.92971673e-02
 -2.03023593e-02 -5.92597541e-02 -1.17087883e-02 -3.14251355e-02
 -5.71733985e-02 -6.25353134e-02 -5.06413683e-02 -6.41730931e-02
 -6.96113614e-02 -6.68798198e-02 -7.64411697e-02 -8.18794380e-02
 -7.71627090e-02 -7.95468428e-02 -8.80392456e-02 -9.04233794e-02
 -6.93670306e-02]",0.10441176470588236,0.0,0.0,0.9140217391304348,0.6554347826086957,0.0,0.11902439024390243,0.00024390243902439024,0.0,0.8973611111111112,0.6022222222222222,0.0,0.12370967741935483,0.0,0.0,0.9148076923076923,0.64,0.0,0.10428571428571429,0.0,0.0,0.92,0.6459375,0.0,0.10772727272727273,0.0,0.0,0.8891666666666667,0.5166666666666667,0.0,0.88375,0.50125,0.0,0.6120034538117121,0.12241044685990339,0.12241044685990339
3.905,0.119,3001,0.6141071428571429,0.05006341641623459,0.7039285714285715,0.07453854639016771,0.29908429296474837,2.0,0.0569570967702063,0.8849121979423376,0.1584656980852489,280.0,0.08395073169448668,0.850327355889482,0.33132955465159486,4,0.22895765667683868,3,0.3519640848373143,-0.01490206345065043,17.0,1.1301605504587156,"[ 1.00000000e+00  9.68472154e-02  1.88563459e-01  3.51964085e-01
  3.24634896e-01  6.75024515e-02  2.08783653e-01  1.65636837e-01
  1.28918085e-01  8.55187381e-02  1.72413934e-01  6.96812697e-02
  1.24688682e-01  7.51138030e-02  1.44079295e-01  7.47303329e-03
  1.57168110e-01  1.59144002e-01  3.21798349e-02  8.24924651e-02
  2.12650822e-01  9.75670929e-02  4.09772624e-03  3.63543863e-02
  2.32526655e-01 -3.73356498e-02  7.39833985e-03  6.80762217e-02
  6.80663009e-02  1.91620233e-03 -1.25568605e-02  2.57490661e-02
  2.88269113e-02 -1.30916852e-02  3.64633518e-02 -2.64727152e-02
  8.61347335e-02 -2.26105479e-03  6.67044370e-02  2.62665908e-02
  9.05373008e-02  1.66046544e-02  3.68546110e-02  6.24306769e-02
  1.23507361e-02  1.87688783e-02  1.50398638e-02 -6.22330796e-02
 -1.60183397e-02 -7.06667968e-02 -5.15187939e-02 -1.27078052e-02
 -4.79458075e-02 -1.53103508e-02 -9.40640445e-02 -7.46635106e-02
  4.73335017e-02 -1.22641294e-01 -9.85459787e-02  4.16684431e-03
 -1.37727811e-02 -7.76845362e-02 -1.19330760e-02  8.44779494e-02
 -1.09854614e-01 -5.87462653e-04  7.05889877e-03 -1.02493990e-02
 -9.99996720e-02 -2.96796955e-02 -5.07070869e-02 -9.21206213e-02
 -4.97289391e-03 -9.33686822e-02 -1.13891012e-01 -4.81395513e-02
 -9.32721793e-02 -5.16259556e-02 -8.41549885e-02 -5.99334072e-02
  2.47775595e-03 -1.45630147e-01 -3.11631515e-02 -7.19410127e-03
 -9.70706398e-02 -1.00420858e-01 -5.85221030e-02 -1.39143789e-02
 -1.53734672e-01 -4.44675202e-02 -6.88352087e-02 -5.56102068e-02
 -4.25114705e-02 -1.02359771e-01 -2.85732324e-02 -3.63657010e-02
 -2.83405430e-02 -6.07433104e-02 -2.08303680e-02 -4.13526973e-02
 -1.02934280e-01  3.83469219e-02 -6.12979768e-02 -4.31256621e-02
 -4.51213953e-02 -4.35243004e-02  1.58848590e-03 -8.84143182e-02
 -4.62630324e-02 -5.61675789e-02 -1.25026647e-01 -7.18787818e-02
 -6.54606396e-02 -1.22944332e-01 -1.16652455e-01 -3.63115872e-02
 -1.09991703e-01 -1.24212234e-01 -1.19835822e-02 -1.03088340e-01
 -1.49575453e-01 -3.10450030e-02 -5.31743481e-02 -1.09177290e-01
 -1.31685432e-01  2.57921932e-02 -1.01171974e-01 -1.44192524e-01
 -9.33938533e-03 -9.11808450e-02 -1.02187345e-01 -9.41621872e-02
 -7.94564351e-02 -5.99296357e-02 -4.70834304e-02 -6.61250094e-02
 -9.80227147e-02 -2.88046918e-02 -9.53042343e-03 -6.56596308e-02
 -4.63853624e-02 -2.06830309e-02  1.96087081e-02 -3.18257175e-02
 -5.58146094e-02  2.28056856e-03  7.32318727e-02 -7.62305149e-02
 -3.67219502e-03  3.83528252e-02 -1.62956319e-02 -7.71196210e-02
  5.63790327e-02 -7.07113996e-02  4.05415643e-02 -2.85700347e-02
 -4.78641449e-02  6.30100225e-02  2.14702227e-02 -1.35152486e-02
 -3.47951711e-02  5.21000253e-02  2.52758984e-02  1.05503045e-02
 -1.17053061e-02  4.96039034e-02  7.85202664e-02  3.01736069e-02
  3.69705457e-02  7.23149718e-02  1.45787487e-02  5.17827216e-02
  8.13084388e-03  4.70680981e-02  5.34862403e-02 -2.51411878e-02
 -5.86691942e-03  3.87408048e-02  5.36990879e-02 -2.98756531e-02
 -2.51907921e-02  5.30379977e-02 -1.40877890e-02 -1.43502409e-02
  4.96679381e-02  6.41211592e-02  1.13322489e-02  4.81574252e-02
  8.63370863e-02  4.80113180e-02  6.92713987e-02  8.02580572e-02
  5.29288682e-02  4.00628212e-02  3.16390249e-02  4.30044800e-02
 -1.98053215e-02  6.70898748e-02  4.44554676e-02 -6.60016136e-03
  3.00987495e-02  7.64397549e-02  2.19175634e-02  1.83148144e-02
  3.74628173e-02  7.75020252e-02  1.14781921e-02  6.80926199e-02
  7.45107621e-02  5.07744012e-02  2.38240088e-02  7.18982956e-02
  2.81201523e-02  2.35417152e-02 -6.62270877e-03  1.87008261e-02
 -3.91616625e-02  1.07721711e-02 -1.33429864e-02 -3.11563462e-02
 -2.27523917e-02  2.69740877e-03 -4.72562665e-02 -4.72661874e-02
  2.92017723e-03 -4.70334981e-02 -3.72750588e-02 -3.08569166e-02
  1.71524336e-04 -1.25682572e-02 -1.23256470e-02 -2.37109438e-02
  3.59840348e-03 -3.21446609e-02  4.68051543e-03 -1.19046253e-02
 -2.31636565e-02 -1.05699823e-02 -1.07061686e-02 -2.58105591e-02
 -3.54625746e-02  9.52394617e-03 -4.85910735e-02 -1.65869445e-02
  1.23294186e-02  9.23173167e-03 -1.99570041e-02 -5.75631410e-03
  2.46407992e-02  2.12905812e-02  4.95797162e-03  2.10182085e-02
  2.07557566e-02  1.46164644e-03  1.07150236e-02  2.41749286e-03
 -6.80194023e-04 -8.59892822e-03  1.40156372e-02 -1.99941459e-02
 -1.69556562e-03]",0.2697058823529412,0.0024509803921568627,0.0,0.7889130434782609,0.296195652173913,0.0,0.305,0.0034146341463414634,0.0,0.7427777777777778,0.22194444444444444,0.0,0.32564516129032256,0.005483870967741935,0.0,0.7426923076923077,0.24269230769230768,0.0,0.3238095238095238,0.0030952380952380953,0.0,0.75375,0.2534375,0.0,0.33045454545454545,0.0022727272727272726,0.0,0.7391666666666666,0.22166666666666668,0.0,0.71625,0.2275,0.0,0.24384382402062524,0.0,0.04943746283909327
3.875,0.1307,101,0.611875,0.03477687167603534,0.7291071428571428,0.05295809616082883,0.27876413987656873,3.181818181818182,0.07817733792744722,0.8948547761374517,0.1094774839707482,280.0,0.13073869942064184,0.8275801185690402,0.401795081453531,3,0.19290938033497884,2,0.4285024778407462,-0.0591077692261325,21.0,1.149816952970994,"[ 1.          0.15712284  0.42850248  0.38019275  0.37645328  0.2421866
  0.39444309  0.22197331  0.32010876  0.2744596   0.25480219  0.25609962
  0.30410488  0.29399824  0.17750281  0.23691215  0.30373471  0.17265161
  0.20127108  0.24713879  0.16062597  0.17465776  0.20275421  0.16770186
  0.17032958  0.10928549  0.16603425  0.11002705  0.19357483  0.08796046
  0.11791022  0.09003232  0.18047029  0.07433291  0.12286119  0.13318638
  0.11937312  0.06151262  0.10871061  0.13043988  0.08027684  0.09060203
  0.06909131  0.0494339   0.14067914  0.10909463  0.02258181  0.15521374
  0.13051943  0.06895231  0.13710516  0.11188783  0.10947865  0.07390329
  0.13012903  0.06590135  0.08577731  0.08550569  0.08813341  0.05336531
  0.10004028  0.07534597  0.05383525  0.12412565  0.03257593  0.08376478
  0.09408997  0.12803058  0.04284805  0.05317324  0.07437948  0.07382361
  0.0122565   0.0894371   0.03053056  0.0236075   0.05251122  0.02064246
  0.02911434  0.01397081  0.0593155  -0.05584965  0.01814736  0.07304282
 -0.03257155  0.03187469  0.05042036 -0.03846878  0.03101435  0.01957742
 -0.00644718 -0.00248917  0.01553349  0.01949149 -0.01104698  0.05525256
  0.00190593  0.03318597  0.02070301  0.04110199 -0.05230104  0.0471647
  0.00151554 -0.02902294  0.00491767 -0.00837256  0.01468699 -0.0163745
  0.0207497  -0.03074362  0.02681241  0.00530169  0.0092597  -0.03453615
  0.04848861 -0.03298732  0.05056046 -0.06142109  0.03804464 -0.06756973
  0.03455658 -0.06654391  0.01248999 -0.04323296 -0.00743904  0.00288614
 -0.05682767  0.03123399 -0.04439777 -0.02266851 -0.0237474  -0.03252375
 -0.03626321 -0.03363549 -0.04055854 -0.06658314 -0.02760563 -0.06185071
 -0.04781892 -0.08629363 -0.03006788 -0.0884514  -0.06962148 -0.06514045
 -0.05799885 -0.09542753 -0.01639363 -0.13474236 -0.01750536 -0.05626432
 -0.07459145 -0.05020161 -0.0443903  -0.07545179 -0.04469477 -0.07575627
 -0.00175926 -0.07739102 -0.04078984 -0.04134571 -0.01510257 -0.08489017
 -0.00903985 -0.05283571 -0.02473926 -0.08445307 -0.03540177 -0.06698628
 -0.0216416  -0.07817181 -0.03282713 -0.07396241 -0.02994801 -0.07241358
 -0.03661966 -0.0517632  -0.04913548 -0.07568309 -0.06483488 -0.04362864
 -0.07469013 -0.05666747 -0.07765517 -0.0328335  -0.08751042 -0.0517165
 -0.06819032 -0.07644366 -0.05975129 -0.10858404 -0.07915731 -0.11791627
 -0.11343524 -0.13627625 -0.12329048 -0.14931508 -0.09760321 -0.1618309
 -0.14513853 -0.12844616 -0.15128716 -0.13459479 -0.13700396 -0.13489926
 -0.15085007 -0.16014944 -0.1638889  -0.13683849 -0.1615328  -0.15306092
 -0.14088242 -0.15469567 -0.14118689 -0.1690648  -0.15422573 -0.15345131
 -0.18503582 -0.14924191 -0.1521741  -0.1450325  -0.14107449 -0.12623543
 -0.09733171 -0.11698913 -0.09497561 -0.10693556 -0.09475706 -0.11812109
 -0.08684105 -0.10198459 -0.09218242 -0.08770139 -0.09833105 -0.06572073
 -0.07953398 -0.06735548 -0.05118613 -0.07455016 -0.06555525 -0.07114802
 -0.07355719 -0.06641559 -0.07015505 -0.07389451 -0.0680832  -0.06279491
 -0.0588369  -0.06124608 -0.06550855 -0.06739471 -0.06980388 -0.07169004
 -0.06906232 -0.06192072 -0.06380688 -0.06117915 -0.05855143 -0.05592371
 -0.06232375 -0.05969602 -0.06158218]",0.23823529411764705,0.0004901960784313725,0.0,0.7752173913043479,0.25858695652173913,0.0,0.2446341463414634,0.0004878048780487805,0.0,0.9059722222222222,0.6291666666666667,0.0,0.2511290322580645,0.0003225806451612903,0.0,0.7680769230769231,0.2478846153846154,0.0,0.26071428571428573,0.0004761904761904762,0.0,0.8525,0.463125,0.0,0.26545454545454544,0.0009090909090909091,0.0,0.7608333333333334,0.23416666666666666,0.0,0.81875,0.4025,0.0,0.36604880845055304,0.0,0.07331719620958752
3.875,0.1307,707,0.6075892857142857,0.02558234378972167,0.7642857142857142,0.03999362194048408,0.23717677448702118,2.0,0.27748636172891317,0.7389609586666874,0.10334273263432546,2.0,0.3547625295198112,0.6976855537101799,0.1319114193433611,4,0.4107654024518634,4,0.4949874686716793,-0.007273331495489128,5.0,1.177117711771177,"[ 1.00000000e+00 -2.22146275e-01  1.42629301e-01 -7.23399408e-02
  4.94987469e-01 -1.75324675e-01  1.91045796e-01 -1.92982456e-01
  3.44041923e-01 -1.38869902e-01  1.66097061e-01 -1.86033265e-01
  3.50991114e-01 -1.74185464e-01  1.82615630e-01 -1.43198906e-01
  3.02916382e-01 -1.51287309e-01  1.44110276e-01 -1.63362953e-01
  2.38095238e-01 -1.79425837e-01  1.86944634e-01 -2.05855548e-01
  2.15538847e-01 -1.62907268e-01  1.50831625e-01 -2.57120073e-01
  2.92663477e-01 -2.53246753e-01  1.68147642e-01 -2.23057644e-01
  2.73296879e-01 -2.04032809e-01  1.54363181e-01 -2.14513557e-01
  2.93005240e-01 -2.06652996e-01  1.40578720e-01 -1.72476646e-01
  2.68056505e-01 -1.86944634e-01  1.60287081e-01 -1.40009114e-01
  2.72613352e-01 -1.44907724e-01  1.57666895e-01 -8.28206881e-02
  2.65208476e-01 -1.73046252e-01  1.46274778e-01 -1.33287765e-01
  2.21120984e-01 -1.42173616e-01  8.62383231e-02 -1.80565049e-01
  2.12918660e-01 -1.11300980e-01  7.24538619e-02 -2.01526544e-01
  2.86853497e-01 -1.54591023e-01  8.89724311e-02 -1.66666667e-01
  2.60309866e-01 -1.81134655e-01  9.91114149e-02 -1.62109820e-01
  2.00273411e-01 -1.70995671e-01  1.18819777e-01 -1.98222830e-01
  1.93665983e-01 -2.11095922e-01  1.02642971e-01 -1.80906812e-01
  1.83071315e-01 -2.21690590e-01  1.03212577e-01 -1.52426521e-01
  1.82046024e-01 -2.17133743e-01  1.17338802e-01 -1.27136022e-01
  1.85007974e-01 -1.93438141e-01  1.25882889e-01 -1.09022556e-01
  1.60059239e-01 -1.55388471e-01  1.28844839e-01 -1.43540670e-01
  1.99703805e-01 -1.35680109e-01  1.16655275e-01 -1.66894509e-01
  2.28981545e-01 -1.90134427e-01  1.23604466e-01 -1.61540214e-01
  1.91273639e-01 -1.81590339e-01  1.37730690e-01 -1.12326270e-01
  1.77489177e-01 -1.84210526e-01  1.23946229e-01 -1.09364320e-01
  1.95602643e-01 -2.10754158e-01  1.19731146e-01 -8.56687172e-02
  1.70653907e-01 -2.18956482e-01  1.39439508e-01 -4.36318068e-02
  1.21781727e-01 -1.26680337e-01  1.25655047e-01 -1.25996810e-01
  1.87742082e-01 -1.51629073e-01  8.79471406e-02 -1.17452723e-01
  1.79539758e-01 -1.98906357e-01  1.52312600e-01 -6.42515379e-02
  1.19503304e-01 -1.41717931e-01  1.53679654e-01 -3.65686945e-02
  1.21667806e-01 -8.77192982e-02  1.07199818e-01 -7.18842561e-02
  1.87628161e-01 -1.15857826e-01  9.18204602e-02 -6.89223058e-02
  1.70653907e-01 -1.70312144e-01  5.41125541e-02 -3.40624288e-02
  6.43654591e-02 -1.45021645e-01  5.54796081e-02 -6.22009569e-02
  1.19161540e-01 -1.30097972e-01  4.24925951e-02 -5.84415584e-02
  1.10161768e-01 -1.52654363e-01  3.82775120e-02 -5.70745044e-02
  7.24538619e-02 -1.44110276e-01  3.56573251e-02 -4.85304170e-02
  6.42515379e-02 -1.18819777e-01  4.26065163e-02 -1.76577808e-02
  5.20619731e-02 -7.83777626e-02  5.11506038e-02 -4.81886535e-02
  9.80861244e-02 -1.14490772e-01  2.62018683e-02 -6.15174299e-03
  9.54659376e-02 -1.24287993e-01  4.98974710e-02 -4.94417863e-02
  1.19161540e-01 -1.04579631e-01  8.20232399e-03 -2.41512873e-02
  1.55616314e-01 -8.88585099e-02 -4.35755897e-18 -4.44292550e-03
  1.40236956e-01 -1.33743450e-01  1.25313283e-02 -4.21508316e-02
  6.90362269e-02 -1.12440191e-01 -5.24037366e-03 -6.15174299e-02
  3.61130098e-02 -9.11369332e-02 -1.34426977e-02 -5.69605833e-02
  7.25677831e-02 -1.00934154e-01  1.74299385e-02 -6.11756664e-02
  3.64547733e-02 -9.79722032e-02  3.64547733e-03 -6.22009569e-02
  1.31009342e-02 -1.08566872e-01  3.21257690e-02 -6.16313511e-02
  2.50626566e-03 -8.56687172e-02  2.71132376e-02 -5.14923673e-02
  7.06311233e-03 -8.27067669e-02  1.33287765e-02 -6.36819321e-02
  8.43016632e-03 -7.25677831e-02  6.25427204e-02 -5.67327409e-02
  3.77079061e-02 -7.67828663e-02  5.11506038e-02  4.55684666e-04
  1.67464115e-02 -8.09979494e-02  5.41125541e-02 -2.44930508e-02
  3.08726361e-02 -4.45431761e-02 -1.70881750e-02 -4.78468900e-03
  6.49350649e-02 -6.15174299e-02 -1.73160173e-02 -3.29232171e-02
  2.40373661e-02 -4.89861016e-02 -3.66826156e-02 -3.55434040e-02
  1.74299385e-02 -2.21007063e-02 -3.93028025e-02 -2.69993165e-02
  3.15561631e-02 -1.91387560e-02 -3.63408521e-02 -4.63659148e-02
  5.68466621e-02 -6.08339029e-02 -2.77967646e-02 -4.18090681e-02
 -1.83413078e-02 -4.35178856e-02  6.83526999e-04 -4.28343586e-02
 -1.93665983e-02 -3.33789018e-02  1.48097517e-02 -2.07336523e-02
 -1.95944406e-02]",0.21735294117647058,0.0,0.0,0.788804347826087,0.33456521739130435,0.0,0.22134146341463415,0.0,0.0,0.9619444444444445,0.81875,0.0,0.22725806451612904,0.0,0.0,0.7819230769230769,0.3044230769230769,0.0,0.22333333333333333,0.0,0.0,0.9403125,0.724375,0.0,0.22545454545454546,0.0,0.0,0.79,0.25833333333333336,0.0,0.8725,0.41875,0.0,0.4880893255295429,0.09761786510590857,0.09761786510590857
3.875,0.1307,1313,0.5662499999999999,0.026377242626389654,0.8523214285714286,0.05979103705610816,0.15002243522167621,280.0,0.2515995760232703,0.7608452217749074,0.5232840790414977,280.0,0.46688745720888547,0.5042760201939565,0.8209285454281497,3,0.5111726018607633,2,0.8223171040945392,-0.1695988793297421,19.0,1.0324464633354964,"[ 1.          0.7674929   0.8223171   0.78484885  0.81707937  0.75202239
  0.76438867  0.72192537  0.74178423  0.69908901  0.67898747  0.63878978
  0.68362388  0.60596332  0.59335435  0.59822806  0.56529103  0.54269197
  0.52259043  0.51486056  0.50724664  0.49190824  0.45420807  0.46407683
  0.45657888  0.44385395  0.42125489  0.44111375  0.42350974  0.40091067
  0.39091519  0.40089991  0.40850305  0.38851747  0.38613052  0.38873862
  0.39872333  0.36625013  0.37135575  0.37634541  0.36896341  0.36884207
  0.33148977  0.34397201  0.35157516  0.3289761   0.31410152  0.31159861
  0.31670424  0.2966027   0.28422565  0.28933127  0.28932588  0.29419959
  0.25922886  0.24911742  0.25172552  0.23911656  0.23922713  0.23434265
  0.24694085  0.22196022  0.21695979  0.22206541  0.22455755  0.21717555
  0.20729602  0.22488927  0.20740121  0.20501426  0.20262731  0.18775273
  0.22282865  0.18297883  0.18547097  0.20556174  0.17796763  0.17058562
  0.1607061   0.18079687  0.15570028  0.1608059   0.13094618  0.13593585
  0.13093541  0.12093993  0.08846672  0.11105502  0.08857191  0.08856653
  0.06619938  0.07868162  0.06630457  0.08128433  0.03643946  0.0589118
  0.03904217  0.04902689  0.02665974  0.04425299  0.02688088  0.03198651
  0.03709213  0.02971013  0.03731327  0.04491642  0.01993579  0.03503151
  0.03752365  0.02015155  0.01276955  0.02536775  0.0030006   0.01559879
 -0.00938184 -0.01676384 -0.02164832 -0.01904022 -0.05401095 -0.05889543
 -0.05890081 -0.08887649 -0.10125354 -0.10863554 -0.1261236  -0.13100808
 -0.1508777  -0.16087318 -0.16825519 -0.1858592  -0.21083983 -0.21322678
 -0.21572969 -0.24582133 -0.25331929 -0.26569634 -0.2783053  -0.28818483
 -0.30067784 -0.30306479 -0.31044679 -0.30783869 -0.31771822 -0.31522608
 -0.3151155  -0.31024179 -0.31013122 -0.30763908 -0.30276537 -0.30027323
 -0.30016266 -0.29767052 -0.29279681 -0.29268623 -0.29019409 -0.29008352
 -0.28997295 -0.28748081 -0.28737023 -0.28725966 -0.28476752 -0.28227538
 -0.28216481 -0.27967266 -0.27956209 -0.27945152 -0.27934095 -0.27684881
 -0.27673823 -0.27662766 -0.27651709 -0.27640651 -0.27629594 -0.2738038
 -0.27369323 -0.27120109 -0.27109051 -0.27097994 -0.27086937 -0.2707588
 -0.27064822 -0.27053765 -0.27042708 -0.2703165  -0.26782436 -0.26771379
 -0.26522165 -0.26511108 -0.26261894 -0.26250836 -0.26001622 -0.25990565
 -0.25741351 -0.25492137 -0.25481079 -0.25231865 -0.24982651 -0.24733437
 -0.24484223 -0.24473166 -0.24462108 -0.23974737 -0.2396368  -0.23952623
 -0.23941566 -0.23454195 -0.23443137 -0.23193923 -0.23182866 -0.23171809
 -0.23160751 -0.23149694 -0.23138637 -0.22889423 -0.22878365 -0.22867308
 -0.22856251 -0.22607037 -0.22595979 -0.22346765 -0.22097551 -0.22086494
 -0.22075437 -0.22064379 -0.21577009 -0.21565951 -0.2107858  -0.20829366
 -0.20341995 -0.20092781 -0.20081724 -0.20070667 -0.19583296 -0.19572238
 -0.19323024 -0.19311967 -0.18824596 -0.18813539 -0.18564325 -0.18553267
 -0.18065896 -0.18054839 -0.17805625 -0.17794568 -0.17545354 -0.1729614
 -0.17285082 -0.17274025 -0.17024811 -0.17013754 -0.16764539 -0.16515325
 -0.16027954 -0.15540584 -0.15053213 -0.14565842 -0.13840314 -0.135911
 -0.13103729 -0.12378201 -0.11414516]",0.13352941176470587,9.80392156862745e-05,0.0,0.8698913043478261,0.5497826086956522,0.0,0.1419512195121951,0.0,0.0,0.9531944444444445,0.8143055555555555,0.0,0.15725806451612903,0.0,0.0,0.835,0.4596153846153846,0.0,0.1692857142857143,0.0,0.0,0.9175,0.69625,0.0,0.18545454545454546,0.0,0.0,0.795,0.3375,0.0,0.8775,0.555,0.0,0.5714711019301811,0.11429814195466367,0.11429814195466367
3.875,0.1307,2029,0.561875,0.025956049735218607,0.8626785714285715,0.06289137663545012,0.14277231249084504,280.0,0.3017090315116553,0.7079314098114542,0.517324859339144,280.0,0.5043791784457242,0.4362029943812094,0.8654840244908409,4,0.5342416963472206,2,0.8811824737150636,-0.16806222338363358,11.0,1.014063811922754,"[ 1.          0.81812169  0.88118247  0.83531784  0.83065798  0.84291217
  0.79987729  0.81213147  0.8023845   0.77006399  0.77837587  0.74999767
  0.73290624  0.73387365  0.67840719  0.71380732  0.67020004  0.68302662
  0.65916313  0.63529964  0.6385244   0.59265977  0.581768    0.59007988
  0.54532779  0.54461025  0.53543569  0.50197038  0.51988407  0.48247645
  0.49021592  0.4742693   0.45380796  0.46777934  0.43771619  0.46071699
  0.42896888  0.43728076  0.40270289  0.39521329  0.38603872  0.37460681
  0.35977273  0.34382611  0.31827766  0.31361781  0.29089912  0.29018157
  0.27197759  0.25151626  0.25757078  0.219623    0.23302199  0.21198825
  0.19604163  0.18629466  0.16697813  0.16851794  0.14128454  0.13888204
  0.12745012  0.12279027  0.09498447  0.1066985   0.07495039  0.09117913
  0.05717367  0.06211563  0.05351347  0.04774106  0.06171245  0.04408087
  0.05579489  0.04493538  0.0273038   0.02998841  0.01970129  0.01335648
  0.02338556  0.00575398  0.0129533  -0.01145034 -0.00142127 -0.01905285
 -0.01862559 -0.04077188 -0.03074281 -0.04385968 -0.03608796 -0.05146218
 -0.04820517 -0.0635794  -0.0654095  -0.07852637 -0.07809911 -0.08895863
 -0.09247368 -0.09656113 -0.10233354 -0.10416364 -0.1127658  -0.11233854
 -0.12828517 -0.12954287 -0.13080057 -0.13205826 -0.13331596 -0.13457366
 -0.13583136 -0.13708905 -0.13834675 -0.13960445 -0.14086215 -0.14211985
 -0.14337754 -0.14463524 -0.14589294 -0.14715064 -0.14840833 -0.14966603
 -0.15092373 -0.15218143 -0.15343913 -0.15469682 -0.15595452 -0.15721222
 -0.15846992 -0.15972761 -0.16098531 -0.16224301 -0.16350071 -0.16475841
 -0.1660161  -0.1672738  -0.1685315  -0.1697892  -0.17104689 -0.17230459
 -0.17356229 -0.17481999 -0.17607769 -0.17733538 -0.17859308 -0.17985078
 -0.18110848 -0.18236617 -0.18362387 -0.18488157 -0.18613927 -0.18739697
 -0.18865466 -0.18991236 -0.19117006 -0.19242776 -0.19368545 -0.19494315
 -0.19620085 -0.19745855 -0.19871624 -0.19997394 -0.20123164 -0.20248934
 -0.20374704 -0.20500473 -0.20626243 -0.20752013 -0.20877783 -0.21003552
 -0.21129322 -0.21255092 -0.21380862 -0.21506632 -0.21632401 -0.21758171
 -0.21883941 -0.22009711 -0.2213548  -0.2226125  -0.2238702  -0.22175799
 -0.22133073 -0.22090348 -0.22047622 -0.22173392 -0.22130666 -0.22256436
 -0.2221371  -0.22170985 -0.22128259 -0.22085534 -0.22042808 -0.22168578
 -0.22125852 -0.22251622 -0.22208896 -0.22334666 -0.2229194  -0.22249215
 -0.22206489 -0.22332259 -0.22289533 -0.22246808 -0.22204082 -0.22329852
 -0.22287126 -0.22412896 -0.2237017  -0.22327445 -0.22284719 -0.22241994
 -0.22199268 -0.22156542 -0.22282312 -0.22239587 -0.22196861 -0.2198564
 -0.21942914 -0.21731693 -0.21688968 -0.21309251 -0.2109803  -0.20886809
 -0.20675588 -0.20464367 -0.20084651 -0.20210421 -0.19830704 -0.19619483
 -0.19239767 -0.19028546 -0.1898582  -0.18606104 -0.18394883 -0.18183662
 -0.17803945 -0.17592724 -0.17381503 -0.17001787 -0.16790566 -0.16242354
 -0.16031133 -0.15819912 -0.15440196 -0.15060479 -0.14680763 -0.14469542
 -0.14426816 -0.140471   -0.14004374 -0.13793153 -0.13581932 -0.1303372
 -0.12485509 -0.12274288 -0.1155758  -0.11346359 -0.10966643 -0.10249936
 -0.09870219 -0.09153512 -0.08773796]",0.12901960784313726,0.000196078431372549,0.0,0.8768478260869565,0.5594565217391304,0.0,0.13353658536585367,0.00012195121951219512,0.0,0.9588888888888889,0.8493055555555555,0.0,0.14112903225806453,0.0,0.0,0.854423076923077,0.48096153846153844,0.0,0.16166666666666665,0.0,0.0,0.913125,0.6915625,0.0,0.19318181818181818,0.0,0.0,0.8041666666666667,0.3225,0.0,0.845,0.48625,0.0,0.5806936172210679,0.11615144463024898,0.11615144463024898
3.875,0.1307,3001,0.5820535714285714,0.04673994148586453,0.7601785714285714,0.09168056094452107,0.20755977676751505,2.0,0.09515236612356114,0.8569692431704612,0.18631348028329278,280.0,0.3321861228859996,0.6578743538785684,0.6528996642702825,8,0.32774417405656014,2,0.6623321466102516,-0.13983443613615154,16.0,1.0971649484536083,"[ 1.00000000e+00  5.50407246e-01  6.62332147e-01  6.31266581e-01
  6.18475539e-01  5.83160966e-01  6.11797742e-01  5.51835135e-01
  6.33368254e-01  5.51530848e-01  5.22157298e-01  5.35292786e-01
  5.40973543e-01  5.12248725e-01  5.46826523e-01  4.63710621e-01
  5.18273928e-01  4.50029551e-01  4.30018990e-01  4.63534537e-01
  4.56054754e-01  4.06498420e-01  4.75500762e-01  3.97263631e-01
  3.89783848e-01  3.91864330e-01  3.31271960e-01  4.15559346e-01
  3.87464291e-01  3.57047458e-01  3.58065688e-01  3.67365689e-01
  3.40116642e-01  3.18611342e-01  3.61057390e-01  3.01527271e-01
  3.71591866e-01  3.10153487e-01  3.25197235e-01  2.91161158e-01
  3.26387688e-01  3.08698907e-01  3.19493647e-01  2.88644326e-01
  3.32152626e-01  2.80274513e-01  2.79384485e-01  2.57465665e-01
  2.61886895e-01  2.67783896e-01  2.70926630e-01  2.06085253e-01
  2.61494567e-01  2.05997211e-01  2.09139945e-01  1.94854163e-01
  2.56853231e-01  1.86916839e-01  2.34044383e-01  1.91077803e-01
  1.93374530e-01  1.91206005e-01  1.66730194e-01  1.82187461e-01
  2.18692487e-01  1.89751425e-01  1.63997118e-01  1.59290570e-01
  1.81553836e-01  1.53261506e-01  1.52371477e-01  1.53173464e-01
  1.71187722e-01  1.44587407e-01  1.28393366e-01  1.19437811e-01
  1.30016308e-01  1.21906761e-01  1.35888257e-01  1.12690941e-01
  1.02456891e-01  1.36837414e-01  6.26520145e-02  1.14028565e-01
  9.40180052e-02  8.10107190e-02  1.01995489e-01  5.83991460e-02
  6.74829024e-02  4.23773275e-02  5.16773280e-02  1.31759999e-02
  6.26442915e-02  2.73297186e-02  1.85904082e-02  2.59821493e-02
  1.55318548e-02 -8.59461926e-04  1.75872848e-02 -1.11375334e-02
  4.29932845e-02  2.04447014e-02  6.80765168e-03 -6.39690982e-03
  1.21107538e-03 -1.58721277e-03  1.26105270e-02 -2.77990604e-02
  3.84490149e-02 -1.55536012e-02  1.09586714e-02 -3.62379460e-02
  5.08363336e-05 -2.80252496e-02  3.16851811e-03 -4.59553274e-02
 -2.98493283e-02 -4.32701339e-02 -5.43691607e-02 -8.81889936e-02
 -1.36591483e-02 -7.57272902e-02 -5.15557652e-02 -5.83868163e-02
 -8.41411234e-02 -1.13279461e-01 -8.33641892e-02 -1.20803266e-01
 -8.21737356e-02 -1.23842850e-01 -1.14542850e-01 -1.19249397e-01
 -1.44787460e-01 -1.38241727e-01 -1.54435768e-01 -1.67010566e-01
 -1.33476051e-01 -1.72390898e-01 -1.84335933e-01 -1.76079215e-01
 -1.71874229e-01 -2.09097062e-01 -1.45603253e-01 -2.15972134e-01
 -1.70969093e-01 -1.79924648e-01 -2.14806733e-01 -1.89572956e-01
 -1.88338481e-01 -2.08565285e-01 -1.41038714e-01 -1.80602294e-01
 -1.84030346e-01 -1.74081613e-01 -1.45661081e-01 -1.92227935e-01
 -1.64004678e-01 -1.92945741e-01 -1.53037715e-01 -1.73480763e-01
 -1.84560821e-01 -1.76952836e-01 -1.78905117e-01 -1.88941892e-01
 -1.65183886e-01 -2.03252726e-01 -1.78018949e-01 -1.74443727e-01
 -2.11017827e-01 -1.82164807e-01 -2.03867382e-01 -2.01786900e-01
 -1.90992159e-01 -2.17159986e-01 -1.91709965e-01 -2.27438057e-01
 -2.00493297e-01 -2.13068095e-01 -1.90156097e-01 -2.29287188e-01
 -2.06158946e-01 -2.11514226e-01 -2.05184737e-01 -2.28165808e-01
 -2.20125335e-01 -2.15704105e-01 -2.14685874e-01 -2.38296709e-01
 -2.00315912e-01 -2.42201270e-01 -2.11656235e-01 -2.18290010e-01
 -2.22150550e-01 -2.04568780e-01 -1.99301542e-01 -2.09122073e-01
 -1.97697569e-01 -2.01774353e-01 -2.04572641e-01 -2.00151412e-01
 -2.01887448e-01 -1.91938715e-01 -2.20447289e-01 -2.03279038e-01
 -2.10326333e-01 -1.94436578e-01 -2.20388161e-01 -2.04714650e-01
 -2.05820923e-01 -2.06927196e-01 -2.09311964e-01 -2.20824511e-01
 -2.13000281e-01 -2.15168806e-01 -2.09252836e-01 -2.11637605e-01
 -2.12960122e-01 -2.08322648e-01 -2.00301143e-01 -2.05656423e-01
 -2.15260710e-01 -2.10839480e-01 -2.06004730e-01 -2.10927522e-01
 -2.12879802e-01 -2.23113853e-01 -2.01283075e-01 -2.13011866e-01
 -1.95213851e-01 -2.22660174e-01 -1.98272405e-01 -2.05752188e-01
 -1.95606180e-01 -2.12429985e-01 -1.85485224e-01 -1.99122274e-01
 -1.92576540e-01 -1.88371555e-01 -2.04349352e-01 -1.89305604e-01
 -1.89998358e-01 -1.91950638e-01 -2.03679429e-01 -1.95009192e-01
 -2.03334983e-01 -1.94880990e-01 -1.94925011e-01 -2.01342543e-01
 -1.88855787e-01 -1.98046554e-01 -1.79186288e-01 -1.85603820e-01
 -1.85215353e-01 -1.77193848e-01 -1.76824350e-01 -1.71557112e-01
 -1.77974644e-01 -1.55711378e-01 -1.68088901e-01 -1.41576628e-01
 -1.52891899e-01]",0.18549019607843137,9.80392156862745e-05,0.0,0.8414130434782608,0.3898913043478261,0.0,0.19182926829268293,0.00036585365853658537,0.0,0.8604166666666667,0.4390277777777778,0.0,0.20629032258064517,0.00016129032258064516,0.0,0.8288461538461539,0.33653846153846156,0.0,0.22404761904761905,0.0,0.0,0.800625,0.266875,0.0,0.27045454545454545,0.00045454545454545455,0.0,0.7733333333333333,0.22333333333333333,0.0,0.735,0.14,0.0,0.33091722966920994,0.0,0.06622663507989594
3.855,0.1253,101,0.5885714285714286,0.028327080142290607,0.8089285714285713,0.04382100651793495,0.19455059663788313,2.0,0.6414360912403835,0.4262738885141622,0.0474107475337931,2.0,0.7097188892697974,0.33517234354153796,0.020121688026908967,8,0.6413515907078138,8,0.7346159320586415,-0.0014607711739407243,13.0,1.0734597156398105,"[ 1.         -0.61273545  0.38595388 -0.48832258  0.72590976 -0.5854308
  0.403129   -0.5764281   0.73461593 -0.54334701  0.3995469  -0.54746287
  0.7272145  -0.55622835  0.38284623 -0.53244651  0.68560516 -0.54121198
  0.40251222 -0.53220928  0.69597191 -0.50294753  0.40822935 -0.52649215
  0.72493714 -0.51582887  0.39451772 -0.50300683  0.63600133 -0.5126026
  0.42182237 -0.52850856  0.63374769 -0.48064834  0.39798121 -0.50884258
  0.6123974  -0.46098235  0.35720216 -0.49000688  0.62957252 -0.47552427
  0.33801063 -0.46652156  0.598923   -0.48757532  0.36315652 -0.47010367
  0.62788822 -0.47338924  0.37186269 -0.45126797  0.58627888 -0.46468307
  0.35815107 -0.46879893  0.59033544 -0.45896593  0.34062011 -0.43684466
  0.59140295 -0.46802795  0.32607819 -0.41717868  0.54896332 -0.47792024
  0.3216658  -0.42624069  0.55003084 -0.46290388  0.33668217 -0.40275537
  0.54179912 -0.43393865  0.33310006 -0.41015681  0.52891778 -0.43752076
  0.32021872 -0.41539949  0.5515728  -0.44741306  0.31032642 -0.37879561
  0.50531385 -0.43322698  0.2957845  -0.38237771  0.49077193 -0.43846966
  0.29602173 -0.37284125  0.47407126 -0.40867415  0.29791953 -0.36164421
  0.47131945 -0.38817787  0.28586848 -0.36140698  0.47072638 -0.38877094
  0.26667695 -0.34340158  0.45701476 -0.38388409  0.26226455 -0.33768444
  0.44413342 -0.37816696  0.24938321 -0.32266807  0.42195284 -0.36315059
  0.24580111 -0.31612065  0.41455141 -0.35195355  0.23839968 -0.3057539
  0.40167007 -0.3415868   0.23016796 -0.29538715  0.38878873 -0.33122005
  0.22193623 -0.2850204   0.37590739 -0.3208533   0.21370451 -0.27465365
  0.36302605 -0.31048655  0.20547279 -0.2642869   0.35014471 -0.3001198
  0.19724107 -0.25392015  0.33726337 -0.28975305  0.18900935 -0.2435534
  0.32438203 -0.2793863   0.18077762 -0.23318665  0.31150069 -0.26901955
  0.1725459  -0.2228199   0.29861935 -0.2586528   0.16431418 -0.21245315
  0.28573801 -0.24828605  0.15608246 -0.2020864   0.27285667 -0.2379193
  0.14785074 -0.19171965  0.25997533 -0.22755255  0.1404493  -0.18517223
  0.2525739  -0.22100512  0.13221758 -0.17480548  0.23969256 -0.21063837
  0.12398586 -0.16443872  0.22681122 -0.20027162  0.11492385 -0.15025265
  0.20844997 -0.18691583  0.10968117 -0.14154647  0.19390805 -0.17272975
  0.10227974 -0.13499905  0.18650662 -0.16618233  0.0948783  -0.12845163
  0.17910519 -0.16129549  0.09511553 -0.13369431  0.18316174 -0.16022797
  0.08987285 -0.11950823  0.16480049 -0.14687218  0.08463017 -0.11080206
  0.15025858 -0.13351639  0.08104806 -0.10973454  0.14667647 -0.12696897
  0.07281634 -0.09936779  0.13379513 -0.11743251  0.06923424 -0.09830028
  0.13021303 -0.11254567  0.06947146 -0.10354296  0.13426958 -0.11147815
  0.06422878 -0.08935688  0.11673863 -0.10277198  0.06994591 -0.0975886
  0.11614556 -0.09240523  0.05623428 -0.08423281  0.10708355 -0.08751838
  0.0509916  -0.07004673  0.08955259 -0.07715163  0.04823979 -0.06349931
  0.07750154 -0.07226479  0.05229634 -0.06409238  0.06677895 -0.05807871
  0.04406462 -0.05372563  0.0547279  -0.05236158  0.04347156 -0.04501945
  0.03387579 -0.03136713  0.03357926 -0.03714357  0.02863311 -0.02648029
  0.02916686 -0.02677682  0.01575177]",0.17794117647058824,9.80392156862745e-05,0.0,0.8265217391304348,0.49369565217391304,0.0,0.17829268292682926,0.0,0.0,0.9781944444444445,0.8902777777777777,0.0,0.17758064516129032,0.0,0.0,0.8328846153846153,0.48903846153846153,0.0,0.17595238095238094,0.0,0.0,0.960625,0.804375,0.0,0.1740909090909091,0.0,0.0,0.8441666666666666,0.5,0.0,0.955,0.76375,0.0,0.6354577704548932,0.12709547565960608,0.12709547565960608
3.855,0.1253,707,0.5571428571428572,0.020218828363883064,0.8708928571428571,0.03804493516667804,0.12946079268027402,2.028985507246377,0.10100956856214828,0.8437527061629436,0.1792966894433053,280.0,0.45268343239127223,0.5883447176171885,0.6631594821676555,6,0.3967015823490078,2,0.6894146731416236,-0.15295196536375857,5.0,1.0135078969243558,"[ 1.          0.53627615  0.68941467  0.59221723  0.67390987  0.58647207
  0.60132326  0.53855996  0.58940948  0.56006689  0.54665258  0.51114137
  0.54090742  0.51773346  0.55366813  0.51042411  0.51192464  0.48617308
  0.46042151  0.46809067  0.46342258  0.44383964  0.43917155  0.45917795
  0.43959501  0.45960142  0.41792158  0.43535038  0.39007953  0.49746008
  0.32623915  0.43361971  0.33642226  0.4181149   0.32708608  0.32600901
  0.36709889  0.33158768  0.36393133  0.30733665  0.34225791  0.31908394
  0.33292172  0.34059088  0.29891105  0.33742332  0.32658661  0.28490678
  0.32341905  0.29407647  0.28940838  0.31558341  0.30474669  0.2728265
  0.26198979  0.23881583  0.26499086  0.23923929  0.21348773  0.22990311
  0.20415155  0.18972381  0.20356159  0.1988935   0.18188817  0.24148392
  0.15045509  0.26299085  0.15345616  0.22898018  0.12561411  0.23198125
  0.16562692  0.1794647   0.17479661  0.17629714  0.12844869  0.19163546
  0.12528113  0.15762478  0.10719872  0.16421687  0.10762218  0.12505099
  0.08337115  0.07870306  0.0802036   0.06936688  0.09554191  0.05128447
  0.03685674  0.05686314  0.06094128  0.03776732  0.0516051   0.02226252
  0.08904031  0.03143221  0.03394616 -0.00515607  0.06419932  0.00401362
  0.0152738  -0.02023741  0.01210624 -0.01465874 -0.03424168 -0.04866942
 -0.01632577 -0.05183698 -0.03183057 -0.06117316 -0.04116675 -0.06434071
 -0.05667156 -0.08601414 -0.08451361 -0.07684445 -0.10001841 -0.11702375
 -0.10935459 -0.1176137  -0.14078766 -0.14545575 -0.14395522 -0.14862331
 -0.1779659  -0.18521159 -0.18987968 -0.19095675 -0.22029934 -0.2460509
 -0.24455037 -0.23688121 -0.25388655 -0.27963811 -0.2817286  -0.27765046
 -0.27974095 -0.29057766 -0.29266815 -0.29475864 -0.2932581  -0.29534859
 -0.29743908 -0.29952956 -0.29443801 -0.29293748 -0.29143694 -0.28993641
 -0.28484486 -0.28334432 -0.27825277 -0.27675224 -0.27166068 -0.27016015
 -0.26865961 -0.26715908 -0.26565855 -0.26415801 -0.2662485  -0.26474797
 -0.26324743 -0.2617469  -0.26024637 -0.25874583 -0.2572453  -0.25574477
 -0.25424423 -0.2527437  -0.25124317 -0.24974263 -0.2482421  -0.24674157
 -0.24883205 -0.2437405  -0.24583099 -0.24433045 -0.24282992 -0.23773837
 -0.23623783 -0.2347373  -0.23682779 -0.22814521 -0.2302357  -0.22514414
 -0.22364361 -0.22214308 -0.22064254 -0.22273303 -0.2212325  -0.22332298
 -0.21823143 -0.2167309  -0.21523036 -0.21372983 -0.2122293  -0.21072876
 -0.20563721 -0.20054566 -0.19904512 -0.19395357 -0.19245304 -0.1909525
 -0.18945197 -0.18795143 -0.1864509  -0.18495037 -0.18344983 -0.1819493
 -0.18044877 -0.17894823 -0.1774477  -0.17594717 -0.17444663 -0.1729461
 -0.17503659 -0.17353605 -0.17203552 -0.17053499 -0.17262547 -0.16753392
 -0.16962441 -0.16453285 -0.1594413  -0.15794077 -0.15644023 -0.1549397
 -0.14984814 -0.14834761 -0.14684708 -0.14534654 -0.14384601 -0.14234548
 -0.14084494 -0.13934441 -0.13784388 -0.13634334 -0.13484281 -0.13334228
 -0.13184174 -0.13393223 -0.12884068 -0.12734014 -0.12583961 -0.1279301
 -0.12283854 -0.12133801 -0.11983748 -0.11833694 -0.10965437 -0.10815383
 -0.09947126 -0.10156175 -0.09647019 -0.09496966 -0.09346913 -0.08837757
 -0.08687704 -0.08537651 -0.08028495]",0.12058823529411765,0.0,0.0,0.8801086956521739,0.6389130434782608,0.0,0.12390243902439024,0.00012195121951219512,0.0,0.9722222222222222,0.8652777777777778,0.0,0.12564516129032258,0.0,0.0,0.8723076923076923,0.6011538461538461,0.0,0.12928571428571428,0.0,0.0,0.9571875,0.795,0.0,0.13454545454545455,0.0,0.0,0.8641666666666666,0.57,0.0,0.93,0.71,0.0,0.6940445432380745,0.13881378669639538,0.13881378669639538
3.855,0.1253,1313,0.5844642857142857,0.02802547583750126,0.7917857142857142,0.05057198345135458,0.20063951483543516,280.0,0.11165354505762125,0.8572890374210475,0.2573390318186078,280.0,0.3760947942679132,0.6522761551888245,0.5714340904914749,8,0.30046457135897264,4,0.6156023568471825,-0.12418796748638253,28.0,1.0754305117632792,"[ 1.          0.45529453  0.54596885  0.52492804  0.61560236  0.50087545
  0.52813647  0.39595407  0.61288144  0.49408989  0.46200225  0.46013754
  0.54674722  0.46052263  0.43541719  0.41145882  0.49572447  0.41648208
  0.41581432  0.41572009  0.41328185  0.39281457  0.39272035  0.36120625
  0.4454719   0.37904682  0.34055052  0.37187618  0.41424867  0.35188822
  0.33084741  0.3697288   0.36614348  0.32707364  0.3583993   0.33386739
  0.35471975  0.32263211  0.26668032  0.28112403  0.3479342   0.26405363
  0.24301282  0.26792981  0.29691145  0.26133271  0.27228532  0.21398951
  0.26042663  0.24636801  0.20146305  0.1565581   0.25593522  0.20639209
  0.16148714  0.17009572  0.16359284  0.17105435  0.17851586  0.10276456
  0.16665717  0.14212526  0.13504884  0.09420852  0.16450979  0.12017837
  0.10784036  0.07283516  0.13266314  0.08484062  0.08531993  0.0619351
  0.05251466  0.04892934  0.03893536 -0.00482252  0.04744972  0.05491123
 -0.01151385  0.02038534  0.0109649   0.05974604 -0.01366124 -0.03761961
 -0.00629395  0.01398487 -0.01810277 -0.0641548  -0.0427289   0.00605225
 -0.03942625 -0.11632462 -0.01053884 -0.0181888  -0.05902912 -0.07366127
 -0.07667306 -0.04477386 -0.00297491 -0.12119292 -0.09976702 -0.03353039
 -0.07202669 -0.0965586  -0.07221514 -0.08220912 -0.05729212 -0.08182403
 -0.08483581 -0.07680077 -0.07981255 -0.10840909 -0.09104783 -0.08473339
 -0.09238335 -0.11691526 -0.08965424 -0.05191993 -0.14627379 -0.10447484
 -0.10456906 -0.11862768 -0.14722422 -0.14731845 -0.1055195  -0.10269616
 -0.1382749  -0.1395162  -0.12856359 -0.09140282 -0.14850168 -0.16370737
 -0.1125822  -0.12023216 -0.17733102 -0.15007    -0.17111081 -0.12931186
 -0.13753536 -0.19812532 -0.16679966 -0.11103632 -0.15766189 -0.15541209
 -0.15201522 -0.15560054 -0.14230391 -0.16798289 -0.17563285 -0.14894537
 -0.12574898 -0.17935675 -0.14917817 -0.15218995 -0.13597576 -0.1785367
 -0.15476677 -0.19675417 -0.13749973 -0.20798945 -0.1661905  -0.18024911
 -0.15590565 -0.18741976 -0.18808752 -0.19224638 -0.16790292 -0.21395495
 -0.20764052 -0.19027925 -0.2049114  -0.20792319 -0.18243265 -0.22384651
 -0.15411878 -0.23742581 -0.19505333 -0.18467426 -0.17080409 -0.21628259
 -0.21288571 -0.19844201 -0.14559623 -0.21900351 -0.17663102 -0.1831339
 -0.15238178 -0.17227552 -0.19039877 -0.19283702 -0.13707368 -0.18953437
 -0.21057518 -0.17169379 -0.16188826 -0.16255602 -0.15275049 -0.20870227
 -0.1488743  -0.1768973  -0.18397372 -0.16546538 -0.15102168 -0.19650017
 -0.18205647 -0.15771301 -0.14910443 -0.18004499 -0.16268373 -0.14417539
 -0.11519376 -0.14962542 -0.15904586 -0.13063777 -0.1132765  -0.16401658
 -0.14550824 -0.15201112 -0.08811851 -0.15803469 -0.13718233 -0.13962057
 -0.08969236 -0.1555439  -0.11317141 -0.15109417 -0.10059242 -0.14898847
 -0.14267404 -0.12708326 -0.09518407 -0.13659793 -0.12272776 -0.12516601
 -0.09269328 -0.12712494 -0.10335502 -0.11975765 -0.09833175 -0.10540817
 -0.0950291  -0.10153199 -0.0661417  -0.1011469  -0.06341258 -0.09492669
 -0.06010993 -0.09511513 -0.04690753 -0.08889493 -0.04652244 -0.08152764
 -0.04962845 -0.05962243 -0.03527897 -0.06330197 -0.03197632 -0.05244359
 -0.03159123 -0.05263204 -0.02771504]",0.17401960784313725,0.0,0.0,0.8335869565217391,0.4256521739130435,0.0,0.17878048780487804,0.0,0.0,0.9234722222222222,0.6919444444444445,0.0,0.19016129032258064,0.0,0.0,0.8107692307692308,0.3794230769230769,0.0,0.20833333333333334,0.0,0.0,0.8925,0.58625,0.0,0.20681818181818182,0.0,0.0,0.8125,0.38333333333333336,0.0,0.8975,0.58625,0.0,0.4933206057227796,0.09866412114455592,0.09866412114455592
3.855,0.1253,2029,0.557767857142857,0.0186585781415762,0.880357142857143,0.03669197487746012,0.116636735339297,2.0,0.4031373409390077,0.5486147607476278,0.11150943802192519,2.0,0.2747629944426285,0.5835972344091493,0.3693948417264187,4,0.7205209733821392,4,0.8109223793733505,-0.02186829465082539,5.0,1.0309493935591802,"[ 1.          0.21617209  0.31581173  0.20465081  0.81092238  0.09341375
  0.21294918  0.07786594  0.6550044   0.02252656  0.11292888  0.02829566
  0.57227448 -0.0469395   0.02356703 -0.00398423  0.47367531 -0.08845672
 -0.01392367 -0.034843    0.41628883 -0.11931549 -0.06467822 -0.08559755
  0.37619273 -0.1395158  -0.07422007 -0.08850748  0.37730933 -0.14503113
 -0.06647154 -0.08075895  0.34787169 -0.14130913 -0.08264533 -0.10356466
  0.34235636 -0.1335606  -0.0748968  -0.08255228  0.34347296 -0.13907593
 -0.0737802  -0.08143568  0.31403533 -0.14198586 -0.08995398 -0.10424139
  0.30852    -0.14086926 -0.08883738 -0.10312479  0.30300467 -0.13975266
 -0.08772078 -0.10200819  0.29748934 -0.13863606 -0.08660418 -0.10089159
  0.29197401 -0.13751946 -0.08548758 -0.09977499  0.28645869 -0.13640286
 -0.08437098 -0.09865839  0.28094336 -0.13528626 -0.08325438 -0.09754179
  0.27542803 -0.13416966 -0.08213778 -0.09642519  0.2699127  -0.13305306
 -0.08102118 -0.09530859  0.26439737 -0.13193646 -0.07990458 -0.09419199
  0.25888205 -0.13081986 -0.07878798 -0.09307539  0.25336672 -0.12970326
 -0.07767138 -0.09195879  0.24785139 -0.12858665 -0.07655478 -0.09084219
  0.24233606 -0.12747005 -0.07543818 -0.08972559  0.23682073 -0.12635345
 -0.07432158 -0.08860899  0.23130541 -0.12523685 -0.07320498 -0.08749239
  0.22579008 -0.12412025 -0.07208838 -0.08637579  0.22027475 -0.12300365
 -0.07097178 -0.08525919  0.21475942 -0.12188705 -0.06985518 -0.08414259
  0.2092441  -0.12077045 -0.06873858 -0.08302599  0.20372877 -0.11965385
 -0.06762198 -0.08190939  0.19821344 -0.11853725 -0.06650538 -0.08079279
  0.19269811 -0.11742065 -0.06538878 -0.07967619  0.18718278 -0.11630405
 -0.06427218 -0.07855959  0.18166746 -0.11518745 -0.06315558 -0.07744299
  0.17615213 -0.11407085 -0.06203898 -0.07632639  0.1706368  -0.11295425
 -0.06092238 -0.07520979  0.16512147 -0.11183765 -0.05980578 -0.07409319
  0.15960614 -0.11072105 -0.05868918 -0.07297659  0.15409082 -0.10960445
 -0.05757258 -0.07185999  0.14857549 -0.10848785 -0.05645598 -0.07074338
  0.14306016 -0.10737125 -0.05533938 -0.06962678  0.13754483 -0.10625465
 -0.05422278 -0.06851018  0.13202951 -0.10513805 -0.05310618 -0.06739358
  0.12651418 -0.10402145 -0.05198958 -0.06627698  0.12099885 -0.10290485
 -0.05087298 -0.06516038  0.11548352 -0.10178825 -0.04975638 -0.06404378
  0.10996819 -0.10067165 -0.04863978 -0.06292718  0.10445287 -0.09955505
 -0.04752318 -0.06181058  0.09893754 -0.09843845 -0.04640658 -0.06069398
  0.09342221 -0.09732185 -0.04528998 -0.05957738  0.08790688 -0.09620525
 -0.04417338 -0.05846078  0.08239155 -0.09508865 -0.04305678 -0.05734418
  0.07687623 -0.09397205 -0.04194018 -0.05622758  0.0713609  -0.09285545
 -0.04082358 -0.05511098  0.06584557 -0.09173885 -0.03970698 -0.05399438
  0.06033024 -0.09062225 -0.03859038 -0.05287778  0.05481492 -0.08950565
 -0.03747378 -0.05176118  0.04929959 -0.08578365 -0.03375178 -0.04803918
  0.03975773 -0.08466705 -0.03263518 -0.04692258  0.0342424  -0.08355045
 -0.03151858 -0.04580598  0.02872708 -0.07982845 -0.02779658 -0.04208398
  0.01918522 -0.07871185 -0.02667998 -0.04096738  0.01366989 -0.07498985
 -0.02295798 -0.03463998  0.00673344]",0.11480392156862745,0.0,0.0,0.8845652173913043,0.6518478260869566,0.0,0.11609756097560976,0.0,0.0,0.9923611111111111,0.9570833333333333,0.0,0.11709677419354839,0.0,0.0,0.8819230769230769,0.6338461538461538,0.0,0.11952380952380952,0.0,0.0,0.9828125,0.9034375,0.0,0.12590909090909091,0.0,0.0,0.86,0.5033333333333333,0.0,0.9475,0.71125,0.0,0.7299096293199554,0.14598192586399109,0.14598192586399109
3.855,0.1253,3001,0.5977678571428572,0.037936973611988806,0.7244642857142857,0.06491531964405473,0.2423769202311264,2.0,0.15464265271076938,0.8505350755904133,0.11544572896580485,280.0,0.24178530556367986,0.6911102963757502,0.4322109874533573,8,0.2571642222125509,8,0.568037645247806,-0.06448800912175537,15.0,1.175260718424102,"[ 1.          0.25800764  0.51175501  0.33223285  0.53932147  0.28032205
  0.5181558   0.28354515  0.56803765  0.26567117  0.38277939  0.22552721
  0.46543435  0.2848755   0.33102701  0.20127368  0.43180518  0.19926791
  0.28671309  0.23855581  0.3249189   0.20891499  0.28689373  0.15822249
  0.3675207   0.1604089   0.26692317  0.12874009  0.30941196  0.1309265
  0.2501535   0.12355566  0.31062929  0.10248079  0.20692168  0.04015766
  0.2801102   0.04973712  0.20070055  0.01585873  0.26122174  0.0244923
  0.13519875 -0.00726731  0.21257944 -0.03582604  0.10878103 -0.02304569
  0.1533432  -0.01563042  0.1014324  -0.04635333  0.13846531 -0.03898346
  0.06955879 -0.04013415  0.10447291 -0.05287007  0.02709125 -0.06033171
  0.06628835 -0.05399854  0.02808157 -0.08787694  0.09378622 -0.08474464
  0.02492511 -0.08053025  0.08950227 -0.08474562  0.04187445 -0.10063701
  0.09373887 -0.06148532  0.01532052 -0.0985646   0.08413525 -0.10178867
  0.0406996  -0.12408184  0.0798513  -0.09759747  0.01626446 -0.17601583
  0.046941   -0.13898292 -0.05478403 -0.14324369  0.02570674 -0.14854114
 -0.03995348 -0.16655133 -0.01351452 -0.17933265  0.00233051 -0.17935584
 -0.00404905 -0.12005295 -0.02205924 -0.199508   -0.01257058 -0.1444881
 -0.05501493 -0.15726942 -0.02118291 -0.14358858 -0.03080875 -0.17223812
 -0.02555767 -0.15752059 -0.04361326 -0.14798653 -0.05423039 -0.15012851
 -0.050016   -0.21055986 -0.05324007 -0.15233907 -0.05966503 -0.19473803
 -0.03850033 -0.17253664 -0.07458832 -0.19911278 -0.07150143 -0.14413828
 -0.0938854  -0.16859564 -0.08020457 -0.14328417 -0.05588439 -0.18568313
 -0.04959662 -0.12327016 -0.04646433 -0.16143154 -0.06348322 -0.12340734
 -0.04236393 -0.16368751 -0.0646571  -0.09275399 -0.06999996 -0.14786567
 -0.05099945 -0.11619784 -0.04471168 -0.12469618 -0.08183636 -0.08558989
 -0.07131101 -0.13858278 -0.05546599 -0.10267738 -0.07568577 -0.1334911
 -0.06205034 -0.12512994 -0.05896345 -0.15806245 -0.02513142 -0.10619802
 -0.0463425  -0.15283456 -0.0442923  -0.10308892 -0.02632849 -0.14233239
 -0.01363894 -0.06396041 -0.04120638 -0.09044575 -0.02112378 -0.05454034
 -0.00951633 -0.10014018 -0.02549854 -0.04408358 -0.02344834 -0.10135946
 -0.07436785 -0.05057713 -0.04157252 -0.09825035 -0.04051361 -0.04530383
 -0.07019984 -0.11524703 -0.06282997 -0.07717743 -0.04910373 -0.10366277
 -0.08298213 -0.07505962 -0.08512411 -0.11533978 -0.07879093 -0.08890082
 -0.05447075 -0.11646826 -0.06296909 -0.08574631 -0.03441134 -0.12710857
 -0.04394637 -0.07736294 -0.04081408 -0.10384828 -0.04083727 -0.06893416
 -0.02711103 -0.08694435 -0.00905641 -0.08904092  0.01314497 -0.08482653
 -0.03876583 -0.02872453 -0.03026846 -0.05200898 -0.01550553 -0.05203217
 -0.00173389 -0.04254351 -0.01767069  0.00616543 -0.04208265 -0.01405435
 -0.0135249  -0.04058509  0.00443892 -0.01410073 -0.01780885  0.03357153
 -0.04740427 -0.01933057  0.00135008 -0.02034504  0.00669197 -0.01608525
  0.00143991  0.015855   -0.0291468  -0.0010731   0.02068964  0.00426879
  0.01760178 -0.02415373  0.01135844  0.02045385  0.01462694 -0.0038673
  0.03800123 -0.0016809   0.01480757 -0.01428061  0.02014946  0.01968762
  0.02238127 -0.00981699  0.00554398]",0.2034313725490196,0.000196078431372549,0.0,0.815,0.3105434782608696,0.0,0.21585365853658536,0.0,0.0,0.8851388888888889,0.535,0.0,0.22419354838709676,0.0,0.0,0.8025,0.2655769230769231,0.0,0.23809523809523808,0.0,0.0,0.8440625,0.4025,0.0,0.2722727272727273,0.0009090909090909091,0.0,0.7466666666666667,0.14916666666666667,0.0,0.79,0.2625,0.0,0.33233637973279917,0.0,0.06651148272017837
3.8883,0.1137,101,0.5589285714285714,0.040759686466119015,0.8483928571428572,0.07299160386437523,0.12640372426983168,93.33333333333333,0.10387509211736341,0.8407567368213248,0.2870702045653446,93.33333333333333,0.1834194737826459,0.7608506547557791,0.5231738556643466,2,0.36088565944612006,4,0.5233981700701034,-0.010885621065039928,15.0,1.0576580587711486,"[ 1.00000000e+00  3.31494148e-01  4.92643728e-01  4.47609407e-01
  5.23398170e-01  3.47647242e-01  3.94784888e-01  3.66455240e-01
  3.29854055e-01  2.52870776e-01  3.38553063e-01  2.68327066e-01
  2.43402992e-01  2.13289757e-01  2.21936629e-01  1.81768270e-01
  1.61871758e-01  1.60301906e-01  1.58732054e-01  1.00183168e-01
  1.22021405e-01  1.17099845e-01  9.70955998e-02  1.49770254e-02
  9.04425879e-02  6.35194600e-02 -3.36817998e-02  3.49187467e-02
 -3.19016753e-02 -1.02250390e-02 -7.56928074e-02 -1.03901020e-02
 -7.75337244e-02 -2.73137045e-02 -7.59690668e-02 -2.40731929e-02
 -1.07975355e-01 -3.76450875e-02 -6.78121898e-02 -1.03060721e-01
 -8.64116462e-02 -7.45746666e-02 -1.23337762e-01 -9.82555515e-02
 -1.13447702e-01 -1.46966512e-01 -1.21938168e-01 -1.37238052e-01
 -1.15507549e-01 -1.79299463e-01 -1.03995501e-01 -1.67841282e-01
 -1.14323421e-01 -1.56329234e-01 -9.44859703e-02 -1.69793395e-01
 -1.49846480e-01 -1.02978168e-01 -1.09683315e-01 -1.43417592e-01
 -1.38391762e-01 -7.14132023e-02 -9.15790477e-02 -1.36828835e-01
 -7.65536919e-02 -8.33665725e-02 -1.38617617e-01 -8.50997561e-02
 -5.67197040e-02 -1.17052177e-01 -9.86195153e-02 -8.02945869e-02
 -8.53777469e-02 -1.07165579e-01 -9.87341745e-02 -6.35429733e-02
 -1.01981612e-01 -8.36566834e-02 -9.03618305e-02 -4.67374929e-02
 -1.25504359e-01 -1.48458642e-02 -1.13776845e-01 -1.99307556e-02
 -1.27241006e-01  1.35289936e-02 -1.22216907e-01 -3.50742335e-02
 -4.69146759e-02 -2.68061601e-02 -8.54627794e-02  1.34647382e-02
 -5.35711507e-02 -2.35152447e-02 -4.69789313e-02 -8.22055520e-03
 -6.54643270e-03 -7.86098834e-02  2.86969039e-02 -5.34216705e-02
 -1.32567742e-02 -3.66127273e-02 -1.48283575e-02 -4.16437519e-02
 -2.16429696e-02 -4.88616164e-03 -1.99705785e-02 -7.01940613e-02
 -4.50579837e-02 -3.32748708e-02 -5.83605446e-02 -1.33667970e-01
 -4.98770043e-02 -8.33958145e-02 -7.50721429e-02 -1.06915099e-01
 -3.49089780e-02 -9.18897433e-02 -8.18902179e-02 -1.01678996e-01
 -7.82187725e-02 -1.18548732e-01 -8.15739432e-02 -9.66044933e-02
 -1.25095742e-01 -1.10122521e-01 -9.00140054e-02 -1.06882010e-01
 -1.20344439e-01 -3.67150740e-02 -1.23861210e-01 -5.68287842e-02
 -1.07213867e-01 -4.18572951e-02 -4.53184678e-02 -5.71589103e-02
 -4.04559691e-02 -2.69970023e-02 -5.87860918e-02  1.81398577e-02
 -5.21938724e-02 -1.86611894e-03  2.99811124e-03  2.98639095e-02
 -6.05800678e-02  2.81845927e-02  1.26146485e-03  4.50370783e-03
  2.29363697e-02 -1.40418818e-02  2.45010273e-02  9.41661045e-03
  4.27703576e-02  4.60664673e-02  3.59018788e-02  5.60103946e-02
  4.41699521e-02  8.10370073e-02  8.10891426e-02  5.43814816e-02
  7.10305561e-02  4.58910156e-02  6.29710240e-02  8.30256731e-02
  8.13480877e-02  5.87906234e-03  1.26538814e-01  7.45317442e-02
  9.29644061e-02  4.43629104e-02  1.31613317e-01  5.45761714e-02
  8.31178236e-02  6.63575528e-02  1.38471407e-01  7.14355185e-02
  1.09978428e-01  1.23275794e-01  1.36680894e-01  1.16568916e-01
  1.40136873e-01  1.30026151e-01  1.24996858e-01  1.25048993e-01
  1.20019700e-01  1.31748946e-01  1.05149018e-01  9.00646016e-02
  1.05037822e-01  8.66016974e-02  8.49779788e-02  9.00038091e-02
  8.83262238e-02  7.81616353e-02  6.30772184e-02  9.49167118e-02
  7.64805870e-02  8.64801125e-02  8.14508192e-02  7.13400975e-02
  7.64197946e-02  6.97146474e-02  6.47392209e-02  4.12755343e-02
  8.30624179e-02  2.78652400e-02  1.04984554e-03  2.95914978e-02
  7.80366516e-03 -2.57690118e-02  1.26661639e-02 -3.09077699e-02
 -1.41509619e-02 -5.44809213e-02 -1.26940378e-02 -6.29175206e-02
 -4.12408843e-02 -7.64894152e-02 -5.47050454e-02 -7.31950369e-02
 -6.15196575e-02 -1.03417737e-01 -5.67110255e-02 -1.05312521e-01
 -6.51476248e-02 -1.15586575e-01 -9.87220331e-02 -1.05588780e-01
 -1.12401661e-01 -1.10835272e-01 -1.10998604e-01 -1.06080507e-01
 -8.60797245e-02 -1.16300694e-01 -8.13249592e-02 -9.48412556e-02
 -8.64637173e-02 -9.32765980e-02 -7.65736568e-02 -6.33301569e-02
 -9.67412336e-02 -7.33887434e-02 -6.17133640e-02 -5.50116797e-02
 -7.68533790e-02 -4.17699112e-02 -4.85289252e-02 -4.69086694e-02
 -4.86401215e-02 -2.52876313e-02 -5.38327464e-02 -3.14885260e-04
 -4.73482604e-02 -2.19967158e-02 -2.88095965e-02  6.38160477e-03
  4.59628593e-03  1.63793988e-02  6.32254374e-03  1.98353773e-02
  1.15621096e-02]",0.13529411764705881,0.0004901960784313725,0.0,0.8844565217391305,0.5560869565217391,0.0,0.15451219512195122,0.0006097560975609756,0.0,0.8677777777777778,0.5211111111111111,0.0,0.16919354838709677,0.0004838709677419355,0.0,0.8351923076923077,0.4626923076923077,0.0,0.1957142857142857,0.0007142857142857143,0.0,0.8025,0.4075,0.0,0.22045454545454546,0.0013636363636363637,0.0,0.7591666666666667,0.3,0.0,0.74375,0.25875,0.0,0.4487457260207003,0.08989561501300632,0.08989561501300632
3.8883,0.1137,707,0.6178571428571429,0.05020366683087309,0.6907142857142857,0.07210748779369842,0.3131119978131363,2.0895522388059704,0.05140279675934577,0.888934228345999,0.12883241572309612,93.33333333333333,0.0710742542419315,0.8960461091915558,0.2918109702283159,6,0.16745589936379404,3,0.3240054249547922,-0.014260845940407208,11.0,1.1406664700678266,"[ 1.00000000e+00  7.20141722e-02  1.62966623e-01  3.24005425e-01
  1.96873292e-01  7.00600670e-02  2.28302284e-01  1.72654793e-01
  8.95320801e-02  1.04289850e-01  1.45124550e-01  3.93593086e-02
  1.03155445e-01  1.10725500e-01  9.34942596e-02  8.58057530e-02
  1.14620043e-01  4.27572648e-02  1.21073216e-02  9.30754728e-02
  3.11969945e-02  4.65925817e-02  1.67031134e-02  5.68999958e-02
 -2.94237212e-03  1.96409297e-02  4.56586344e-02  1.70448014e-02
  4.44607987e-02  2.89467597e-02 -1.34046848e-02  6.82359785e-03
 -3.86433408e-02  3.44992781e-02 -9.29517642e-02  1.43508979e-03
 -4.45470093e-02 -1.14373677e-01 -6.24921149e-03 -5.01952002e-02
 -2.01052750e-02  1.07973422e-03 -6.16720636e-03 -9.41226152e-02
 -1.42338478e-02  2.06887730e-02 -3.26036979e-02  4.83644532e-02
 -8.55797132e-04 -7.36753017e-02  1.65166744e-02 -2.75519716e-02
 -2.58939961e-02 -1.12451112e-01  7.60629127e-02 -1.60873740e-02
 -4.80129526e-02  3.09190883e-02  1.78827257e-02 -4.50751363e-02
 -7.57250796e-02  1.49169085e-01 -4.80045418e-03 -4.29570209e-02
  2.05202069e-02 -2.49467317e-02  2.23152081e-02  4.61741453e-02
  1.47637271e-02  2.32905084e-02  4.21204985e-02 -2.57927163e-02
  2.53451925e-02  3.31114989e-02  4.66672274e-02  6.79345921e-03
  3.07750536e-02 -1.50107938e-02  2.98961268e-02 -1.99619412e-02
  1.01279841e-02 -9.89984160e-03  3.98397746e-02 -2.57920154e-02
 -2.86478265e-02  1.66463406e-04  2.14334777e-03  3.80132330e-03
  9.53151941e-03 -7.69972104e-03  2.69039909e-02 -4.97914827e-02
  4.28781698e-02 -5.26269678e-03  2.10739168e-02  5.39604273e-02
  6.24872086e-02  9.19473765e-03  6.02001766e-03  7.35694661e-02
  5.90156581e-03  6.49876642e-02  6.83628412e-02  5.73625888e-02
 -1.03053114e-02  3.19276813e-02  9.54483648e-03 -3.29527454e-03
  5.09581283e-02  8.75979506e-02 -3.64186888e-02  6.28008607e-02
  4.79246394e-02 -3.96953895e-03 -3.35400984e-02  5.39779497e-02
  2.08377139e-03 -4.60570952e-02  2.32095546e-02  2.21936022e-02
 -2.48678806e-02 -4.17802122e-02  3.68329198e-02 -4.43914098e-03
  1.95424534e-02 -2.52148254e-03 -8.49278775e-03 -1.71380209e-02
  5.24475377e-02 -4.86076650e-02 -4.65747088e-03 -5.45155389e-02
 -2.78600165e-02 -8.66230007e-02  1.66687694e-02 -5.72301190e-02
 -4.80655200e-02  5.42740794e-03 -9.21933919e-02 -5.04019653e-02
  1.23147876e-02 -6.74961801e-02  2.40940886e-02 -3.57482793e-02
 -1.83165819e-02 -4.34960119e-02 -2.29488204e-02 -5.35987636e-02
 -1.44812650e-02 -3.76245847e-02 -1.36429903e-02 -5.04012644e-02
 -9.65060207e-02  5.54761204e-04 -2.86968894e-02 -4.66886048e-02
  1.71075319e-02  3.93719248e-02 -2.76581578e-02 -3.99547220e-03
  9.92962979e-02 -3.87768619e-02 -2.09035984e-02  7.06866703e-02
  1.22425950e-02  1.87332660e-02  2.55428459e-02  5.60743373e-02
  1.10489648e-02  7.51640103e-02  5.41794581e-02 -3.20587493e-02
  4.57939078e-02  3.13592526e-02 -2.61280962e-02  2.01771171e-02
  3.66520880e-02 -4.64706253e-02 -2.31268486e-02 -1.11656644e-02
 -2.76364299e-02 -3.00506750e-02  4.43675792e-02 -2.57779974e-02
 -3.51360444e-03  3.29597544e-03  3.10308816e-02 -3.19269804e-02
 -1.48141918e-02  5.38146404e-02 -1.94464303e-02 -3.12071576e-02
  1.16636528e-02 -3.41221947e-02 -5.65050395e-02  2.78975146e-02
  4.41566088e-05 -5.77621010e-02  1.39822252e-02 -5.13306559e-02
 -4.38832583e-02 -2.58137432e-02 -3.78933793e-02 -4.96541066e-02
 -1.81658887e-02 -3.19627262e-02 -4.60784726e-02 -3.76743485e-02
 -8.14240857e-02 -4.91753929e-02  1.39829261e-03 -2.78533580e-02
 -2.79125839e-02 -6.27574050e-02  1.43347772e-02 -4.14353701e-02
 -3.02346608e-02 -1.31218722e-02 -5.12784390e-02 -1.80730196e-02
 -3.53042601e-02 -5.22165917e-02 -1.90111723e-02 -4.23507437e-02
 -5.61475812e-02 -2.79711090e-02 -2.05237114e-02 -4.49426665e-02
 -5.76601203e-02 -2.33753172e-02 -3.82515385e-02 -3.90712393e-02
 -5.17886931e-02 -4.94928999e-02 -3.03440010e-02 -3.38376298e-02
 -2.98246352e-02 -3.40787389e-02 -4.30428810e-02 -4.85726201e-02
 -7.37520501e-02 -5.05309307e-02 -4.29608758e-02 -6.70609221e-02
 -6.30479274e-02 -4.20591699e-02 -5.24216045e-02 -6.48201494e-02
 -6.20827901e-02 -4.40132750e-02 -5.29774170e-02 -4.89644224e-02
 -6.44784614e-02 -7.31236946e-02 -5.02214839e-02 -5.16790025e-02
 -4.11161109e-02 -3.39876221e-02 -2.64175673e-02 -2.71146109e-02
 -3.57598441e-02]",0.2816666666666667,0.002058823529411765,0.0,0.7791304347826087,0.2554347826086957,0.0,0.3015853658536585,0.003658536585365854,0.0,0.7548611111111111,0.21569444444444444,0.0,0.32483870967741935,0.0033870967741935483,0.0,0.7296153846153847,0.19596153846153846,0.0,0.3430952380952381,0.007857142857142858,0.0,0.71875,0.195625,0.0,0.37,0.016363636363636365,0.0,0.6916666666666667,0.21583333333333332,0.0,0.675,0.21125,0.0,0.20904477254765227,0.0,0.04314196395392047
3.8883,0.1137,1313,0.5479464285714286,0.03582916790771429,0.8771428571428572,0.06405115939940637,0.09941453281403013,280.0,0.1031351670183451,0.8697874135696119,0.3039552628964923,280.0,0.2186657524328512,0.7530660419821106,0.536325376679926,4,0.34168851250469084,3,0.5123776360438469,-0.04571720877621362,9.0,1.0446618460229689,"[ 1.00000000e+00  4.03039778e-01  4.49096594e-01  5.12377636e-01
  5.08378489e-01  3.97551833e-01  4.17679038e-01  4.48314886e-01
  4.45310640e-01  3.03020236e-01  3.84085135e-01  3.34382717e-01
  3.07438663e-01  3.02258070e-01  2.68784977e-01  2.77657363e-01
  2.70113881e-01  2.58590794e-01  2.03540782e-01  2.10236822e-01
  2.59464885e-01  1.85822659e-01  1.47188516e-01  2.27880328e-01
  1.73825217e-01  1.50238954e-01  1.22486542e-01  1.13761615e-01
  1.48936699e-01  8.75441932e-02  1.36958800e-01  6.98456127e-02
  1.18078775e-01  4.54314495e-02  5.44903797e-02 -7.46175849e-04
  6.62657452e-02 -3.02378880e-03 -1.23705296e-02 -3.69516940e-02
 -1.96315313e-03 -7.87766269e-02 -5.41101853e-02 -2.66455842e-02
 -7.06273207e-02 -3.72554942e-02 -4.20629986e-02 -3.81651181e-02
 -1.03101960e-01 -5.43464743e-03 -7.57190826e-02 -4.88762947e-02
 -6.55604314e-02 -1.69541812e-02 -7.18176488e-02 -8.85017855e-02
 -5.41350578e-02 -4.25266936e-02 -7.34503527e-02 -8.79581431e-02
 -1.87698758e-02 -2.45722813e-02 -6.08435340e-02 -5.25929611e-02
  1.56004051e-02 -3.37289250e-02 -1.77678682e-02  4.53568320e-03
  3.90889548e-02 -4.07092224e-02  3.16502923e-02 -2.44461421e-03
 -2.68392346e-02  2.69280651e-02  1.99442145e-02 -2.38509780e-02
  2.57501732e-02  5.25929611e-02 -3.15579086e-02  4.09881500e-02
  5.71179846e-03  9.01344893e-02  2.65656368e-02  2.72922700e-02
  6.70065912e-02  7.54437081e-02 -1.88320571e-04  5.92996607e-02
  3.15472489e-02  4.94981079e-02  2.51034875e-02  3.01828131e-02
  9.95434114e-03  1.82049141e-02  2.64554871e-02 -1.00023096e-02
  2.20015279e-02 -8.92213122e-03  7.03892551e-03 -5.77113721e-02
 -8.11022083e-03 -3.90338799e-02 -3.51359994e-02 -9.98862970e-02
 -3.20660188e-02 -4.65738092e-02 -8.62028532e-02 -8.90205554e-02
 -1.02533445e-01 -9.11116244e-02 -9.05715352e-02 -1.19505392e-01
 -8.09725159e-02 -6.28351129e-02 -1.05821948e-01 -1.08266562e-01
 -9.80261872e-02 -6.68307069e-02 -1.15165136e-01 -7.64457157e-02
 -1.17069661e-01 -7.95316858e-02 -9.42260202e-02 -1.31492174e-01
 -6.23039068e-02 -1.04295841e-01 -1.16627285e-01 -9.31422886e-02
 -1.07836623e-01 -7.56462416e-02 -8.89725869e-02 -9.37800913e-02
 -6.37660561e-02 -1.12100485e-01 -2.31385577e-02 -5.94098104e-02
 -9.01469256e-02 -2.86691421e-02 -4.31769325e-02 -8.28059765e-02
 -9.41425196e-02 -4.67177146e-02 -4.49961803e-02 -1.07383588e-01
 -4.59058042e-02 -6.35848420e-02 -7.37399400e-02 -3.26576296e-02
 -7.22866737e-02 -3.35672535e-02 -6.01382202e-02 -6.91118731e-02
 -3.03924530e-02 -9.51427505e-02 -3.24835220e-02 -3.61095813e-02
 -8.46305541e-02 -3.50294029e-02 -4.82882371e-03 -7.61081600e-02
 -5.38046085e-02 -3.13145131e-02 -1.87112477e-02 -7.13983691e-02
 -2.93211576e-02 -1.90807824e-02 -2.15253966e-02 -3.62197310e-02
 -2.67877130e-02 -6.22506085e-02 -3.89521559e-02 -6.45282214e-02
 -7.92225558e-02 -6.87956366e-02 -5.20262228e-02 -9.60079592e-02
 -9.96340185e-02 -6.01062412e-02 -8.56823067e-02 -1.42722121e-01
 -9.52973155e-02 -6.96359728e-02 -1.30033578e-01 -1.33659637e-01
 -6.22950237e-02 -1.26050420e-01 -1.29863023e-01 -1.32494182e-01
 -1.06832839e-01 -1.81469966e-01 -1.56803525e-01 -1.31142182e-01
 -1.32778439e-01 -1.71412582e-01 -1.31511717e-01 -1.46206051e-01
 -1.57356050e-01 -1.69874038e-01 -1.19091442e-01 -1.56544140e-01
 -1.33059143e-01 -1.33513955e-01 -1.43669053e-01 -1.51647805e-01
 -1.18275978e-01 -1.40494253e-01 -9.50592499e-02 -1.28159255e-01
 -8.74500329e-02 -1.16197346e-01 -1.15470713e-01 -9.75198536e-02
 -1.16380336e-01 -1.03590527e-01 -5.73471672e-02 -7.83839963e-02
 -7.76573632e-02 -6.38726527e-02 -5.99747721e-02 -4.40137154e-02
 -4.76397747e-02 -6.76817027e-02 -1.47227601e-02 -1.51775721e-02
 -2.09799776e-02 -1.49057509e-02  5.40799829e-03  1.14822250e-02
  2.96196280e-02  3.03462611e-02  2.45438556e-02  4.78423082e-02
  4.04711568e-03  4.57512392e-02  4.74727735e-02  4.48416153e-02
 -1.35022296e-04  4.51134365e-02  3.77564979e-02  4.28358235e-02
  1.39019667e-02  3.80087764e-02  5.04254979e-02  2.80206797e-02
  2.61978787e-02  5.18592215e-02  5.32076678e-02  4.70321744e-02
  3.96752358e-02  6.83212820e-02  5.99694423e-02  9.63259722e-02
  6.97550056e-02  7.66375895e-02  8.74997779e-02  7.28054435e-02
  5.57482189e-02  7.13361878e-02  7.36795352e-02  6.76905857e-02
  6.80441310e-02]",0.10588235294117647,0.0,0.0,0.9078260869565218,0.6373913043478261,0.0,0.12378048780487805,0.0,0.0,0.8851388888888889,0.5852777777777778,0.0,0.13693548387096774,0.0,0.0,0.8771153846153846,0.5590384615384615,0.0,0.14333333333333334,0.0,0.0,0.8746875,0.5109375,0.0,0.16727272727272727,0.0,0.0,0.8316666666666667,0.3433333333333333,0.0,0.83625,0.3425,0.0,0.5271956753994798,0.10543913507989595,0.10543913507989595
3.8883,0.1137,2029,0.5499107142857144,0.04499495082217332,0.8676785714285714,0.0892426681948193,0.10896482424225525,280.0,0.22710305092399496,0.7566956901436482,0.39227497180094345,280.0,0.42439784192094127,0.5673862935071474,0.7620507718969098,4,0.5192845526808886,4,0.777861801633918,-0.16366117031530314,12.0,1.0460710441334768,"[ 1.00000000e+00  7.02048761e-01  7.63568051e-01  7.20826834e-01
  7.77861802e-01  6.78341850e-01  6.94225147e-01  6.88479594e-01
  7.02585178e-01  6.33662722e-01  6.64584517e-01  6.37934812e-01
  6.24738076e-01  6.04814856e-01  5.86737415e-01  6.24385694e-01
  5.70830052e-01  6.04322324e-01  5.40676955e-01  5.64147567e-01
  5.53589374e-01  5.61296790e-01  5.32404924e-01  5.15516629e-01
  5.04890371e-01  5.00333965e-01  4.77047502e-01  4.68335089e-01
  4.77559968e-01  4.41613301e-01  4.37056894e-01  4.26498702e-01
  4.48848233e-01  3.85202864e-01  4.26542701e-01  3.68502737e-01
  4.17033506e-01  3.72050128e-01  3.93606894e-01  3.40119318e-01
  3.51258041e-01  3.41096231e-01  3.31262737e-01  3.18462383e-01
  3.23599321e-01  3.11195349e-01  2.87580571e-01  2.97994595e-01
  2.87436403e-01  2.77274593e-01  2.43173705e-01  2.72646102e-01
  2.48634941e-01  2.49683938e-01  2.22309535e-01  2.31534413e-01
  2.32583410e-01  2.11210793e-01  2.33492258e-01  2.45752062e-01
  2.23983063e-01  2.05577305e-01  2.21528668e-01  2.30028848e-01
  2.14261634e-01  2.10033544e-01  2.28623450e-01  1.88520777e-01
  2.28411217e-01  1.98726587e-01  1.90014174e-01  1.65934947e-01
  1.77005605e-01  1.57082385e-01  1.40522406e-01  1.31413611e-01
  1.40310173e-01  1.08451447e-01  1.30404596e-01  1.30660828e-01
  1.43248949e-01  1.17720325e-01  1.01885046e-01  1.29443598e-01
  1.03518592e-01  1.18348874e-01  1.02513595e-01  1.04219224e-01
  9.77489729e-02  8.67943984e-02  7.61681404e-02  6.59382645e-02
  5.33981615e-02  5.55001736e-02  2.65402419e-02  4.20952227e-02
  3.92484641e-02  1.70830824e-02 -3.23652001e-03  5.92029288e-03
  2.51668323e-02 -8.60573879e-03 -4.26156529e-03 -3.13773907e-04
 -1.97138613e-03 -2.45331500e-02 -2.47413650e-02 -2.87092042e-02
 -4.49408659e-02 -6.78990118e-02 -6.09162947e-02 -7.26636335e-02
 -7.46495622e-02 -1.08490199e-01 -1.04542407e-01 -9.75596904e-02
 -1.01063082e-01 -1.35956734e-01 -1.15917430e-01 -1.18628057e-01
 -1.36309116e-01 -1.45089595e-01 -1.34018937e-01 -1.44645195e-01
 -1.53357608e-01 -1.46771273e-01 -1.38667475e-01 -1.61953938e-01
 -1.55763985e-01 -1.69357103e-01 -1.65409312e-01 -1.73000644e-01
 -1.74261874e-01 -1.97548337e-01 -1.90962002e-01 -2.16887008e-01
 -1.95726623e-01 -2.05231801e-01 -2.28189947e-01 -2.00699460e-01
 -2.19173283e-01 -2.16346572e-01 -2.33699315e-01 -2.19661797e-01
 -2.16835086e-01 -2.30428204e-01 -2.40658080e-01 -2.02681485e-01
 -2.24846867e-01 -2.21623774e-01 -2.32578348e-01 -2.00603539e-01
 -2.19802061e-01 -2.21459673e-01 -2.12234794e-01 -2.37763418e-01
 -2.37903568e-01 -2.35405173e-01 -2.46031431e-01 -2.38324016e-01
 -2.51588817e-01 -2.42363939e-01 -2.50679970e-01 -2.57546603e-01
 -2.37507300e-01 -2.52221499e-01 -2.49723105e-01 -2.54743959e-01
 -2.21319752e-01 -2.39000811e-01 -2.33931939e-01 -2.41523271e-01
 -2.18517108e-01 -2.28022285e-01 -2.25263640e-01 -2.26592936e-01
 -2.12159036e-01 -2.27269616e-01 -2.22200744e-01 -2.27946297e-01
 -2.15754559e-01 -2.24535037e-01 -2.20983628e-01 -2.33455666e-01
 -2.10777818e-01 -2.15866738e-01 -2.22733372e-01 -2.27029528e-01
 -2.04748063e-01 -2.16167085e-01 -2.16307234e-01 -2.20207008e-01
 -1.98650242e-01 -2.33147511e-01 -2.16867832e-01 -2.12523659e-01
 -2.18993910e-01 -2.34829190e-01 -2.19602525e-01 -2.25348078e-01
 -2.26212926e-01 -2.43893985e-01 -2.13368573e-01 -2.35137573e-01
 -2.30000635e-01 -2.39041364e-01 -2.19002061e-01 -2.28835555e-01
 -2.26337160e-01 -2.16387583e-01 -2.06834388e-01 -2.16667882e-01
 -1.98146041e-01 -2.17672880e-01 -1.98358275e-01 -2.21248355e-01
 -2.08660234e-01 -2.13216641e-01 -2.14806187e-01 -2.22397520e-01
 -2.16139501e-01 -2.32303097e-01 -2.14437890e-01 -2.30273169e-01
 -2.32587414e-01 -2.39385982e-01 -2.26797862e-01 -2.31750650e-01
 -2.38549219e-01 -2.35654442e-01 -2.26361498e-01 -2.29072126e-01
 -2.31386371e-01 -2.31854837e-01 -2.28167296e-01 -2.31602622e-01
 -2.28311464e-01 -2.28779930e-01 -2.23642992e-01 -2.21144598e-01
 -2.12248036e-01 -2.22409846e-01 -2.23206628e-01 -2.15102831e-01
 -2.09637576e-01 -2.16039762e-01 -2.10178126e-01 -2.00228549e-01
 -1.94366913e-01 -1.96681158e-01 -1.84817736e-01 -1.86010900e-01
 -1.86082984e-01 -1.80221348e-01 -1.67633227e-01 -1.66255914e-01
 -1.62964755e-01 -1.50048318e-01 -1.45636079e-01 -1.45379846e-01
 -1.35430269e-01]",0.11843137254901961,0.0002941176470588235,0.0,0.8971739130434783,0.6205434782608695,0.0,0.14804878048780487,0.000975609756097561,0.0,0.8579166666666667,0.5475,0.0,0.18,0.000967741935483871,0.0,0.82,0.5096153846153846,0.0,0.20952380952380953,0.002380952380952381,0.0,0.7828125,0.4590625,0.0,0.23727272727272727,0.0022727272727272726,0.0,0.74,0.3233333333333333,0.0,0.725,0.27875,0.0,0.4906327094434535,0.09840218784838349,0.09840218784838349
3.8883,0.1137,3001,0.5425,0.04528678457500441,0.8901785714285714,0.10142715668027423,0.10270163113903755,280.0,0.22276403931117617,0.7158452371139635,0.5751395971111116,280.0,0.29531491104243857,0.5583778459490769,0.8003655069385197,4,0.638593818023509,4,0.8022775931506153,-0.1409760842119881,9.0,1.0276231704803134,"[ 1.00000000e+00  7.82803640e-01  7.76167856e-01  7.82364705e-01
  8.02277593e-01  7.29510352e-01  7.02912693e-01  7.26126730e-01
  7.44660265e-01  6.75364654e-01  6.61088183e-01  6.70245217e-01
  6.74194805e-01  6.27294309e-01  6.09546208e-01  6.13325315e-01
  6.23877200e-01  5.63431146e-01  5.53323732e-01  5.70291934e-01
  5.50467054e-01  5.25264247e-01  5.11158258e-01  4.97222751e-01
  4.83473224e-01  4.75799051e-01  4.45373300e-01  4.43944961e-01
  4.33496583e-01  4.11935888e-01  3.90189213e-01  3.83553428e-01
  3.66332271e-01  3.56922282e-01  3.47682775e-01  3.34801156e-01
  3.26956501e-01  3.05395806e-01  3.34173750e-01  2.87443735e-01
  3.00428861e-01  2.65322609e-01  2.74138679e-01  2.44069391e-01
  2.33621012e-01  2.32022191e-01  2.35460334e-01  2.04352656e-01
  2.06752409e-01  2.07586830e-01  1.96441025e-01  1.66898681e-01
  1.51072375e-01  1.81415652e-01  1.72532607e-01  1.03236996e-01
  1.37578848e-01  1.32678879e-01  1.08870923e-01  8.33271524e-02
  8.67652952e-02  1.09824348e-01  8.77522080e-02  8.28677371e-02
  9.11723616e-02  1.05722821e-01  8.10469578e-02  6.95601901e-02
  7.45636661e-02  7.93966603e-02  8.23233576e-02  5.76474945e-02
  8.34807522e-02  8.44856541e-02  6.67530515e-02  5.57777293e-02
  7.24049674e-02  5.60517180e-02  8.10170681e-02  5.02503537e-02
  3.75392164e-02  4.34106000e-02  5.46599109e-02  2.70238630e-02
  3.15003952e-02  2.12224987e-02  3.64703838e-02  2.28913389e-02
  1.00097197e-02  3.60134592e-02  2.36587839e-02  2.70969267e-02
  2.44597165e-02  1.41818200e-02  2.17890188e-02  1.25495117e-02
  3.66646666e-03  4.33040488e-03  9.33388094e-03  1.79794691e-02
 -2.80077315e-04  1.09692336e-02  1.25010793e-02  2.01082781e-02
 -5.84509178e-04 -3.39220123e-03  8.38405353e-03  2.18961234e-02
 -8.68461080e-03 -2.09504473e-04  1.06988427e-02  1.03243915e-02
 -2.89819134e-03 -9.87493939e-03  1.09213547e-02 -1.25456371e-02
 -7.54216105e-03 -1.03498531e-02 -4.64895132e-03 -1.50973296e-02
 -1.35654838e-02 -9.25943351e-03 -1.29350331e-02 -1.38364282e-02
 -2.32464171e-02 -3.54306106e-02 -1.89738543e-02 -3.65359750e-02
 -5.82671517e-02 -5.72622498e-02 -5.90315524e-02 -6.79145975e-02
 -7.38529561e-02 -9.45457434e-02 -8.85038779e-02 -7.44803625e-02
 -9.46462059e-02 -8.51327102e-02 -9.81848112e-02 -8.18985367e-02
 -9.75543605e-02 -1.08002739e-01 -9.08485568e-02 -9.26178594e-02
 -1.07405776e-01 -9.63269465e-02 -1.02265305e-01 -9.18839019e-02
 -9.95580756e-02 -9.94210813e-02 -1.05700404e-01 -8.75078322e-02
 -9.34461908e-02 -9.86871237e-02 -8.93441099e-02 -8.33022444e-02
 -8.33357319e-02 -1.01424796e-01 -9.88545613e-02 -8.95115474e-02
 -9.90920181e-02 -1.04503433e-01 -1.06272736e-01 -9.10248505e-02
 -9.99078955e-02 -1.13130478e-01 -1.18371411e-01 -1.15801176e-01
 -1.27117462e-01 -1.41207952e-01 -1.31167513e-01 -1.26334519e-01
 -1.41292917e-01 -1.42364794e-01 -1.34060169e-01 -1.34434620e-01
 -1.49393018e-01 -1.50991839e-01 -1.50327901e-01 -1.50531870e-01
 -1.64451879e-01 -1.80107702e-01 -1.68858392e-01 -1.76005621e-01
 -1.89228204e-01 -1.86828451e-01 -1.79577714e-01 -1.94536112e-01
 -2.11757269e-01 -2.06583311e-01 -2.02277261e-01 -2.09424491e-01
 -2.23344500e-01 -2.26679135e-01 -2.18560491e-01 -2.40632632e-01
 -2.41363545e-01 -2.55980979e-01 -2.36750018e-01 -2.61952825e-01
 -2.60420979e-01 -2.63585134e-01 -2.52692285e-01 -2.75461851e-01
 -2.84871840e-01 -2.84734845e-01 -3.00049705e-01 -3.09103232e-01
 -3.08966238e-01 -3.12641838e-01 -3.06940936e-01 -3.19636575e-01
 -3.10464043e-01 -3.01121029e-01 -3.18683150e-01 -3.19057601e-01
 -3.14054125e-01 -3.04881593e-01 -3.22784677e-01 -3.19687498e-01
 -3.19194042e-01 -3.15755899e-01 -3.34356409e-01 -3.26051784e-01
 -3.14461510e-01 -3.08760608e-01 -3.19906412e-01 -3.10563398e-01
 -3.01917810e-01 -2.95178519e-01 -3.06494805e-01 -2.91603382e-01
 -2.87297331e-01 -2.82293855e-01 -2.87364306e-01 -2.82190349e-01
 -2.76845909e-01 -2.69068228e-01 -2.69628660e-01 -2.66887943e-01
 -2.54259279e-01 -2.52556951e-01 -2.53287864e-01 -2.44471794e-01
 -2.36523632e-01 -2.40028749e-01 -2.35552217e-01 -2.27433573e-01
 -2.16013780e-01 -2.24555862e-01 -2.14701402e-01 -1.99995959e-01
 -1.93783612e-01 -1.99024545e-01 -1.90037993e-01 -1.78804181e-01
 -1.70856018e-01 -1.72454839e-01 -1.58617304e-01 -1.44082343e-01
 -1.46719553e-01]",0.10088235294117646,0.0008823529411764706,0.0,0.908804347826087,0.6897826086956522,0.0,0.12378048780487805,0.0008536585365853659,0.0,0.8919444444444444,0.6516666666666666,0.0,0.13048387096774194,0.00016129032258064516,0.0,0.8690384615384615,0.5915384615384616,0.0,0.16333333333333333,0.0007142857142857143,0.0,0.8065625,0.498125,0.0,0.24272727272727274,0.0013636363636363637,0.0,0.72,0.3283333333333333,0.0,0.71125,0.3175,0.0,0.5510941692711698,0.11037784280936455,0.11037784280936455
3.8717,0.1137,101,0.5842857142857143,0.04530086497349624,0.7642857142857142,0.088092020533262,0.20796732192396994,280.0,0.2674231094242698,0.7806686980047498,0.3685889447663612,280.0,0.5286242424149791,0.5424459336521521,0.6952974791092744,4,0.34292640046882095,3,0.6668779938010706,-0.15208159173310043,12.0,1.094349271286116,"[ 1.          0.61068846  0.62588053  0.66687799  0.65001878  0.65337654
  0.60413732  0.61587771  0.59819668  0.58774772  0.57877806  0.54959143
  0.58631539  0.57504461  0.4947403   0.5598995   0.53646567  0.5771344
  0.53266178  0.45942519  0.51587302  0.51166995  0.48429135  0.5034282
  0.43282145  0.48302339  0.45958956  0.43385461  0.48668639  0.4520757
  0.45181741  0.39353809  0.44867099  0.43246924  0.44355217  0.39792899
  0.34688175  0.37620926  0.42411008  0.37684324  0.34798535  0.342303
  0.34911243  0.33291068  0.31292852  0.32861369  0.35054475  0.29374472
  0.26373626  0.28829717  0.29625716  0.26361886  0.22292665  0.21823049
  0.22668357  0.23694468  0.19395135  0.17544848  0.20346107  0.17312388
  0.17944022  0.16290974  0.1700479   0.1374096   0.14734197  0.08840518
  0.10409035  0.16530478  0.09749225  0.05367709  0.09648258  0.10016906
  0.07706396  0.06743684  0.07654738  0.05525031  0.0474312   0.07264957
  0.03113553  0.04567014  0.02946839 -0.00432047 -0.01756363  0.01143515
  0.0200526  -0.01488682 -0.0361839  -0.02822391 -0.04179581 -0.01805673
 -0.04149056 -0.10667324 -0.03888419 -0.06872828 -0.08525876 -0.08946182
 -0.09185686 -0.09967597 -0.11916502 -0.1156429  -0.12576313 -0.12207664
 -0.13400488 -0.16795811 -0.14898563 -0.13839579 -0.17349958 -0.14302151
 -0.19850662 -0.16424815 -0.18866817 -0.22064901 -0.19148586 -0.20587959
 -0.24410632 -0.24748756 -0.23476097 -0.20937823 -0.23807176 -0.24358974
 -0.2530525  -0.2575843  -0.2114915  -0.28949469 -0.24948342 -0.24464638
 -0.25328731 -0.24631352 -0.28552644 -0.23598197 -0.24643092 -0.26509815
 -0.27242416 -0.27153189 -0.24384803 -0.23342256 -0.25439091 -0.25201935
 -0.25457875 -0.24530384 -0.28122945 -0.25272377 -0.25725556 -0.27247112
 -0.26319621 -0.25655114 -0.26108293 -0.23109796 -0.26127078 -0.2766507
 -0.23318775 -0.22983    -0.24126515 -0.24250963 -0.2251808  -0.26028459
 -0.20942519 -0.23614633 -0.24626655 -0.22318493 -0.22081337 -0.2394806
 -0.24384803 -0.18279797 -0.21954541 -0.23558279 -0.21825397 -0.20010332
 -0.1960881  -0.18188222 -0.21041138 -0.18995961 -0.21207852 -0.19968066
 -0.19336433 -0.19049967 -0.17070536 -0.20350803 -0.20524561 -0.16424815
 -0.18127172 -0.17873579 -0.17406312 -0.16593876 -0.15074669 -0.168099
 -0.16079647 -0.16697192 -0.18415986 -0.15088757 -0.17234902 -0.16126608
 -0.16053818 -0.17986287 -0.16615009 -0.17709214 -0.13494412 -0.14818728
 -0.16521086 -0.13933502 -0.15471494 -0.14215272 -0.13222034 -0.15417488
 -0.13701043 -0.14713065 -0.14541655 -0.12940265 -0.13902977 -0.14142481
 -0.14579224 -0.15361135 -0.12839297 -0.14097868 -0.10967878 -0.13196206
 -0.14257537 -0.11078238 -0.13536677 -0.09831408 -0.12404903 -0.11428102
 -0.11470367 -0.10510003 -0.08448389 -0.09756269 -0.114915   -0.09265521
 -0.09505025 -0.09432234 -0.0751855  -0.07642998 -0.10594534 -0.08993144
 -0.06964403 -0.06727247 -0.06884568 -0.06006387 -0.07166338 -0.06945618
 -0.0567296  -0.06717855 -0.0385085  -0.05964121 -0.05217432 -0.04684418
 -0.0326383  -0.04916878 -0.0550155  -0.04935663 -0.05586081 -0.04001127
 -0.04125575 -0.03444632 -0.0314173  -0.0502489  -0.03226261 -0.02578191
 -0.03310792 -0.0386259  -0.03592561]",0.19392156862745097,0.0004901960784313725,0.0,0.8435869565217391,0.43478260869565216,0.0,0.21353658536585365,0.0006097560975609756,0.0,0.8213888888888888,0.3661111111111111,0.0,0.2332258064516129,0.00016129032258064516,0.0,0.7880769230769231,0.27326923076923076,0.0,0.27476190476190476,0.0007142857142857143,0.0,0.7484375,0.19625,0.0,0.29409090909090907,0.0009090909090909091,0.0,0.7616666666666667,0.20083333333333334,0.0,0.76125,0.23125,0.0,0.2936723329574756,0.0,0.05884985135637309
3.8717,0.1137,707,0.6008035714285714,0.05317404698684485,0.7289285714285715,0.06867830213155732,0.23752026971903628,2.0,0.30167113579773985,0.6883801493207571,0.0913489968862557,2.0143884892086334,0.0526288637173456,0.8824872641148612,0.2083890160201223,4,0.44104343041776595,4,0.3372122401517463,-0.00545561781657556,14.0,1.1573575276438899,"[ 1.00000000e+00 -5.95995604e-02  4.82607889e-02  1.85015916e-01
  3.37212240e-01 -8.82436170e-02  1.16658296e-01  2.43645042e-02
  1.82239727e-01 -2.36320421e-02  5.66315631e-02  4.00564220e-02
  1.46821555e-01 -8.82424581e-02  1.33696152e-01 -6.54015020e-02
  6.19502189e-03 -9.28490301e-03  4.60726745e-02 -3.86492527e-02
  3.37450213e-02 -7.90739339e-02  8.90638702e-02 -1.13967194e-02
 -7.20103688e-02 -6.85606309e-02  8.49337269e-02 -9.93176629e-02
  3.06633495e-02  3.83993039e-02  6.53623871e-02 -6.85766632e-02
  1.00859175e-01  5.74850398e-02  8.20548728e-02 -9.05412531e-02
  1.31397357e-01  3.31271996e-02  3.01002886e-02 -8.94927816e-02
  9.42890366e-02  5.57960503e-02  1.38145975e-02 -8.84443101e-02
  1.11576455e-01 -1.50881968e-02 -2.80661225e-04 -4.82384790e-02
  2.57512951e-02 -8.54721599e-02  1.25406119e-01 -7.31912514e-02
 -2.80962554e-02 -8.25307221e-02  4.01758913e-02 -9.56561253e-02
  3.76105357e-02 -9.06496158e-02 -1.21864533e-03 -3.43301990e-02
 -2.33085960e-02 -6.74804812e-02 -1.86032227e-03 -5.51995727e-02
  5.42562767e-02 -1.33781046e-01 -5.46126566e-02 -4.13622790e-03
 -7.16313892e-03 -1.11707127e-01  1.36902025e-02 -1.53379524e-02
 -5.92123715e-02 -3.34391527e-02  4.08397817e-03 -5.79223536e-02
 -5.39723318e-02 -3.04902783e-04  8.15542026e-02 -4.78011651e-02
 -7.95200365e-02  6.90931726e-02  7.71265931e-02 -1.00648148e-01
 -6.33602856e-03  1.52456220e-02  2.16835424e-02 -2.35835590e-02
 -4.55401328e-02  2.24557954e-03  7.65328198e-02 -3.43931691e-02
 -1.39067347e-02  2.71048626e-02  4.35078983e-02 -2.82607310e-02
  1.49412987e-02  5.14027266e-03 -2.08996998e-02 -2.04381444e-02
  2.87402503e-02  8.07311486e-04 -9.95586298e-02 -5.17729174e-02
  1.11565251e-02 -7.08746856e-02 -5.79601164e-02  1.11485090e-02
 -5.54415054e-02 -4.82058350e-02  1.87123580e-02 -4.48894739e-02
 -5.76786825e-02 -2.42389503e-02 -2.15701576e-03 -4.63289010e-02
 -9.88704013e-02 -5.56683716e-02  6.78359919e-02 -1.92791855e-02
 -1.12871012e-01  2.22886155e-02  5.33350975e-02  1.02584285e-02
 -7.90471812e-02  5.45169459e-02  7.28129479e-02  2.64506303e-02
 -1.60311065e-02  6.31372826e-02  3.33200697e-04  8.43827385e-02
  7.53014259e-03 -5.25906596e-03  1.47270845e-02  1.02562555e-01
 -3.59601782e-02  3.18504132e-02  8.79862316e-03  5.27984030e-02
 -3.38164904e-02  9.53667719e-02  1.25378110e-02  2.92383129e-02
 -1.65290725e-02  7.39971142e-02 -2.36781107e-02 -5.58492658e-03
  1.00203590e-02  1.26723469e-02 -3.57857548e-02  3.95967016e-02
 -4.21370430e-02 -7.00716237e-03  2.23491712e-02 -1.00008499e-03
 -3.59099566e-02  4.13654661e-02 -1.68549331e-02 -4.73811391e-03
  5.84887948e-02 -1.42804024e-02 -8.64023210e-03  2.40017500e-02
  3.88092856e-02 -2.50900125e-02 -5.60111337e-02 -9.32063758e-03
  9.98377457e-02 -8.14254616e-02 -4.65930470e-02  9.79367633e-02
  4.84522103e-03 -2.57784341e-02 -3.61743924e-02  8.27462884e-02
 -4.47161130e-02  4.66078237e-02 -4.37930022e-02  2.05291227e-02
  1.68049047e-04  2.47378821e-02  2.70924038e-02 -1.78772315e-02
 -7.12164819e-02  7.23127605e-02 -5.43518908e-02 -3.03769900e-02
 -4.61543811e-02  3.11210417e-02 -7.03401158e-02 -1.11966058e-02
 -2.96647132e-02 -1.18689951e-02 -1.92767710e-02 -4.69122436e-02
 -4.80461884e-02 -1.24160238e-02 -5.38971926e-02 -2.31481768e-02
 -2.21863374e-02 -6.58105179e-03 -5.64318358e-02 -1.24320560e-02
 -4.09885147e-04 -1.72824924e-02 -6.41450939e-02  7.45142996e-03
 -6.52764310e-03 -3.14723994e-02 -2.83201276e-02  2.32515173e-02
 -3.01823815e-02 -4.81479836e-03 -3.55549289e-03 -1.14635527e-02
 -3.29198425e-02 -3.51490035e-02  1.75178576e-02 -7.72436479e-03
 -3.67525198e-02  8.34247623e-03  1.68761807e-02  4.08697214e-03
 -4.08826631e-02  9.09348163e-03 -5.58869320e-03  1.64697724e-03
 -3.38578266e-02  3.66530425e-03 -1.88862018e-02  1.21602802e-02
  8.83590300e-03 -1.75015356e-02 -1.43492639e-02  1.18160694e-02
  2.51532723e-03 -2.46198615e-02 -2.65515563e-02 -4.17215563e-03
 -2.18425129e-02 -2.74876088e-03 -1.63357195e-02  5.24593109e-03
  1.29818855e-02  1.92676925e-04 -1.90731805e-02 -2.28978416e-02
 -5.69705586e-03  6.62258116e-03 -1.94173913e-02 -9.49100455e-03
  1.52816463e-02 -2.38871097e-03  1.21213585e-02  2.82061633e-03
  4.37738794e-03 -1.34023944e-03  4.20528253e-03 -9.38167609e-03
  8.42176834e-04]",0.216078431372549,0.000196078431372549,0.0,0.841195652173913,0.36239130434782607,0.0,0.2275609756097561,0.00012195121951219512,0.0,0.8251388888888889,0.30819444444444444,0.0,0.24419354838709678,0.0,0.0,0.7998076923076923,0.2636538461538461,0.0,0.2673809523809524,0.0007142857142857143,0.0,0.78375,0.2328125,0.0,0.2727272727272727,0.0,0.0,0.7983333333333333,0.2475,0.0,0.805,0.28125,0.0,0.2827039559161893,0.0,0.05658208379784467
3.8717,0.1137,1313,0.5674999999999999,0.04582575694955839,0.8185714285714285,0.06528587058437058,0.14632126027416317,2.0,0.25454545454545446,0.7666088797556389,0.11559739350499536,140.0,0.09911188667530087,0.8275477399633433,0.3117200931046208,4,0.3746173469387756,4,0.45521221656007405,-0.01159670189988812,11.0,1.0935114503816794,"[ 1.00000000e+00  1.14147201e-01  1.51026027e-01  3.10959677e-01
  4.55212217e-01  6.18779712e-02  1.82548993e-01  2.28585109e-01
  2.73603748e-01  7.08967475e-02  1.99946989e-01  1.83677622e-01
  2.16905503e-01  4.50819111e-02  2.61335887e-01  1.73843155e-01
  5.91179589e-02  1.31847874e-01  1.83390335e-01  7.15380143e-02
  1.55819282e-01  8.37682547e-02  1.61765108e-01  5.61972024e-02
  2.15352782e-01 -2.55651698e-03  1.08957215e-01  4.24125312e-02
  8.55757721e-02 -2.54984781e-02  4.17849448e-02  1.86924997e-02
  2.41492527e-02 -8.84811382e-02  8.50986696e-02 -4.08786210e-02
 -4.87687677e-02 -7.34173535e-02  3.44454325e-02 -7.26786142e-02
 -1.07801224e-01 -2.14251513e-02  2.35934881e-02 -1.36439345e-01
 -5.71257567e-02 -1.34238517e-02 -7.42843462e-03 -1.76079893e-01
  1.00687438e-02  1.40052669e-03 -4.99418585e-02 -1.60716851e-01
 -2.69383358e-02 -6.78066965e-02 -4.08632306e-02 -1.57144567e-01
  1.51185061e-02 -1.19238004e-01 -5.17151749e-02 -9.67731455e-02
 -3.76295359e-02 -1.30329355e-01 -6.48619994e-03 -9.26621977e-02
 -6.46414036e-02 -1.17300523e-01 -6.59974691e-02 -9.40575943e-02
 -2.75522419e-02 -9.27801908e-02 -9.09743835e-02 -1.12211430e-01
 -5.80355005e-02 -3.52816444e-02 -5.86134957e-02 -1.25158179e-01
  3.92643387e-02 -2.72803447e-02 -2.67912719e-02 -6.61034919e-02
  3.28414104e-02 -6.79982216e-02  7.36208489e-02 -3.71541434e-02
 -3.69044769e-02 -3.67659633e-03  5.46889429e-02 -1.08456172e-01
 -3.01600602e-02 -1.08177434e-02 -2.91819146e-02 -7.89681590e-02
  6.62984370e-03 -3.76500564e-02 -5.60142276e-02 -8.40743527e-02
  1.40924792e-02  4.31307500e-02 -3.59827627e-02 -3.60323540e-02
  8.82896132e-02 -1.54228941e-02  5.47556346e-03  1.23636239e-03
  5.20007524e-02 -1.37658607e-02  8.09894319e-02 -1.72167311e-02
  5.86853176e-02  1.59615582e-02  6.22969322e-02 -2.51958001e-02
  9.94254249e-02 -1.05714970e-02  5.06669175e-02 -2.84465953e-02
  9.06682855e-02 -2.45955744e-02  4.71168645e-02  1.06775198e-02
  5.72523000e-02  6.42976846e-04  3.33321933e-02  5.42306508e-02
  3.45497452e-02 -4.22295564e-02  8.10749342e-02  3.96679093e-02
 -3.44779233e-02  3.17897329e-03  1.35640754e-01  9.66346318e-03
 -2.88706864e-02  3.67967441e-02  4.77598413e-02 -3.97328910e-02
 -6.26560416e-03 -4.84506994e-02  2.82294196e-02 -7.44656110e-02
 -1.32271966e-02 -6.45370909e-03  6.06552892e-03 -8.27439379e-02
 -5.52515476e-03  1.74681077e-02 -3.23181367e-02 -6.11563323e-02
 -2.69109751e-02 -5.91607100e-02 -7.07958549e-03 -4.84866103e-02
 -4.85362016e-02 -3.47002291e-02  2.86329902e-02 -4.91637881e-02
 -5.89093334e-02 -2.62201170e-02  3.02900236e-02 -5.64246383e-02
 -6.06638394e-02 -2.66578884e-02  2.48845720e-02 -8.56510141e-02
 -2.91408735e-02  1.45610315e-02 -3.73200178e-02 -6.82530182e-02
  2.49461336e-02 -3.26806662e-02 -8.24669106e-02 -4.24159513e-02
  2.84209446e-03 -6.57973939e-02 -6.76425322e-02  1.03543213e-02
 -2.18954137e-02 -7.58712678e-02 -4.86883956e-02  4.34334280e-02
 -2.46673963e-02 -9.09726735e-02  1.58127843e-02 -4.64619173e-03
 -6.77793358e-02 -4.50254797e-02 -1.86223879e-03 -5.37432881e-02
 -5.82218954e-02 -6.14077089e-03 -1.82205274e-02 -7.63859913e-02
 -2.57874756e-03 -3.32124902e-02 -1.62043846e-02 -4.79154554e-02
 -2.30667944e-02 -6.05868874e-03 -5.18947296e-02 -1.71107083e-02
 -3.20633401e-02 -5.88067307e-02 -5.83176579e-02 -2.22169021e-02
 -3.84862683e-02 -7.72598242e-02 -1.60214098e-02 -3.09740415e-02
 -4.59266733e-02 -2.94572318e-02 -3.39358391e-02 -2.79404220e-02
 -3.03242245e-02 -2.03786039e-02 -3.37750949e-02 -7.04538459e-02
 -2.25623311e-02 -4.27220493e-02 -2.41578029e-02 -5.95198194e-02
 -2.65313451e-02  1.16642156e-02 -4.80573891e-02 -3.70942919e-02
 -1.01508260e-02 -7.56694825e-03 -3.16768699e-02 -1.10178187e-02
 -9.99008174e-03 -1.02790793e-02 -5.83980300e-03  1.40411779e-02
 -2.18595027e-02 -9.57967099e-03  6.11170013e-03  2.04863367e-02
 -2.84551455e-03  1.05509764e-03  1.90806799e-02  2.42980266e-02
 -6.63497384e-03  6.42292828e-03  2.28923698e-02  2.81097165e-02
  1.36632580e-03  1.44242279e-02  1.20404255e-02  3.47942816e-02
  5.95608605e-03 -1.15599029e-03  1.76476624e-02  1.58025240e-02
  7.37371319e-03  1.07356613e-02  1.12247341e-02  1.38086118e-02
 -9.28383324e-03  5.33020965e-03  8.69215773e-03  9.18123055e-03
  4.16395910e-03]",0.15676470588235294,0.000784313725490196,0.0,0.8657608695652174,0.4743478260869565,0.0,0.1846341463414634,0.0021951219512195124,0.0,0.8413888888888889,0.4434722222222222,0.0,0.19693548387096774,0.0066129032258064515,0.0,0.8275,0.42615384615384616,0.0,0.22095238095238096,0.008095238095238095,0.0,0.7909375,0.36625,0.0,0.25136363636363634,0.015,0.0,0.7541666666666667,0.3425,0.0,0.74125,0.31875,0.0,0.40400726349305416,0.082108955778521,0.082108955778521
3.8717,0.1137,2029,0.5623214285714285,0.04501948274392557,0.8219642857142857,0.07820348098886334,0.1359964637376918,280.0,0.1552668398133038,0.8041634178799493,0.2983370072534549,280.0,0.4376110140783731,0.5954641524919829,0.6804131140325853,4,0.4163373513473419,3,0.6785454143908135,-0.13733241781041763,26.0,1.081786133960047,"[ 1.00000000e+00  5.94965185e-01  6.06185565e-01  6.78545414e-01
  6.59107421e-01  5.59196413e-01  5.98155321e-01  5.88759509e-01
  5.80182297e-01  5.05908571e-01  6.04082979e-01  5.41488633e-01
  5.33730020e-01  5.25794131e-01  5.31174821e-01  4.60639539e-01
  5.18400163e-01  4.88565436e-01  4.42030238e-01  4.38651393e-01
  4.52791618e-01  4.31252379e-01  4.19113998e-01  3.96756160e-01
  4.53411414e-01  3.82876133e-01  3.86796900e-01  4.09055337e-01
  3.53119281e-01  3.52483004e-01  3.44083068e-01  3.13607018e-01
  3.24008798e-01  3.51929649e-01  3.45630958e-01  2.98631714e-01
  3.10670693e-01  3.65047425e-01  2.98427865e-01  2.66027845e-01
  3.14564887e-01  2.83447514e-01  2.75047578e-01  2.61449275e-01
  2.73488254e-01  2.47391971e-01  2.40451958e-01  2.74389775e-01
  2.68909684e-01  1.86053699e-01  2.59232148e-01  2.38334232e-01
  1.98634600e-01  2.31576541e-01  2.11497225e-01  1.86860865e-01
  1.57203414e-01  1.75082083e-01  2.29281539e-01  1.52906568e-01
  1.43046709e-01  2.11204067e-01  1.45867153e-01  9.22096188e-02
  1.56805809e-01  1.40287661e-01  8.14317594e-02  1.16652223e-01
  1.08893610e-01  1.12173054e-01  7.74945123e-02  1.07229838e-01
  9.08889662e-02  5.41091791e-02  9.09668411e-02  8.92251945e-02
  3.13651691e-02  1.15117628e-01  5.64390032e-02  6.86552587e-02
  6.41710433e-02  9.45476922e-02  3.79703129e-02  4.64481240e-02
  5.86643795e-02  6.77835136e-02  2.30627908e-02  3.36418475e-02
  2.52419114e-02  1.11795615e-02  9.26063863e-03  3.52575199e-02
 -1.32016473e-02  2.39850000e-03  1.44374792e-02 -2.39795067e-02
 -5.47917860e-04 -3.00280923e-02 -3.03098164e-02 -4.43721663e-02
 -4.10927222e-02 -1.23532722e-02 -6.72934526e-02 -6.27313623e-02
 -5.13337063e-02 -6.03749655e-02 -6.35765346e-02 -1.01174921e-01
 -8.78532957e-02 -1.36312463e-01 -1.46636368e-01 -1.05398939e-01
 -1.27756777e-01 -1.51219985e-01 -1.35442561e-01 -1.38644130e-01
 -1.90023143e-01 -1.56549373e-01 -1.42873195e-01 -1.92969561e-01
 -1.90331440e-01 -1.74199463e-01 -1.86337844e-01 -2.12898173e-01
 -2.00504642e-01 -1.86187140e-01 -2.35464907e-01 -1.97611369e-01
 -1.89133558e-01 -1.99634740e-01 -1.91975528e-01 -2.05042003e-01
 -2.06142326e-01 -1.79968168e-01 -2.20309124e-01 -2.24970615e-01
 -2.07733269e-01 -2.13677407e-01 -1.80203637e-01 -2.26848329e-01
 -2.11712228e-01 -1.74677290e-01 -1.87743764e-01 -2.21426430e-01
 -1.74813357e-01 -1.79474849e-01 -1.89976030e-01 -2.09878070e-01
 -1.74944378e-01 -1.83344314e-01 -1.94950865e-01 -2.00430956e-01
 -1.81733688e-01 -1.99534482e-01 -1.71900402e-01 -1.77380493e-01
 -1.99561055e-01 -1.78407988e-01 -1.55330952e-01 -1.89368170e-01
 -1.71776271e-01 -1.58918693e-01 -1.57917771e-01 -1.88039268e-01
 -1.69164723e-01 -1.51927377e-01 -1.69728171e-01 -1.99208346e-01
 -1.81793723e-01 -1.77872956e-01 -1.87732815e-01 -1.84917418e-01
 -1.89578909e-01 -1.85016819e-01 -2.05096135e-01 -1.74719486e-01
 -2.14419118e-01 -2.03021462e-01 -2.01379217e-01 -1.93542729e-01
 -2.17360490e-01 -2.09701278e-01 -1.90185410e-01 -1.90467134e-01
 -2.30166766e-01 -1.92135952e-01 -1.99894565e-01 -2.09754424e-01
 -2.13133269e-01 -2.06115381e-01 -2.15156640e-01 -2.12695795e-01
 -2.13618843e-01 -2.20558856e-01 -2.20199257e-01 -2.03603234e-01
 -2.04703558e-01 -2.07086527e-01 -2.05908329e-01 -1.93869350e-01
 -2.24809447e-01 -2.19074204e-01 -1.96638491e-01 -2.10059518e-01
 -2.15362333e-01 -2.00226232e-01 -1.78609118e-01 -1.88468977e-01
 -1.88750701e-01 -1.68593510e-01 -1.76816170e-01 -1.74996648e-01
 -1.73177127e-01 -1.76555972e-01 -1.88053029e-01 -1.75372727e-01
 -1.86051185e-01 -1.84231664e-01 -1.82412142e-01 -1.61613628e-01
 -1.73752008e-01 -1.70472564e-01 -1.60712107e-01 -1.57609939e-01
 -1.68929720e-01 -1.53329573e-01 -1.58986940e-01 -1.51327729e-01
 -1.62183463e-01 -1.39106427e-01 -1.33725737e-01 -1.33543414e-01
 -1.27344125e-01 -1.12385301e-01 -1.13485625e-01 -9.85268004e-02
 -9.98044002e-02 -1.03824569e-01 -1.02823647e-01 -8.93247449e-02
 -9.56234353e-02 -8.94241462e-02 -7.36467226e-02 -5.85106221e-02
 -5.96109455e-02 -4.90318889e-02 -4.05540778e-02 -3.37134656e-02
 -4.08307555e-02 -4.06484328e-02 -4.63058001e-02 -4.01065110e-02
 -4.80424003e-02 -4.70414782e-02 -4.23021116e-02 -3.69214219e-02
 -3.44605773e-02 -3.18224563e-02 -2.79016891e-02 -2.10610769e-02
 -2.07014779e-02]",0.14176470588235293,0.000196078431372549,0.0,0.8782608695652174,0.5119565217391304,0.0,0.16707317073170733,0.00036585365853658537,0.0,0.8505555555555555,0.4373611111111111,0.0,0.19451612903225807,0.00016129032258064516,0.0,0.8207692307692308,0.38211538461538463,0.0,0.2092857142857143,0.0,0.0,0.798125,0.35375,0.0,0.22772727272727272,0.0,0.0,0.7783333333333333,0.34833333333333333,0.0,0.78625,0.37375,0.0,0.4065586256772939,0.08134065403195836,0.08134065403195836
3.8717,0.1137,3001,0.5601785714285715,0.054682233711448446,0.8385714285714286,0.11500665464330703,0.14957430422159607,280.0,0.3397094739730949,0.6333383412360397,0.5223978045567661,280.0,0.5420840032772537,0.45426227081355963,0.8304424966145761,4,0.6731461295526946,4,0.8509814402539289,-0.17449392474657563,11.0,1.05956678700361,"[ 1.          0.78358223  0.82742522  0.7968584   0.85098144  0.73582119
  0.77711828  0.73237541  0.75725913  0.68566855  0.73184528  0.67016829
  0.68155102  0.62429078  0.67571362  0.60780689  0.61857242  0.58275949
  0.61107633  0.56664205  0.57522814  0.55561642  0.57463685  0.53508222
  0.5574779   0.52976558  0.54504431  0.49723477  0.53245641  0.50827364
  0.49099566  0.47663004  0.49009577  0.4537621   0.43378392  0.4401327
  0.42368407  0.39763044  0.40075826  0.39480184  0.36620231  0.35432473
  0.36877411  0.35907598  0.32341735  0.32675733  0.34577777  0.32699539
  0.29995812  0.30547755  0.32621454  0.31200322  0.29675039  0.30834527
  0.30613056  0.28916117  0.27344546  0.28451958  0.25628651  0.24305883
  0.24722816  0.24458913  0.2104349   0.19834516  0.21954504  0.18242059
  0.15314601  0.16587883  0.1482344   0.1171854   0.10717868  0.0914051
  0.09235347  0.06437113  0.07342011  0.04294972  0.0465983   0.02542432
  0.02585194 -0.00409769  0.00412194 -0.01284744 -0.02098331 -0.04044074
 -0.02095741 -0.04784039 -0.03977506 -0.06582869 -0.05272941 -0.07706648
 -0.0777768  -0.09993442 -0.07956389 -0.10577182 -0.11136178 -0.12001841
 -0.11413252 -0.13239414 -0.12853341 -0.14679503 -0.12252849 -0.14769491
 -0.13775872 -0.14620319 -0.13995085 -0.15161626 -0.13809267 -0.16325909
 -0.16090275 -0.15195021 -0.15634437 -0.17356449 -0.16970375 -0.16563086
 -0.17444177 -0.17800659 -0.17264146 -0.18259032 -0.17919247 -0.17465669
 -0.1824261  -0.18562446 -0.18814777 -0.18459563 -0.18681035 -0.1942133
 -0.20348712 -0.19655972 -0.19404909 -0.19979335 -0.21041726 -0.19959387
 -0.20481738 -0.21243249 -0.21023045 -0.21545396 -0.22202758 -0.21442513
 -0.20817279 -0.20612505 -0.21555316 -0.19865431 -0.20673232 -0.20183007
 -0.21650429 -0.20620164 -0.22560121 -0.20989816 -0.20873763 -0.21598629
 -0.2254144  -0.19756045 -0.21275542 -0.21091983 -0.22019364 -0.2071908
 -0.22336941 -0.21410827 -0.23215774 -0.21442954 -0.23180395 -0.22472227
 -0.23233738 -0.23028964 -0.23551315 -0.23419832 -0.23438788 -0.2350982
 -0.24385126 -0.23864042 -0.23965933 -0.2413533  -0.24792691 -0.24557057
 -0.24643518 -0.25721339 -0.25132751 -0.25587597 -0.25892003 -0.2618098
 -0.25187361 -0.26878513 -0.26409505 -0.26023431 -0.26229473 -0.26450945
 -0.25561476 -0.26728018 -0.2624358  -0.25894152 -0.25949754 -0.26695836
 -0.25484273 -0.25254425 -0.25024577 -0.24825589 -0.25286221 -0.24620484
 -0.24811096 -0.24814623 -0.24351401 -0.23731953 -0.2328416  -0.22971378
 -0.2164602  -0.21888708 -0.2149299  -0.21263143 -0.19741056 -0.19781229
 -0.19063416 -0.19389038 -0.17431062 -0.1791291  -0.16707133 -0.16191835
 -0.1504392  -0.15219102 -0.1420041  -0.13903057 -0.14234466 -0.14155058
 -0.13992715 -0.13035742 -0.13345934 -0.12959861 -0.12496639 -0.1244809
 -0.12706207 -0.12678875 -0.12817411 -0.13308903 -0.13094485 -0.13165517
 -0.13288624 -0.13951771 -0.13347753 -0.1387589  -0.13968138 -0.13940805
 -0.13170917 -0.1319566  -0.13318767 -0.11925904 -0.11831067 -0.11585789
 -0.11085921 -0.09708489 -0.10371636 -0.10172648 -0.09989089 -0.09286706
 -0.09409813 -0.0939791  -0.08508442 -0.08668195 -0.08266692 -0.08119779
 -0.07619911 -0.08013038 -0.0754403 ]",0.14676470588235294,0.000392156862745098,0.0,0.8732608695652174,0.5480434782608695,0.0,0.16146341463414635,0.0006097560975609756,0.0,0.84625,0.4886111111111111,0.0,0.18919354838709676,0.0008064516129032258,0.0,0.8025,0.3621153846153846,0.0,0.2307142857142857,0.0007142857142857143,0.0,0.7696875,0.26375,0.0,0.22727272727272727,0.0,0.0,0.755,0.25083333333333335,0.0,0.755,0.25625,0.0,0.3821661314066407,0.07653413229282793,0.07653413229282793
3.865,0.136,101,0.5391964285714287,0.028138318841837325,0.8903571428571428,0.06193211392075904,0.08578589557899788,2.028985507246377,0.10804259520877275,0.8420558662143433,0.2611189379245992,280.0,0.3384104388723547,0.5652873907448306,0.793519814873019,4,0.4670490324826354,2,0.7972230008028618,-0.15134603039053302,6.0,1.0158924205378974,"[ 1.          0.77778911  0.797223    0.76822152  0.75972152  0.72561545
  0.7063742   0.69930415  0.69313197  0.70235668  0.66126714  0.6388002
  0.64659496  0.61902343  0.60631672  0.54284681  0.55019264  0.52262111
  0.54160606  0.49586087  0.51439688  0.49148099  0.496499    0.48710112
  0.47815218  0.46454759  0.4695656   0.44620078  0.45587443  0.44414873
  0.4300952   0.4276808   0.41407621  0.40002268  0.39107374  0.38445263
  0.37783151  0.3618991   0.34596669  0.32492969  0.32296422  0.30004834
  0.28644375  0.27051134  0.24338874  0.24562999  0.24321558  0.243129
  0.21510853  0.2196776   0.20141736  0.2129699   0.17563813  0.19372521
  0.19318969  0.19265417  0.18513518  0.1757373   0.17054614  0.2165671
  0.17645857  0.1805787   0.18792453  0.18506119  0.16590308  0.18023238
  0.14710732  0.15821092  0.13905281  0.14782859  0.11049682  0.16582909
  0.11640926  0.13216851  0.13673758  0.11525164  0.11471612  0.11042283
  0.09359255  0.08652249  0.06082985  0.06494998  0.06208663  0.08482936
  0.05635995  0.0721192   0.05806567  0.06684145  0.05278793  0.03407875
  0.04751018  0.04975142  0.03757678  0.02817891  0.04161033  0.0201244
  0.02424453  0.03346924 -0.0015347   0.02676155  0.00760343  0.01915597
 -0.00420885 -0.01315779 -0.01136548 -0.02219331 -0.01995207 -0.03543554
 -0.023883   -0.04447106 -0.03757417 -0.04374635 -0.03640052 -0.04302163
 -0.03379692 -0.04740151 -0.05357369 -0.04810674 -0.02957073 -0.04084749
 -0.02929495 -0.02472589 -0.02946812 -0.03421035 -0.02032998 -0.01719086
 -0.02426092 -0.01969185 -0.01046713 -0.02219283 -0.00320788 -0.03122835
 -0.01734799 -0.03283147 -0.0282624  -0.05395504 -0.03497009 -0.03926339
 -0.03424538 -0.0543845  -0.05634997 -0.05831544 -0.05983197 -0.08042003
 -0.09402462 -0.08202314 -0.08443755 -0.09849107 -0.09302413 -0.10009418
 -0.07690252 -0.11378535 -0.11387193 -0.11163069 -0.11404509 -0.12577079
 -0.13194297 -0.15065215 -0.14142743 -0.13918619 -0.15091189 -0.15798194
 -0.16925871 -0.17400094 -0.18948441 -0.20729571 -0.20926118 -0.21400341
 -0.2182967  -0.23422911 -0.23574564 -0.25445481 -0.24710898 -0.26581816
 -0.26733469 -0.28138821 -0.2782491  -0.27878461 -0.28773355 -0.28083666
 -0.29256236 -0.29077006 -0.29739117 -0.29514993 -0.29290869 -0.29344421
 -0.29397972 -0.29451524 -0.292274   -0.29280952 -0.29056827 -0.29110379
 -0.28886255 -0.28662131 -0.28715682 -0.28491558 -0.2854511  -0.28598662
 -0.28652214 -0.28705765 -0.28759317 -0.28535193 -0.28311069 -0.2836462
 -0.2786282  -0.27916372 -0.27969924 -0.27745799 -0.27799351 -0.27852903
 -0.27906455 -0.2768233  -0.27735882 -0.27789434 -0.27842986 -0.27896538
 -0.27394737 -0.27448289 -0.27501841 -0.2700004  -0.27053592 -0.27107144
 -0.27160696 -0.27214248 -0.26990123 -0.27043675 -0.27097227 -0.27150779
 -0.27204331 -0.26980206 -0.26756082 -0.26254282 -0.26030157 -0.25806033
 -0.25581909 -0.25357784 -0.2513366  -0.24354183 -0.23852383 -0.23350582
 -0.22848782 -0.22346981 -0.22122857 -0.21621056 -0.21119256 -0.20617455
 -0.20115655 -0.19613854 -0.1938973  -0.1888793  -0.18663805 -0.18439681
 -0.18215557 -0.17713756 -0.17489632 -0.16987831 -0.16486031 -0.1598423
 -0.15760106 -0.15258305 -0.14756505]",0.08343137254901961,0.000196078431372549,0.0,0.9128260869565218,0.6704347826086956,0.0,0.10073170731707318,0.00012195121951219512,0.0,0.9297222222222222,0.7338888888888889,0.0,0.11903225806451613,0.0,0.0,0.8840384615384616,0.5851923076923077,0.0,0.13404761904761905,0.0002380952380952381,0.0,0.8825,0.593125,0.0,0.16272727272727272,0.0,0.0,0.8241666666666667,0.42916666666666664,0.0,0.82875,0.4325,0.0,0.6022503041935158,0.12047230583426236,0.12047230583426236
3.865,0.136,707,0.5808035714285714,0.025526190781554662,0.8039285714285713,0.041433189397793994,0.17933978181843455,4.0,0.06667808554370147,0.8760572507207129,0.08495426853379062,4.0,0.20819720819720794,0.7796557760314945,0.3232303276165597,12,0.24786111912190092,4,0.46896288198019376,-0.019592154324340888,19.0,1.09912109375,"[ 1.00000000e+00  1.98608207e-01 -3.54680352e-02  3.43762803e-01
  4.68962882e-01  1.76858555e-01  4.68019275e-02  1.75977041e-01
  4.03970790e-01  1.79479212e-01 -1.22618428e-01  7.45780837e-02
  4.07817393e-01  1.37334285e-01 -1.65580652e-01  1.82444302e-01
  3.53635910e-01  1.43141074e-02 -1.05340558e-01  1.69462017e-01
  2.41426342e-01  8.05724794e-02 -1.69515354e-01  3.20648424e-02
  2.29261355e-01  2.15986647e-02 -1.97691932e-01  2.59181323e-02
  2.44735864e-01 -6.21541082e-02 -2.02612697e-01  8.86101175e-02
  1.67410018e-01 -2.42410814e-02 -1.38694766e-01  2.20948807e-02
  1.78092195e-01  3.32499230e-02 -1.74821415e-01  2.23750969e-02
  2.46393810e-01 -2.36806492e-02 -1.54145925e-01  6.38545105e-02
  2.25052806e-01 -3.46196915e-02 -9.14539395e-02  3.81298228e-02
  1.84133824e-01  1.80789806e-02 -1.16769979e-01 -2.78915861e-03
  2.37241145e-01 -1.21878085e-03 -1.57688960e-01  3.99162005e-02
  2.12333754e-01 -1.13405263e-02 -1.72603038e-01  4.49887489e-02
  1.64987847e-01  4.13398363e-03 -1.78341099e-01 -7.55813953e-03
  1.43646843e-01 -1.20060395e-02 -2.20894675e-01 -3.41001242e-02
  1.32707800e-01 -4.89499857e-02 -2.10621146e-01 -2.86189273e-02
  1.33396665e-01 -3.74505111e-02 -2.19925594e-01 -2.75214142e-02
  1.76102024e-01 -3.15606657e-02 -2.03225139e-01 -5.61997813e-03
  1.51194633e-01 -4.56574464e-02 -1.44508189e-01 -4.05206819e-02
  1.00690987e-01  2.30528165e-02 -1.95420483e-01 -3.94231688e-02
  1.58999289e-01 -2.78594780e-02 -1.84329657e-01  3.40794264e-02
  1.18080307e-01 -5.27668687e-02 -1.26021356e-01  1.43730165e-02
  1.08367210e-01 -5.67782578e-03 -1.14930530e-01 -5.29595173e-02
  1.24659017e-01  6.20668061e-04 -1.50648530e-01  5.73585917e-02
  1.25347882e-01 -5.11089234e-02 -9.27488775e-02  2.16405910e-02
  8.48375490e-02 -2.79393502e-03 -1.53654485e-01 -1.88697420e-02
  6.47224905e-02 -2.29089935e-02 -1.73769543e-01 -3.37838196e-02
  1.17421163e-01 -5.90356426e-02 -1.83891289e-01  5.01207371e-02
  4.96799805e-02 -2.83668390e-02 -5.44038508e-02 -2.88397037e-02
  8.07574326e-02  1.39298717e-02 -1.47332640e-01 -4.33451328e-02
  1.39474383e-01 -3.69824228e-02 -1.77849660e-01 -1.66513645e-02
  8.29524588e-02 -5.23051490e-02 -1.19950007e-01  2.04443654e-02
  7.24220649e-02  1.59964655e-02 -8.28542770e-02 -2.60842453e-02
  1.41132328e-01  4.30988823e-02 -1.13371297e-01  2.70230754e-02
  1.47430822e-01 -2.42336514e-02 -1.38687336e-01  3.81139015e-02
  8.48906202e-02 -4.95496906e-02 -8.07876832e-02 -2.92186322e-02
  9.07804655e-02  2.39529046e-02 -1.42510588e-01 -2.11621538e-03
  1.13090550e-01 -3.21603706e-02 -1.36620742e-01 -6.62833155e-03
  7.13542717e-02 -2.27041385e-02 -1.16353900e-01 -1.96443166e-03
  2.96179933e-02 -4.80201777e-02 -1.36877607e-01 -6.88519631e-03
  6.67137232e-02 -5.25322938e-02 -1.15384820e-01  4.20562980e-03
  2.05937609e-02 -5.66357615e-02 -1.03476696e-01 -9.89115090e-03
  3.72942163e-02 -6.63488584e-02 -9.75868511e-02 -2.00128963e-02
  1.71791579e-02 -6.52513454e-02 -1.02098967e-01 -3.45183255e-02
  1.26670417e-02 -4.93681870e-02 -1.11812064e-01 -1.34341864e-02
  1.85568871e-02 -7.94765584e-02 -8.99106280e-02 -1.23366733e-02
 -1.55817138e-03 -3.19788670e-02 -5.28148982e-02 -2.68421025e-02
  2.03432647e-02 -2.56803732e-02 -2.57124813e-02  1.58632567e-02
  2.70504071e-02 -3.45761731e-02 -6.58141658e-02 -3.43450479e-03
  2.81479201e-02 -2.82776793e-02 -4.39127297e-02  2.45534056e-03
  3.24052944e-03 -1.67782047e-02 -4.28152166e-02 -6.84910787e-03
  9.13037479e-03  9.50691518e-03 -4.81446297e-02 -1.25871695e-02
 -1.80866759e-03 -6.63310796e-03 -5.94923206e-02 -7.92326961e-03
 -1.79486907e-02 -4.87780349e-02 -3.40244977e-02 -2.36546443e-02
 -8.08381009e-03 -3.33035250e-02 -4.89385754e-02 -2.85754089e-02
  1.90186068e-02 -3.22060119e-02 -3.78477492e-02 -1.06434356e-03
  4.51317759e-03 -5.23210703e-02 -5.27618269e-02 -1.59784212e-02
 -1.04009001e-02 -3.64379120e-02 -2.12757263e-02 -3.73194251e-02
 -2.13399425e-02 -2.61643828e-02 -3.70071009e-02 -1.62352860e-02
  1.57557874e-02 -4.14871090e-02 -3.15259041e-02  1.52508146e-02
 -1.51698810e-02 -2.47866536e-02  6.38712280e-03 -1.44489083e-02
 -4.04859202e-02 -2.97074183e-02 -4.01414879e-02 -1.49859892e-02
 -2.50114103e-02 -3.58541284e-02 -2.15092397e-02 -1.14607326e-03
 -6.31813019e-02]",0.16156862745098038,0.0,0.0,0.8516304347826087,0.4752173913043478,0.0,0.16182926829268293,0.0,0.0,0.9640277777777778,0.8227777777777778,0.0,0.16274193548387098,0.0,0.0,0.8496153846153847,0.45692307692307693,0.0,0.16547619047619047,0.0,0.0,0.9409375,0.714375,0.0,0.17,0.0,0.0,0.8391666666666666,0.38666666666666666,0.0,0.905,0.55875,0.0,0.5711919825343739,0.11423839650687477,0.11423839650687477
3.865,0.136,1313,0.5639285714285713,0.02652011173676708,0.8319642857142857,0.04294596450595723,0.14865867493950985,3.943661971830986,0.04780647213962481,0.8781008411521506,0.10208166746380022,280.0,0.1407124755760794,0.7810976772331807,0.44439747929980866,3,0.38170177211254475,3,0.5637667243802379,-0.044393093432081365,35.0,1.0450874831763122,"[ 1.00000000e+00  3.00516396e-01  2.25524918e-01  5.63766724e-01
  3.96795785e-01  2.89663364e-01  4.05218056e-01  2.67293262e-01
  3.95624801e-01  3.80471839e-01  2.15247127e-01  3.29055593e-01
  3.60566647e-01  2.24388080e-01  2.67327409e-01  2.79474366e-01
  2.59480380e-01  2.28455775e-01  1.64892571e-01  2.49654892e-01
  2.73230124e-01  1.44987379e-01  1.87926708e-01  1.71027520e-01
  1.84920704e-01  2.23019008e-01  7.05711421e-02  1.28033544e-01
  2.13193520e-01  1.38202041e-01  3.90054412e-02  1.06149891e-01
  1.34566148e-01  5.95746691e-02  3.94728717e-03  1.32676481e-01
  6.73670509e-02  3.76910167e-02  1.46022333e-02  3.81774655e-02
  6.65937220e-02  1.75535909e-02 -8.29915801e-02  2.77220882e-02
  5.61383446e-02 -6.24223522e-02 -6.78932653e-02  3.13921279e-02
 -2.55838251e-02 -7.46239562e-02 -5.58897481e-02 -7.71173924e-03
 -1.93722476e-02 -7.63482005e-02 -3.16626448e-02 -3.05463071e-02
 -2.13005066e-03 -5.25187528e-02 -9.67178597e-02  6.05998671e-03
  6.87610683e-02 -1.18922539e-01 -5.79676837e-02  3.20333166e-02
  1.20393309e-02 -2.03338454e-02 -2.88995562e-02 -1.81011700e-02
  7.18998303e-02 -4.00736157e-02 -2.92752295e-02  2.85848278e-02
  2.31139147e-02 -2.59262164e-02  4.16158894e-02  1.36860818e-02
  6.63074594e-02 -1.31273881e-02 -2.65341230e-02  3.92617562e-02
  5.35525955e-02 -3.42157294e-02  2.18981014e-02  1.02375930e-02
  3.38128253e-02 -7.04233179e-04 -3.65698626e-02  2.74797900e-02
  6.55780949e-02 -1.86977768e-02  4.87745540e-03  7.74001971e-03
  2.86181099e-02  8.62412411e-03 -4.52570312e-02  2.71260988e-02
  4.58603068e-02 -4.67490423e-02 -2.76171787e-02  4.43682957e-02
 -3.85590049e-02 -4.88709422e-02 -3.63263295e-02  1.80412747e-02
 -1.16347595e-02 -5.09928422e-02 -5.29713021e-02 -1.13805440e-02
 -5.86744485e-02 -1.57351194e-02 -2.12060325e-02 -4.87381846e-02
 -1.85757015e-02 -3.37286631e-02 -6.47532683e-02  3.49297804e-02
 -6.73616171e-02 -6.62452794e-02  1.54222435e-02 -5.60767821e-02
 -8.22603631e-02 -1.51159129e-02 -6.72508416e-02 -3.70883586e-02
  5.85097055e-03 -8.50121520e-02 -6.27854908e-02 -2.11947327e-02
 -6.36476130e-02 -8.84826229e-02 -4.51456383e-02 -5.99009442e-02
 -4.60077605e-02 -5.28272446e-02 -7.41698014e-02 -4.88483426e-02
 -5.08268025e-02 -9.98669336e-02 -4.54993294e-02 -2.63674658e-02
 -9.30254672e-02 -7.73860569e-02 -2.43670237e-02 -1.00707074e-01
 -5.77677445e-02 -8.87923497e-02 -6.83119151e-02 -4.12442297e-02
 -3.83816654e-02 -8.74217965e-02  1.40074789e-02 -2.97939724e-02
 -5.94700066e-02 -1.47844509e-02 -6.03321288e-02 -2.84234192e-02
 -7.94298459e-03 -6.66651641e-02 -2.68206326e-02 -2.08632707e-02
 -7.95854503e-02  7.33501617e-04 -2.23552818e-02 -8.10774613e-02
 -7.34576028e-03 -4.18628187e-02 -8.25694724e-02 -4.58197385e-02
 -5.12906516e-02 -4.04922655e-02 -5.35013449e-02 -7.83363549e-02
 -3.53970257e-02 -5.84858091e-02 -8.46693902e-02 -2.85555594e-02
 -5.33905694e-02 -7.33845552e-02 -4.80630963e-02 -2.58364351e-02
 -7.00355420e-02 -5.61423582e-02 -6.16132713e-02 -5.21634562e-02
 -6.24753935e-02 -4.37411855e-02 -4.88144430e-02 -4.94443319e-02
 -5.00742208e-02 -3.40371549e-02 -3.11745906e-02 -2.69634552e-02
 -6.28290847e-02 -2.95718040e-02 -3.32964905e-02 -6.43210958e-02
 -4.55868877e-02 -5.58988251e-02 -4.81952365e-02 -3.08095996e-02
 -6.53266580e-02 -5.58768429e-02 -4.60403633e-03 -5.67389651e-02
 -2.96712796e-02 -3.99832170e-02 -4.85489277e-02 -3.42580883e-02
 -5.90930983e-02 -7.42460599e-02 -4.05911236e-02 -5.39978586e-02
 -7.39918444e-02 -4.20831347e-02 -7.00129423e-02 -6.88966046e-02
 -5.77005629e-02 -9.22176213e-02 -6.51499359e-02 -7.68104443e-02
 -8.05351308e-02 -5.65622430e-02 -6.51279537e-02 -7.54398910e-02
 -5.80542541e-02 -6.83661914e-02 -6.24088294e-02 -6.12924917e-02
 -6.98582024e-02 -5.24725655e-02 -4.78637746e-02 -6.30167361e-02
 -5.39645765e-02 -5.28482388e-02 -5.52243543e-02 -6.06952674e-02
 -6.30713829e-02 -6.37012718e-02 -6.91721849e-02 -6.80558471e-02
 -6.86857360e-02 -6.93156249e-02 -7.96275622e-02 -6.88291761e-02
 -7.43000892e-02 -7.66762046e-02 -6.41315919e-02 -6.65077074e-02
 -6.88838228e-02 -6.46726875e-02 -6.04615521e-02 -6.28376676e-02
 -6.52137831e-02 -4.78281461e-02 -4.36170108e-02 -4.59931262e-02
 -4.17819909e-02 -3.75708556e-02 -3.99469710e-02 -3.57358357e-02
 -3.81119512e-02]",0.1306862745098039,0.0,0.0,0.8820652173913044,0.5552173913043478,0.0,0.13682926829268294,0.0,0.0,0.9423611111111111,0.7509722222222223,0.0,0.13919354838709677,0.0,0.0,0.8748076923076923,0.5484615384615384,0.0,0.13833333333333334,0.0,0.0,0.9271875,0.714375,0.0,0.14454545454545453,0.0,0.0,0.8658333333333333,0.5166666666666667,0.0,0.915,0.69125,0.0,0.617138563730955,0.12342771274619099,0.12342771274619099
3.865,0.136,2029,0.6027678571428571,0.03772456147214048,0.7332142857142857,0.048774522874474695,0.28676823475210567,2.0,0.5951350415512467,0.4064692648993143,0.03268069219282069,4.0,0.374680306905371,0.6115344232757086,0.11975698632787463,8,0.770845360197754,8,0.6865254256761417,-0.004770476196400636,5.0,1.091730922626961,"[ 1.         -0.04878501 -0.25683763  0.02551242  0.60934764 -0.06036923
 -0.2571892  -0.09121361  0.68652543 -0.03450236 -0.35016315  0.00598991
  0.55103365 -0.12369635 -0.28298483 -0.11325609  0.50685065 -0.09908948
 -0.3822319  -0.07237662  0.5026655  -0.06949627 -0.29258829 -0.12409273
  0.49349403 -0.09242036 -0.36181017 -0.08447326  0.49056887 -0.08909921
 -0.26715343 -0.08241209  0.4438659  -0.03822028 -0.30385694 -0.04654576
  0.45343337 -0.04240542 -0.2842632  -0.00193996  0.43300244 -0.01155223
 -0.21713849 -0.02861719  0.43133727 -0.01321741 -0.25255521 -0.07406018
  0.44594468 -0.04989411 -0.22794833 -0.04444017  0.39425538 -0.06531189
 -0.25336558 -0.1311678   0.41135596 -0.09198913 -0.2813028  -0.1015746
  0.4084308  -0.09242113 -0.28047481 -0.08948716  0.37923359 -0.08783999
 -0.30342571 -0.08241285  0.36003585 -0.08451883 -0.25632674 -0.06909224
  0.40338166 -0.08870398 -0.27051135 -0.06451109  0.35917186 -0.08913597
 -0.22716553 -0.07620254  0.39251821 -0.05578962 -0.25636274 -0.05534881
  0.3858399  -0.07622054 -0.25052161 -0.05202766  0.33538378 -0.0566268
 -0.27596567 -0.06119913  0.35371753 -0.04955249 -0.25637193 -0.04535854
  0.31701402 -0.07998288 -0.26305024 -0.0708026   0.31033572 -0.05915596
 -0.23471702 -0.05622199  0.31990318 -0.06334111 -0.23388903 -0.0629003
  0.31322487 -0.05251365 -0.21180212 -0.055826    0.30279342 -0.05168566
 -0.20346783 -0.05499801  0.29236196 -0.05085767 -0.19513354 -0.05417002
  0.2819305  -0.05002968 -0.18679925 -0.05334203  0.27149904 -0.04920169
 -0.17846496 -0.05251404  0.26106758 -0.0483737  -0.17013067 -0.05168605
  0.25063612 -0.04754571 -0.16179638 -0.05085805  0.24020466 -0.04671772
 -0.15346209 -0.05003006  0.2297732  -0.04588973 -0.1451278  -0.04920207
  0.21934174 -0.04506174 -0.13679351 -0.04837408  0.20891028 -0.04423374
 -0.12845922 -0.04754609  0.19847883 -0.04340575 -0.12012493 -0.0467181
  0.18804737 -0.04257776 -0.11179064 -0.04589011  0.17761591 -0.04174977
 -0.10345634 -0.04506212  0.16718445 -0.04092178 -0.09512205 -0.04423413
  0.15675299 -0.04009379 -0.08678776 -0.04340614  0.14632153 -0.04427894
 -0.07596031 -0.04008498  0.13964322 -0.05095724 -0.06762602 -0.04051698
  0.13044494 -0.04763609 -0.06556485 -0.04220896  0.13502608 -0.05056125
 -0.06849001 -0.0313547   0.12459462 -0.05348641 -0.06390887 -0.02803354
  0.11665633 -0.04389213 -0.07058718 -0.02720555  0.1187443  -0.04807728
 -0.06474605 -0.02511757  0.10831284 -0.04223615 -0.06391806 -0.02930272
  0.1041277  -0.03516185 -0.06936319 -0.02598156  0.10495569 -0.03433385
 -0.0760415  -0.02641356  0.10326371 -0.02851954 -0.08148663 -0.0230924
  0.09907856 -0.02519838 -0.08567178 -0.01475811  0.09240025 -0.02437039
 -0.08859693 -0.01143696  0.09322825 -0.02855554 -0.08275581 -0.00433585
  0.08030362 -0.02520757 -0.07064156 -0.00849418  0.07365212 -0.02561276
 -0.06480043  0.00362007  0.05823433 -0.0297711  -0.0439199  -0.00555141
  0.04530971 -0.01891683 -0.04435189 -0.00472342  0.04364454 -0.02685513
 -0.0360176  -0.00515541  0.03444626 -0.0135077  -0.03894276 -0.00682058
  0.02902793 -0.01895283 -0.02310217 -0.01100573  0.02234963 -0.01686486
 -0.01350789 -0.01141092  0.009425  ]",0.20490196078431372,0.0,0.0,0.802608695652174,0.3041304347826087,0.0,0.20634146341463414,0.0,0.0,0.9551388888888889,0.7879166666666667,0.0,0.20709677419354838,0.0,0.0,0.81,0.29865384615384616,0.0,0.205,0.0,0.0,0.92,0.6215625,0.0,0.21136363636363636,0.0,0.0,0.8033333333333333,0.2625,0.0,0.89625,0.49125,0.0,0.45495268952062434,0.09099053790412487,0.09099053790412487
3.865,0.136,3001,0.6291071428571428,0.047161454665038155,0.6049999999999999,0.060886310917503086,0.41998040291051036,2.0,0.18772084805653716,0.7995553087201899,0.07274529139963756,2.0,0.4132339693718779,0.6391351088971697,0.14339409850625237,4,0.3413706306309997,4,0.49629094412331404,-0.012697069374807118,13.0,1.136531365313653,"[ 1.         -0.27699904  0.31787091 -0.10532274  0.49629094 -0.20484104
  0.32764933 -0.2436657   0.41526975 -0.20830925  0.28973988 -0.22882948
  0.39759152 -0.12483141  0.22654143 -0.18027457  0.46252408 -0.21428227
  0.26738921 -0.12979287  0.31262042 -0.19294316  0.25236031 -0.18383911
  0.35659923 -0.17786609  0.20746628 -0.19573699  0.3555395  -0.19626686
  0.18376686 -0.20643064  0.27259152 -0.17805877  0.15452794 -0.22194123
  0.27683044 -0.17646917  0.23102119 -0.27935934  0.32514451 -0.1780106
  0.18058767 -0.21635356  0.24388247 -0.21640173  0.19759152 -0.24270231
  0.22379576 -0.23118979  0.13246628 -0.2047447   0.24055877 -0.22478324
  0.11045279 -0.16124759  0.25780347 -0.24535164  0.1378131  -0.17434971
  0.23241811 -0.15753854  0.12615607 -0.18889692  0.23280347 -0.17449422
  0.11931599 -0.19116089  0.22090559 -0.1642341   0.12957611 -0.1664499
  0.17336224 -0.1585501   0.14537572 -0.19400289  0.19855491 -0.15551541
  0.12649326 -0.20541908  0.21387283 -0.18547688  0.1227842  -0.1636079
  0.21714836 -0.18966763  0.13063584 -0.18682563  0.1977842  -0.12449422
  0.07514451 -0.20883911  0.2099711  -0.13952312  0.05578035 -0.16558285
  0.18843931 -0.14395472  0.08723507 -0.15797206  0.1955684  -0.14116089
  0.12157996 -0.1963632   0.13333333 -0.1386079   0.07572254 -0.20561175
  0.13877649 -0.17627649  0.03588632 -0.16837669  0.15192678 -0.14891618
  0.07288054 -0.17015896  0.17350674 -0.13721098  0.09205202 -0.19241329
  0.1572736  -0.13682563  0.06570328 -0.19178709  0.14055877 -0.1219894
  0.06825626 -0.19405106  0.16478805 -0.10739403  0.11223507 -0.17897399
  0.15120424 -0.0824422   0.07456647 -0.1492052   0.14243738 -0.11264451
  0.13564547 -0.17218208  0.13391137 -0.09708574  0.08882466 -0.13494701
  0.11334297 -0.07671002  0.06560694 -0.14347303  0.1382948  -0.08788536
  0.02793834 -0.09443642  0.08135838 -0.09207611  0.11526975 -0.15691233
  0.11522158 -0.07507225  0.11541426 -0.1324422   0.09128131 -0.05999518
  0.0794316  -0.12964836  0.11358382 -0.09429191  0.08896917 -0.13239403
  0.09662813 -0.08162331  0.05130058 -0.1074422   0.05197495 -0.08533237
  0.04759152 -0.12102601  0.06464355 -0.08494701  0.04749518 -0.15219171
  0.10115607 -0.08239403  0.04571291 -0.13494701  0.12514451 -0.10127649
  0.05067437 -0.13937861  0.10120424 -0.08933044  0.01685934 -0.1447736
  0.07003854 -0.09930154  0.03362235 -0.17353083  0.10847784 -0.11529383
  0.02461464 -0.12955202  0.07321773 -0.090342    0.04017341 -0.15228805
  0.11262042 -0.08249037  0.05019268 -0.1348025   0.08241811 -0.04983141
  0.01300578 -0.11225915  0.10472062 -0.09496628  0.02567437 -0.09718208
  0.03983622 -0.05146917  0.04532755 -0.11413776  0.09561657 -0.0636079
  0.06498073 -0.10580443  0.09672447 -0.06707611  0.05380539 -0.11192197
  0.09470135 -0.06452312  0.04624277 -0.08383911  0.06088632 -0.06750963
  0.07745665 -0.1058526   0.06729287 -0.05050578  0.03906551 -0.09125723
  0.07755299 -0.07661368  0.04884393 -0.07593931  0.07288054 -0.04973507
  0.05308285 -0.03581407  0.05303468 -0.04116089  0.06960501 -0.06577553
  0.03270713 -0.01331888  0.00977842 -0.05768304  0.04128131 -0.02280829
  0.00823699 -0.03297206  0.04431599]",0.26735294117647057,9.80392156862745e-05,0.0,0.7580434782608696,0.18695652173913044,0.0,0.270609756097561,0.00036585365853658537,0.0,0.8873611111111112,0.5554166666666667,0.0,0.27758064516129033,0.0003225806451612903,0.0,0.7507692307692307,0.16038461538461538,0.0,0.29023809523809524,0.0,0.0,0.834375,0.370625,0.0,0.31363636363636366,0.0009090909090909091,0.0,0.7191666666666666,0.10333333333333333,0.0,0.77875,0.27625,0.0,0.27500411453905416,0.0,0.05506864548494983
