r,epsilon,seed,global_activity_mean,global_activity_std,wall_density_mean,wall_density_std,mean_wall_velocity,global_period,global_period_power,global_spectral_entropy,global_lowfreq_power,wall_period,wall_period_power,wall_spectral_entropy,wall_lowfreq_power,global_ac_peak_lag,global_ac_peak_value,wall_ac_peak_lag,wall_ac_peak_value,wall_ac_late_mean,max_cluster_lifetime,mean_cluster_lifetime,wall_ac,frame_10,motif_10,comp_10,frame_20,motif_20,comp_20,frame_50,motif_50,comp_50,frame_100,motif_100,comp_100,frame_150,motif_150,comp_150,long_memory_score
3.58,0.06,101,0.6065357142857142,0.15077525425585717,0.4190714285714286,0.07543110791189753,0.6990096396212276,2.0,0.8127568540487466,0.11071926643276134,0.00017995524663043256,2.0,0.721132300494249,0.150651765674444,0.00028362582683229693,8,0.9822072549931337,8,0.9812477356943471,0.006972002461482191,3.0,1.0561656165616562,"[ 1.         -0.5620083   0.21380825 -0.56075444  0.82546857 -0.56016055
  0.21227817 -0.55561942  0.98124774 -0.55565321  0.21137577 -0.55439935
  0.81613157 -0.55380546  0.20984569 -0.54926433  0.97191073 -0.54929812
  0.20894329 -0.54804426  0.80679456 -0.54745037  0.20741321 -0.54290924
  0.95880762 -0.54294303  0.20651081 -0.54168917  0.79745756 -0.54109527
  0.20522014 -0.53631473  0.94782698 -0.53572083  0.20369006 -0.53509466
  0.78647692 -0.5332454   0.20278766 -0.53082674  0.93699519 -0.52960516
  0.20101816 -0.53023435  0.77878355 -0.52712972  0.20098286 -0.52423223
  0.92538687 -0.52238297  0.19819741 -0.52363984  0.76780291 -0.51927985
  0.19855038 -0.51787714  0.91353912 -0.51602787  0.19576492 -0.51728475
  0.7584659  -0.51292475  0.19635731 -0.51128263  0.89942006 -0.50880568
  0.19294417 -0.51069024  0.74748526 -0.50507488  0.19392483 -0.50492754
  0.88945537 -0.50245059  0.19051169 -0.50433515  0.73814825 -0.49871978
  0.19173176 -0.49833303  0.87721937 -0.4952284   0.18769094 -0.49774064
  0.72716761 -0.49086991  0.18929928 -0.49284503  0.86638758 -0.48911272
  0.18501904 -0.49288033  0.71947424 -0.48475423  0.18725506 -0.48648994
  0.85516752 -0.48275763  0.18258656 -0.48652524  0.71013724 -0.47839914
  0.18482258 -0.48013485  0.84269209 -0.47640254  0.18015408 -0.48017015
  0.70080023 -0.47204405  0.1823901  -0.47377976  0.8327274  -0.47004745
  0.17772159 -0.47381506  0.69146322 -0.46568896  0.17995761 -0.46742467
  0.82150735 -0.46369235  0.17528911 -0.46745997  0.68212622 -0.45933386
  0.17752513 -0.46106957  0.81028729 -0.45733726  0.17285663 -0.46110487
  0.67278921 -0.45297877  0.17509265 -0.45471448  0.79906723 -0.45098217
  0.17042415 -0.45474978  0.66345221 -0.44662368  0.17266017 -0.44835939
  0.78847486 -0.44462708  0.16799166 -0.44839469  0.6541152  -0.44026859
  0.17022768 -0.4411372   0.77498348 -0.43803257  0.1657986  -0.44054481
  0.64313456 -0.43367408  0.16740693 -0.43478211  0.76501879]",0.7868840579710145,0.4257608695652174,0.0002898550724637681,0.9506617647058824,0.8102205882352941,0.0,0.7867692307692308,0.4256923076923077,0.0002692307692307692,0.9507916666666667,0.8107083333333334,0.0,0.7867727272727273,0.42563636363636365,0.00027272727272727274,1.0497072690260438e-09
3.58,0.06,707,0.5875357142857143,0.12991411507576217,0.5239285714285713,0.07077828993788003,0.45050333548187627,2.0,0.8561319152195386,0.10548000918008871,0.0001522839351540528,2.0,0.8581228965039226,0.11956714057643916,0.0003301659761455831,16,0.9675709785078587,16,0.9601017004637628,0.00658670396208726,3.0,1.0739385065885798,"[ 1.         -0.7497037   0.63177528 -0.750402    0.86559767 -0.74793798
  0.5643876  -0.74113533  0.86916097 -0.73938423  0.55973702 -0.74008253
  0.85452949 -0.73938554  0.62036461 -0.7346911   0.9601017  -0.73399411
  0.61825509 -0.73397949  0.84566118 -0.73151547  0.55229324 -0.72542573
  0.85669488 -0.72190761  0.54727093 -0.72331883  0.83849879 -0.72190892
  0.60575975 -0.71864032  0.93266425 -0.71651749  0.60365023 -0.71721579
  0.82891756 -0.71403885  0.53982715 -0.70937496  0.83818423 -0.70619802
  0.53517658 -0.70689632  0.81571061 -0.70514522  0.59186782 -0.7011637
  0.91378187 -0.70046671  0.5897583  -0.69973917  0.81074809 -0.69727515
  0.52664814 -0.69189834  0.81359847 -0.69014724  0.52199756 -0.6894197
  0.7961153  -0.68872271  0.57834762 -0.68545411  0.89812291 -0.68475712
  0.5762381  -0.68331665  0.79152452 -0.68085263  0.51455379 -0.67618874
  0.7918644  -0.67267062  0.50953147 -0.672656    0.77974342 -0.67267193
  0.56374277 -0.66797748  0.87068546 -0.66799342  0.56234617 -0.66584003
  0.7712163  -0.66480186  0.5020877  -0.65871212  0.77725954 -0.6562481
  0.4967242  -0.6569464   0.76014811 -0.65519531  0.54913791 -0.65121379
  0.84467386 -0.6505168   0.54845423 -0.64978925  0.75019514 -0.64732523
  0.48962161 -0.64194842  0.76017474 -0.64019733  0.48354519 -0.63946978
  0.73841404 -0.63843161  0.53524598 -0.63373716  0.82541973 -0.63269899
  0.53419056 -0.63197145  0.73165394 -0.62950743  0.47535793 -0.62413062
  0.73664308 -0.62237952  0.46928151 -0.62165198  0.71702115 -0.62095499
  0.52135404 -0.61768639  0.80477032 -0.6169894   0.52067036 -0.61554893
  0.71243037 -0.61308491  0.46326358 -0.60842102  0.71490901 -0.6049029
  0.45681542 -0.60488828  0.69885169 -0.60347837  0.50674919 -0.60163561
  0.78303625 -0.59951278  0.50606551 -0.59878523  0.69283506 -0.59526711
  0.45042575 -0.59060322  0.6953137  -0.58885212  0.44434933 -0.58741166
  0.6799693  -0.58671467  0.49214433 -0.58415899  0.75950459]",0.8249275362318841,0.5068840579710145,0.0,0.943125,0.7929779411764706,0.0,0.8246923076923077,0.5060769230769231,0.0,0.9432083333333333,0.7924166666666667,0.0,0.8246818181818182,0.5057727272727273,0.0,0.0
3.58,0.06,1313,0.5763571428571428,0.02806143042596045,0.5218571428571429,0.04599046041278117,0.20532362249100447,4.0,0.25873829854139946,0.5714420920602372,0.005147133602658612,4.0,0.3931563858318692,0.4050086263708527,0.0018776455645186214,16,0.7938288350412307,16,0.9224335653154363,0.006223542494288355,697.0,1.2289318755256518,"[ 1.          0.23646586 -0.36370628 -0.31284747  0.00764885 -0.32024688
 -0.36204445  0.22428778  0.80988189  0.22701949 -0.36038261 -0.31722828
  0.01677621 -0.31185765 -0.3594589   0.23120077  0.92243357  0.22981731
 -0.35515815 -0.30598785  0.00775438 -0.31169875 -0.35349631  0.21932775
  0.8251841   0.22205946 -0.35183448 -0.30941827  0.01445509 -0.30573616
 -0.35333741  0.22455221  0.87863755  0.2265458  -0.34492149 -0.29670159
  0.01366359 -0.30578953 -0.34421005  0.21267919  0.8067159   0.21709942
 -0.3408597  -0.30182053  0.0119217  -0.29813842 -0.34162451  0.21769139
  0.8616456   0.22137349 -0.33563524 -0.2915305   0.01714617 -0.29892992
 -0.33808857  0.20603064  0.7798051   0.21382791 -0.33062304 -0.29253427
  0.00938831 -0.29222921 -0.33233825  0.21104283  0.84486592  0.21641346
 -0.3270871  -0.28467089  0.00880909 -0.29207031 -0.32954043  0.2010706
  0.77146802  0.20717936 -0.32450156 -0.28472426  0.01044424 -0.2844192
 -0.32452824  0.20703319  0.82228255  0.2107153  -0.32096561 -0.2785494
  0.00986501 -0.2842603  -0.32173042  0.19874949  0.74719613  0.19979268
 -0.31595342 -0.27691425  0.01150016 -0.27660919 -0.31840675  0.19964651
  0.80307622  0.20839418 -0.3131556  -0.27073939  0.00923242 -0.27813881
 -0.31560894  0.19305133  0.72630128  0.19578304 -0.30814341 -0.26836612
  0.01160569 -0.26806105 -0.30985862  0.19299796  0.7829195   0.20343415
 -0.30460747 -0.26387978  0.01440351 -0.2712792  -0.3070608   0.1880913
  0.69770196  0.18913448 -0.29959528 -0.25981798  0.01171122 -0.25951292
 -0.30373713  0.18561128  0.76371317  0.19773599 -0.29437082 -0.25364313
  0.01450904 -0.26441958 -0.29777454  0.18049235  0.67828336  0.18491258
 -0.29104714 -0.25126985  0.01181675 -0.25265331 -0.295189    0.17896272
  0.73849089  0.19108744 -0.28824933 -0.24752164  0.01218792 -0.25660957
 -0.28996453  0.17817123  0.66920816  0.17921442 -0.28492566 -0.24345984
  0.01793824 -0.2448433  -0.28495234  0.17569121  0.70820304]",0.8472826086956522,0.5362318840579711,0.0,0.9223897058823529,0.7094117647058824,0.0,0.8473076923076923,0.5363461538461538,0.0,0.9225,0.7080833333333333,0.0,0.8475,0.5365909090909091,0.0,0.0
3.58,0.06,2029,0.5796428571428571,0.11070334047280025,0.4875,0.04145780987944251,0.41980245950203027,2.0,0.9739594735296473,0.03062525744457884,9.771047454611196e-05,2.0,0.8999999999999999,0.05549448326200876,1.8081288086445124e-35,8,0.982475916897499,4,0.9942857142857141,0.007083825265643402,3.0,1.0537285780453913,"[ 1.         -0.81779221  0.63454545 -0.8138961   0.99428571 -0.81311688
  0.63090909 -0.80922078  0.98857143 -0.80844156  0.62727273 -0.80454545
  0.98285714 -0.80376623  0.62363636 -0.79987013  0.97714286 -0.79909091
  0.62       -0.79519481  0.97142857 -0.79441558  0.61636364 -0.79051948
  0.96571429 -0.78974026  0.61272727 -0.78584416  0.96       -0.78506494
  0.60909091 -0.78116883  0.95428571 -0.78038961  0.60545455 -0.77649351
  0.94857143 -0.77571429  0.60181818 -0.77181818  0.94285714 -0.77103896
  0.59818182 -0.76714286  0.93714286 -0.76636364  0.59454545 -0.76246753
  0.93142857 -0.76168831  0.59090909 -0.75779221  0.92571429 -0.75701299
  0.58727273 -0.75311688  0.92       -0.75233766  0.58363636 -0.74844156
  0.91428571 -0.74766234  0.58       -0.74376623  0.90857143 -0.74298701
  0.57636364 -0.73909091  0.90285714 -0.73831169  0.57272727 -0.73441558
  0.89714286 -0.73363636  0.56909091 -0.72974026  0.89142857 -0.72896104
  0.56545455 -0.72506494  0.88571429 -0.72428571  0.56181818 -0.72038961
  0.88       -0.71961039  0.55818182 -0.71571429  0.87428571 -0.71493506
  0.55454545 -0.71103896  0.86857143 -0.71025974  0.55090909 -0.70636364
  0.86285714 -0.70558442  0.54727273 -0.70168831  0.85714286 -0.70090909
  0.54363636 -0.69701299  0.85142857 -0.69623377  0.54       -0.69233766
  0.84571429 -0.69155844  0.53636364 -0.68766234  0.84       -0.68688312
  0.53272727 -0.68298701  0.83428571 -0.68220779  0.52909091 -0.67831169
  0.82857143 -0.67753247  0.52545455 -0.67363636  0.82285714 -0.67285714
  0.52181818 -0.66896104  0.81714286 -0.66818182  0.51818182 -0.66428571
  0.81142857 -0.66350649  0.51454545 -0.65961039  0.80571429 -0.65883117
  0.51090909 -0.65493506  0.8        -0.65415584  0.50727273 -0.65025974
  0.79428571 -0.64948052  0.50363636 -0.64558442  0.78857143 -0.64480519
  0.5        -0.64090909  0.78285714 -0.64012987  0.49636364 -0.63623377
  0.77714286 -0.63545455  0.49272727 -0.63155844  0.77142857]",0.8406884057971015,0.5908333333333333,0.0,0.9468382352941176,0.8218382352941176,0.0,0.8406538461538462,0.5908076923076923,0.0,0.947,0.822,0.0,0.8404545454545455,0.5905454545454546,0.0,0.0
3.58,0.06,3001,0.62025,0.07572111660560744,0.37300000000000005,0.06233206008376199,0.7450541590026569,2.0,0.6006105970053538,0.2548347063368847,0.0007540275593363743,2.0,0.708016070144007,0.16636619728762023,0.0010259894566238931,16,0.9282408945875954,16,0.9476545207191968,0.006687964186618709,10.0,1.2827315155981331,"[ 1.         -0.53847079  0.17917123 -0.5546336   0.8607692  -0.55544545
  0.18241938 -0.53257823  0.94031253 -0.53247086  0.18792882 -0.54771445
  0.85114241 -0.54944553  0.17413465 -0.52431702  0.94765452 -0.52696731
  0.17412876 -0.54037247  0.84010001 -0.54210354  0.17553848 -0.51464022
  0.91964334 -0.52096739  0.18012869 -0.53345332  0.83047321 -0.53568077
  0.16951502 -0.5123907   0.92281207 -0.51136412  0.16950914 -0.52752693
  0.82077288 -0.52833879  0.17091885 -0.50681362  0.89989337 -0.50670625
  0.174167   -0.52194985  0.81256168 -0.5227617   0.16772659 -0.49855241
  0.90172004 -0.50162555  0.16637864 -0.5150307   0.80109644 -0.51676178
  0.1650307  -0.49573299  0.87880134 -0.4947064   0.17054013 -0.50811156
  0.79146965 -0.51076185  0.1631805  -0.48471412  0.87921241 -0.49153767
  0.16175902 -0.50034673  0.78176931 -0.50483546  0.15807626 -0.47878773
  0.85622017 -0.48235725  0.16634335 -0.49300474  0.77072692 -0.49749347
  0.15898371 -0.47144575  0.84793543 -0.4768537   0.15805861 -0.48566276
  0.75926168 -0.49057433  0.15671067 -0.46636504  0.83279332 -0.46993455
  0.16130088 -0.47966283  0.74821929 -0.4828095   0.15712174 -0.46086149
  0.82358937 -0.46075413  0.15393536 -0.4750785   0.73951171 -0.4763132
  0.1516682  -0.45578078  0.81438541 -0.45708902  0.15668125 -0.46865573
  0.72981138 -0.47038681  0.15533331 -0.4516193   0.80249733 -0.45059271
  0.14847005 -0.46307865  0.72160018 -0.46480972  0.14570651 -0.44335809
  0.79513182 -0.44551201  0.15171232 -0.4561595   0.71013494 -0.4588098
  0.15078722 -0.43686179  0.77772843 -0.4404313   0.14668162 -0.45015958
  0.7000853  -0.45231349  0.14441446 -0.43086186  0.7763746  -0.43209655
  0.14950105 -0.44458249  0.68862007 -0.44631356  0.14999154 -0.4247884
  0.75670993 -0.42743869  0.14588594 -0.43900541  0.67998603 -0.44073648
  0.14404162 -0.42296172  0.75577895 -0.42101592  0.14403574 -0.43442108
  0.67028569 -0.43339449  0.14452623 -0.4155462   0.73745634]",0.7596739130434783,0.2886231884057971,0.0,0.9367279411764706,0.7467279411764706,0.0,0.7596153846153846,0.2886153846153846,0.0,0.9365416666666667,0.7466666666666667,0.0,0.7594545454545455,0.28804545454545455,0.0,0.0
3.58,0.06,4099,0.6199642857142857,0.11651409545104624,0.35507142857142854,0.08293281642881982,0.8433930558394077,2.0,0.5720933783148875,0.15872650294279153,9.657305845697792e-05,4.0,0.5578573490379403,0.1469411412194212,0.0002387521365171739,16,0.9732818217066523,16,0.9709410175243495,0.006864125066194254,3.0,1.1071269487750557,"[ 1.         -0.26223348 -0.43993282 -0.2645319   0.96316348 -0.25965852
 -0.43787713 -0.26455327  0.93759278 -0.26123769 -0.43582144 -0.26093978
  0.95424057 -0.26068712 -0.43319381 -0.25831215  0.97094102 -0.2565017
 -0.43056619 -0.25931938  0.942932   -0.25387407 -0.42793856 -0.25876882
  0.91487032 -0.2548813  -0.42531094 -0.2545834   0.93099884 -0.25433074
 -0.42268331 -0.25195577  0.95029561 -0.25014532 -0.42005569 -0.252963
  0.91969027 -0.24751769 -0.41742806 -0.25241244  0.89469151 -0.24909686
 -0.41537237 -0.24827968  0.90926223 -0.24854629 -0.41274474 -0.24565206
  0.92544342 -0.24436087 -0.41011712 -0.24717855  0.89795367 -0.24173324
 -0.40748949 -0.24662799  0.87300758 -0.24274047 -0.40486187 -0.2419233
  0.8860205  -0.24224258 -0.40280617 -0.23986761  0.90474535 -0.23857642
 -0.40017855 -0.2413941   0.87621707 -0.2359488  -0.39755092 -0.24084354
  0.85173757 -0.23700869 -0.39549523 -0.23619152  0.86578903 -0.23645813
 -0.39286761 -0.2335639   0.88093168 -0.23279197 -0.39023998 -0.23560966
  0.85448046 -0.23016435 -0.38761235 -0.23505909  0.8305729  -0.23065231
 -0.38498473 -0.22983514  0.8425473  -0.23015442 -0.38292904 -0.22777945
  0.85867582 -0.22700753 -0.38030141 -0.22982521  0.83274386 -0.2243799
 -0.37767379 -0.22927464  0.80831703 -0.2243486  -0.37504616 -0.22405069
  0.8208107  -0.22379804 -0.37241853 -0.22142307  0.83595335 -0.22065114
 -0.36979091 -0.22346883  0.80950213 -0.21802352 -0.36716328 -0.22291826
  0.78559457 -0.21799222 -0.36453566 -0.21769431  0.79756897 -0.21749432
 -0.36247997 -0.21563862  0.81468335 -0.21543863 -0.36042427 -0.21773705
  0.78927066 -0.212811   -0.35779665 -0.21718648  0.76536309 -0.21226044
 -0.35516902 -0.2124818   0.77733749 -0.21170987 -0.3525414  -0.20985417
  0.79196088 -0.20908225 -0.34991377 -0.21138067  0.76602893 -0.20645462
 -0.34728615 -0.2108301   0.74315989 -0.20590406 -0.34465852 -0.20612542
  0.75409576 -0.20540616 -0.34260283 -0.20406972  0.76814722]",0.7598550724637682,0.34210144927536235,0.0,0.9585294117647059,0.836875,0.0,0.7600769230769231,0.3427307692307692,0.0,0.9585833333333333,0.8369583333333334,0.0,0.7599545454545454,0.3424090909090909,0.0,0.0
3.58,0.06,5003,0.6188214285714285,0.1378477559720528,0.44371428571428567,0.05473759294701087,0.45254042571639136,2.0,0.9504502879687198,0.046451445290297516,4.611376477278345e-05,2.0,0.7788396756082345,0.16319800331134293,0.00025180071805512897,8,0.9822152184598226,16,0.9488928070308588,0.006206079224257894,3.0,1.1454914254102895,"[ 1.         -0.63765558  0.40277813 -0.63530928  0.8428824  -0.63504726
  0.40061851 -0.6306167   0.80943149 -0.63035468  0.39830904 -0.62696625
  0.8238098  -0.62670423  0.39584971 -0.62227366  0.94889281 -0.62201164
  0.39339039 -0.61966535  0.81799887 -0.61940333  0.39123077 -0.61497276
  0.78931589 -0.61471074  0.38907115 -0.61236445  0.81457191 -0.61210243
  0.38661183 -0.608714    0.93980477 -0.60845198  0.38430235 -0.60610568
  0.80652686 -0.60584366  0.38214273 -0.6014131   0.77188396 -0.60115108
  0.37983326 -0.59776265  0.78745425 -0.59750063  0.37737394 -0.59307007
  0.90300139 -0.59280804  0.37491461 -0.59046175  0.77925935 -0.59019973
  0.37290484 -0.5868113   0.75430218 -0.58654928  0.37074522 -0.58420299
  0.77479026 -0.58394096  0.3682859  -0.5795104   0.89510533 -0.57924838
  0.36582658 -0.57690209  0.76778735 -0.57664006  0.36366695 -0.5722095
  0.73433643 -0.57194748  0.36150733 -0.56960119  0.75124856 -0.56933916
  0.35904801 -0.5649086   0.85964379 -0.56464658  0.35658869 -0.56230029
  0.74305366 -0.56203826  0.35442906 -0.5576077   0.71794663 -0.55734568
  0.35226944 -0.55499939  0.73605075 -0.55473736  0.34981012 -0.55134894
  0.85055575 -0.55108691  0.34750065 -0.54769849  0.72785585 -0.54743646
  0.34519117 -0.5430059   0.6967889  -0.54274388  0.34303155 -0.54039759
  0.71012508 -0.54013557  0.34057223 -0.535705    0.81494435 -0.53544298
  0.33811291 -0.53309669  0.70908208 -0.53283467  0.33595329 -0.5284041
  0.68159109 -0.52814208  0.33379366 -0.52579579  0.69492726 -0.52553377
  0.33133434 -0.5211032   0.79736257 -0.52084118  0.32887502 -0.51745275
  0.68896649 -0.51719073  0.32656555 -0.51276017  0.65670755 -0.51249815
  0.32440592 -0.51015185  0.67361968 -0.50988983  0.32209645 -0.5065014
  0.77024492 -0.50623938  0.31963713 -0.50389309  0.66915059 -0.50363107
  0.31747751 -0.50024264  0.6453854  -0.49998062  0.31546773 -0.49763432
  0.65991355 -0.4973723   0.31300841 -0.49294174  0.75519695]",0.7623913043478261,0.4391304347826087,0.0,0.9204044117647059,0.7253308823529412,0.0,0.7624615384615384,0.4393846153846154,0.0,0.9204583333333334,0.7257916666666666,0.0,0.7625454545454545,0.4395909090909091,0.0,0.0
3.58,0.08,101,0.5616428571428571,0.1341912851880038,0.4878571428571429,0.07461123732182623,0.20320696232713403,2.0,0.9359689180481078,0.050897513140073805,0.00019272511991453995,2.0,0.8302331814526935,0.08119096077740742,8.712256651195909e-05,4,0.9808111214365313,4,0.9911784961441271,0.007064315692805695,3.0,1.0421116875190723,"[ 1.         -0.70962449  0.42139806 -0.70585085  0.9911785  -0.70561491
  0.4189921  -0.70184126  0.98556476 -0.70160533  0.41658615 -0.69783168
  0.97995103 -0.69759574  0.41418019 -0.69382209  0.9743373  -0.69358616
  0.41177423 -0.68981251  0.96872357 -0.68957657  0.40936827 -0.68580292
  0.96310984 -0.68556699  0.40696231 -0.68179334  0.9574961  -0.68155741
  0.40455635 -0.67778376  0.95188237 -0.67754782  0.40215039 -0.67377417
  0.94626864 -0.67353824  0.39974443 -0.66976459  0.94065491 -0.66952865
  0.39733847 -0.665755    0.93504118 -0.66551907  0.39493251 -0.66174542
  0.92942745 -0.66150949  0.39252655 -0.65773584  0.92381371 -0.6574999
  0.39012059 -0.65372625  0.91884154 -0.65349032  0.38771463 -0.64971667
  0.91258625 -0.64948073  0.38530867 -0.64570708  0.90697252 -0.64547115
  0.38290271 -0.6416975   0.90135879 -0.64146157  0.38049675 -0.63768792
  0.89574505 -0.63745198  0.37809079 -0.63367833  0.89013132 -0.6334424
  0.37568483 -0.62966875  0.88515914 -0.62943281  0.37327887 -0.62565916
  0.87890386 -0.62542323  0.37087291 -0.62164958  0.87329013 -0.62141365
  0.36846695 -0.61764     0.86767639 -0.61740406  0.36606099 -0.61363041
  0.86270422 -0.61339448  0.36365503 -0.60962083  0.85644893 -0.60938489
  0.36124907 -0.6051255   0.84939628 -0.60424801  0.3586873  -0.60111591
  0.84378255 -0.60023842  0.35628134 -0.59710633  0.83816882 -0.59622884
  0.35387538 -0.59309674  0.83255509 -0.59221925  0.35146942 -0.58908716
  0.82694136 -0.58820967  0.34906346 -0.58507758  0.82132762 -0.58420009
  0.3466575  -0.58106799  0.81571389 -0.5801905   0.34425154 -0.57705841
  0.81010016 -0.57618092  0.34184558 -0.57304882  0.80512798 -0.57217133
  0.33943962 -0.56903924  0.7988727  -0.56816175  0.33687786 -0.56390235
  0.79182005 -0.56366642  0.3344719  -0.55989277  0.78620632 -0.55965683
  0.33206594 -0.55588318  0.78059259 -0.55564725  0.32965998 -0.5518736
  0.77497885 -0.55163767  0.32725402 -0.54786402  0.76936512]",0.8768840579710145,0.5435507246376812,0.002536231884057971,0.9729411764705882,0.939485294117647,0.0,0.8769230769230769,0.5435769230769231,0.0025384615384615385,0.973125,0.93975,0.0,0.8767727272727273,0.5435,0.0025,8.31801312908237e-08
3.58,0.08,707,0.5723928571428571,0.10492934333081827,0.47835714285714287,0.026447001296007456,0.196969696969697,2.0,0.8488786797799635,0.12827390305286462,0.0007559863648755843,4.0,0.4727781765972721,0.49067994742817495,0.011535533893314883,24,0.9362897872836425,24,0.7477242332256884,0.005254026968203653,3.0,1.1093258240848103,"[ 1.         -0.01485988 -0.46294295 -0.01524876  0.24130962 -0.02005805
 -0.45571871 -0.01534083  0.70876829 -0.01504403 -0.4631271  -0.01543291
  0.23601937 -0.02024221 -0.44790088 -0.0126291   0.71658613 -0.0174384
 -0.46041537 -0.01493139  0.2263087  -0.01974068 -0.44229326 -0.01212758
  0.74772423 -0.01693687 -0.45480775 -0.01221965  0.22902043 -0.02213505
 -0.43447543 -0.00941584  0.71979938 -0.01933124 -0.45209601 -0.00950792
  0.23683826 -0.02452941 -0.4266576  -0.00670411  0.70208673 -0.0217256
 -0.44717407 -0.01190228  0.20891341 -0.02181768 -0.42394587 -0.00909847
  0.73543504 -0.01901387 -0.44156645 -0.01140076  0.22473323 -0.02131615
 -0.41612804 -0.01149284  0.6921919  -0.01630213 -0.44106492 -0.00868903
  0.22233886 -0.02371052 -0.40541432 -0.00588521  0.64163245 -0.02090671
 -0.43614298 -0.01108339  0.2148384  -0.02099878 -0.40270258 -0.00827958
  0.73625394 -0.01819497 -0.43053536 -0.00837166  0.21244404 -0.02339315
 -0.39267454 -0.00846373  0.68500881 -0.01837913 -0.43071951 -0.00855581
  0.19694159 -0.0235773  -0.3826465  -0.00864788  0.62355149 -0.01856328
 -0.43090366 -0.01095017  0.20475942 -0.02086557 -0.37703888 -0.00814636
  0.69043228 -0.01806176 -0.42529604 -0.00823844  0.19725896 -0.02325993
 -0.36701084 -0.00833051  0.60344447 -0.01824591 -0.4254802  -0.00842259
  0.2123931  -0.02344408 -0.35919301 -0.00561878  0.6112623  -0.02064027
 -0.42055825 -0.00860674  0.20199676 -0.02362824 -0.35427106 -0.00580293
  0.65703302 -0.02082443 -0.41784652 -0.00810522  0.21271047 -0.02312671
 -0.34866344 -0.00530141  0.61157967 -0.0203229  -0.41444911 -0.00470781
  0.20078959 -0.0248354  -0.34015994 -0.001904    0.5843405  -0.02203159
 -0.40663128 -0.00489196  0.19549934 -0.02501955 -0.33302778 -0.00498404
  0.57104826 -0.02000553 -0.40681543 -0.00728633  0.20842327 -0.02230782
 -0.32520995 -0.0073784   0.60439658 -0.0172938  -0.4041037  -0.00526027
  0.19513103 -0.02538786 -0.3129717  -0.00535235  0.56557386]",0.8552536231884058,0.5220289855072464,0.0014492753623188406,0.9575,0.8829779411764705,0.0,0.8550769230769231,0.5223076923076924,0.0013846153846153845,0.9589166666666666,0.8854583333333333,0.0,0.8550909090909091,0.5219090909090909,0.0013636363636363637,1.0243465688009025e-07
3.58,0.08,1313,0.5518214285714286,0.03597226468448451,0.5762142857142856,0.024970492790573437,0.1565656565656566,2.0,0.8030385977662986,0.16652061344165525,0.0021543159598036822,2.0,0.9514285714285714,0.07536413584626998,0.0017479542672662266,16,0.9033419930147083,16,0.9083011699905433,0.006503210615175256,3.0,1.074310827007591,"[ 1.         -0.90592838  0.89975677 -0.90307123  0.89688611 -0.90021409
  0.89401546 -0.89735695  0.8911448  -0.89449981  0.88827414 -0.89164266
  0.88540349 -0.88878552  0.88253283 -0.88592838  0.90830117 -0.88307123
  0.87679152 -0.88021409  0.87692387 -0.88008174  0.87405321 -0.8772246
  0.87118256 -0.87436746  0.8683119  -0.87151032  0.86544125 -0.86865317
  0.86257059 -0.86579603  0.88833893 -0.86293889  0.85682928 -0.86008174
  0.85395862 -0.8572246   0.85108797 -0.85436746  0.84821731 -0.85151032
  0.84534665 -0.84865317  0.842476   -0.84579603  0.83960534 -0.84293889
  0.87110148 -0.84008174  0.83386403 -0.8372246   0.83099338 -0.83436746
  0.82812272 -0.83151032  0.82525206 -0.82865317  0.82238141 -0.82579603
  0.81951075 -0.82293889  0.8166401  -0.82008174  0.84813623 -0.8172246
  0.81089879 -0.81436746  0.81103113 -0.81423511  0.80816048 -0.81137797
  0.81101762 -0.80852083  0.80241916 -0.80566368  0.79954851 -0.80280654
  0.79667785 -0.7999494   0.83962959 -0.79981705  0.79393954 -0.79695991
  0.79407189 -0.79682756  0.79120124 -0.79397042  0.78833058 -0.79111327
  0.78545992 -0.78825613  0.78258927 -0.78539899  0.77971861 -0.78254185
  0.79975915 -0.7796847   0.7739773  -0.77682756  0.77410965 -0.77669521
  0.77123899 -0.77383807  0.77982393 -0.77098093  0.76549768 -0.76812378
  0.76262703 -0.76526664  0.75975637 -0.7624095   0.77979691 -0.75955236
  0.75401506 -0.75669521  0.7511444  -0.75383807  0.74827375 -0.75098093
  0.74540309 -0.74812378  0.74253244 -0.74526664  0.73966178 -0.7424095
  0.73679112 -0.73955236  0.76828726 -0.73942001  0.73405281 -0.73656286
  0.73118216 -0.73370572  0.7283115  -0.73084858  0.73116865 -0.72799144
  0.72257019 -0.72513429  0.71969954 -0.72227715  0.71682888 -0.71942001
  0.73114162 -0.71928766  0.71409057 -0.71643052  0.71422292 -0.71629817
  0.71135226 -0.71344103  0.71420941 -0.71058388  0.70561095 -0.70772674
  0.7027403  -0.7048696   0.69986964 -0.70201246  0.72563798]",0.8963043478260869,0.5801086956521739,0.0,0.966139705882353,0.8885294117647059,0.0,0.8961923076923077,0.5798846153846153,0.0,0.966125,0.8885,0.0,0.8964545454545455,0.5804090909090909,0.0,0.0
3.58,0.08,2029,0.5850714285714285,0.15590861072422904,0.44200000000000006,0.11100321745658674,0.3922332436280934,2.0,0.8922816338155882,0.06553636446915814,0.00025648086396550586,2.0,0.8144054982817869,0.10110818326088299,0.0003012745860260653,4,0.9849089953329074,8,0.978920836618281,0.007035026712041119,3.0,1.0147589373565102,"[ 1.         -0.68469879  0.39941938 -0.68452813  0.95040625 -0.68062422
  0.39711728 -0.68045355  0.97892084 -0.67708297  0.39486157 -0.6769123
  0.94067755 -0.67407504  0.39265223 -0.67390437  0.97184715 -0.67053378
  0.39039651 -0.67036312  0.9312387  -0.66592589  0.38804805 -0.66575523
  0.95738812 -0.66238464  0.38579233 -0.66221398  0.91967815 -0.65831007
  0.38349024 -0.65813941  0.95283031 -0.65476882  0.38123452 -0.65459815
  0.90994945 -0.65122757  0.37897881 -0.6510569   0.9358554  -0.64768631
  0.37672309 -0.64751565  0.8999309  -0.64467838  0.37451375 -0.64450772
  0.92907156 -0.64113713  0.37225803 -0.64096647  0.89169782 -0.63759588
  0.37000232 -0.63742522  0.91552845 -0.63352131  0.36770023 -0.63335065
  0.88076334 -0.62998006  0.36544451 -0.6298094   0.91213004 -0.62590549
  0.36314242 -0.62573482  0.8692028  -0.62183091  0.36084033 -0.62166025
  0.89419283 -0.61775634  0.35853824 -0.61758568  0.85764226 -0.61421509
  0.35628252 -0.61404443  0.88499745 -0.61014052  0.35398043 -0.60996986
  0.84728748 -0.60606595  0.35167834 -0.60589528  0.87082827 -0.60199137
  0.34937625 -0.60182071  0.83543709 -0.5979168   0.34707415 -0.59774614
  0.86680378 -0.59384223  0.34477206 -0.59367157  0.8241664  -0.58976766
  0.34246997 -0.58959699  0.84770718 -0.58569309  0.34016788 -0.58552242
  0.812316   -0.58215183  0.33791216 -0.58198117  0.83913788 -0.57861058
  0.33565645 -0.57843992  0.803167   -0.57400269  0.33330798 -0.57383203
  0.82405278 -0.56992812  0.33100589 -0.56975745  0.79069053 -0.56585355
  0.3287038  -0.56568288  0.81857905 -0.56177897  0.32640171 -0.56160831
  0.77941984 -0.5577044   0.32409962 -0.55753374  0.80122154 -0.55362983
  0.32179752 -0.55345917  0.7672796  -0.55008858  0.31954181 -0.54991791
  0.79294208 -0.54654733  0.31728609 -0.54637666  0.75842044 -0.54247275
  0.314984   -0.54230209  0.77756713 -0.53786486  0.31263553 -0.5376942
  0.74565413 -0.53379029  0.31033344 -0.53361963  0.7720934 ]",0.8299275362318841,0.6418115942028986,0.00014492753623188405,0.9451838235294118,0.873639705882353,0.0,0.8303461538461538,0.6416538461538461,7.692307692307693e-05,0.94525,0.8730416666666667,0.0,0.8303636363636364,0.6416818181818181,9.09090909090909e-05,1.9561881869136163e-09
3.58,0.08,3001,0.5745357142857143,0.04410578366905212,0.4517857142857143,0.053455827654279954,0.3010848831664283,2.0,0.47265434880576823,0.3633559884824197,0.001657147743668562,2.0,0.8971645170818155,0.10740709143949466,0.000369229361825455,32,0.9215269208256303,16,0.9600244865164741,0.006898374052935399,3.0,1.116504854368932,"[ 1.         -0.81346408  0.81006689 -0.8109676   0.6513796  -0.80847112
  0.80506118 -0.80597465  0.95749294 -0.80347817  0.80005548 -0.80098169
  0.64386785 -0.79969041  0.79634424 -0.79719393  0.96002449 -0.79469746
  0.79133853 -0.79220098  0.63640074 -0.7897045   0.78633283 -0.78720803
  0.93501508 -0.78471155  0.78132712 -0.78221507  0.62888899 -0.7797186
  0.77632141 -0.77722212  0.94379579 -0.77593084  0.77261017 -0.77343436
  0.62142188 -0.77093788  0.76760447 -0.76844141  0.91253722 -0.76594493
  0.76259876 -0.76344845  0.61391013 -0.76095198  0.75759305 -0.7584555
  0.9175238  -0.75595902  0.75258734 -0.75346255  0.60639838 -0.75096607
  0.74758164 -0.74846959  0.88751506 -0.74597312  0.74257593 -0.74347664
  0.59888663 -0.74218536  0.73886469 -0.73968888  0.89634041 -0.7383976
  0.73515346 -0.73590112  0.59146415 -0.73340465  0.73014775 -0.73090817
  0.86758151 -0.72841169  0.72514204 -0.72591522  0.5839524  -0.72341874
  0.72013633 -0.72092226  0.87136289 -0.71963098  0.7164251  -0.7171345
  0.57648529 -0.71463803  0.71141939 -0.71214155  0.84510365 -0.70964507
  0.70641368 -0.7071486   0.56897354 -0.70465212  0.70140797 -0.70215564
  0.84888503 -0.70086436  0.69769674 -0.69836788  0.56150643 -0.69587141
  0.69269103 -0.69337493  0.8226258  -0.69087845  0.68768532 -0.68838198
  0.55399468 -0.6870907   0.68397409 -0.68459422  0.82645181 -0.68330294
  0.68026285 -0.68080646  0.54657221 -0.67830998  0.67525714 -0.67581351
  0.80269224 -0.67331703  0.67025143 -0.67082055  0.53906046 -0.66832408
  0.66524573 -0.6658276   0.80772346 -0.66453632  0.66153449 -0.66203984
  0.53159335 -0.65954336  0.65652878 -0.65704689  0.78021438 -0.65455041
  0.65152307 -0.65205393  0.5240816  -0.65076265  0.64781184 -0.64826618
  0.78279057 -0.64697489  0.6441006  -0.64447842  0.51665912 -0.64198194
  0.63909489 -0.63948546  0.76028083 -0.63698899  0.63408918 -0.63449251
  0.50914737 -0.63199603  0.62908348 -0.62949956  0.76156255]",0.8509057971014493,0.4795289855072464,0.0,0.9614338235294118,0.8606985294117647,0.0,0.8508846153846154,0.47934615384615387,0.0,0.9615,0.860875,0.0,0.8510909090909091,0.47995454545454547,0.0,0.0
3.58,0.08,4099,0.5809642857142857,0.09728069920994355,0.38957142857142857,0.05598305137107415,0.37236755455639575,2.0,0.8235530377098628,0.1296183802371189,0.00040695514294891445,2.0,0.6695458188040113,0.22587696425609594,0.0004299180326383423,16,0.9574492553577173,16,0.965307214810832,0.006886411683778118,3.0,1.1830802603036876,"[ 1.         -0.50219842  0.26513648 -0.49906778  0.49432216 -0.4973632
  0.26289679 -0.49584746  0.95563679 -0.49528241  0.26179664 -0.49215178
  0.48528463 -0.49020953  0.25979462 -0.48983332  0.96530721 -0.49017014
  0.25893215 -0.48703951  0.4812806  -0.48533493  0.25669246 -0.48381918
  0.9337166  -0.484156    0.25582998 -0.47988583  0.47475982 -0.48022265
  0.25382796 -0.47870691  0.94224749 -0.47904373  0.25296549 -0.47477356
  0.47075579 -0.47511038  0.25096347 -0.47359463  0.91179641 -0.47302959
  0.24986332 -0.46989896  0.46423501 -0.4679567   0.24786131 -0.4675805
  0.92260637 -0.46791732  0.24699883 -0.46478668  0.46023098 -0.4630821
  0.24475914 -0.46156636  0.88963854 -0.46100131  0.24365899 -0.45787068
  0.45119345 -0.45592843  0.24165697 -0.45555222  0.89475081 -0.45588904
  0.2407945  -0.45275841  0.44718942 -0.45081615  0.23879248 -0.45043995
  0.86771835 -0.4498749   0.23769233 -0.44788381  0.44066863 -0.44366248
  0.23569031 -0.44442581  0.87397016 -0.44476263  0.23482784 -0.44277153
  0.4366646  -0.43878788  0.23258815 -0.43841167  0.84556048 -0.43784663
  0.23148799 -0.43585553  0.42762707 -0.4316342   0.22948598 -0.43239753
  0.85181229 -0.43273435  0.2286235  -0.43074326  0.42362304 -0.4267596
  0.22638381 -0.42638339  0.82340261 -0.42581835  0.22528366 -0.42382726
  0.41458551 -0.41960592  0.22328165 -0.42036926  0.82623581 -0.42070608
  0.22241917 -0.41871498  0.41058148 -0.41449365  0.22041715 -0.41525698
  0.8017201  -0.4155938   0.21955468 -0.41360271  0.40657745 -0.40938138
  0.21755266 -0.41014471  0.80911145 -0.41048153  0.21669019 -0.40849043
  0.40257342 -0.40450678  0.2144505  -0.40413057  0.77979991 -0.40446739
  0.21358802 -0.40133676  0.39605264 -0.3993945   0.211586   -0.39901829
  0.78947033 -0.39935511  0.21072353 -0.39622448  0.39204861 -0.3945199
  0.20848384 -0.39300416  0.75764204 -0.39243911  0.20738369 -0.38930848
  0.38301108 -0.38736623  0.20538167 -0.38699002  0.76275431]",0.8381521739130435,0.5518478260869565,0.0,0.9245588235294118,0.7543382352941177,0.0,0.838076923076923,0.5516538461538462,0.0,0.9242916666666666,0.7535833333333334,0.0,0.8382727272727273,0.5519545454545455,0.0,0.0
3.58,0.08,5003,0.5827499999999999,0.14930711996227297,0.49364285714285716,0.09862780478927338,0.23724910044652534,2.0,0.951618483760576,0.04747394951498083,9.613043740166971e-05,2.0,0.9481813918848097,0.0484509679954084,0.0001296653631515686,16,0.9635230115032485,8,0.9736577788204499,0.007011653619721399,3.0,1.1615126050420168,"[ 1.         -0.9006935   0.82825541 -0.89845579  0.95312113 -0.8969057
  0.8235054  -0.89260514  0.97365778 -0.89105505  0.8187554  -0.88812972
  0.94215252 -0.88657963  0.81400539 -0.88227906  0.96746211 -0.88072897
  0.80925538 -0.87780365  0.93118391 -0.87625356  0.80450538 -0.87195299
  0.95612635 -0.8704029   0.79975537 -0.86816519  0.92136343 -0.8666151
  0.79541919 -0.86231454  0.94557157 -0.86076445  0.79066919 -0.8571515
  0.90924668 -0.85560141  0.78550535 -0.85130084  0.92831473 -0.84975075
  0.78034151 -0.84613781  0.89712994 -0.84458772  0.77559151 -0.84028715
  0.93125113 -0.83873706  0.77125533 -0.83649935  0.88730946 -0.83494926
  0.76650532 -0.8306487   0.90601036 -0.82909861  0.76175532 -0.82617328
  0.87634085 -0.82462319  0.75700531 -0.82032262  0.89944754 -0.81877254
  0.7522553  -0.81584721  0.86537224 -0.81429712  0.7475053  -0.80999655
  0.88811178 -0.80844646  0.74275529 -0.80620875  0.85555175 -0.80465866
  0.73841911 -0.8003581   0.877557   -0.79880801  0.73366911 -0.79519506
  0.84343501 -0.79364497  0.72850527 -0.78934441  0.86066731 -0.78779432
  0.72334143 -0.78418137  0.83131827 -0.78263128  0.71859143 -0.77833071
  0.86250226 -0.77678062  0.71425525 -0.77454291  0.82149779 -0.77299282
  0.70950524 -0.76869226  0.83836293 -0.76714217  0.70475524 -0.76421684
  0.81052917 -0.76266675  0.70000523 -0.75836619  0.83143297 -0.7568161
  0.69525522 -0.75389077  0.79956056 -0.75234068  0.69050522 -0.74804011
  0.82009721 -0.74649002  0.68575521 -0.74425231  0.78974008 -0.74270222
  0.68141903 -0.73840166  0.80954243 -0.73685157  0.67666903 -0.73323862
  0.77762334 -0.73168853  0.67150519 -0.72738797  0.79301989 -0.72583788
  0.66634135 -0.72222493  0.7655066  -0.72067484  0.66159135 -0.71637427
  0.79375339 -0.71482418  0.65725517 -0.71258648  0.75568611 -0.71103639
  0.65250516 -0.70673582  0.77071551 -0.70518573  0.64775516 -0.7022604
  0.7447175  -0.70071031  0.64300515 -0.69640975  0.7634184 ]",0.8343840579710144,0.6022101449275362,0.0,0.9654779411764706,0.8861397058823529,0.0,0.8343846153846154,0.6022307692307692,0.0,0.9657083333333333,0.8867916666666666,0.0,0.8343181818181818,0.6021818181818182,0.0,0.0
3.58,0.1,101,0.5954642857142858,0.17449406091875552,0.39192857142857146,0.12178374527105372,0.8424271325558879,2.0,0.956344705622605,0.04749620922635885,0.0003352736805486347,2.0,0.9593387867614156,0.03898489752716464,0.0002005915476567976,8,0.9737368108673539,8,0.9814856522467954,0.007007150642326684,3.0,1.044347164065474,"[ 1.         -0.92134084  0.85963771 -0.91750053  0.9651361  -0.91602938
  0.85459461 -0.91194827  0.98148565 -0.91047712  0.85007198 -0.90732035
  0.95412554 -0.9056084   0.84478807 -0.90176809  0.97240152 -0.90005614
  0.83998576 -0.89645664  0.9425945  -0.89474469  0.83470185 -0.89134711
  0.95994614 -0.88987597  0.83094051 -0.8867192   0.93234523 -0.88500725
  0.82517499 -0.88116694  0.94845398 -0.87945499  0.82085429 -0.87585548
  0.92081419 -0.87414353  0.81508877 -0.87074596  0.93744342 -0.86927481
  0.81128856 -0.8654345   0.91028524 -0.86396336  0.80528224 -0.85988224
  0.92543078 -0.8584111   0.80120234 -0.85457079  0.8985134  -0.85309964
  0.79519602 -0.84901853  0.91365893 -0.84754738  0.79163661 -0.84439061
  0.88798445 -0.84267866  0.78538948 -0.83883835  0.90240757 -0.8371264
  0.78155039 -0.8335269   0.87669421 -0.83181495  0.77530327 -0.82797464
  0.89039493 -0.82626269  0.77146418 -0.82266318  0.86468157 -0.82095123
  0.76521705 -0.81711092  0.87886389 -0.81539897  0.76137796 -0.81179947
  0.85363214 -0.81008752  0.75513084 -0.80668994  0.86785333 -0.8052188
  0.75181223 -0.80137849  0.84238077 -0.79990734  0.7453243  -0.79582623
  0.85608149 -0.79435508  0.74172601 -0.79051477  0.83084974 -0.78904363
  0.73523808 -0.78496251  0.84479126 -0.78349137  0.73216028 -0.7803346
  0.82056159 -0.77862265  0.72543154 -0.77522507  0.83406038 -0.77375393
  0.72207406 -0.76923008  0.80854895 -0.76799974  0.71534533 -0.76367782
  0.82104564 -0.76244748  0.71250833 -0.7590499   0.79874241 -0.75757876
  0.70553879 -0.75394038  0.81151878 -0.75271004  0.70294259 -0.74862892
  0.78773185 -0.74739858  0.69573225 -0.74307666  0.79926533 -0.74184632
  0.69285638 -0.73776521  0.77644161 -0.73653487  0.68564604 -0.73265569
  0.78921799 -0.73166615  0.68329064 -0.72734423  0.76615347 -0.72635469
  0.6758395  -0.72223471  0.77772582 -0.72148597  0.67424539 -0.71760679
  0.75566339 -0.71661725  0.66631263 -0.71205453  0.76623366]",0.8590579710144928,0.4305072463768116,0.0004347826086956522,0.9659191176470588,0.9082720588235295,0.0,0.8590384615384615,0.43046153846153845,0.0004230769230769231,0.9679166666666666,0.91225,0.0,0.8594090909090909,0.4309090909090909,0.0004090909090909091,4.1907901805401164e-10
3.58,0.1,707,0.6021785714285713,0.13124977648183106,0.37442857142857144,0.050032438457056884,1.1626546994572746,2.0,0.9337265862160168,0.06311947116772436,0.000392450005170718,4.0,0.49612903225806454,0.24496593188286922,0.0023466647042993402,16,0.9601451332498535,16,0.9415015146521191,0.006402176225537188,3.0,1.069359445124439,"[ 1.         -0.23943023 -0.37391505 -0.23519936  0.79385458 -0.23800426
 -0.37248907 -0.23164961  0.85231672 -0.24016139 -0.37109571 -0.23022364
  0.77885623 -0.23588197 -0.36608663 -0.23092144  0.94150151 -0.23657977
 -0.36678443 -0.22451825  0.76458754 -0.23588347 -0.36396435 -0.22382194
  0.83161    -0.23518716 -0.36184132 -0.22239597  0.75244263 -0.23090774
 -0.35825896 -0.22309377  0.90938104 -0.23160554 -0.35753004 -0.21881436
  0.74318376 -0.23017957 -0.35540701 -0.21811805  0.81163295 -0.22948326
 -0.35328398 -0.21669207  0.73674573 -0.22520385 -0.34970162 -0.21738987
  0.89939102 -0.22590165 -0.3489727  -0.21311046  0.72891359 -0.22447567
 -0.34757934 -0.21314381  0.79092623 -0.22165559 -0.34402959 -0.21171784
  0.71746573 -0.21737618 -0.34187395 -0.21241564  0.87012398 -0.21807398
 -0.33971831 -0.20813623  0.70678014 -0.216648   -0.339022   -0.20743992
  0.77094917 -0.21595169 -0.33547226 -0.20601394  0.69891539 -0.21167228
 -0.33331662 -0.20671174  0.8487202  -0.21237008 -0.33116098 -0.20243233
  0.69108325 -0.2109441  -0.329735   -0.20100636  0.75170178 -0.21237157
 -0.32761197 -0.19958038  0.679668   -0.20809216 -0.32402962 -0.20027818
  0.82947281 -0.20878996 -0.3233007  -0.19812254  0.67541896 -0.20663432
 -0.32117767 -0.1981559   0.73172472 -0.20381423 -0.31905464 -0.19672992
  0.66111766 -0.19953482 -0.31547228 -0.19742772  0.80093544 -0.20023262
 -0.31474336 -0.19527208  0.65401518 -0.19807698 -0.31189067 -0.19669955
  0.713207   -0.19665101 -0.30973503 -0.19454391  0.64903648 -0.19449537
 -0.30757939 -0.19524171  0.79028098 -0.19519317 -0.30542375 -0.1909623
  0.63977762 -0.19376719 -0.30399777 -0.18953632  0.69468927 -0.19519466
 -0.30187474 -0.18811035  0.63264253 -0.19091524 -0.29829239 -0.18880815
  0.76960687 -0.19161304 -0.29756347 -0.18240496  0.622654   -0.19091673
 -0.29689977 -0.18031454  0.67252322 -0.18882632 -0.29265296 -0.17888857
  0.60904976 -0.1845469  -0.29049733 -0.17958637  0.73745378]",0.8457246376811595,0.4005072463768116,0.0,0.954485294117647,0.8794852941176471,0.0,0.8456153846153847,0.4003846153846154,0.0,0.9545833333333333,0.8797916666666666,0.0,0.8453181818181819,0.4001363636363636,0.0,0.0
3.58,0.1,1313,0.6337857142857142,0.06566655875539323,0.3683571428571428,0.04959278049828444,1.9481543928968823,2.0,0.8371108119245638,0.15313265954183466,0.00032210829790953356,2.0,0.41450410803912646,0.2871877010108411,0.00034041795457446605,16,0.9772622277452897,16,0.9765944030225611,0.006660364117072413,2.0,1.0258603540879252,"[ 1.         -0.20149187 -0.18769946 -0.34671034  0.4780502  -0.34642139
 -0.18397874 -0.14351488  0.87040822 -0.14375907 -0.18514754 -0.34415842
  0.47571259 -0.34241735 -0.18433108 -0.19614384  0.9765944  -0.19730702
 -0.18496674 -0.33816911  0.46771376 -0.33642803 -0.18124602 -0.14078216
  0.84990688 -0.13957422 -0.18241482 -0.33561719  0.46537615 -0.33242399
 -0.18159836 -0.191959    0.95318881 -0.19312218 -0.18223403 -0.32962788
  0.45737732 -0.32643467 -0.1785133  -0.13804944  0.82940554 -0.13538938
 -0.17968211 -0.32707596  0.45503971 -0.32243063 -0.17886564 -0.18777415
  0.92978321 -0.18893733 -0.17950131 -0.32108665  0.44704088 -0.31644132
 -0.17578059 -0.13531673  0.8089042  -0.13120453 -0.17694939 -0.31853473
  0.44470327 -0.31243727 -0.17613293 -0.18358931  0.90637761 -0.18475249
 -0.17676859 -0.31254542  0.43670444 -0.30644796 -0.17304787 -0.13258401
  0.78840286 -0.12701969 -0.17421668 -0.3099935   0.43436683 -0.30244391
 -0.17340021 -0.17940446  0.88297202 -0.18056764 -0.17403588 -0.30400419
  0.426368   -0.2964546  -0.17031516 -0.1298513   0.76790152 -0.12375383
 -0.16949869 -0.30237126  0.4231114  -0.29482167 -0.16868223 -0.17468648
  0.86009956 -0.17584966 -0.16931789 -0.29638195  0.41511257 -0.28883236
 -0.16559717 -0.12658544  0.74793332 -0.12048798 -0.16478071 -0.29474902
  0.41185597 -0.28719943 -0.16396425 -0.1699685   0.8372271  -0.17113168
 -0.16459991 -0.28875971  0.40385714 -0.28121012 -0.16087919 -0.12331959
  0.72796512 -0.11722212 -0.16006273 -0.28712678  0.40060054 -0.27957719
 -0.15924626 -0.16525051  0.81435464 -0.16641369 -0.15988193 -0.28113747
  0.39260171 -0.27358788 -0.15616121 -0.12005373  0.70799692 -0.11395627
 -0.15534474 -0.27950454  0.38934511 -0.27195495 -0.15452828 -0.16053253
  0.79148218 -0.16169571 -0.15516394 -0.27351523  0.38134628 -0.26596564
 -0.15144322 -0.11678788  0.68802872 -0.11069041 -0.15062676 -0.2718823
  0.37808968 -0.26433271 -0.1498103  -0.15581455  0.76860972]",0.8322826086956522,0.33717391304347827,0.0,0.9551470588235295,0.8658823529411764,0.0,0.8321153846153846,0.3366153846153846,0.0,0.9555,0.8668333333333333,0.0,0.832,0.33640909090909094,0.0,0.0
3.58,0.1,2029,0.6435357142857142,0.15464879153905406,0.25642857142857145,0.06084020555722094,2.1100304857279104,2.0,0.7440841404205094,0.16020484094629286,0.0009793432603590949,2.0,0.6838954517748816,0.19061141329719833,0.002441593984174911,8,0.9282736482029169,8,0.9382459387614455,0.006554336585036409,3.0,1.036673404562518,"[ 1.         -0.54353077  0.15681166 -0.49363848  0.82265157 -0.49245742
  0.15578301 -0.54098001  0.93824594 -0.5377452   0.15487841 -0.48881776
  0.81396436 -0.4876367   0.15384976 -0.5361593   0.93257734 -0.53087073
  0.15306921 -0.48290814  0.80829576 -0.48063818  0.15216462 -0.53012563
  0.92111962 -0.52496111  0.15126002 -0.47699852  0.79201378 -0.47472856
  0.15035542 -0.52421601  0.90592655 -0.51796259  0.14957487 -0.47
  0.78453953 -0.46881894  0.14854622 -0.51927124  0.88096091 -0.51108812
  0.14776568 -0.46409038  0.77790607 -0.46182042  0.14686108 -0.51323757
  0.87541636 -0.50300069  0.14620459 -0.45600295  0.75222369 -0.45578675
  0.14517594 -0.5072039   0.85816954 -0.49721512  0.14427134 -0.45118224
  0.74739588 -0.45096603  0.14324269 -0.50238318  0.85816599 -0.49034065
  0.14246214 -0.44527262  0.74462184 -0.44493236  0.14155755 -0.49538466
  0.84007837 -0.48334213  0.140777   -0.4382741   0.72460451 -0.43998759
  0.13974835 -0.48947504  0.83055036 -0.47755656  0.13884375 -0.43345338
  0.717847   -0.43407798  0.13793916 -0.48356542  0.82572256 -0.47164694
  0.13703456 -0.42754376  0.71700266 -0.42913321  0.13612996 -0.47669095
  0.81233514 -0.46682623  0.13510131 -0.42272305  0.7073506  -0.4254014
  0.13407266 -0.47199429  0.80847219 -0.46104066  0.13316806 -0.41790233
  0.70541735 -0.41949178  0.13226346 -0.46608467  0.80267953 -0.45621995
  0.13123481 -0.41308162  0.69673014 -0.41467106  0.13033022 -0.4602991
  0.7815733  -0.45031033  0.12942562 -0.407172    0.68816698 -0.40985035
  0.12839697 -0.45547839  0.7814457  -0.44452476  0.12749237 -0.40235128
  0.68044462 -0.40599449  0.12646372 -0.44969282  0.77204174 -0.43765029
  0.12568317 -0.39644167  0.66525155 -0.39899596  0.12477858 -0.44365915
  0.75190036 -0.43077582  0.12387398 -0.3914969   0.65282898 -0.39308634
  0.12296938 -0.43774953  0.73683135 -0.42172354  0.12231289 -0.38437432
  0.63872482 -0.38391001  0.12153234 -0.4305029   0.72923304]",0.8130072463768115,0.6132246376811594,0.002246376811594203,0.9375367647058823,0.851764705882353,0.0,0.8132307692307692,0.6137307692307692,0.002307692307692308,0.9394166666666667,0.8544583333333333,8.333333333333333e-05,0.8127272727272727,0.6127727272727272,0.002318181818181818,4.237659073841969e-13
3.58,0.1,3001,0.5917857142857142,0.07346299221029452,0.32721428571428574,0.026834622016631986,0.30308604128346617,2.0,0.6688090228137646,0.21933536307875157,0.001206691477492816,2.0,0.4588783822148458,0.41778844526362724,0.0050115678664182815,32,0.9262867136880987,32,0.9036344920357137,0.0038905101741288414,3.0,1.2977337110481586,"[ 1.         -0.1246103   0.13948132 -0.24840135  0.43004066 -0.33477539
  0.13762151 -0.46126592  0.10310415 -0.46332591  0.13802189 -0.3368743
  0.41822264 -0.24514023  0.13528351 -0.12408755  0.78475853 -0.11666753
  0.13254514 -0.24315805  0.42040501 -0.32457244  0.13294552 -0.45106296
  0.10338781 -0.45312296  0.13560607 -0.33207028  0.40318806 -0.24529586
  0.13512788 -0.12424318  0.90363449 -0.11186351  0.13238951 -0.23565457
  0.4179892  -0.31210931  0.1305297  -0.43859983  0.10593164 -0.44561948
  0.13093008 -0.32412751  0.39129223 -0.2373531   0.1281917  -0.12126006
  0.76278777 -0.10392074  0.12771351 -0.23311073  0.40565408 -0.30460582
  0.12811389 -0.43109635  0.08863688 -0.43315634  0.12851426 -0.31932349
  0.3812173  -0.23254908  0.12803607 -0.1214157   0.86182513 -0.10407638
  0.1252977  -0.22290778  0.40097808 -0.29440287  0.12343789 -0.41593375
  0.08892053 -0.42295339  0.12609845 -0.31408019  0.366622   -0.22730578
  0.12336007 -0.12113205  0.72819824 -0.09387343  0.1206217  -0.22036395
  0.39360262 -0.28193974  0.12102207 -0.40843026  0.08154506 -0.41544991
  0.12368263 -0.30927617  0.35158742 -0.22746141  0.12320444 -0.12128768
  0.807397   -0.08906941  0.12272625 -0.21555993  0.38848734 -0.27217607
  0.12086644 -0.39866659  0.11114733 -0.40568624  0.123527   -0.30673234
  0.33925231 -0.21995792  0.12078862 -0.12370349  0.6760303  -0.08156592
  0.11805025 -0.21301609  0.38111187 -0.25971294  0.11845063 -0.39116311
  0.06905432 -0.39818275  0.118851   -0.29922886  0.32691719 -0.21741409
  0.11837281 -0.12115966  0.77776713 -0.07902209  0.11789462 -0.20551261
  0.37373641 -0.25220945  0.11603481 -0.37869997  0.0963964  -0.38571962
  0.11643519 -0.29398555  0.31728155 -0.20721114  0.11369681 -0.12087601
  0.63918058 -0.07377879  0.11095844 -0.20026931  0.36410076 -0.2420065
  0.11135881 -0.36849702  0.06692215 -0.37551667  0.11401937 -0.28918154
  0.30224696 -0.20736677  0.11354118 -0.12103164  0.7134197 ]",0.8168115942028985,0.5019202898550724,0.0,0.9583823529411765,0.8958823529411765,0.0,0.8164230769230769,0.5011153846153846,0.0,0.9586666666666667,0.8965,0.0,0.8167727272727273,0.5015,0.0,0.0
3.58,0.1,4099,0.6139642857142856,0.09720467439629535,0.3499285714285714,0.0433012112758891,0.7924160365147489,2.0,0.8777279920687608,0.09103795726814808,2.2474615074027584e-05,2.0,0.8571441899229386,0.11780065515521293,6.020936149084853e-05,8,0.9844585550175332,8,0.9885713663749527,0.007083433325038543,3.0,1.2574435318275154,"[ 1.         -0.83238322  0.66476371 -0.66285896  0.66286165 -0.66285897
  0.66095416 -0.82476418  0.98857137 -0.82285942  0.65714461 -0.65523992
  0.65524255 -0.65523993  0.65333506 -0.81524037  0.97714273 -0.81333561
  0.64952551 -0.64762088  0.64762345 -0.64762089  0.64571596 -0.80571657
  0.9657141  -0.80381181  0.64190641 -0.64000185  0.64000435 -0.64000185
  0.63809686 -0.79619276  0.95428547 -0.794288    0.63428731 -0.63238281
  0.63238525 -0.63238282  0.63047776 -0.78666896  0.94285683 -0.7847642
  0.62666821 -0.62476377  0.62476615 -0.62476378  0.62285866 -0.77714515
  0.9314282  -0.7752404   0.61904911 -0.61714473  0.61714706 -0.61714474
  0.61523956 -0.76762135  0.91999956 -0.76571659  0.61143001 -0.6095257
  0.60952796 -0.60952571  0.60762046 -0.75809755  0.90857093 -0.75619279
  0.60381091 -0.60190666  0.60190886 -0.60190667  0.60000136 -0.74857374
  0.8971423  -0.74666898  0.59619181 -0.59428762  0.59428976 -0.59428763
  0.59238226 -0.73904994  0.88571366 -0.73714518  0.58857271 -0.58666859
  0.58667066 -0.58666859  0.58476316 -0.72952613  0.87428503 -0.72762137
  0.58095361 -0.57904955  0.57905156 -0.57904956  0.57714406 -0.72000233
  0.8628564  -0.71809757  0.57333451 -0.57143051  0.57143246 -0.57143052
  0.56952496 -0.71047852  0.85142776 -0.70857376  0.56571541 -0.56381147
  0.56381336 -0.56381148  0.56190586 -0.70095472  0.83999913 -0.69904996
  0.55809631 -0.55619244  0.55619426 -0.55619244  0.55428676 -0.69143092
  0.8285705  -0.68952616  0.55047721 -0.5485734   0.54857516 -0.54857341
  0.54666766 -0.68190711  0.81714186 -0.68000235  0.54285811 -0.54095436
  0.54095606 -0.54095437  0.53904856 -0.67238331  0.80571323 -0.67047855
  0.53523902 -0.53333532  0.53333696 -0.53333533  0.53142947 -0.6628595
  0.79428459 -0.66095474  0.52761992 -0.52571629  0.52571786 -0.5257163
  0.52381037 -0.6533357   0.78285596 -0.65143094  0.52000082 -0.51809725
  0.51809876 -0.51809726  0.51619127 -0.64381189  0.77142733]",0.7719565217391304,0.32521739130434785,0.0,0.965625,0.903125,0.0,0.772,0.325,0.0,0.965625,0.903125,0.0,0.772,0.3251363636363636,0.0,0.0
3.58,0.1,5003,0.6355357142857143,0.1811980924968301,0.34199999999999997,0.1110675470153186,1.994750798398867,2.0,0.903404697647768,0.07488422292785722,0.00018017123724662468,2.0,0.8138461538461538,0.10177335584464306,0.00010146522795329874,8,0.9762782123207324,8,0.9789452473596439,0.007025061367120142,3.0,1.0771653543307087,"[ 1.         -0.68603669  0.39904947 -0.68320271  0.94799704 -0.68303224
  0.39675005 -0.67860015  0.97894525 -0.67842968  0.39445062 -0.675063
  0.93644988 -0.67489253  0.3921512  -0.67046044  0.97029322 -0.67028998
  0.38985177 -0.66745599  0.9261071  -0.66728553  0.38759867 -0.66285344
  0.9590819  -0.66268297  0.38534556 -0.65984899  0.91576431 -0.65967853
  0.38304614 -0.65524643  0.94873911 -0.65507597  0.38074671 -0.65224199
  0.90542153 -0.65207152  0.37849361 -0.64763943  0.93579072 -0.64746896
  0.3762405  -0.64463498  0.89507875 -0.64446452  0.37394108 -0.64003243
  0.92631647 -0.63986196  0.37168797 -0.63756068  0.88594034 -0.63739022
  0.36943487 -0.63295812  0.91457245 -0.63278766  0.36713545 -0.62942097
  0.87439318 -0.62925051  0.36483602 -0.62481842  0.90505188 -0.62464795
  0.36249027 -0.62074856  0.86164165 -0.6205781   0.36019085 -0.61614601
  0.89056328 -0.61597554  0.35793774 -0.61314156  0.85129887 -0.6129711
  0.35563832 -0.608539    0.88051001 -0.60836854  0.35333889 -0.60500185
  0.83975171 -0.60483139  0.35103947 -0.6003993   0.8678048  -0.60022883
  0.34874004 -0.59686215  0.82820456 -0.59669168  0.34644062 -0.59225959
  0.85741569 -0.59208912  0.34414119 -0.58872244  0.8166574  -0.58855197
  0.34184176 -0.58411988  0.84528951 -0.58394942  0.33958866 -0.58111543
  0.80631462 -0.58094497  0.33728923 -0.57651288  0.83349917 -0.57634241
  0.33503613 -0.57350843  0.79597184 -0.57333797  0.33273671 -0.56890587
  0.82286687 -0.56873541  0.33043728 -0.56590143  0.78562905 -0.56573096
  0.32818418 -0.56129887  0.81252409 -0.5611284   0.32593107 -0.55829442
  0.77528627 -0.55812396  0.32363165 -0.55369187  0.80015472 -0.5535214
  0.32133222 -0.55015472  0.76373911 -0.54998425  0.3190328  -0.54555216
  0.78918659 -0.54538169  0.31677969 -0.54308042  0.7546007  -0.54290995
  0.31452659 -0.53847786  0.77889012 -0.53830739  0.31222716 -0.53494071
  0.74305355 -0.53477024  0.30992774 -0.53033815  0.76676394]",0.8288768115942029,0.4697101449275362,0.0002898550724637681,0.9711764705882353,0.9186764705882353,0.0,0.8287307692307693,0.4691923076923077,0.0003076923076923077,0.971375,0.919,0.0,0.8281818181818181,0.46854545454545454,0.00027272727272727274,1.0607363182371462e-13
3.58,0.12,101,0.5908571428571429,0.1631234664483392,0.36371428571428566,0.09814961507196812,0.5032985433736507,2.0,0.8938936239591313,0.07512786637437563,0.00022540529106729012,2.0,0.8992707027720291,0.06291500729772208,0.0002287323713240001,4,0.9666813495113057,4,0.9871160491465808,0.007075531384065532,3.0,1.0692986140277194,"[ 1.         -0.81663432  0.64006124 -0.81277937  0.98711605 -0.81209368
  0.63644569 -0.80823873  0.98053461 -0.80755304  0.63283014 -0.80369809
  0.97580685 -0.8030124   0.62921459 -0.79915745  0.96996688 -0.79847176
  0.62559904 -0.7946168   0.96523913 -0.79393112  0.62198349 -0.79007616
  0.96014063 -0.78939047  0.61836794 -0.78553552  0.95392993 -0.78484983
  0.61475239 -0.78052246  0.94782091 -0.77946603  0.61113684 -0.77682497
  0.94299147 -0.77539781  0.60752129 -0.77228433  0.93752224 -0.77085717
  0.60390574 -0.76774369  0.93168227 -0.76631653  0.60029018 -0.76320305
  0.92732525 -0.76177589  0.59640559 -0.75781925  0.91973329 -0.75676282
  0.59279004 -0.75327861  0.91537627 -0.75222218  0.58944353 -0.74958113
  0.91091755 -0.74815396  0.58582798 -0.74456806  0.9033256  -0.74277016
  0.58194338 -0.74002742  0.8982271  -0.73822952  0.57832783 -0.73548678
  0.89312861 -0.73368888  0.57498133 -0.7317893   0.88792842 -0.72962066
  0.57136578 -0.72677623  0.88219014 -0.72423686  0.56748118 -0.72223559
  0.87597944 -0.71969622  0.56386563 -0.71769495  0.87088095 -0.71515558
  0.56025008 -0.71315431  0.86578245 -0.71061494  0.55663453 -0.70861367
  0.85994249 -0.7060743   0.55274993 -0.70322986  0.853092   -0.70106123
  0.54913438 -0.6982168   0.84735372 -0.69567743  0.54524978 -0.69367616
  0.84151375 -0.69113679  0.54136518 -0.68829236  0.83466327 -0.68612372
  0.53774963 -0.68375172  0.82993551 -0.68158308  0.53386503 -0.67836791
  0.82271428 -0.67657002  0.53024948 -0.67382727  0.81798653 -0.67202938
  0.52663393 -0.66928663  0.81251729 -0.66748873  0.52301838 -0.66474599
  0.80630659 -0.66294809  0.51940283 -0.65973292  0.79982684 -0.65756429
  0.51551823 -0.65471986  0.79334709 -0.65218049  0.51163363 -0.65017922
  0.78787786 -0.64763985  0.50801808 -0.64563858  0.7831501  -0.64309921
  0.50440253 -0.64109794  0.77731013 -0.63855857  0.50078698 -0.63655729
  0.7718409  -0.63401792  0.49717143 -0.63154423  0.76499042]",0.8680797101449276,0.5666304347826087,0.0009420289855072464,0.9691911764705883,0.9331985294117647,0.0,0.8681153846153846,0.5666153846153846,0.001,0.9700833333333333,0.9339583333333333,0.0,0.8683636363636363,0.5666818181818182,0.001,9.569150826532084e-09
3.58,0.12,707,0.6270357142857141,0.1208834982661456,0.2757142857142857,0.061378717311259524,1.6264473624452163,2.0,0.7317459305326124,0.20809360894962792,0.00153032169135985,4.0,0.7489433555712096,0.2558204158991549,0.002974897912501717,24,0.917218395619576,24,0.8952282928339268,0.006493506493506363,3.0,1.0671827481338125,"[ 1.         -0.06295388 -0.72867048 -0.02927333  0.76394831 -0.02644328
 -0.73341124 -0.06483749  0.85021514 -0.05913636 -0.72769695 -0.03019579
  0.75495434 -0.0231133  -0.72628927 -0.06957901  0.85210958 -0.056321
 -0.72203761 -0.03306841  0.74688129 -0.02170639 -0.71399396 -0.06817211
  0.89522829 -0.05681009 -0.70546278 -0.03166151  0.73739978 -0.02360393
 -0.706872   -0.06579013  0.83693855 -0.05727209 -0.70592478 -0.03022752
  0.72981427 -0.02360548 -0.69739359 -0.06627921  0.83739746 -0.05586519
 -0.69219393 -0.0316646   0.72174122 -0.02219858 -0.6822543  -0.06343677
  0.84497988 -0.05681473 -0.67892354 -0.02882216  0.7141557  -0.02504411
 -0.67987231 -0.06249033  0.80516251 -0.05730382 -0.67846463 -0.02836326
  0.70657019 -0.02694165 -0.67562142 -0.05967497  0.81082185 -0.06017644
 -0.66996131 -0.0264959   0.6980096  -0.02886627 -0.65858613 -0.05542408
  0.81128076 -0.06207398 -0.65669091 -0.02365346  0.68993654 -0.03030336
 -0.65433524 -0.05401718  0.76907986 -0.06112753 -0.65669246 -0.02270701
  0.68045504 -0.03030491 -0.64626528 -0.05591472  0.78140226 -0.05972063
 -0.64296162 -0.0241441   0.67097353 -0.02935846 -0.62495047 -0.05163674
  0.7932642  -0.06064309 -0.62776815 -0.02032657  0.65916267 -0.03168937
 -0.62963783 -0.04922767  0.75111747 -0.06107801 -0.62630707 -0.01791751
  0.65157716 -0.02979492 -0.61875097 -0.05210029  0.74540087 -0.05826265
 -0.61780375 -0.01984213  0.64160811 -0.02838802 -0.60596812 -0.05210184
  0.75298328 -0.05875174 -0.6031249  -0.01843523  0.63353506 -0.0298251
 -0.60358613 -0.05161585  0.70891348 -0.05636976 -0.60643089 -0.01984523
  0.62643708 -0.02839112 -0.59269927 -0.05164448  0.71267683 -0.05496285
 -0.59080406 -0.02033431  0.61646804 -0.02698421 -0.57942888 -0.05067095
  0.73355827 -0.05304132 -0.57655858 -0.01936078  0.60937007 -0.02649822
 -0.57799489 -0.05256849  0.68520895 -0.05068643 -0.57799567 -0.02079786
  0.60178455 -0.02649977 -0.57279601 -0.05259712  0.67190837]",0.7961956521739131,0.4994927536231884,0.002318840579710145,0.9290441176470589,0.8270220588235294,0.0,0.7958846153846154,0.49876923076923074,0.002307692307692308,0.9292916666666666,0.8270833333333333,0.0,0.7951363636363636,0.4975909090909091,0.0022272727272727275,1.3669048042683275e-11
3.58,0.12,1313,0.6437499999999999,0.03906553559633571,0.33749999999999997,0.05455174476717366,2.3469241773962803,4.0,0.39854231655939293,0.319682524904945,6.505695689651821e-06,4.0,0.8949896789855918,0.09293576020455684,1.6320168920548014e-06,8,0.9885914874945151,8,0.9885988598859885,0.007086659079131112,1.0,1.0,"[ 1.          0.05453045 -0.89123912 -0.05483048  0.78307831 -0.0519802
 -0.88613861  0.05228023  0.98859886  0.05393039 -0.8810381  -0.05423042
  0.77407741 -0.05138014 -0.87593759  0.05168017  0.97719772  0.05333033
 -0.87083708 -0.05363036  0.76507651 -0.05078008 -0.86573657  0.05108011
  0.96579658  0.05273027 -0.86063606 -0.0530303   0.75607561 -0.05018002
 -0.85553555  0.05048005  0.95439544  0.05213021 -0.85043504 -0.05243024
  0.74707471 -0.04957996 -0.84533453  0.04987999  0.9429943   0.05153015
 -0.84023402 -0.05183018  0.73807381 -0.0489799  -0.83513351  0.04927993
  0.93159316  0.05093009 -0.830033   -0.05123012  0.72907291 -0.04837984
 -0.82493249  0.04867987  0.92019202  0.05033003 -0.81983198 -0.05063006
  0.72007201 -0.04777978 -0.81473147  0.04807981  0.90879088  0.04972997
 -0.80963096 -0.05003     0.71107111 -0.04717972 -0.80453045  0.04747975
  0.89738974  0.04912991 -0.79942994 -0.04942994  0.70207021 -0.04657966
 -0.79432943  0.04687969  0.8859886   0.04852985 -0.78922892 -0.04882988
  0.69306931 -0.0459796  -0.78412841  0.04627963  0.87458746  0.04792979
 -0.7790279  -0.04822982  0.68406841 -0.04537954 -0.77392739  0.04567957
  0.86318632  0.04732973 -0.76882688 -0.04762976  0.67506751 -0.04477948
 -0.76372637  0.04507951  0.85178518  0.04672967 -0.75862586 -0.0470297
  0.66606661 -0.04417942 -0.75352535  0.04447945  0.84038404  0.04612961
 -0.74842484 -0.04642964  0.65706571 -0.04357936 -0.74332433  0.04387939
  0.8289829   0.04552955 -0.73822382 -0.04582958  0.64806481 -0.0429793
 -0.73312331  0.04327933  0.81758176  0.04492949 -0.7280228  -0.04522952
  0.63906391 -0.04237924 -0.72292229  0.04267927  0.80618062  0.04432943
 -0.71782178 -0.04462946  0.63006301 -0.04177918 -0.71272127  0.04207921
  0.79477948  0.04372937 -0.70762076 -0.0440294   0.62106211 -0.04117912
 -0.70252025  0.04147915  0.78337834  0.04312931 -0.69741974 -0.04342934
  0.61206121 -0.04057906 -0.69231923  0.04087909  0.7719772 ]",0.8625,0.47503623188405797,0.0,0.9625,0.9,0.0,0.8625,0.4750384615384615,0.0,0.9625,0.9,0.0,0.8625,0.47504545454545455,0.0,0.0
3.58,0.12,2029,0.65325,0.13012758162664825,0.2881428571428572,0.06645713671539094,2.2868000204373593,2.0,0.9335524503050581,0.07610027570386693,0.000678004780027372,2.0,0.948887134964483,0.05192613506416001,0.0009179331202684461,8,0.9662536534077998,4,0.9678557665077759,0.006802854359334702,3.0,1.0290816326530612,"[ 1.         -0.90098166  0.8294764  -0.89945532  0.96785577 -0.89592815
  0.82482615 -0.89440181  0.96543969 -0.89025776  0.81917548 -0.88792278
  0.95512891 -0.88520426  0.81452523 -0.88286927  0.95837336 -0.87953387
  0.80887457 -0.87639023  0.94240206 -0.87448036  0.80422432 -0.87133673
  0.94241192 -0.86880998  0.79857365 -0.86485769  0.9296752  -0.86375647
  0.7939234  -0.85980419  0.92664224 -0.85870296  0.78927315 -0.85475068
  0.9187574  -0.85364946  0.7846229  -0.84969718  0.91815038 -0.84859595
  0.77997264 -0.84464367  0.90703096 -0.84354245  0.77532239 -0.83959016
  0.90561529 -0.83848894  0.77067214 -0.83453666  0.89692181 -0.83343543
  0.76602189 -0.82948315  0.8946975  -0.82838193  0.76137164 -0.82442965
  0.88519537 -0.82332842  0.75672138 -0.81937614  0.88539699 -0.81827492
  0.75207113 -0.81432263  0.87670351 -0.81322141  0.74742088 -0.80926913
  0.87367055 -0.8081679   0.74277063 -0.80421562  0.86497706 -0.80168887
  0.73711996 -0.79854524  0.86075193 -0.79601848  0.7314693  -0.7920662
  0.85529303 -0.79096498  0.72681905 -0.78701269  0.84983413 -0.78591147
  0.7221688  -0.78195919  0.84437523 -0.78085796  0.71751854 -0.77690568
  0.83972498 -0.77580446  0.71286829 -0.77185218  0.83264879 -0.76932542
  0.70721763 -0.76618179  0.82357178 -0.76365504  0.70156697 -0.75970275
  0.81811288 -0.75860153  0.69691671 -0.75464925  0.81850627 -0.75416491
  0.69326687 -0.75102127  0.80900414 -0.7491114   0.68861662 -0.74596777
  0.80192795 -0.74405789  0.68396637 -0.74091426  0.7956604  -0.73900439
  0.67931612 -0.73586075  0.79586203 -0.73395088  0.67466586 -0.73080725
  0.78716854 -0.72889738  0.67001561 -0.72575374  0.7792837  -0.72384387
  0.66536536 -0.72070024  0.77463345 -0.71879036  0.66071511 -0.71564673
  0.76936632 -0.71435374  0.65706527 -0.71201875  0.76390742 -0.70930023
  0.65241501 -0.70696525  0.75925717 -0.70424673  0.64776476 -0.70191174
  0.75541556 -0.69919322  0.64311451 -0.69685823  0.74853113]",0.7934782608695652,0.5509420289855073,0.0026811594202898552,0.9569117647058824,0.8809926470588235,0.0,0.7936923076923077,0.5512307692307692,0.0028076923076923075,0.9615,0.89,0.0,0.7932727272727272,0.551409090909091,0.0027727272727272726,1.1009689217401229e-13
3.58,0.12,3001,0.6210357142857144,0.07685444598295493,0.311,0.03742230045612604,0.760855927969662,4.0,0.5551553286038673,0.38844750790779203,0.0038639143470377627,2.0,0.33262058073138134,0.4752507099798697,0.0038211782212620145,32,0.8657899144583907,32,0.845790064266041,0.003590990445663864,3.0,1.3409300893132121,"[ 1.         -0.18231256 -0.08552688 -0.09840151  0.44523717 -0.33979904
 -0.08545955 -0.19325411  0.26367643 -0.19293992 -0.08595328 -0.30029685
  0.44736101 -0.09795267 -0.08476385 -0.16649495  0.59391411 -0.17072019
 -0.08357442 -0.10154953  0.44407834 -0.30270427 -0.08406814 -0.18931246
  0.30842191 -0.19353769 -0.08400082 -0.3314975   0.43768438 -0.0948781
 -0.08225033 -0.17219321  0.84579006 -0.17784658 -0.0810609  -0.08628481
  0.42930123 -0.33023258 -0.08099357 -0.17858717  0.26559217 -0.1859237
 -0.0814873  -0.28818015  0.42632459 -0.10113741 -0.08085892 -0.16202897
  0.57797817 -0.16625421 -0.07966949 -0.0976446   0.41483015 -0.29114863
 -0.08016322 -0.17831786  0.27861267 -0.18509334 -0.08065694 -0.31030195
  0.42317658 -0.08898398 -0.07890646 -0.1631878   0.78083852 -0.17139141
 -0.07659492 -0.08436907  0.39806386 -0.31811588 -0.07652759 -0.17100989
  0.24256656 -0.17834642 -0.07646027 -0.27805264  0.41094971 -0.10121085
 -0.07583189 -0.15246251  0.55694175 -0.15923799 -0.07520351 -0.0855279
  0.4039947  -0.27903193 -0.07569724 -0.17074059  0.26578802 -0.17496583
 -0.07562991 -0.2976242   0.38995002 -0.08905743 -0.07331837 -0.15759971
  0.76092421 -0.16835357 -0.07156789 -0.0767918   0.38778945 -0.30543813
 -0.07150056 -0.16598286  0.25269407 -0.17076915 -0.07143323 -0.27047536
  0.38282363 -0.08598286 -0.07080486 -0.13779557  0.54865653 -0.15732225
 -0.06961542 -0.06973886  0.37132918 -0.26834336 -0.07010915 -0.16005202
  0.25097419 -0.16937774 -0.07060288 -0.28494644  0.39242681 -0.09423136
 -0.06829134 -0.1474722   0.71749668 -0.16332653 -0.06654085 -0.06666429
  0.36221361 -0.29276038 -0.06647353 -0.15187698  0.24639804 -0.16176375
 -0.06752831 -0.24616852  0.36632663 -0.08462818 -0.06633888 -0.12766806
  0.52563093 -0.16249617 -0.0657105  -0.06583393  0.34973171 -0.25423748
 -0.06564317 -0.14793533  0.21973682 -0.16236152 -0.06557584 -0.26716821
  0.36430072 -0.09940528 -0.06382536 -0.13081608  0.68314802]",0.7830072463768116,0.41456521739130436,0.00036231884057971015,0.9545588235294118,0.8922794117647059,0.0,0.7831153846153847,0.41515384615384615,0.0003846153846153846,0.955875,0.8955416666666667,0.0,0.7830454545454546,0.4151818181818182,0.0004090909090909091,1.5713675667789137e-09
3.58,0.12,4099,0.6406071428571428,0.08746523361791662,0.2812142857142857,0.024215339210121017,1.87894611349547,2.0,0.9642566161550751,0.028949408948252094,8.564089643865232e-07,4.0,0.6264326530612245,0.24983705265621156,8.096735037585822e-05,8,0.9885769296993907,8,0.9885800797248537,0.0070844108025312,3.0,1.097574574853638,"[ 1.         -0.06442833 -0.59897352 -0.0676618   0.46364992 -0.06709299
 -0.59554756 -0.06423585  0.98858008 -0.06366703 -0.59212161 -0.0669005
  0.45832061 -0.06633169 -0.58869565 -0.06347454  0.97716016 -0.06290573
 -0.5852697  -0.0661392   0.4529913  -0.06557039 -0.58184374 -0.06271324
  0.96574024 -0.06214443 -0.57841778 -0.0653779   0.44766199 -0.06480908
 -0.57499183 -0.06195194  0.95432032 -0.06138313 -0.57156587 -0.0646166
  0.44233268 -0.06404778 -0.56813992 -0.06119064  0.9429004  -0.06062183
 -0.56471396 -0.06385529  0.43700337 -0.06328648 -0.561288   -0.06042934
  0.93148048 -0.05986053 -0.55786205 -0.06309399  0.43167406 -0.06252518
 -0.55443609 -0.05966804  0.92006056 -0.05909922 -0.55101013 -0.06233269
  0.42634475 -0.06176388 -0.54758418 -0.05890674  0.90864064 -0.05833792
 -0.54415822 -0.06157139  0.42101544 -0.06100258 -0.54073227 -0.05814543
  0.89722072 -0.05757662 -0.53730631 -0.06081009  0.41568613 -0.06024128
 -0.53388035 -0.05738413  0.8858008  -0.05681532 -0.5304544  -0.06004879
  0.41035682 -0.05947997 -0.52702844 -0.05662283  0.87438088 -0.05605402
 -0.52360248 -0.05928749  0.40502751 -0.05871867 -0.52017653 -0.05586153
  0.86296096 -0.05529272 -0.51675057 -0.05852618  0.3996982  -0.05795737
 -0.51332462 -0.05510023  0.85154104 -0.05453141 -0.50989866 -0.05776488
  0.39436889 -0.05719607 -0.5064727  -0.05433893  0.84012112 -0.05377011
 -0.50304675 -0.05700358  0.38903959 -0.05643477 -0.49962079 -0.05357762
  0.8287012  -0.05300881 -0.49619483 -0.05624228  0.38371028 -0.05567347
 -0.49276888 -0.05281632  0.81728128 -0.05224751 -0.48934292 -0.05548098
  0.37838097 -0.05491216 -0.48591697 -0.05205502  0.80586136 -0.05148621
 -0.48249101 -0.05471968  0.37305166 -0.05415086 -0.47906505 -0.05129372
  0.79444144 -0.05072491 -0.4756391  -0.05395838  0.36772235 -0.05338956
 -0.47221314 -0.05053242  0.78302151 -0.04996361 -0.46878719 -0.05319707
  0.36239304 -0.05262826 -0.46536123 -0.04977112  0.77160159]",0.818768115942029,0.5281521739130435,0.003115942028985507,0.93125,0.8,0.0,0.8187692307692308,0.5281538461538462,0.0031153846153846153,0.93125,0.8,0.0,0.8187727272727273,0.5282272727272728,0.0031363636363636364,3.241099465120978e-12
3.58,0.12,5003,0.6587499999999998,0.19360593722448552,0.25421428571428567,0.10990299526103436,2.9207711696982086,2.0,0.987757242576585,0.014464217349380606,6.649706552930755e-05,2.0,0.9469010920575611,0.04330801818841104,0.00024033737073539502,4,0.9865156468661604,4,0.9763620671167329,0.0070511193646480294,3.0,1.0514032496307237,"[ 1.         -0.89859251  0.80960238 -0.89438241  0.97636207 -0.89263745
  0.80488801 -0.88904364  0.97462942 -0.88729868  0.79931152 -0.88308859
  0.96429712 -0.88195991  0.79516359 -0.8783661   0.97552458 -0.87723742
  0.79044921 -0.87302733  0.95277369 -0.87128237  0.78603052 -0.86768856
  0.95044969 -0.8659436   0.78015835 -0.8617335   0.94070875 -0.86060482
  0.7763061  -0.85701101  0.95104917 -0.85588234  0.77129605 -0.85167224
  0.92918532 -0.84992728  0.76717304 -0.84633347  0.92626995 -0.84458851
  0.76100519 -0.84037842  0.91712037 -0.83924974  0.75744862 -0.83565593
  0.92657375 -0.83452725  0.75214289 -0.83031716  0.90559694 -0.8285722
  0.74831556 -0.82497839  0.90209022 -0.82323343  0.74185202 -0.81902333
  0.893532   -0.81789465  0.73859113 -0.81430084  0.90209833 -0.81317217
  0.73298972 -0.80896207  0.88200857 -0.80721711  0.72945807 -0.8036233
  0.87791048 -0.80187834  0.72269886 -0.79766825  0.86994362 -0.79653957
  0.71973365 -0.79294576  0.87762292 -0.79181708  0.71383656 -0.78760699
  0.8584202  -0.78586203  0.71060059 -0.78226822  0.85373075 -0.78052326
  0.70354569 -0.77631316  0.84635525 -0.77518448  0.70087617 -0.77159067
  0.8531475  -0.770462    0.69468339 -0.7662519   0.83483182 -0.76450694
  0.6917431  -0.76091313  0.82955101 -0.75916817  0.68439253 -0.75495808
  0.82276687 -0.7538294   0.68201868 -0.75023559  0.82867209 -0.74910691
  0.67553023 -0.74489682  0.81124345 -0.74315186  0.67288562 -0.73955805
  0.80537127 -0.73781308  0.66551012 -0.73421927  0.80004062 -0.7330906
  0.66343196 -0.72949679  0.80535447 -0.72836811  0.65721426 -0.7247743
  0.78937931 -0.72302934  0.65456965 -0.71943553  0.78350714 -0.71769057
  0.64719416 -0.71409676  0.77817649 -0.71296808  0.64511599 -0.70937427
  0.78319466 -0.70824559  0.6388983  -0.70465178  0.76751518 -0.70290682
  0.63625369 -0.69931301  0.76164301 -0.69756805  0.62887819 -0.69397424
  0.75631235 -0.69284556  0.62680003 -0.68925175  0.76103484]",0.8076811594202898,0.5802536231884058,0.003115942028985507,0.9308088235294117,0.8253676470588235,0.0,0.8076538461538462,0.5802307692307692,0.003076923076923077,0.9299583333333333,0.823125,0.0,0.8081818181818182,0.5805,0.0030909090909090908,1.1898632489978392e-15
3.6,0.06,101,0.6552142857142856,0.13730684020596695,0.3775714285714285,0.06721895383819985,0.8808720507754844,2.0,0.6710651360314553,0.16287534876918586,0.000790238295098367,2.0,0.5340448988104893,0.27442301086450105,0.0018842848224681385,8,0.9576549270376133,8,0.9003089287891979,0.0060576644342176566,4.0,1.2382290934645115,"[ 1.         -0.35976447 -0.08521157 -0.36755091  0.69058247 -0.36012739
 -0.0824941  -0.35455797  0.90030893 -0.35863621 -0.08724499 -0.36555093
  0.70637416 -0.35741829 -0.08523665 -0.35220344  0.86875666 -0.35584581
 -0.08682586 -0.36117969  0.71829505 -0.34944951 -0.08481752 -0.34660591
  0.85459366 -0.34945787 -0.08518044 -0.35882515  0.72258499 -0.34753083
 -0.08175386 -0.34275183  0.83271841 -0.34603965 -0.07500299 -0.35726103
  0.71509992 -0.34553085 -0.07457549 -0.34312312  0.82250751 -0.34044213
 -0.08284262 -0.3456947   0.71042197 -0.34344957 -0.08004386 -0.33708973
  0.802457   -0.3328279  -0.08119721 -0.33938806  0.71040524 -0.34109503
 -0.07646304 -0.33983228  0.79303653 -0.32924708 -0.08314933 -0.32667675
  0.69624224 -0.33312625 -0.07797931 -0.33976771  0.78001851 -0.33515131
 -0.071583   -0.31712712  0.69393555 -0.32199578 -0.0862548  -0.33425148
  0.76498378 -0.33121593 -0.06729306 -0.31678928  0.68478834 -0.31568913
 -0.08390027 -0.32988024  0.74643281 -0.32403757 -0.06572895 -0.31127306
  0.69030456 -0.31139919 -0.08312657 -0.32629942  0.73657648 -0.31966633
 -0.06250269 -0.30927308  0.68167451 -0.31177048 -0.08665954 -0.31920236
  0.72865554 -0.3141501  -0.06884278 -0.30569226  0.66786606 -0.31135134
 -0.07473865 -0.31676652  0.71449254 -0.309343   -0.07193989 -0.29772348
  0.65800973 -0.30101129 -0.08064288 -0.31555696  0.70384578 -0.30339092
 -0.07310159 -0.29177139  0.65965514 -0.30059216 -0.07706206 -0.31829951
  0.69636071 -0.2998101  -0.06758537 -0.28036767  0.64260372 -0.29665678
 -0.07348124 -0.31349241  0.70152237 -0.29666514 -0.06558539 -0.28073895
  0.62168149 -0.28675259 -0.07270754 -0.30718577  0.68929477 -0.2942293
 -0.07263461 -0.27944809  0.61190645 -0.28273591 -0.07817591 -0.3000887
  0.68014755 -0.28835852 -0.06360214 -0.27673899  0.60275923 -0.27844597
 -0.06835303 -0.29378206  0.67222662 -0.28643984 -0.06563557 -0.2740299
  0.59598328 -0.27494645 -0.06959603 -0.2946705   0.65948186]",0.6894202898550724,0.2832246376811594,0.0,0.9436397058823529,0.8123897058823529,0.0008455882352941176,0.6892692307692307,0.2832692307692308,0.0,0.951375,0.8343333333333334,0.0009166666666666666,0.6898636363636363,0.2832272727272727,0.0,1.316252568963548e-09
3.6,0.06,707,0.6270714285714286,0.10274445712245384,0.485,0.0625357040874594,0.5572831059419042,2.0,0.7624134940335556,0.1355392731757545,0.0009378168090970615,2.0,0.518588668217977,0.30135217116622126,0.005419211575394897,8,0.9622939164960636,8,0.8993424657534251,0.005309634325823596,6.0,1.169077134986226,"[ 1.         -0.35286758 -0.07505023 -0.34609132  0.65875799 -0.35502283
 -0.07693151 -0.34651142  0.89934247 -0.34238356 -0.07497717 -0.34327854
  0.6673242  -0.34919635 -0.0683653  -0.34004566  0.88818265 -0.34167123
 -0.07910502 -0.34466667  0.67324201 -0.35149772 -0.07066667 -0.33568037
  0.86423744 -0.33365297 -0.07839269 -0.34030137  0.6730411  -0.35078539
 -0.06657534 -0.34072146  0.85764384 -0.33631963 -0.07923288 -0.33538813
  0.66854795 -0.3543653  -0.0650411  -0.33398174  0.82575342 -0.32647489
 -0.07669406 -0.34015525  0.65190868 -0.34753425 -0.06642922 -0.32715068
  0.82555251 -0.32302283 -0.07506849 -0.32665753  0.64988128 -0.34746119
 -0.06964384 -0.32643836  0.80589954 -0.31984475 -0.07800913 -0.32229224
  0.64876712 -0.33944292 -0.06199087 -0.31659361  0.79775342 -0.32041096
 -0.07519635 -0.32678539  0.63788128 -0.34028311 -0.06493151 -0.31378082
  0.78385388 -0.31449315 -0.07265753 -0.32059361  0.63950685 -0.33226484
 -0.06659361 -0.30786301  0.77634703 -0.30830137 -0.07075799 -0.31412785
  0.63044749 -0.33127854 -0.06715982 -0.29473059  0.7526758  -0.30457534
 -0.07187215 -0.31524201  0.62294064 -0.32234703 -0.06407306 -0.29401826
  0.74818265 -0.30422831 -0.0669589  -0.31672146  0.62328767 -0.32291324
 -0.064      -0.29184475  0.72816438 -0.29438356 -0.07172603 -0.31482192
  0.61240183 -0.31736073 -0.06182648 -0.28784475  0.72421918 -0.2946758
 -0.06681279 -0.30990868  0.60178995 -0.31244749 -0.06056621 -0.27863927
  0.70849315 -0.29122374 -0.06792694 -0.31038356  0.58487671 -0.30196347
 -0.05985388 -0.2849589   0.71039269 -0.29087671 -0.06146119 -0.30848402
  0.57947032 -0.29549772 -0.06005479 -0.28150685  0.68736073 -0.28861187
 -0.0616621  -0.301379    0.57680365 -0.28839269 -0.05386301 -0.27960731
  0.68231963 -0.28150685 -0.0572968  -0.29884018  0.56445662 -0.28128767
 -0.05680365 -0.27706849  0.65956164 -0.27988128 -0.05110502 -0.29292237
  0.55786301 -0.27509589 -0.05819178 -0.27754338  0.66182648]",0.7460144927536232,0.41391304347826086,0.0,0.9390441176470589,0.7893014705882353,0.00014705882352941175,0.745576923076923,0.41365384615384615,0.0,0.94225,0.80325,0.000375,0.7466818181818182,0.4143636363636364,0.0,5.518198599646225e-09
3.6,0.06,1313,0.6401785714285714,0.057344232224241655,0.44699999999999995,0.050549833968923326,0.41724987974987976,4.0,0.6537477066134547,0.39436080528553086,0.006369231358521078,4.0,0.6314335494200192,0.4084331649079442,0.00774704888289816,16,0.7943703843260689,8,0.7765013697098452,0.005249668834700178,693.0,1.5123247945867568,"[ 1.00000000e+00 -6.40632862e-03 -6.25492257e-01 -2.14552468e-02
  4.87205233e-01 -3.27304746e-02 -6.16958685e-01 -2.00777101e-02
  7.76501370e-01 -1.18695142e-02 -6.07111310e-01 -1.29418013e-02
  5.15202102e-01 -2.99754011e-02 -6.19626544e-01 -1.72387768e-02
  7.56893834e-01 -2.20998491e-03 -5.98849444e-01 -1.29820540e-02
  5.27824677e-01 -3.54385867e-02 -6.08401632e-01 -1.57136468e-02
  7.20682060e-01 -3.56404092e-03 -5.96094370e-01 -3.67825795e-02
  5.37568066e-01 -2.29837312e-02 -5.93067591e-01  5.21104713e-03
  7.09460502e-01 -6.31576005e-03 -5.90376251e-01 -4.10158215e-02
  5.34732487e-01 -1.89148544e-02 -5.98866216e-01  6.40073797e-03
  6.96757422e-01 -2.17303069e-02 -5.68053894e-01 -5.50327053e-02
  5.48585006e-01 -2.03527702e-02 -5.68157880e-01  2.45301057e-02
  6.89728853e-01 -1.89752334e-02 -5.63985017e-01 -3.82171409e-02
  5.31940515e-01 -2.02253033e-02 -5.75102588e-01 -5.84223179e-04
  6.85495611e-01 -3.64119193e-03 -5.72411248e-01 -4.67272321e-02
  5.02465478e-01 -3.15307206e-02 -5.64045396e-01  2.08699055e-03
  6.92359814e-01 -9.69978196e-04 -5.72535361e-01 -3.56700397e-02
  4.92557723e-01 -4.00408118e-02 -5.36048527e-01  8.16794320e-04
  6.67413205e-01  6.39011573e-04 -5.73721697e-01 -2.00844189e-02
  5.19324649e-01 -4.12271482e-02 -5.35753340e-01  1.07279029e-02
  6.39587410e-01  1.48269693e-02 -5.56738413e-01 -3.09705373e-02
  5.16824509e-01 -3.81366355e-02 -5.17456253e-01 -3.12126125e-03
  6.31328898e-01 -5.03717784e-04 -5.56694806e-01 -4.49035612e-02
  5.11277464e-01 -3.81768882e-02 -5.25798625e-01  1.50919662e-02
  6.46746799e-01 -1.29552189e-02 -5.25818751e-01 -4.60898977e-02
  5.01705149e-01 -1.13261028e-02 -5.22708112e-01  4.28970761e-03
  6.09305082e-01 -2.39251971e-02 -5.29800414e-01 -4.05394980e-02
  4.91797395e-01 -1.71247275e-02 -5.36976575e-01  8.10700509e-03
  6.17399228e-01 -4.10728462e-02 -5.07813496e-01 -3.93498071e-02
  4.79094314e-01  1.00464024e-03 -5.18847207e-01  2.07295801e-02
  6.04780008e-01 -3.26432605e-02 -5.02095377e-01 -3.93062000e-02
  4.59654498e-01 -1.14468608e-02 -5.01947783e-01  2.92430257e-02
  6.10581987e-01 -2.40459552e-02 -5.04679376e-01 -3.63834069e-02
  4.70879410e-01 -1.28009169e-02 -5.06181025e-01  1.66238050e-02
  5.89660647e-01 -1.56163694e-02 -5.03154246e-01 -4.32442556e-02
  4.79308995e-01 -3.23245933e-02 -4.82377145e-01  1.79812154e-02
  5.69885392e-01  3.82680159e-03 -4.97687706e-01 -4.60798345e-02
  4.77871080e-01 -3.37625091e-02 -4.96394029e-01  1.23503103e-02
  5.67133672e-01 -1.29854084e-02 -4.85148991e-01 -4.60362274e-02
  4.58431263e-01 -2.81282496e-02 -4.80976128e-01  1.65869067e-02
  5.62984290e-01]",0.7199275362318841,0.36471014492753623,0.0,0.93,0.7878308823529412,0.0,0.7198846153846153,0.365,0.0,0.93575,0.8055833333333333,0.0,0.7199545454545454,0.3653636363636364,0.0,0.0
3.6,0.06,2029,0.653892857142857,0.10947124191367545,0.41707142857142854,0.08475592207350831,1.0990424632592015,2.0,0.7368098307978784,0.1393121536944899,0.00014211434951299514,2.0,0.7701629034371315,0.1273050449933913,0.0003269714834723109,8,0.9805118023094934,8,0.9677418403054509,0.006975813766837054,1.0,1.0,"[ 1.         -0.62546501  0.29524148 -0.62257378  0.92040335 -0.6222046
  0.29203872 -0.61948311  0.96774184 -0.61794985  0.29778497 -0.61505862
  0.91250635 -0.61468944  0.28993797 -0.6121377   0.95370909 -0.61159877
  0.28971822 -0.6077132   0.90593111 -0.60717428  0.28900131 -0.60462254
  0.94365368 -0.60425336  0.28562881 -0.60136212  0.89289269 -0.60099294
  0.28673081 -0.59727712  0.93426518 -0.59773253  0.28320064 -0.59285263
  0.87853253 -0.59447211  0.28281114 -0.58993171  0.92553152 -0.59155119
  0.28242164 -0.58667129  0.87029603 -0.58829078  0.27921889 -0.58358063
  0.91000727 -0.58420578  0.27982373 -0.58032021  0.86024062 -0.57978129
  0.27877939 -0.5770598   0.89863011 -0.57569629  0.27441256 -0.57379938
  0.84853603 -0.57226613  0.27369564 -0.56971438  0.88956903 -0.56934521
  0.27181464 -0.56645397  0.83980237 -0.56608479  0.26960622 -0.5633633
  0.87719753 -0.56183004  0.2688893  -0.55893881  0.82941954 -0.55740555
  0.26618372 -0.55584814  0.86532319 -0.55431488  0.26298097 -0.55142365
  0.81953387 -0.55105447  0.2620943  -0.54850273  0.85658953 -0.54813355
  0.26021331 -0.54524232  0.80699262 -0.54470339  0.26148505 -0.53999324
  0.84570953 -0.54161272  0.2582823  -0.53673282  0.79462113 -0.53818256
  0.25507955 -0.53264782  0.83515695 -0.53526164  0.25518722 -0.52938741
  0.78737896 -0.53200123  0.25248164 -0.52513266  0.81748637 -0.52757673
  0.2514373  -0.52070817  0.77666871 -0.52431632  0.2510478  -0.51662317
  0.80710354 -0.52105591  0.2480148  -0.51219867  0.76330288 -0.51779549
  0.24812246 -0.50927775  0.79737554 -0.51371049  0.24442255 -0.50584759
  0.7512588  -0.51045008  0.2442028  -0.50275693  0.78699271 -0.50636508
  0.2423218  -0.49949651  0.74070622 -0.50310466  0.24110771 -0.49640584
  0.77494863 -0.49901966  0.23972388 -0.49314543  0.73164514 -0.49459517
  0.23718804 -0.48988502  0.76108563 -0.49051017  0.23480988 -0.4866246
  0.72076514 -0.48724976  0.23491755 -0.4825396   0.75202455]",0.6923913043478261,0.36431159420289855,0.0002173913043478261,0.9595220588235294,0.8389705882352941,0.0,0.6925,0.36430769230769233,0.0001923076923076923,0.9585,0.8345,0.0,0.6924545454545454,0.3644545454545455,0.00022727272727272727,5.4800632284485117e-11
3.6,0.06,3001,0.6452142857142856,0.029975415096443324,0.3618571428571429,0.036675911017718325,0.7644523355360265,2.0,0.3020536058619361,0.6860193803117967,0.01859983419729011,7.692307692307692,0.08521952549095564,0.76428764303055,0.021358425947604242,8,0.4947231981128787,8,0.5513536218753864,-0.0010703496505977403,698.0,1.4825870646766168,"[ 1.          0.0320001   0.01997113 -0.13214826 -0.44559885 -0.12182651
  0.04326973  0.00986345  0.55135362  0.01019446 -0.01448035 -0.11817839
 -0.35400156 -0.1411136   0.07973965  0.02446297  0.49426556  0.01948378
 -0.04501746 -0.11950945 -0.27302466 -0.07669691  0.08574424 -0.00341905
  0.38610104  0.00690271 -0.05557308 -0.11615995 -0.21126307 -0.1178544
  0.09035301  0.02711104  0.34291809  0.04868281 -0.0928162  -0.08297477
 -0.15215657 -0.10982435  0.08713304 -0.00734044  0.26332999  0.02750681
 -0.09806163 -0.08430583 -0.12428157 -0.0799239   0.13296406  0.04051604
  0.23216324  0.02491648 -0.12126309 -0.08424107 -0.06517507 -0.07797023
  0.12429735 -0.01531275  0.15509369  0.02281923 -0.17443678 -0.0988476
 -0.04652464 -0.06057907  0.12841303  0.00144877  0.11938293 -0.00290077
 -0.11847847 -0.06021568  0.00398693 -0.08643563  0.10584121 -0.0137874
  0.10945695  0.01700893 -0.0893442  -0.0782435   0.02047536 -0.07057684
  0.09186431  0.00144175  0.12077173  0.02301352 -0.03883262 -0.07021345
  0.0311605  -0.09971813  0.02289659  0.01478199  0.07835497  0.00714771
  0.01964424 -0.09998437  0.06245678 -0.09105844  0.00766042 -0.00310928
  0.06311879  0.03376343  0.02767429 -0.08929923  0.09703778 -0.08833858
 -0.02413597  0.00289531  0.03991733 -0.01130843  0.0569451  -0.08860483
  0.10367201 -0.09232474 -0.05530271 -0.02359088  0.06059322  0.01265219
  0.09278538 -0.0846257   0.06048906 -0.06850066 -0.04146938 -0.02303303
  0.07973674  0.00524476  0.11660945 -0.06876691  0.05182235 -0.0831072
 -0.09590235 -0.00375296  0.09636172  0.0257841   0.14511408 -0.0661836
  0.04378528 -0.09973919 -0.13440475 -0.03429007  0.0956603   0.0091521
  0.15503304 -0.04627389  0.01324817 -0.08842441 -0.18883772 -0.01969056
  0.09824361  0.03297618  0.18745204 -0.06101698 -0.00743474 -0.08989202
 -0.17968494 -0.02318362  0.11270657  0.02619838  0.19332008 -0.05577857
 -0.04733296 -0.09855873 -0.1836711  -0.04044525  0.180408  ]",0.7096739130434783,0.16130434782608696,7.246376811594203e-05,0.9176470588235294,0.6817279411764706,0.0,0.7094615384615385,0.16103846153846155,7.692307692307693e-05,0.9292083333333333,0.73825,8.333333333333333e-05,0.7096818181818182,0.16140909090909092,0.0,7.033102936763436e-10
3.6,0.06,4099,0.6357142857142857,0.09392925040493325,0.3449285714285714,0.041395245216457086,0.868572166587188,2.0,0.7795759198348818,0.18822079373705458,0.002168039434356672,2.0,0.5322772363763492,0.5284195187903362,0.01979614019203653,8,0.9247753980875278,8,0.571327219373096,0.0029832893591467515,14.0,1.1911692155895413,"[ 1.         -0.3230707   0.35031843 -0.40231348  0.1816661  -0.41631163
  0.33168619 -0.32902918  0.57132722 -0.31031419  0.39642227 -0.39997801
  0.25465324 -0.42898841  0.28378927 -0.32273669  0.53363994 -0.30193749
  0.37770426 -0.40368377  0.33035879 -0.41789331  0.28863174 -0.32227403
  0.43427202 -0.30543185  0.3742099  -0.39905269  0.29538991 -0.38804034
  0.30785227 -0.31368593  0.45723817 -0.29330954  0.34026824 -0.37693214
  0.31104645 -0.39322589  0.37790962 -0.32657412  0.42371931 -0.29097407
  0.30091955 -0.35145898  0.30108807 -0.40318427  0.33668812 -0.31569042
  0.48921521 -0.29425702  0.28304714 -0.34870071  0.26633059 -0.3756269
  0.35382444 -0.31105934  0.43298146 -0.26482685  0.3103931  -0.36720732
  0.22885471 -0.40059753  0.31009594 -0.31518789  0.4540748  -0.27563082
  0.30563036 -0.34653678  0.25786209 -0.37367437  0.29741916 -0.30514978
  0.40554369 -0.30102425  0.33629914 -0.34087849  0.25956336 -0.35342662
  0.28202397 -0.32241778  0.415159   -0.2784809   0.32196095 -0.31999654
  0.27627689 -0.35734377  0.29040067 -0.32258931  0.37747172 -0.28928487
  0.28614648 -0.29515758  0.30111585 -0.35959951  0.2821037  -0.30358018
  0.37814578 -0.28256959  0.28244073 -0.33033785  0.29303028 -0.344336
  0.2957058  -0.31498857  0.33734708 -0.29189377  0.28541039 -0.31277873
  0.28536751 -0.33970492  0.28991584 -0.30410487  0.39595616 -0.27101183
  0.27481782 -0.29627661  0.26456529 -0.32694841  0.31913461 -0.27280189
  0.36077589 -0.28930704  0.27923749 -0.31499461  0.26460516 -0.31065768
  0.28310875 -0.27526903  0.35830875 -0.25863825  0.27510894 -0.3024495
  0.26485642 -0.33312131  0.26064512 -0.25209148  0.31479164 -0.27046944
  0.28807685 -0.30802807  0.25885506 -0.33287005  0.2400543  -0.25413583
  0.37548493 -0.24771469  0.28582111 -0.31632504  0.23388442 -0.31824073
  0.27365289 -0.24554773  0.32112399 -0.22517133  0.27918555 -0.28336064
  0.24392253 -0.31653945  0.2315858  -0.2542675   0.36034101]",0.7288405797101449,0.3565942028985507,0.0005797101449275362,0.9202941176470588,0.7251838235294118,0.0,0.7289615384615384,0.35565384615384615,0.0004230769230769231,0.9253333333333333,0.7360833333333333,0.0,0.7290909090909091,0.35568181818181815,0.0004090909090909091,1.046723372886365e-09
3.6,0.06,5003,0.6434999999999998,0.13531933131881577,0.42242857142857143,0.05779114401472438,0.75007215007215,2.0,0.8721889521295609,0.10777992364154271,0.0008549120656374994,2.0,0.804921953445915,0.21620763245499144,0.0034663505129618488,8,0.933505189022404,8,0.8437424589086356,0.00560944415382996,3.0,1.1294881588999237,"[ 1.         -0.67112766  0.56353505 -0.6671309   0.66720123 -0.66328384
  0.54807317 -0.6653732   0.84374246 -0.66211582  0.56778982 -0.65752939
  0.70246711 -0.654272    0.54473251 -0.65636136  0.8131884  -0.65203463
  0.55172696 -0.65054625  0.69875676 -0.64621952  0.53840378 -0.64830888
  0.78654204 -0.64553117  0.5356641  -0.64463246  0.71001729 -0.63864671
  0.54490724 -0.64132574  0.78817843 -0.63592966  0.54002886 -0.63812901
  0.67208778 -0.63166358  0.52991373 -0.6343426   0.78339873 -0.6294262
  0.52669437 -0.62959684  0.67586287 -0.62361109  0.51919761 -0.62842882
  0.78289643 -0.62030437  0.51988596 -0.62309339  0.6556326  -0.61710763
  0.51607693 -0.6188273   0.77538836 -0.61129252  0.51916367 -0.61515089
  0.65715901 -0.60595709  0.50167309 -0.6133932   0.75943549 -0.60526875
  0.51770201 -0.60864744  0.66152377 -0.59945364  0.49475469 -0.60641006
  0.7396849  -0.59721626  0.50661621 -0.60262366  0.65257666 -0.59295018
  0.50612521 -0.60193531  0.71362822 -0.59226183  0.49601008 -0.5961202
  0.64624793 -0.58644672  0.50562291 -0.59185412  0.7279868  -0.58324999
  0.48839202 -0.58710836  0.62852605 -0.57791456  0.48576233 -0.58284228
  0.71668102 -0.57161977  0.48671038 -0.57654749  0.60272907 -0.56735369
  0.46697111 -0.57431011  0.71510937 -0.56511631  0.48679774 -0.57004403
  0.60923252 -0.56085023  0.46444009 -0.56828634  0.68691398 -0.56016189
  0.47619162 -0.56199155  0.61241794 -0.55183839  0.4638278  -0.55820514
  0.68737103 -0.55115004  0.46488583 -0.55345938  0.60384052 -0.54485525
  0.4590481  -0.54860363  0.65312925 -0.54368723  0.45630842 -0.5454069
  0.59858114 -0.5383518   0.45106035 -0.5416205   0.66225108 -0.53563474
  0.45912415 -0.53783409  0.57942023 -0.53136866  0.44259292 -0.53249866
  0.64084148 -0.52924128  0.45054673 -0.52716323  0.57618956 -0.52652422
  0.44470899 -0.52647489  0.6479346  -0.52428685  0.43673256 -0.52065978
  0.57306887 -0.52002077  0.43624157 -0.51997143  0.6368488 ]",0.7127898550724637,0.3839855072463768,0.0,0.9331985294117647,0.8008455882352942,0.0,0.7126538461538462,0.38369230769230767,3.846153846153846e-05,0.937625,0.7999166666666667,0.0,0.7128181818181818,0.3846818181818182,0.0,0.0
3.6,0.08,101,0.5598571428571428,0.1446398765124992,0.4610714285714286,0.09359255486699042,0.3033568680564389,2.0,0.946306811356059,0.05236433318667833,0.00015500138522515163,2.0,0.6843365646193341,0.17887235750740096,0.0005924239959911672,8,0.9784954049709872,16,0.9608537937490251,0.006876301247813909,3.0,1.0502766026684023,"[ 1.         -0.56950525  0.1647274  -0.46567046  0.76421272 -0.46516584
  0.16360485 -0.56206203  0.95412912 -0.56237285  0.16239201 -0.45871862
  0.7536327  -0.4597546   0.16176746 -0.55501992  0.96085379 -0.55605589
  0.16096234 -0.45607112  0.74812585 -0.45475107  0.15965922 -0.55001639
  0.93192649 -0.54951178  0.15853667 -0.44871157  0.7391767  -0.44974755
  0.15782183 -0.54247628  0.93711057 -0.54310454  0.15719727 -0.44475064
  0.72968296 -0.44465374  0.15598444 -0.53706504  0.91103729 -0.53656042
  0.15477161 -0.4377988   0.72358783 -0.4392425   0.15405677 -0.52993264
  0.91744453 -0.53015319  0.15352249 -0.43333987  0.71092263 -0.43405841
  0.15239994 -0.52302741  0.88674947 -0.52211508  0.15136766 -0.42457661
  0.6988923  -0.42724346  0.15056255 -0.51639301  0.89265871 -0.5153904
  0.14984771 -0.42192911  0.6921623  -0.42264765  0.14863487 -0.51098177
  0.86413912 -0.509254    0.14742204 -0.41456956  0.68198999 -0.4172364
  0.1467072  -0.50393965  0.87045608 -0.50293704  0.14599237 -0.41192206
  0.6777063  -0.41264059  0.14486981 -0.49803041  0.84406536 -0.49671036
  0.14365698 -0.40397423  0.66608369 -0.40582564  0.14303242 -0.49008258
  0.84598771 -0.48948769  0.14231758 -0.40091901  0.65853825 -0.40122983
  0.14119503 -0.48417334  0.81878155 -0.48366873  0.13998219 -0.39346918
  0.64886395 -0.39491287  0.13926736 -0.47704095  0.82478107 -0.47603834
  0.1386428  -0.38950824  0.63896248 -0.38981906  0.13742997 -0.47122199
  0.79870779 -0.47071737  0.13621713 -0.38255641  0.63001333 -0.38440782
  0.13559257 -0.46408959  0.80307644 -0.4634947   0.13487774 -0.37900319
  0.62092731 -0.3789063   0.1336649  -0.45818035  0.776278   -0.45726802
  0.13254235 -0.37114564  0.61206844 -0.37299706  0.13182751 -0.45113824
  0.77811006 -0.45054335  0.13111267 -0.36809043  0.60493072 -0.36840125
  0.12989984 -0.445727    0.75366765 -0.44481467  0.128687   -0.36113859
  0.59557385 -0.36299     0.12797217 -0.43868488  0.755092  ]",0.8802536231884058,0.6225362318840579,0.0005797101449275362,0.9471323529411765,0.798860294117647,0.0,0.8801538461538462,0.6223846153846154,0.0005384615384615384,0.94925,0.8026666666666666,0.0,0.8802727272727273,0.6223636363636363,0.0005909090909090909,1.8979209360813438e-08
3.6,0.08,707,0.5623571428571429,0.11529843707456203,0.5040714285714286,0.06342483097079148,0.23423991760901633,2.0,0.9194536993032107,0.08911704513579095,0.0003231779406048981,2.0,0.5995690987307417,0.21073997383892074,0.001150417808412135,24,0.9354223557358993,24,0.9141742552349934,0.006679837949919772,534.0,1.1584044648719631,"[ 1.         -0.4277598  -0.03335817 -0.42644999  0.81907872 -0.42660635
 -0.02258333 -0.42025882  0.89629523 -0.421303   -0.02778919 -0.42006549
  0.85202543 -0.42214207 -0.03232411 -0.41668236  0.89099353 -0.4159509
 -0.01725478 -0.41663361  0.80765979 -0.41671768 -0.03400225 -0.40941004
  0.91417426 -0.41237444 -0.02433211 -0.41216933  0.79962235 -0.41321351
 -0.02154762 -0.40413023  0.86625735 -0.40695004 -0.03037704 -0.40667264
  0.82812998 -0.40874922 -0.0260338  -0.40062606  0.85999554 -0.40255805
 -0.01977033 -0.40228065  0.77843744 -0.40332483 -0.03037539 -0.39424155
  0.88147293 -0.39713366 -0.02855101 -0.39685626  0.76958447 -0.39974836
 -0.01348167 -0.38984956  0.837035   -0.39178156 -0.03207708 -0.39239197
  0.79010175 -0.39528408 -0.02588591 -0.38538528  0.83084548 -0.38731728
 -0.02051026 -0.38703987  0.74839956 -0.38985969 -0.0302275  -0.37996089
  0.85395391 -0.3838131  -0.02137288 -0.38257559  0.74043441 -0.38450759
 -0.02050861 -0.37645671  0.80514919 -0.37838871 -0.02756239 -0.37722349
  0.76627859 -0.3800433  -0.02751365 -0.37007221  0.79459288 -0.37385213
 -0.01592328 -0.37187139  0.72723985 -0.37461891 -0.03718214 -0.36560793
  0.8222127  -0.36938785 -0.02477625 -0.366447    0.71749907 -0.37015463
 -0.02287958 -0.35929572  0.77340798 -0.36396345 -0.03000566 -0.36191042
  0.74245543 -0.36480253 -0.02559012 -0.35579154  0.76633064 -0.35949917
 -0.02021447 -0.35751843  0.69979313 -0.36033824 -0.02911619 -0.35132726
  0.78855126 -0.35510718 -0.02558847 -0.35305415  0.69094016 -0.35587396
 -0.02642754 -0.34597516  0.75128816 -0.34968279 -0.02985777 -0.34666964
  0.71152974 -0.35044957 -0.02810568 -0.34047847  0.73718058 -0.34425839
 -0.02354556 -0.34035743  0.67078766 -0.34406506 -0.02971153 -0.3359419
  0.75244325 -0.338834   -0.02529599 -0.33589315  0.66371032 -0.33960078
 -0.02339932 -0.32866958  0.71081336 -0.3324495  -0.02963758 -0.33135657
  0.6735738  -0.33513649 -0.02440652 -0.32619781  0.70625489]",0.8752173913043478,0.636195652173913,0.0005797101449275362,0.9418382352941177,0.8038235294117647,0.0,0.8753846153846154,0.6366153846153846,0.0005384615384615384,0.9445416666666666,0.8065416666666667,0.0,0.8755909090909091,0.638090909090909,0.0005454545454545455,4.055068375258353e-08
3.6,0.08,1313,0.5552142857142857,0.049003904467513855,0.555142857142857,0.039032691687970515,0.15870307565586536,2.0,0.4449881062508261,0.3713564407323465,0.0014067228256835723,4.0,0.2660763033490911,0.6021372677221695,0.008793920539227064,16,0.829623440334574,48,0.7553263244912728,0.0040279170314216715,700.0,1.2149445052368297,"[ 1.         -0.13928057 -0.26120105  0.09742875 -0.10160749  0.09551722
 -0.25402669 -0.0969936   0.50332452 -0.08742549 -0.25857307  0.10240087
 -0.14868885  0.10938371 -0.25398398 -0.11125688  0.72606126 -0.11809782
 -0.25408318  0.09517002 -0.12286051  0.08622606 -0.24901186 -0.10369951
  0.59038452 -0.0988197  -0.25355824  0.08397422 -0.10147936  0.08675099
 -0.24872804 -0.11537753  0.71514928 -0.1100155  -0.24365672  0.09387575
 -0.13329026  0.09641141 -0.23882651 -0.07944927  0.49273907 -0.06777813
 -0.24595815  0.08219772 -0.12435319  0.07770094 -0.24347209 -0.11456877
  0.75532632 -0.13078629 -0.23864189  0.08482569 -0.10717811  0.08291417
 -0.23381168 -0.09318762  0.50688938 -0.06721048 -0.24070221  0.08745366
 -0.11909724  0.09467762 -0.23821615 -0.09548906  0.67619295 -0.10232999
 -0.22893876  0.08046393 -0.12091646  0.08299959 -0.22879685 -0.09520523
  0.54941058 -0.09735787 -0.23568738  0.0830919  -0.10236168  0.07625097
 -0.23344243 -0.10478022  0.69947874 -0.10458871 -0.22416504  0.0875818
 -0.104422    0.09973516 -0.22378202 -0.08315796  0.45176513 -0.0663163
 -0.22808729  0.07428296 -0.1299238   0.07423336 -0.22818649 -0.10421258
  0.68153432 -0.12956558 -0.21632384  0.08604641 -0.11298983  0.08154963
 -0.21173475 -0.08986387  0.48466862 -0.06154258 -0.22800187  0.07905668
 -0.1063969   0.08159234 -0.22317166 -0.08958004  0.6049862  -0.09852401
 -0.2110679   0.07958161 -0.11945463  0.08211727 -0.20389354 -0.08929622
  0.4967159  -0.08207226 -0.22040178  0.07728018 -0.09176437  0.06106265
 -0.21346853 -0.09159766  0.61679236 -0.10288577 -0.20839722  0.0822523
 -0.10037491  0.08971736 -0.1986376  -0.08145502  0.42251193 -0.06485447
 -0.21256057  0.07340064 -0.12377368  0.07100689 -0.20562733 -0.09337416
  0.64056038 -0.11217694 -0.20127935  0.08468187 -0.08856875  0.07808205
 -0.19410499 -0.08864315  0.44603883 -0.06945734 -0.210131    0.07348606
 -0.09297322  0.07626284 -0.20271554 -0.08553295  0.57152693]",0.8897101449275362,0.6227898550724638,0.0,0.9515441176470588,0.7910661764705882,0.0,0.8898076923076923,0.6231153846153846,0.0,0.9529583333333334,0.7925,0.0,0.8897727272727273,0.6231818181818182,0.0,0.0
3.6,0.08,2029,0.5834285714285714,0.1481144414130575,0.44885714285714284,0.10979907437995041,0.47854918090969595,2.0,0.9548498751238129,0.0415943530630298,0.000495201114474631,2.0,0.8954076290201943,0.08020268250142959,0.003325607737925961,4,0.9832001188619525,4,0.9733512673778375,0.009828525355535073,3.0,1.006728612624159,"[ 1.         -0.80885216  0.66229215 -0.80823968  0.97335127 -0.80528435
  0.65875019 -0.80467187  0.96565516 -0.80054512  0.65519468 -0.79993264
  0.96150718 -0.7963916   0.65223843 -0.79577912  0.96418626 -0.79282379
  0.64840022 -0.7922113   0.95175031 -0.78867027  0.64455525 -0.78805778
  0.94939331 -0.78451675  0.64130275 -0.78390426  0.94139419 -0.77977752
  0.63715476 -0.77916503  0.9396229  -0.77620971  0.6336128  -0.77559722
  0.92509972 -0.77088477  0.63034676 -0.77027228  0.92658708 -0.76614553
  0.6270875  -0.76553305  0.91858796 -0.76199201  0.623835   -0.76137953
  0.91623096 -0.7584242   0.62058928 -0.75781172  0.90823861 -0.75368497
  0.61703377 -0.75307249  0.9032019  -0.74894574  0.61377451 -0.74833326
  0.89549903 -0.74479222  0.61052201 -0.74417974  0.8907721  -0.74122441
  0.60757253 -0.74061192  0.88632787 -0.73589947  0.60401025 -0.73528698
  0.88574154 -0.73174595  0.60046152 -0.73113346  0.87270634 -0.72759243
  0.59661654 -0.72697994  0.86708392 -0.72343891  0.59306781 -0.72282642
  0.86175097 -0.71928539  0.59011155 -0.7186729   0.85820223 -0.71396044
  0.58654927 -0.71334796  0.85228357 -0.71039263  0.58330355 -0.70978015
  0.84696416 -0.70682482  0.57976159 -0.70621234  0.84163121 -0.70149988
  0.57590307 -0.7008874   0.83540954 -0.69676065  0.5726438  -0.69614817
  0.82533674 -0.69260713  0.56939131 -0.69199464  0.82445417 -0.68845361
  0.56613881 -0.68784112  0.81824604 -0.6848858   0.56259685 -0.68427331
  0.81558603 -0.68014657  0.55844886 -0.67953408  0.80521699 -0.67540734
  0.55518959 -0.67479485  0.79987727 -0.6700824   0.55133108 -0.66946991
  0.79217439 -0.66651459  0.54838159 -0.6659021   0.78833619 -0.66236106
  0.5451291  -0.66174858  0.78271377 -0.65762183  0.54127735 -0.65700935
  0.78271315 -0.6528826   0.5374256  -0.65227012  0.7679005  -0.64872908
  0.53417311 -0.6481166   0.76672169 -0.64457556  0.53062437 -0.64396308
  0.75961806 -0.64042204  0.52766812 -0.63980955  0.75874227]",0.8330434782608696,0.6700362318840579,7.246376811594203e-05,0.9557720588235294,0.8564338235294118,0.0,0.8336923076923077,0.6700384615384616,7.692307692307693e-05,0.9536666666666667,0.850625,0.0,0.8364090909090909,0.6706818181818182,0.0,0.0
3.6,0.08,3001,0.5806071428571428,0.05944525650048254,0.41028571428571436,0.05594567335681053,0.40720481434000744,2.0,0.6072018564937565,0.3211291026179359,0.0021138398995152897,2.0,0.782625951532374,0.21395658195110753,0.003183308102936332,8,0.8153124878017541,8,0.8946686637567279,0.006347741644055916,11.0,1.1101662156938539,"[ 1.         -0.64341122  0.51699978 -0.63870882  0.61526921 -0.63491275
  0.51774556 -0.64138623  0.89466866 -0.62893113  0.51664608 -0.63587407
  0.62585665 -0.63459485  0.51692239 -0.62965772  0.86531897 -0.62723744
  0.51491659 -0.62619295  0.60929336 -0.62766532  0.50468862 -0.62021133
  0.86312001 -0.61711946  0.50677759 -0.61584024  0.59820064 -0.61251363
  0.49883174 -0.62150397  0.85293362 -0.60539095  0.50253124 -0.61324022
  0.5996596  -0.60078512  0.49139694 -0.60839966  0.83841772 -0.60027408
  0.49509644 -0.6049349   0.58833215 -0.59157347  0.48235161 -0.60032907
  0.8330303  -0.59357928  0.49266274 -0.59709904  0.57562891 -0.58601974
  0.48105898 -0.59363428  0.82170285 -0.59007293  0.48133529 -0.58560527
  0.56910043 -0.57315017  0.47429577 -0.5821405   0.81379859 -0.58633186
  0.47846474 -0.58505264  0.56371302 -0.56917436  0.46937783 -0.57336571
  0.79404685 -0.56842858  0.46760675 -0.57855997  0.55537189 -0.55697638
  0.45875458 -0.5623088   0.78661204 -0.56673489  0.4647362  -0.57572522
  0.54931289 -0.55414163  0.45246084 -0.55148662  0.77347194 -0.55819483
  0.45616033 -0.56856096  0.54369074 -0.54492998  0.44569763 -0.54455709
  0.76556767 -0.55354742  0.45167925 -0.55820825  0.53692754 -0.53685939
  0.44349867 -0.5364865   0.7519581  -0.54775896  0.44605711 -0.54990292
  0.52127057 -0.52398982  0.43468808 -0.53502754  0.73972432 -0.54744106
  0.44295182 -0.5486787   0.52135374 -0.51477817  0.43134805 -0.52239271
  0.72406736 -0.53775994  0.4389402  -0.54470289  0.52190636 -0.50395599
  0.4271017  -0.51979269  0.70955146 -0.52284298  0.43331806 -0.53320911
  0.51766001 -0.50021491  0.42423115 -0.5123937   0.70439878 -0.52457248
  0.42155374 -0.52762277  0.50247252 -0.48801694  0.41246683 -0.49449042
  0.69125867 -0.51945561  0.41388421 -0.52502276  0.49366192 -0.48541692
  0.40822048 -0.49303146  0.68130701 -0.5077271   0.4142021  -0.51467004
  0.48485133 -0.47597054  0.40625626 -0.47673871  0.66907323]",0.8387681159420289,0.529927536231884,0.0002536231884057971,0.9322794117647059,0.7450735294117647,0.0,0.8383846153846154,0.5298846153846154,0.00023076923076923076,0.9333333333333333,0.7474583333333333,4.1666666666666665e-05,0.8389090909090909,0.5301363636363636,0.00013636363636363637,4.715235950494069e-09
3.6,0.08,4099,0.5937142857142857,0.08318304134465715,0.3775,0.07134548739358763,0.5488022210661696,2.0,0.871114792101501,0.13289951011065418,0.0008288009597252062,4.0,0.6418162967486746,0.2605627034676183,0.003985828260476613,8,0.9061908715511192,16,0.8825539379056304,0.006850762734100516,3.0,1.1661518093556928,"[ 1.         -0.12198035 -0.59228556 -0.13082442  0.7980635  -0.126127
 -0.59050342 -0.1322347   0.86955271 -0.12925627 -0.58552885 -0.12094545
  0.79320821 -0.1233345  -0.58420277 -0.12803894  0.88255394 -0.12263989
 -0.58140326 -0.12773022  0.78712507 -0.12162954 -0.57548149 -0.12422908
  0.86913875 -0.12444308 -0.57580424 -0.12135941  0.77486757 -0.12687072
 -0.57581126 -0.1189458   0.86000351 -0.11884406 -0.56599544 -0.11926855
  0.76924048 -0.12649886 -0.56561656 -0.12036309  0.83683564 -0.12275215
 -0.56046658 -0.11444133  0.75582529 -0.1234608  -0.56678828 -0.11343098
  0.85678302 -0.12276618 -0.55588493 -0.11547272  0.75728469 -0.12021224
 -0.55371689 -0.10846343  0.81824943 -0.12863884 -0.54842659 -0.10661112
  0.74541309 -0.12022628 -0.54390809 -0.10879319  0.82034029 -0.12240835
 -0.5446869  -0.11058937  0.73129626 -0.1244501  -0.54532538 -0.11091212
  0.81018769 -0.11603754 -0.53442203 -0.09618488  0.72956323 -0.11885108
 -0.53902473 -0.10461147  0.79122961 -0.12134889 -0.53061217 -0.10914401
  0.71341168 -0.11777758 -0.52321698 -0.10002982  0.781077   -0.11918786
 -0.52532889 -0.10175583  0.70325908 -0.11817751 -0.52151202 -0.10362217
  0.77857218 -0.11365901 -0.51450272 -0.0990335   0.69233468 -0.11429749
 -0.51412384 -0.09935625  0.76070163 -0.12061919 -0.51444659 -0.09234696
  0.69200491 -0.10901421 -0.50042098 -0.0947746   0.74781266 -0.1191598
 -0.49653394 -0.09509735  0.66360989 -0.11183477 -0.49973338 -0.09478863
  0.7467111  -0.11464831 -0.49093492 -0.08739344  0.66608665 -0.11177864
 -0.49476583 -0.09192598  0.72947202 -0.11887213 -0.49586038 -0.09263463
  0.64470795 -0.11070514 -0.48457113 -0.08173128  0.72679179 -0.10580074
 -0.48387651 -0.08805297  0.64290475 -0.1100877  -0.48114717 -0.0937432
  0.70814945 -0.11212945 -0.4666655  -0.08729521  0.63913699 -0.11066304
 -0.4726013  -0.08309244  0.70399579 -0.11207332 -0.47011752 -0.07710051
  0.62687949 -0.10608139 -0.46451149 -0.08272058  0.68931766]",0.812463768115942,0.4994927536231884,0.0,0.9425735294117648,0.7669117647058824,0.0,0.8125384615384615,0.49903846153846154,0.0,0.942375,0.7625416666666667,0.0,0.8127727272727273,0.49877272727272726,0.0,0.0
3.6,0.08,5003,0.5840357142857142,0.15699055525341488,0.4938571428571428,0.09934489500354463,0.28498602613409485,2.0,0.8927351703231685,0.07265875012281996,0.00020792862720961142,2.0,0.9432373668396614,0.060653520855506564,0.0008280651141847672,8,0.9752481948922338,8,0.9599222676781656,0.006761767735643509,3.0,1.0908804039129063,"[ 1.         -0.89180986  0.81837551 -0.88892584  0.95193855 -0.88740037
  0.81369383 -0.88383707  0.95992227 -0.8823116   0.80901215 -0.87806902
  0.94542568 -0.87654355  0.8047368  -0.87365953  0.95092077 -0.87213406
  0.80005512 -0.86857076  0.93538304 -0.86704529  0.79537344 -0.86484055
  0.93802764 -0.86331508  0.79109808 -0.8590725   0.92389292 -0.85754703
  0.7864164  -0.85466301  0.92721681 -0.85313754  0.78214104 -0.85025351
  0.91534221 -0.84872805  0.77745936 -0.84380619  0.91201909 -0.84228072
  0.77196503 -0.83871742  0.90408059 -0.83719195  0.76768967 -0.83362865
  0.90518881 -0.83210318  0.76260167 -0.8278606   0.89286343 -0.82633513
  0.75791999 -0.82277183  0.88854361 -0.82124636  0.75283198 -0.8163245
  0.88268741 -0.81479903  0.74774397 -0.81191501  0.8744315  -0.81038954
  0.74306229 -0.80682624  0.8722829  -0.80530077  0.73919326 -0.80309603
  0.86515706 -0.80157056  0.73451158 -0.79732798  0.86043092 -0.79580251
  0.7298299  -0.79291849  0.85868864 -0.79139302  0.72555454 -0.788509
  0.85368955 -0.78698353  0.72127919 -0.78342023  0.84466545 -0.78189476
  0.71619118 -0.77765218  0.83993931 -0.77612671  0.7115095  -0.77392196
  0.83426094 -0.7723965   0.70682782 -0.76747464  0.8287666  -0.76594917
  0.70255246 -0.76374442  0.82779252 -0.76221896  0.69787078 -0.75797637
  0.81727649 -0.75645091  0.69278278 -0.75356688  0.81227739 -0.75204142
  0.68891375 -0.74847811  0.80470076 -0.74695265  0.68382574 -0.74271006
  0.80540265 -0.7411846   0.67873773 -0.73694202  0.79018233 -0.73541655
  0.67405605 -0.7332118   0.79463627 -0.73168634  0.6697807  -0.72744375
  0.78122529 -0.72591829  0.66469269 -0.72167571  0.78156531 -0.72015024
  0.65960468 -0.71590766  0.77141114 -0.71438219  0.65451667 -0.71081889
  0.77034815 -0.70929342  0.64942866 -0.70505084  0.76055585 -0.70352537
  0.64434066 -0.69996207  0.75913098 -0.6984366   0.6400653  -0.69419402
  0.74535813 -0.69266855  0.63497729 -0.68910525  0.74899943]",0.8319202898550725,0.6030797101449276,0.0,0.9655147058823529,0.886985294117647,0.0,0.8321923076923077,0.6031538461538462,0.0,0.9677083333333333,0.89225,0.0,0.8316818181818182,0.6029545454545454,0.0,0.0
3.6,0.1,101,0.575,0.1490206121888608,0.4322857142857142,0.10461045329590878,0.5838860432208072,2.0,0.9642546987311607,0.04122536169484849,0.00022651882165295823,2.0,0.9009472295866028,0.0829006042350866,0.000610114711666583,8,0.9713734319716947,8,0.9655410318928549,0.0068501941143698656,3.0,1.0510593956234804,"[ 1.         -0.81490751  0.68106811 -0.81923207  0.9286905  -0.8182193
  0.67558745 -0.80566845  0.96554103 -0.80465569  0.67043315 -0.80865389
  0.92197181 -0.80764112  0.66429977 -0.79541663  0.94849456 -0.79526731
  0.66383007 -0.7986128   0.91243153 -0.79846348  0.65715961 -0.78623898
  0.93895429 -0.78522622  0.65592158 -0.78943515  0.90463866 -0.78874874
  0.64990382 -0.7756608   0.92570847 -0.77497439  0.64540223 -0.77950968
  0.8894347  -0.77784421  0.64045866 -0.76540898  0.91180994 -0.76439621
  0.63541997 -0.76946859  0.88033641 -0.76985636  0.63583424 -0.75709477
  0.90380633 -0.7554293   0.62925888 -0.76029094  0.8694907  -0.75981527
  0.62890481 -0.74791713  0.89438168 -0.74625165  0.62277143 -0.75057621
  0.85712884 -0.75010053  0.61675368 -0.73820239  0.88092513 -0.73686327
  0.61323115 -0.74020876  0.84399865 -0.74092289  0.61091894 -0.7293511
  0.8705214  -0.72768563  0.60641735 -0.73070476  0.83543744 -0.7308818
  0.60496858 -0.71996272  0.86032841 -0.71764453  0.5981825  -0.72152711
  0.824381   -0.72116706  0.59608102 -0.70992163  0.84633477 -0.7091196
  0.58952618 -0.71288655  0.8163774  -0.71338995  0.58873013 -0.70095472
  0.83474125 -0.70047904  0.58303873 -0.70338255  0.80597368 -0.70486501
  0.58203194 -0.69252489  0.82608493 -0.69216484  0.57634055 -0.69441564
  0.79633829 -0.69601372  0.57587085 -0.68194671  0.81447089 -0.68191302
  0.56712663 -0.68502726  0.78288174 -0.68597263  0.56535151 -0.67276907
  0.8030881  -0.67273537  0.55987084 -0.67444908  0.77399417 -0.6762579
  0.5567903  -0.66305433  0.79061062 -0.66334699  0.55294141 -0.66408163
  0.76282211 -0.66654316  0.54920816 -0.6533396   0.77845949 -0.6544957
  0.54526416 -0.65544107  0.75351308 -0.65757625  0.53880443 -0.64395122
  0.76663472 -0.64391752  0.53691369 -0.64539998  0.73602464 -0.64732442
  0.52980125 -0.63391012  0.7574208  -0.63473987  0.52748903 -0.63622234
  0.72997917 -0.63901022  0.52701934 -0.62526957  0.74484821]",0.8502536231884058,0.3914492753623188,0.0002898550724637681,0.9700735294117647,0.8919117647058824,0.0,0.8503846153846154,0.39192307692307693,0.0003076923076923077,0.9725833333333334,0.8964583333333334,0.0,0.8508181818181818,0.3925909090909091,0.00027272727272727274,1.7443047882725376e-09
3.6,0.1,707,0.5749285714285715,0.08484226059973574,0.5010000000000001,0.056622812162085846,0.27184650510830766,2.0,0.9572026683981961,0.06381112696697684,0.000965580628180641,2.0,0.6339102873465768,0.21649749905945342,0.0014247264897582733,16,0.9315316360169351,24,0.9131470837232103,0.00647996043604322,3.0,1.107182320441989,"[ 1.         -0.43695183  0.06208974 -0.4882382   0.7905788  -0.48264715
  0.06317961 -0.43474892  0.90197032 -0.43138573  0.05981375 -0.4826721
  0.78389164 -0.4781727   0.05985653 -0.42916054  0.90533084 -0.42468342
  0.06208261 -0.47821993  0.77497661 -0.4726066   0.06096689 -0.42470837
  0.91314708 -0.41909504  0.05653166 -0.47263156  0.76385599 -0.46590429
  0.05875774 -0.41911999  0.87638373 -0.41352894  0.05539188 -0.46820167
  0.75491868 -0.4614744   0.0620737  -0.41580404  0.87969968 -0.40909905
  0.06766386 -0.46259101  0.74827608 -0.45474981  0.05877289 -0.40907945
  0.86973756 -0.40237446  0.05317916 -0.45704719  0.73822484 -0.45031992
  0.05763312 -0.40576349  0.84297732 -0.3990585   0.0598592  -0.45034487
  0.72933209 -0.44473154  0.06099363 -0.40017511  0.85188522 -0.39235619
  0.06101412 -0.44587043  0.72155327 -0.43802923  0.04764515 -0.39458673
  0.82739741 -0.38679009  0.05205454 -0.44032661  0.71372989 -0.43471327
  0.05318897 -0.39127077  0.8184601  -0.3823602   0.05205097 -0.4347605
  0.70704273 -0.43026111  0.0531854  -0.38681861  0.82182061 -0.37563561
  0.05434211 -0.42914985  0.69817226 -0.42242258  0.04431493 -0.38009402
  0.79512721 -0.37004723  0.05097447 -0.4213336   0.68816558 -0.41794814
  0.04878938 -0.37450564  0.79960166 -0.36332264  0.05215167 -0.41574522
  0.67704496 -0.41124582  0.04435236 -0.36891726  0.7762055  -0.35775654
  0.04546451 -0.41129305  0.6703578  -0.40567972  0.03989306 -0.36446509
  0.76729047 -0.35332665  0.05655572 -0.40688544  0.66362607 -0.40238604
  0.04541461 -0.36228535  0.76835628 -0.35003297  0.05096021 -0.40131934
  0.65359711 -0.39793388  0.04541104 -0.35783318  0.74607405 -0.34333066
  0.04872878 -0.39688945  0.6446598  -0.39350399  0.04315733 -0.35451722
  0.73938689 -0.33887849  0.05765896 -0.39016486  0.63690327 -0.3867794
  0.04431226 -0.34779263  0.73163035 -0.3321539   0.04990242 -0.38344027
  0.62580493 -0.38005481  0.03655572 -0.34106804  0.70937041]",0.8498550724637681,0.5033695652173913,0.0,0.9625,0.8666176470588235,0.0,0.8499230769230769,0.5035,0.0,0.9629583333333334,0.868375,0.0,0.8499545454545454,0.5030454545454546,0.0,0.0
3.6,0.1,1313,0.5719285714285713,0.053497615815652794,0.531142857142857,0.05379970411875242,0.337397219693357,2.0,0.7367888890765479,0.25252179354858906,0.004180189964422575,2.0,0.5810802022940669,0.26938394725719966,0.0027849453396015427,8,0.8103994262804209,12,0.8260989018737248,0.005748850575353732,3.0,1.0622857142857143,"[ 1.00000000e+00 -4.00659198e-01 -8.75567849e-03 -4.15189558e-01
  7.77822362e-01 -4.05203962e-01 -9.59872359e-03 -4.07395259e-01
  7.95022553e-01 -4.13612616e-01 -9.37003290e-03 -3.94827505e-01
  8.26098902e-01 -3.88240439e-01 -8.67598325e-03 -4.18811582e-01
  8.21088779e-01 -4.02353266e-01 -1.04497463e-02 -4.00842844e-01
  8.00341062e-01 -3.91322607e-01 -1.17581503e-02 -3.83642653e-01
  7.80989422e-01 -3.99731260e-01 -1.15294596e-02 -4.00688651e-01
  8.05896239e-01 -3.89934507e-01 -1.03700510e-02 -3.93359710e-01
  7.83146068e-01 -3.87541192e-01 -1.16784551e-02 -3.94668114e-01
  7.83536930e-01 -3.86847143e-01 -1.09844054e-02 -3.86570627e-01
  7.92868324e-01 -3.88620906e-01 -1.02903558e-02 -3.77239233e-01
  7.75822326e-01 -3.81454136e-01 -8.05921139e-03 -3.93516683e-01
  7.68647578e-01 -3.88163524e-01 -4.89734907e-03 -3.79249664e-01
  7.65639909e-01 -3.84536303e-01 -8.67356580e-03 -3.80558068e-01
  7.97646976e-01 -3.78906628e-01 -7.97951615e-03 -3.71226674e-01
  7.48054054e-01 -3.76210125e-01 -5.28301279e-03 -3.67296264e-01
  7.52146634e-01 -3.79520982e-01 -6.12605789e-03 -3.81712279e-01
  7.48673606e-01 -3.64950775e-01 -6.36272616e-03 -3.78247228e-01
  7.48902297e-01 -3.69657709e-01 -6.13403547e-03 -3.66913381e-01
  7.42192908e-01 -3.67729753e-01 -5.43998582e-03 -3.61283706e-01
  7.28848629e-01 -3.69503516e-01 -4.74593617e-03 -3.67993094e-01
  7.28308773e-01 -3.56470403e-01 -4.05188652e-03 -3.62363419e-01
  7.25301103e-01 -3.62876603e-01 -4.28855479e-03 -3.53962743e-01
  7.19057074e-01 -3.62788931e-01 -4.20088197e-03 -3.57576789e-01
  7.18214029e-01 -3.45588740e-01 -5.50928603e-03 -3.47780036e-01
  7.07337563e-01 -3.63100096e-01 -8.10328954e-04 -3.54186236e-01
  7.20836034e-01 -3.65642407e-01 -2.11873301e-03 -3.59196359e-01
  6.96386598e-01 -3.44740497e-01 -3.42713708e-03 -3.39528356e-01
  7.22689493e-01 -3.41578635e-01 -2.73308743e-03 -3.47471650e-01
  6.87600259e-01 -3.60627086e-01 -2.03903777e-03 -3.52947132e-01
  6.83358683e-01 -3.46360067e-01 -3.81280080e-03 -3.27574956e-01
  6.94227172e-01 -3.33792313e-01 -6.05192278e-03 -3.42153141e-01
  6.87517783e-01 -3.41432419e-01 -3.82077838e-03 -3.32518559e-01
  6.69703238e-01 -3.32869573e-01 -5.12918244e-03 -3.27657431e-01
  6.62528491e-01 -3.39113602e-01 -6.43758650e-03 -3.25264116e-01
  6.63991088e-01 -3.21307034e-01 -2.20398839e-03 -3.37071301e-01
  6.60214871e-01 -3.34185954e-01 -3.97775141e-03 -3.19102562e-01
  6.46870592e-01 -3.21152841e-01 -3.28370176e-03 -3.20876325e-01
  6.51731720e-01 -3.32332496e-01 -2.12429315e-03 -3.12313479e-01
  6.39621347e-01 -3.38576525e-01 -9.64884537e-04 -3.28428759e-01
  6.48649552e-01]",0.856195652173913,0.43141304347826087,0.0,0.980110294117647,0.9326470588235294,0.0,0.8562307692307692,0.43153846153846154,0.0,0.97725,0.9262916666666666,0.0,0.8559545454545454,0.43136363636363634,0.0,0.0
3.6,0.1,2029,0.6026785714285714,0.1430689278363576,0.39285714285714285,0.07689775878478157,1.1532210517189057,2.0,0.9406943009627666,0.0618577737445675,0.0004241712827658892,2.0,0.8755760368663595,0.11583317340861363,0.0028458476535048955,8,0.9614883783452357,12,0.9303093800073956,0.007361310741968145,3.0,1.0293842410630731,"[ 1.         -0.77628497  0.62491064 -0.77570566  0.92566252 -0.77202021
  0.62071983 -0.77195858  0.93009984 -0.76766917  0.62213731 -0.76821151
  0.93030938 -0.76331813  0.61259707 -0.76619007  0.9158511  -0.75957106
  0.60970048 -0.76132134  0.91537039 -0.75470233  0.61327499 -0.75653889
  0.91773697 -0.75095526  0.60494268 -0.75279182  0.897239   -0.74556884
  0.60428941 -0.7474054   0.89296191 -0.74018242  0.59880439 -0.74201898
  0.89550105 -0.73583138  0.58805621 -0.73887588  0.88406262 -0.73096265
  0.59050906 -0.73461112  0.87978553 -0.72669789  0.59184026 -0.73026008
  0.87766548 -0.72459016  0.58480217 -0.72763466  0.86674473 -0.71868606
  0.57992111 -0.72276593  0.86514236 -0.71545667  0.58125231 -0.71850117
  0.8598299  -0.71222729  0.56998644 -0.71699741  0.8533095  -0.70735856
  0.57485517 -0.71273265  0.85222482 -0.70300752  0.5732528  -0.70898558
  0.84389252 -0.69926045  0.56181437 -0.70584248  0.83978799 -0.6949094
  0.56443979 -0.7020954   0.83516578 -0.69168002  0.56395908 -0.6989523
  0.83770492 -0.68732898  0.5550228  -0.6958092   0.8261802  -0.68194256
  0.55738938 -0.69154443  0.82026377 -0.67759152  0.55035129 -0.68779736
  0.81495131 -0.67384445  0.54857636 -0.68465426  0.81567854 -0.66949341
  0.54274621 -0.68090719  0.80372242 -0.66574633  0.5422655  -0.67828177
  0.8014298  -0.66199926  0.53445088 -0.67289535  0.79654875 -0.65661284
  0.53267595 -0.66914828  0.79373844 -0.65338346  0.53159127 -0.66600518
  0.78290398 -0.64739307  0.52973006 -0.66122273  0.7804388  -0.643646
  0.52208801 -0.65799334  0.77219278 -0.63989893  0.52393689 -0.65372858
  0.77041785 -0.6350302   0.51741649 -0.64885985  0.76683101 -0.63076544
  0.51080981 -0.64511278  0.76091458 -0.62701837  0.51214101 -0.64136571
  0.75137434 -0.62439295  0.51114261 -0.63813632  0.75460372 -0.62176753
  0.50289659 -0.63490694  0.74023173 -0.61750277  0.50284728 -0.62839887
  0.74018242 -0.6109947   0.49615432 -0.62301245  0.73228152]",0.7947101449275362,0.4681521739130435,0.0004347826086956522,0.9474264705882353,0.8187132352941177,0.0001838235294117647,0.7946153846153846,0.47015384615384614,0.0005,0.950375,0.8206666666666667,0.0003333333333333333,0.7950454545454545,0.4718181818181818,0.0005,1.3150396884522305e-10
3.6,0.1,3001,0.5938928571428572,0.04680151041954757,0.39528571428571435,0.037691280862571196,0.5952906078979041,2.0,0.3609905873774267,0.45307201519177415,0.004708917453460088,2.0,0.601346192485433,0.3750866784780259,0.005888373520371033,8,0.6962140347745202,8,0.7290234917716207,0.004563121452954692,3.0,1.0893700787401575,"[ 1.         -0.41059683  0.19297077 -0.45541893  0.54990989 -0.45294966
  0.19084147 -0.40224088  0.72902349 -0.39246673  0.20607293 -0.45991457
  0.54769119 -0.42272377  0.19089971 -0.38458485  0.67880232 -0.37756169
  0.20817108 -0.45278848  0.56511019 -0.44325135  0.20556772 -0.37745876
  0.6783865  -0.38779637  0.20571535 -0.44267435  0.55055868 -0.44499599
  0.20382308 -0.37417545  0.67891881 -0.38930397  0.19666584 -0.42407019
  0.53875816 -0.44194971  0.19657644 -0.35855932  0.68723006 -0.39631358
  0.19468417 -0.41850994  0.52672061 -0.42884755  0.1845389  -0.36855696
  0.68202333 -0.38643648  0.1844495  -0.41617476  0.53156976 -0.4239984
  0.19213905 -0.34563595  0.67980463 -0.37608533  0.19228669 -0.42090743
  0.53689298 -0.43627298  0.21003212 -0.35288259  0.63508546 -0.3632202
  0.19006799 -0.42061216  0.52210443 -0.42065685  0.19045266 -0.35737823
  0.65022753 -0.36567593  0.19515417 -0.39517718  0.51210679 -0.42311258
  0.19805281 -0.34475013  0.62562013 -0.36239262  0.19843748 -0.39967281
  0.50282024 -0.42030334  0.19056914 -0.34217792  0.6231644  -0.36987629
  0.1834119  -0.38201678  0.51293437 -0.41246615  0.19086442 -0.34714762
  0.63304149 -0.35497126  0.18071914 -0.38219557  0.47253205 -0.39756112
  0.19343663 -0.33176852  0.60568309 -0.34713407  0.19609824 -0.38190029
  0.4801322  -0.39977982  0.18618999 -0.31638943  0.59364554 -0.36467363
  0.19364251 -0.39692588  0.49299733 -0.40977746  0.1860112  -0.33416601
  0.60627364 -0.34426659  0.17382602 -0.37903281  0.49832054 -0.40924515
  0.16643174 -0.308494    0.59878997 -0.33415246  0.16382838 -0.35383486
  0.46821114 -0.39936806  0.16648998 -0.31849164  0.57394554 -0.31853634
  0.16687465 -0.36359547  0.46599244 -0.38147499  0.15421541 -0.32322431
  0.59183861 -0.33104795  0.17196084 -0.34318843  0.45348083 -0.37890278
  0.16432953 -0.32065209  0.55119926 -0.33876865  0.1871029  -0.3506721
  0.46108099 -0.3710656   0.1618738  -0.31305194  0.56406438]",0.8121739130434783,0.357536231884058,0.0005797101449275362,0.9584558823529412,0.8644852941176471,0.0002941176470588235,0.812,0.3573846153846154,0.0006538461538461538,0.95875,0.8609583333333334,0.0002916666666666667,0.8122727272727273,0.35809090909090907,0.0007727272727272727,1.1118291418305488e-08
3.6,0.1,4099,0.5899642857142857,0.10412989214810274,0.3805,0.06661536716747228,0.5999053223838631,2.0,0.9266233659645876,0.10018871419295985,0.0010815692994009484,2.0,0.6033832715127575,0.3029395674052342,0.002712411496241112,8,0.9042108864175395,32,0.8035321481171482,0.005382113926045259,3.0,1.2282683882868342,"[ 1.         -0.42110219  0.08272299 -0.44472673  0.7005719  -0.43866989
  0.09542417 -0.41592935  0.75543705 -0.41599712  0.10119595 -0.43157356
  0.73125381 -0.4264986   0.07347959 -0.41806757  0.794658   -0.40382582
  0.09566143 -0.4218167   0.69160342 -0.43717584  0.09450379 -0.40316797
  0.75916847 -0.4095374   0.10796955 -0.41787055  0.68669666 -0.42084368
  0.09362108 -0.39792609  0.80353215 -0.39285112  0.06800528 -0.41388417
  0.69148785 -0.42602408  0.07265837 -0.39443064  0.73781398 -0.40223262
  0.09113003 -0.41508076  0.68385278 -0.40388119  0.07195271 -0.39947422
  0.77703492 -0.37445607  0.08528164 -0.40210466  0.65466492 -0.41214401
  0.08492881 -0.38216019  0.73510692 -0.38754775  0.08457599 -0.40956267
  0.65668756 -0.39402517  0.08663759 -0.37674125  0.74231254 -0.3760042
  0.08838531 -0.39158065  0.65504028 -0.40953128  0.06742131 -0.37310898
  0.70118935 -0.36932975  0.07896357 -0.38924412  0.64449985 -0.38738839
  0.06913008 -0.36125156  0.72480503 -0.35327123  0.07651147 -0.37850539
  0.6291708  -0.39225492  0.08389286 -0.37353843  0.69432142 -0.36734477
  0.08416779 -0.38050679  0.62667847 -0.37301739  0.07786742 -0.36136713
  0.71422694 -0.3453387   0.08153863 -0.37316435  0.60987662 -0.37403692
  0.06669923 -0.3609541   0.66536953 -0.34076481  0.07453132 -0.36680378
  0.60336024 -0.36946303  0.08061697 -0.35056948  0.69153646 -0.32988926
  0.07847746 -0.37363404  0.60135884 -0.36082485  0.06381512 -0.35498531
  0.64044168 -0.32545218  0.07455257 -0.35743869  0.59823875 -0.34753487
  0.06713351 -0.35439523  0.6672766  -0.32629466  0.07017698 -0.35828117
  0.58563801 -0.3532062   0.05292315 -0.34736666  0.64211279 -0.31139506
  0.06316966 -0.3533934   0.58184994 -0.33606923  0.07135586 -0.33327187
  0.64686374 -0.30615317  0.06519231 -0.35861404  0.56889508 -0.32246537
  0.05871488 -0.33996531  0.61007847 -0.31508398  0.07284862 -0.35690527
  0.56224188 -0.33233781  0.06623438 -0.3416126   0.63418509]",0.8201086956521739,0.4466304347826087,0.00014492753623188405,0.9397794117647059,0.7779411764705882,3.676470588235294e-05,0.8204615384615385,0.44653846153846155,0.00015384615384615385,0.9377083333333334,0.7745,0.00020833333333333335,0.8210454545454545,0.44677272727272727,4.545454545454545e-05,2.210113862553302e-09
3.6,0.1,5003,0.6002857142857143,0.164929391200091,0.4275,0.11060305472402521,0.525298600620489,2.0,0.9834022866867352,0.02644293273894907,0.00021533154977901583,2.0,0.9240615674572011,0.07015586920602619,0.0009003761461590023,8,0.9741357397594873,8,0.9659674476315593,0.00706771117026515,3.0,1.100588451636631,"[ 1.         -0.85776294  0.75328662 -0.85570615  0.94699365 -0.85458361
  0.74919641 -0.85029341  0.96596745 -0.84917086  0.74698927 -0.84607766
  0.93706153 -0.84553901  0.74130793 -0.84140939  0.9561667  -0.84057879
  0.73835632 -0.83719364  0.93060361 -0.83665499  0.73588643 -0.83356178
  0.94445369 -0.83214729  0.72913948 -0.82889351  0.91950369 -0.82702649
  0.72683016 -0.82302825  0.93221517 -0.82161375  0.72040435 -0.81835997
  0.90784906 -0.81723743  0.71822641 -0.81294723  0.91864827 -0.81182468
  0.71442814 -0.80827896  0.89807751 -0.80744836  0.71020655 -0.80361069
  0.90624918 -0.80203562  0.70653967 -0.79865046  0.88551785 -0.79765929
  0.70014306 -0.79352967  0.89690096 -0.79269907  0.69719145 -0.78931392
  0.876301   -0.78877527  0.6950135  -0.78419312  0.88391796 -0.78291001
  0.68816437 -0.77878038  0.8633472  -0.77853368  0.68511058 -0.77336764
  0.87194219 -0.77357346  0.68115174 -0.77018831  0.85296256 -0.76964966
  0.67764543 -0.76552004  0.8606817  -0.76468944  0.67355521 -0.76039924
  0.84465076 -0.75882417  0.6700781  -0.75527845  0.84815123 -0.75386395
  0.66290782 -0.75061017  0.83020801 -0.74874316  0.65913875 -0.74548938
  0.83867163 -0.74378294  0.65242099 -0.74036859  0.82118094 -0.73791767
  0.65008248 -0.73540836  0.82789285 -0.73354135  0.64485366 -0.7295431
  0.80981826 -0.72767608  0.64079264 -0.7244223   0.81276403 -0.72181082
  0.63264433 -0.71781257  0.79468944 -0.71594555  0.63046639 -0.71388877
  0.80620393 -0.7117298   0.62316473 -0.7080235   0.78404204 -0.70586454
  0.62348296 -0.70290271  0.796301   -0.70090431  0.61381651 -0.69868696
  0.77281074 -0.69607547  0.61166776 -0.69282169  0.7839019  -0.69111525
  0.60478943 -0.68815342  0.7624553  -0.68599445  0.60423181 -0.68303263
  0.77383841 -0.68103423  0.59644843 -0.6792694   0.75369097 -0.67694986
  0.59517553 -0.67340413  0.76303044 -0.67124516  0.58670608 -0.66828334
  0.74320415 -0.66686884  0.58744763 -0.66361506  0.75020801]",0.7993478260869565,0.47057971014492755,0.0002173913043478261,0.9546691176470589,0.8305882352941176,0.0013602941176470587,0.7993846153846154,0.4704615384615385,0.0002692307692307692,0.9565,0.8330833333333333,0.0013333333333333333,0.7996818181818182,0.4717272727272727,0.00027272727272727274,1.4726232726720955e-08
3.6,0.12,101,0.6068928571428572,0.1903328549233298,0.34528571428571425,0.12546737115477394,1.0483667143538389,2.0,0.9475978278792552,0.052170384518958175,0.0002574134841743011,2.0,0.9578491209700574,0.04573799781072546,0.00040458603984935685,8,0.9656193330853492,8,0.9693989640203668,0.006917930722266517,3.0,1.037784456848433,"[ 1.         -0.9186348   0.86207935 -0.91500888  0.95987842 -0.9136303
  0.85710149 -0.90977751  0.96939896 -0.90796657  0.85210225 -0.90411378
  0.94967445 -0.90296207  0.84667065 -0.89888241  0.96327868 -0.8977307
  0.84214654 -0.89344556  0.93720176 -0.89206697  0.83896227 -0.88821418
  0.94581482 -0.8868356   0.83169431 -0.88255046  0.92586343 -0.88139874
  0.82762394 -0.87731909  0.93833331 -0.87616737  0.82262469 -0.87165536
  0.91339074 -0.87073052  0.81946181 -0.86642399  0.92313816 -0.86549914
  0.81355508 -0.86076026  0.90205241 -0.86006229  0.80882549 -0.85662047
  0.91501881 -0.85592249  0.80386902 -0.85161596  0.89213948 -0.85091799
  0.79907526 -0.84506614  0.89776043 -0.84482191  0.79387053 -0.84006164
  0.8796454  -0.83981741  0.79004843 -0.83592184  0.89419991 -0.83567762
  0.78509196 -0.83091734  0.86995935 -0.83067311  0.77920662 -0.82568597
  0.87721117 -0.82544174  0.77513626 -0.82024912  0.85928024 -0.81911879
  0.7710445  -0.81567697  0.873381   -0.814979    0.7647268  -0.81067247
  0.84959418 -0.80997449  0.76181218 -0.80610032  0.85618679 -0.80517547
  0.75569997 -0.80109582  0.83943299 -0.80017097  0.75233161 -0.79695602
  0.85262627 -0.79603118  0.74760202 -0.79151917  0.82972555 -0.79036745
  0.74328339 -0.78672015  0.83654502 -0.7857953   0.73810005 -0.78128329
  0.82067733 -0.78013158  0.73287394 -0.77648427  0.82885803 -0.77555943
  0.72837121 -0.77147977  0.80960865 -0.77055493  0.72407398 -0.7662484
  0.81413802 -0.76532355  0.71886925 -0.7612439   0.79829171 -0.76031905
  0.71550089 -0.7571041   0.80808191 -0.7557469   0.71097678 -0.75144037
  0.7867479  -0.75008318  0.70552379 -0.74577665  0.7926385  -0.7448518
  0.70099968 -0.73990744  0.77491304 -0.73786963  0.69439094 -0.73533529
  0.7858376  -0.73372983  0.69034196 -0.73033079  0.76475185 -0.72806611
  0.68259886 -0.72400784  0.76812547 -0.72240238  0.67966286 -0.71900334
  0.75248465 -0.71673866  0.67513874 -0.71443119  0.76295546]",0.8614130434782609,0.5706884057971015,0.0014855072463768116,0.9584926470588235,0.8727205882352941,0.004301470588235294,0.8608846153846154,0.5708846153846154,0.001346153846153846,0.96025,0.87575,0.004083333333333333,0.8614090909090909,0.570590909090909,0.0015,1.3775940652216534e-09
3.6,0.12,707,0.6262142857142857,0.11122832281356385,0.28807142857142853,0.037851145077440765,1.715352714762586,2.0,0.9003252049480492,0.12056187274579541,0.0013929586860395088,2.0,0.3904543005513968,0.5145572350767929,0.01354693213690989,8,0.9093241621449059,8,0.6479777094609135,0.004879747926268091,3.0,1.063554852320675,"[ 1.         -0.23098042 -0.06161327 -0.27364143  0.37374474 -0.23463542
 -0.04283325 -0.23432447  0.64797771 -0.24897021 -0.02226912 -0.22871702
  0.43730802 -0.25582665 -0.05595144 -0.23497876  0.6124245  -0.23217504
 -0.03289453 -0.2199949   0.44662485 -0.23903148 -0.0497221  -0.2686339
  0.61865385 -0.21597457 -0.02607048 -0.24059142  0.39860775 -0.23968577
 -0.0603475  -0.24246231  0.60992651 -0.2241072  -0.04726171 -0.20883958
  0.43783794 -0.21291948 -0.05850901 -0.24620409  0.6360981  -0.21597978
 -0.04661263 -0.2461769   0.424239   -0.23150398 -0.04967293 -0.24555501
  0.56694934 -0.21841819 -0.04596355 -0.19567222  0.42548278 -0.20782518
 -0.06837139 -0.24739871  0.5700912  -0.20969606 -0.02537224 -0.21437068
  0.40488626 -0.21346503 -0.06593819 -0.25054578  0.56943691 -0.20536479
 -0.03849042 -0.21751775  0.42108672 -0.19726456 -0.04534687 -0.22995446
  0.55453461 -0.21148539 -0.06704604 -0.20120333  0.4044003  -0.18902319
 -0.05336554 -0.23488564  0.54521257 -0.19777771 -0.0608167  -0.20803259
  0.40006382 -0.20333079 -0.05520924 -0.23364186  0.52651411 -0.19154836
 -0.04212345 -0.18933934  0.38635092 -0.16968086 -0.0495746  -0.21673273
  0.50294405 -0.21203093 -0.07198244 -0.19676331  0.37263803 -0.19336488
 -0.01901217 -0.22795285  0.53529061 -0.18526464 -0.06884058 -0.18424504
  0.37708325 -0.19390521 -0.04887115 -0.23347874  0.52418445 -0.17334108
 -0.04884397 -0.20792905  0.37523955 -0.18328501 -0.04762737 -0.19982882
  0.47058708 -0.18017034 -0.03573099 -0.19042522  0.37648334 -0.18951957
 -0.03890524 -0.22730898  0.5079192  -0.16527324 -0.04825447 -0.19547036
  0.35778489 -0.17521717 -0.0326759  -0.214196    0.47616214 -0.1839717
 -0.04641598 -0.17618241  0.36710172 -0.18145173 -0.05137435 -0.21793777
  0.4798987  -0.15839482 -0.02701407 -0.17672274  0.33415525 -0.18329543
 -0.04763779 -0.20233202  0.46428773 -0.17151301 -0.01959531 -0.17678232
  0.32352984 -0.17766079 -0.03262673 -0.20168294  0.43941431]",0.7978985507246377,0.46652173913043476,0.00014492753623188405,0.9370220588235294,0.8096691176470588,0.003676470588235294,0.7976923076923077,0.4651153846153846,0.00023076923076923076,0.9395833333333333,0.8127083333333334,0.003833333333333333,0.7984545454545454,0.4636818181818182,0.0001818181818181818,1.922913423884632e-11
3.6,0.12,1313,0.63525,0.06051364958184462,0.3325,0.061390145789043365,2.2848286668029156,4.0,0.41865204627830216,0.3485183513292155,0.0011906476495374034,4.0,0.6676848646575859,0.2901770442750542,0.0016393349221329792,8,0.9030863646670713,8,0.9176687988628289,0.006665217791405149,1.0,1.0,"[ 1.         -0.04223881 -0.65386875 -0.02124378  0.47866382 -0.02085999
 -0.6495475  -0.03587538  0.9176688  -0.0436887  -0.64678986 -0.01985075
  0.50246861 -0.01979863 -0.64280028 -0.04334281  0.91366027 -0.04044776
 -0.63881071 -0.01755745  0.47192608 -0.02063255 -0.63605307 -0.04038616
  0.9052452  -0.04474058 -0.63173182 -0.01711206  0.4919403  -0.0192869
 -0.62807392 -0.04377873  0.88574271 -0.04183132 -0.62408434 -0.01230751
  0.46831557 -0.01950486 -0.61976309 -0.04020611  0.89689647 -0.04299692
 -0.61577351 -0.01726368  0.46369107 -0.01654821 -0.61301587 -0.03535418
  0.86289505 -0.04255153 -0.60869462 -0.014923    0.46570007 -0.01643449
 -0.60626866 -0.04471689  0.86300877 -0.04054253 -0.60194741 -0.01386164
  0.45444208 -0.0109666  -0.59795783 -0.04114428  0.8479602  -0.04421938
 -0.5933049  -0.01943378  0.45834636 -0.01464345 -0.58931533 -0.04008292
  0.83608624 -0.04126273 -0.58655769 -0.01363421  0.4432978  -0.01325041
 -0.58413172 -0.03774224  0.83335702 -0.04873016 -0.57981047 -0.01352049
  0.43962094 -0.01185738 -0.57705283 -0.03540156  0.81641317 -0.04008766
 -0.57306326 -0.0162497   0.43438048 -0.01586591 -0.568742   -0.03751481
  0.81368396 -0.04092158 -0.56631604 -0.01329306  0.4262497  -0.01072968
 -0.56265814 -0.03427387  0.79891969 -0.0433665  -0.55833689 -0.01763326
  0.4250841  -0.0134589  -0.55591092 -0.02942194  0.78733002 -0.04325278
 -0.55158967 -0.01562426  0.41761668 -0.01083393 -0.54760009 -0.03058754
  0.77607202 -0.04441838 -0.54327884 -0.01489457  0.41266051 -0.01294717
 -0.53928927 -0.0308055   0.76794125 -0.03928216 -0.53529969 -0.01449656
  0.40296612 -0.01472874 -0.53064677 -0.03163942  0.7608055  -0.04262734
 -0.5282208  -0.01310353  0.39990524 -0.00769723 -0.5245629  -0.03218905
  0.74604122 -0.04222933 -0.52024165 -0.01460081  0.39305378 -0.0094788
 -0.5159204  -0.03018005  0.72781805 -0.040552   -0.51193082 -0.01576641
  0.38904525 -0.01002843 -0.50794125 -0.02978204  0.71622838]",0.8795289855072463,0.5009420289855072,0.0,0.9638602941176471,0.8841176470588236,0.0,0.8797307692307692,0.5015384615384615,0.0,0.96225,0.8794166666666666,0.0,0.8800454545454546,0.5022727272727273,0.0,0.0
3.6,0.12,2029,0.6384642857142857,0.13754206684887801,0.2750714285714285,0.06748011800916334,2.2165023162340756,2.0,0.9356945590403063,0.07143793332417403,0.0008637695515436141,2.0,0.8437244938940811,0.1421271033802831,0.0024828431804571603,8,0.9511400153477625,16,0.9176491818398197,0.006004754412213814,3.0,1.0163631565056743,"[ 1.         -0.73666749  0.55803872 -0.71313918  0.86352925 -0.71039408
  0.56235132 -0.73863053  0.90901949 -0.73353025  0.5592163  -0.70490277
  0.84745191 -0.7037263   0.55137314 -0.72451064  0.91764918 -0.71941036
  0.5509821  -0.69666636  0.84706086 -0.69313694  0.55098209 -0.72176443
  0.88000207 -0.71235154  0.54549189 -0.68804115  0.8360782  -0.6864714
  0.54352997 -0.70960869  0.88666761 -0.705686    0.53921512 -0.68529718
  0.8258821  -0.67823723  0.53764648 -0.70686472  0.85137344 -0.70019581
  0.53647112 -0.67627646  0.81411737 -0.6703941   0.53215626 -0.69353138
  0.86196055 -0.69392355  0.52627278 -0.66843556  0.81136889 -0.65980923
  0.52862348 -0.68882999  0.83176107 -0.68882887  0.52038704 -0.66098795
  0.79685794 -0.65549663  0.52117135 -0.68020254  0.84195714 -0.6786328
  0.51371924 -0.65549776  0.78666184 -0.6476535   0.5188184  -0.67745858
  0.81646579 -0.67588883  0.51489458 -0.64451961  0.7752859  -0.64020588
  0.51763855 -0.6649118   0.82626634 -0.66334205  0.5043052  -0.6327549
  0.7650898  -0.63314706  0.5050895  -0.65785298  0.78901251 -0.65745858
  0.50038585 -0.62412746  0.75646232 -0.62334202  0.49842394 -0.64412636
  0.79371838 -0.64490956  0.49371804 -0.6170664   0.74352448 -0.61628096
  0.49372028 -0.63941825  0.76470097 -0.63471124  0.48391746 -0.60647704
  0.74078049 -0.60490729  0.48391745 -0.62961321  0.77058444 -0.62529948
  0.47881828 -0.60059357  0.72705609 -0.59980814  0.47411463 -0.62059248
  0.74038943 -0.62059137  0.47293927 -0.58804231  0.71450929 -0.59039414
  0.46705802 -0.6084345   0.74548859 -0.60882666  0.45999695 -0.58412075
  0.70823476 -0.57902047  0.46509835 -0.60137344  0.72274569 -0.60411854
  0.45254931 -0.57117845  0.6968633  -0.56921543  0.45843278 -0.59196168
  0.72588294 -0.59000089  0.44666581 -0.5637286   0.68313666 -0.5633342
  0.45411792 -0.58490286  0.70705937 -0.58607933  0.4376473  -0.55196165
  0.67372712 -0.55196053  0.44745235 -0.57196056  0.71372715]",0.8228985507246377,0.5860507246376812,0.0013768115942028986,0.9346323529411765,0.8225735294117648,0.00375,0.8225769230769231,0.5853846153846154,0.0015,0.9415833333333333,0.8337083333333334,0.0035,0.8218181818181818,0.584590909090909,0.001681818181818182,3.9564723130424193e-13
3.6,0.12,3001,0.5948571428571429,0.08415746901990777,0.30207142857142855,0.06750128494619753,0.7646808365692487,4.0,0.6803930537863759,0.24865660945576692,0.0037379810187894796,4.0,0.7667322134594062,0.2047820866394169,0.0037637041998174955,16,0.8829588886137746,16,0.9058872674065847,0.006782683430434333,3.0,1.1316564088841317,"[ 1.         -0.0550593  -0.74871134 -0.08553366  0.85110076 -0.08093083
 -0.74401379 -0.05343478  0.89965992 -0.05742153 -0.742484   -0.08165778
  0.86049587 -0.07542236 -0.73772149 -0.05498071  0.90588727 -0.05824859
 -0.73305641 -0.07614931  0.84480865 -0.07543312 -0.72672626 -0.05574283
  0.87308584 -0.0526427  -0.725164   -0.0753113   0.83153785 -0.0785467
 -0.71886633 -0.05807258  0.89498964 -0.05190211 -0.71416877 -0.07920871
  0.8158831  -0.08479558 -0.70947122 -0.05024512  0.86365844 -0.05106411
 -0.70790895 -0.08000329  0.81587234 -0.07696811 -0.7032114  -0.054175
  0.86831814 -0.05352375 -0.70014643 -0.07537606  0.80482311 -0.07305976
 -0.69698405 -0.05265058  0.8439764  -0.04412864 -0.69388661 -0.074603
  0.79073601 -0.07623829 -0.68915658 -0.05658046  0.85258769 -0.04884234
 -0.68445903 -0.07614894  0.78919008 -0.0746814  -0.67976147 -0.05032064
  0.82047266 -0.05352357 -0.67503144 -0.06907282  0.76879992 -0.07149193
 -0.67030142 -0.05418557  0.82287832 -0.05268556 -0.66717151 -0.06826729
  0.76408622 -0.07225404 -0.66084136 -0.04864463  0.79393106 -0.04714462
 -0.65771145 -0.07056458  0.75009654 -0.07298368 -0.65298142 -0.05175821
  0.80567763 -0.04793921 -0.64988398 -0.06822387  0.74378273 -0.06832398
 -0.64518643 -0.05258527  0.7790169  -0.05186908 -0.64205652 -0.06823463
  0.73514991 -0.06911856 -0.63735896 -0.05024456  0.77975749 -0.04642556
 -0.63426152 -0.06906169  0.7288361  -0.06991315 -0.6295315  -0.0494715
  0.75623204 -0.04486867 -0.62643406 -0.06750481  0.71314888 -0.06682109
 -0.62333662 -0.04797956  0.7655622  -0.04494438 -0.61863907 -0.06911569
  0.70448359 -0.06451286 -0.61234139 -0.05187697  0.73739877 -0.04567402
 -0.60761136 -0.06279092  0.70140248 -0.0652425  -0.60131369 -0.04947132
  0.73350136 -0.04643613 -0.59821625 -0.06515315  0.69120202 -0.06522079
 -0.59188611 -0.04944961  0.71471133 -0.04409543 -0.58722102 -0.06199615
  0.68103404 -0.06676672 -0.582491   -0.05024419  0.7202198 ]",0.8352898550724638,0.4931159420289855,0.00036231884057971015,0.935110294117647,0.8236397058823529,0.0,0.8353846153846154,0.4927692307692308,0.0003846153846153846,0.9370833333333334,0.8260833333333333,4.1666666666666665e-05,0.8357272727272728,0.4930909090909091,0.00027272727272727274,7.135648739226981e-10
3.6,0.12,4099,0.6309285714285715,0.08222700658691702,0.2745,0.04135775967958474,1.8053895020096737,2.0,0.8882700545122341,0.13908349745430457,0.0008515377373437675,2.0,0.38125887226830707,0.48557578826324804,0.0045213843119158255,16,0.8936577172562385,16,0.7828459273797836,0.005266560978821055,3.0,1.073163920692544,"[ 1.         -0.37963815  0.04368029 -0.11866097  0.11571545 -0.04662581
  0.01235964 -0.3775723   0.59595181 -0.37755183  0.0426555  -0.04869417
  0.16066816 -0.12801725  0.03536759 -0.37544422  0.78284593 -0.36187272
  0.05207066 -0.13430334  0.13872173 -0.05285136  0.02492598 -0.36709394
  0.59807822 -0.35872153  0.030166   -0.04136868  0.14498403 -0.11966864
  0.05415614 -0.37127158  0.75361076 -0.36711691  0.05202556 -0.12701961
  0.13765352 -0.03406281  0.02598751 -0.36079156  0.57723676 -0.34722005
  0.03749149 -0.05701105  0.14604556 -0.13117679  0.04473597 -0.34937193
  0.72646358 -0.35663855  0.03744806 -0.12280521  0.14186791 -0.0455292
  0.0521049  -0.35661892  0.55426555 -0.34620028  0.02389535 -0.04239847
  0.14293112 -0.11234648  0.04583927 -0.34826864  0.75675694 -0.34828994
  0.03326874 -0.1144566   0.14497567 -0.04242144  0.02282797 -0.33996012
  0.54902136 -0.33887478  0.04166079 -0.04968889  0.15443259 -0.1196369
  0.03957196 -0.33783204  0.68265091 -0.3305245   0.02495521 -0.12170526
  0.1534078  -0.04962834  0.03232497 -0.3325511   0.53657361 -0.33150753
  0.02397219 -0.03921053  0.12835028 -0.10391769  0.05320318 -0.33464076
  0.67957823 -0.34092602  0.03960955 -0.11646775  0.13150147 -0.02559894
  0.03965047 -0.32624872  0.52301923 -0.32000606  0.02192262 -0.06005199
  0.13256468 -0.110185    0.03649594 -0.31269935  0.66291274 -0.33458188
  0.05324077 -0.11745245  0.13153989 -0.03497735  0.03444804 -0.3199881
  0.51572881 -0.32209738  0.03027123 -0.04543942  0.12527426 -0.09135469
  0.03653436 -0.31372581  0.68170129 -0.32209905  0.0469317  -0.10496962
  0.12523083 -0.02667049  0.01561105 -0.30852839  0.49169273 -0.32210072
  0.05634686 -0.05068361  0.13362287 -0.09659888  0.03337816 -0.29391414
  0.62319253 -0.30752824  0.03853465 -0.11963063  0.13144969 -0.02773871
  0.01454284 -0.29604556  0.46974464 -0.30855302  0.03755163 -0.04651097
  0.1273138  -0.08096319  0.03230994 -0.28663041  0.61692523]",0.8382971014492754,0.5668115942028985,0.0013043478260869566,0.930625,0.759264705882353,0.0,0.8382307692307692,0.5663846153846154,0.001346153846153846,0.9300833333333334,0.7568333333333334,0.0,0.8378181818181818,0.5649545454545455,0.0012272727272727272,2.840972816715418e-12
3.6,0.12,5003,0.6583571428571428,0.19534716610722164,0.25821428571428573,0.11386249763353577,3.028220871085678,2.0,0.9808575448206323,0.031717944108221006,0.00045841301468535126,2.0,0.9491656845108862,0.062264000301267206,0.0009578841248665302,8,0.9674569536876676,8,0.9464041231143734,0.006749425707758364,3.0,1.0707938388625593,"[ 1.         -0.90215515  0.84773854 -0.89877382  0.93918103 -0.8965849
  0.84362195 -0.89260736  0.94640412 -0.89161085  0.84336199 -0.88763331
  0.93214025 -0.8860406   0.8346076  -0.88206306  0.94211809 -0.88047034
  0.83058152 -0.87708901  0.922024   -0.87430389  0.82651018 -0.87032635
  0.91694128 -0.86932984  0.8201898  -0.86594851  0.91030017 -0.86375959
  0.81340898 -0.85918585  0.91651188 -0.85640072  0.81195267 -0.85301939
  0.89457999 -0.85083047  0.80099449 -0.84685293  0.88724823 -0.84466401
  0.79931191 -0.84247509  0.88832038 -0.84028617  0.79335751 -0.83690484
  0.88750948 -0.83531212  0.78781829 -0.832527    0.87976647 -0.83153048
  0.78393191 -0.82814915  0.86876302 -0.82596023  0.77673985 -0.8225789
  0.86437096 -0.82098618  0.77326472 -0.81760485  0.87127332 -0.81601213
  0.76969907 -0.8120346   0.85094902 -0.81103809  0.76585795 -0.80706055
  0.84605126 -0.80487163  0.75788473 -0.8020865   0.84496488 -0.79989758
  0.75358317 -0.79651625  0.84833134 -0.79492353  0.74666658 -0.79213841
  0.83310528 -0.79054569  0.74640662 -0.78656816  0.82687541 -0.78497544
  0.73925982 -0.7809979   0.82225312 -0.77940519  0.73381111 -0.77602386
  0.82447243 -0.77383493  0.7305662  -0.7704536   0.81351425 -0.76886089
  0.72208728 -0.76488335  0.80062774 -0.76269443  0.71659331 -0.7593131
  0.80174516 -0.75772038  0.71642387 -0.75374285  0.79932666 -0.75215013
  0.70766948 -0.7487688   0.78804775 -0.74777229  0.70626237 -0.74379475
  0.77952357 -0.74279824  0.7001722  -0.73941691  0.7814674  -0.73782419
  0.69743298 -0.73444286  0.77813198 -0.73225394  0.68927479 -0.7282764
  0.76942284 -0.72727989  0.68593936 -0.72449477  0.75864962 -0.72230584
  0.67819635 -0.71952072  0.75829915 -0.71912041  0.68229872 -0.71514287
  0.76056371 -0.71295395  0.67216695 -0.70957262  0.74189225 -0.7079799
  0.66772963 -0.70519478  0.7440663  -0.70300586  0.66090355 -0.69902832
  0.73205148 -0.6974356   0.65710769 -0.69465048  0.73744071]",0.8084782608695652,0.5934057971014493,0.0014855072463768116,0.9504411764705882,0.8397794117647058,0.003198529411764706,0.8090384615384615,0.5941923076923077,0.0015769230769230769,0.9533333333333334,0.847875,0.0033333333333333335,0.8085909090909091,0.5936363636363636,0.0013181818181818182,9.358925132934409e-16
3.62,0.06,101,0.6756785714285715,0.1407774468472004,0.36300000000000004,0.08457203185113014,0.9322745645707018,2.0,0.6755012112473726,0.1378474777810189,0.0003045805294458146,4.0,0.5900813104635289,0.18281681540779562,0.0005329050846931682,8,0.969325314278259,8,0.9851395130525101,0.007031734500562619,6.0,1.3091190108191655,"[ 1.         -0.20016558 -0.50691833 -0.20311922  0.82759582 -0.19930194
 -0.50342821 -0.2018661   0.98513951 -0.19754948 -0.50230491 -0.20200112
  0.81972597 -0.19668584 -0.49931412 -0.200748    0.97540216 -0.19480356
 -0.49719216 -0.20038369  0.81048795 -0.19443925 -0.49307288 -0.19850141
  0.96403699 -0.1926868  -0.49108075 -0.1981371   0.80211876 -0.19232249
 -0.48945813 -0.19688398  0.95429964 -0.19044021 -0.4878355  -0.19651966
  0.79238141 -0.1900759  -0.48321689 -0.19463739  0.94356362 -0.18819362
 -0.48109493 -0.19427307  0.78264406 -0.18782931 -0.47747498 -0.1923908
  0.93182895 -0.18594703 -0.47585236 -0.19202648  0.77340604 -0.18558272
 -0.47173308 -0.19014421  0.92009427 -0.18370044 -0.47047996 -0.18965007
  0.76429784 -0.18270697 -0.46722951 -0.18763797  0.90861925 -0.18019554
 -0.46560689 -0.1866445   0.7558188  -0.1797014  -0.46372461 -0.18463239
  0.89814289 -0.17718997 -0.46160265 -0.18426808  0.74671061 -0.17682565
 -0.45835221 -0.18225598  0.88653804 -0.17431422 -0.45623025 -0.18189167
  0.73760241 -0.17394991 -0.45211097 -0.18000939  0.87580203 -0.17206763
 -0.44998901 -0.17964508  0.72786506 -0.17170332 -0.44586973 -0.1777628
  0.86406735 -0.16982104 -0.44374778 -0.17739849  0.71812771 -0.16945673
 -0.4396285  -0.17551621  0.85133401 -0.16757445 -0.43750654 -0.1751519
  0.70839036 -0.16721014 -0.43338726 -0.17326962  0.83959934 -0.16532786
 -0.4312653  -0.17290531  0.698653   -0.16496355 -0.42714602 -0.17102303
  0.82786466 -0.16308127 -0.42502407 -0.17065872  0.68891565 -0.16271696
 -0.42090479 -0.16877644  0.81662932 -0.16083468 -0.41878283 -0.16841213
  0.6791783  -0.16047037 -0.41466355 -0.16652985  0.80439531 -0.15858809
 -0.41254159 -0.16616554  0.66944095 -0.15822378 -0.40842231 -0.16428326
  0.79415863 -0.1563415  -0.40630036 -0.16391895  0.6597036  -0.15597719
 -0.40218108 -0.16203667  0.78092596 -0.15409491 -0.40005912 -0.1610432
  0.65009607 -0.15360077 -0.39730801 -0.15916092  0.77031977]",0.648731884057971,0.216268115942029,0.0,0.9501838235294118,0.7559191176470588,0.0,0.649,0.21353846153846154,0.0,0.9524583333333333,0.7705833333333333,0.0,0.6493181818181818,0.2154090909090909,0.0,0.0
3.62,0.06,707,0.63425,0.0712964760699994,0.5010714285714286,0.034052405590950734,0.578823463533764,2.0,0.9105237891896,0.11739312814084236,0.0015471338695151238,4.0,0.47727750894172116,0.4544011346115441,0.029829051553809317,16,0.9181913766846943,8,0.8398302874114117,0.013649707658767595,9.0,1.2092742630580935,"[ 1.         -0.0810046  -0.43526848 -0.124325    0.61185222 -0.12412983
 -0.43520813 -0.06266527  0.83983029 -0.08101592 -0.42295991 -0.11503041
  0.602667   -0.13639502 -0.42283357 -0.06254459  0.82147116 -0.0747353
 -0.4258532  -0.09341594  0.56268209 -0.13332637 -0.43208479 -0.053316
  0.79682009 -0.08405252 -0.42907648 -0.08117337  0.5502849  -0.12724374
 -0.42908214 -0.03189952  0.75971715 -0.08419583 -0.43229976 -0.07207678
  0.54090168 -0.13361299 -0.43853136 -0.03210884  0.75642786 -0.08125917
 -0.42628314 -0.06304618  0.51297264 -0.13998224 -0.42334082 -0.01075836
  0.73465877 -0.09378836 -0.42649245 -0.04778965  0.50358942 -0.14313953
 -0.42341814 -0.00467574  0.70686173 -0.10002561 -0.41424989 -0.04478699
  0.4942722  -0.15560272 -0.40200167  0.00140689  0.70062448 -0.09702296
 -0.40200732 -0.04178434  0.49111492 -0.16177397 -0.39893301  0.00139557
  0.6974672  -0.10634018 -0.39900467 -0.03570171  0.4817977  -0.16178528
 -0.37738454  0.0075442   0.67904207 -0.12161934 -0.35884438 -0.03250106
  0.46651853 -0.17713044 -0.36808995  0.01375882  0.654457   -0.12471062
 -0.36501564 -0.01711253  0.46034728 -0.1832357  -0.34647548  0.0138135
  0.65759165 -0.13396185 -0.35270707 -0.001724    0.44801609 -0.18645898
 -0.35277873  0.03215001  0.63280859 -0.13095919 -0.35586436 -0.00796125
  0.4356189  -0.18345632 -0.35901598  0.03207269  0.62349137 -0.1218626
 -0.35902164  0.00120135  0.42014174 -0.18346764 -0.36518723  0.03822132
  0.59576033 -0.12180791 -0.35903295  0.02274982  0.40473058 -0.18655892
 -0.34671873  0.04744991  0.59266904 -0.12797916 -0.34980436  0.01657856
  0.38931942 -0.1804763  -0.35295598  0.05353254  0.57103195 -0.12196254
 -0.35302764  0.02259519  0.38609614 -0.17747364 -0.34687336  0.05037525
  0.56171473 -0.12197385 -0.34071908  0.0195039   0.37068498 -0.17748495
 -0.3345648   0.05960385  0.54630357 -0.13122507 -0.32841052  0.01647862
  0.36457973 -0.18975015 -0.32835017  0.0628045   0.54635825]",0.7314130434782609,0.3680072463768116,0.0,0.9392279411764706,0.717389705882353,0.0,0.7324615384615385,0.36853846153846154,0.0,0.9420416666666667,0.73675,0.0,0.7328636363636364,0.3710909090909091,0.0,0.0
3.62,0.06,1313,0.60825,0.042202424608749005,0.5631428571428571,0.032050979799726056,0.41941636093996615,2.0,0.4920452017425826,0.42185640730507895,0.008114634822019755,4.0,0.42623751220611417,0.5062709574489395,0.07277875471946747,8,0.8443223028218791,8,0.8696215148487876,0.018143154741577103,407.0,1.1686925585532166,"[ 1.00000000e+00 -3.88408183e-02 -3.86744733e-01 -6.36577059e-02
  6.56679797e-01 -6.23104169e-02 -3.89354509e-01 -5.23609345e-02
  8.69621515e-01 -2.66771864e-02 -3.95440923e-01 -6.88772591e-02
  6.27123785e-01 -4.06307329e-02 -4.17261602e-01 -5.59315684e-02
  8.17377963e-01 -1.98179094e-02 -4.05964831e-01 -6.54946190e-02
  6.09646603e-01 -4.67641449e-02 -4.43340977e-01 -6.81043956e-02
  7.80868677e-01 -1.89980474e-02 -4.19051517e-01 -7.16280311e-02
  5.89606643e-01 -3.55143720e-02 -4.49474389e-01 -7.07611706e-02
  7.64305354e-01 -6.83441558e-03 -4.38177618e-01 -7.68475842e-02
  5.77433816e-01 -2.07879620e-02 -4.59084438e-01 -9.42777677e-02
  7.19928935e-01  9.38720371e-04 -4.47787667e-01 -7.60277223e-02
  5.60870493e-01 -2.58491508e-03 -4.47834665e-01 -9.69345427e-02
  6.82505790e-01  8.71185633e-03 -4.36537894e-01 -8.21611343e-02
  5.37353896e-01  8.66485787e-03 -4.50491440e-01 -1.10021229e-01
  6.48559282e-01  1.64849923e-02 -4.42671306e-01 -9.17711834e-02
  5.13837299e-01  3.38211788e-02 -4.49671578e-01 -9.52948188e-02
  6.42425870e-01  2.42581282e-02 -4.55757992e-01 -9.09513214e-02
  5.00750613e-01  4.94614476e-02 -4.38421805e-01 -1.01428231e-01
  6.15432636e-01  3.89845382e-02 -4.44508219e-01 -1.04038007e-01
  4.98093838e-01  7.02272727e-02 -4.16742122e-01 -1.00608369e-01
  6.02345950e-01  4.32810371e-02 -4.36735083e-01 -1.17124693e-01
  4.78967737e-01  7.89142676e-02 -4.08968986e-01 -1.06741781e-01
  5.78829352e-01  5.01403142e-02 -4.30789665e-01 -1.25085823e-01
  4.52709563e-01  7.69925529e-02 -4.00460789e-01 -1.15616770e-01
  5.63001090e-01  4.21791845e-02 -4.14414336e-01 -1.43476864e-01
  4.38709018e-01  6.99452820e-02 -3.90124875e-01 -1.22664041e-01
  5.59430456e-01  3.86085505e-02 -3.96211289e-01 -1.46133639e-01
  4.39528880e-01  8.21089138e-02 -3.77961243e-01 -1.24406957e-01
  5.43780992e-01  5.77254564e-02 -3.91000931e-01 -1.43486059e-01
  4.21316638e-01  9.51864045e-02 -3.75313664e-01 -1.20845518e-01
  5.19529334e-01  8.21467169e-02 -3.67493529e-01 -1.41752339e-01
  4.05667174e-01  9.34434883e-02 -3.59673395e-01 -1.19111797e-01
  5.08270366e-01  7.43643856e-02 -3.47462765e-01 -1.42581396e-01
  3.95322064e-01  8.65750159e-02 -3.45682045e-01 -1.29456907e-01
  4.90058124e-01  7.00586913e-02 -3.27432000e-01 -1.39933816e-01
  3.83149237e-01  9.17853737e-02 -3.30041776e-01 -1.41629734e-01
  4.67455386e-01  7.87456861e-02 -3.15268368e-01 -1.41676732e-01
  3.70976410e-01  9.69957315e-02 -3.21354782e-01 -1.43372650e-01
  4.58759195e-01  9.43859550e-02 -3.07495232e-01 -1.33903596e-01
  3.67405776e-01  1.03855009e-01 -3.03151735e-01 -1.39076151e-01
  4.38719235e-01]",0.7835869565217392,0.41231884057971013,0.0,0.9714338235294118,0.8513235294117647,0.0,0.7851923076923077,0.41407692307692306,0.0,0.9643333333333334,0.828625,0.0,0.7917727272727273,0.42822727272727273,0.0,0.0
3.62,0.06,2029,0.6524285714285714,0.15293963061366694,0.4474285714285714,0.15399615685636642,1.0203170458535267,2.0,0.964284245840346,0.03454642230741228,0.0001610527328804344,2.0,0.9564437260052535,0.04353856880410293,0.0005123144837518117,4,0.9792713068705884,8,0.9789361831343337,0.006910610715282208,7.0,1.125404240028746,"[ 1.         -0.91470885  0.85180975 -0.91291795  0.96417133 -0.90928113
  0.84926346 -0.90987658  0.97893618 -0.90474926  0.84384805 -0.90386195
  0.95468814 -0.89932929  0.83962968 -0.89903663  0.96673447 -0.89390932
  0.83527621 -0.89360892  0.94235133 -0.889084    0.82985305 -0.88937825
  0.95727453 -0.88484558  0.82670436 -0.88455292  0.93122705 -0.87912441
  0.82070204 -0.88031451  0.94539725 -0.87548839  0.81724442 -0.87459334
  0.92160876 -0.87006842  0.81197186 -0.86976802  0.93396403 -0.86553655
  0.80868032 -0.86493495  0.91110236 -0.86189279  0.80267026 -0.86129893
  0.92465468 -0.85706747  0.79981503 -0.85557776  0.89981974 -0.85194095
  0.79410616 -0.85164055  0.9139822  -0.84711563  0.79094973 -0.84591938
  0.8900431  -0.84169565  0.78325984 -0.8408006   0.90253349 -0.83627568
  0.78130821 -0.83507943  0.87844379 -0.83085571  0.77407012 -0.82996066
  0.89093417 -0.82543574  0.77015295 -0.82394603  0.86864392 -0.81942111
  0.76306545 -0.81882726  0.87978666 -0.8142946   0.76126442 -0.81400194
  0.85599816 -0.80857343  0.75479481 -0.80917662  0.86819509 -0.8037481
  0.75102824 -0.80316199  0.84590484 -0.79773348  0.74379015 -0.79804322
  0.85688923 -0.79231351  0.74107777 -0.7920286   0.83445613 -0.78659234
  0.73399802 -0.78750447  0.84468752 -0.78117237  0.73068325 -0.78148985
  0.82270621 -0.7754512   0.72346065 -0.77725918  0.83445135 -0.77062587
  0.72089887 -0.77124456  0.81096405 -0.7649047   0.71427092 -0.76672043
  0.82270918 -0.75977819  0.7106627  -0.76130046  0.80102907 -0.75465167
  0.7028377  -0.75706979  0.81081641 -0.74923169  0.70209086 -0.75134862
  0.7894375  -0.74381172  0.69290272 -0.7465233   0.80088918 -0.73927985
  0.69155348 -0.74110333  0.77829773 -0.73326523  0.68387134 -0.73627801
  0.78853687 -0.72843991  0.68176136 -0.73026338  0.76654782 -0.72242529
  0.67256548 -0.72514461  0.77723876 -0.71729877  0.67121624 -0.71972464
  0.7558521  -0.71128414  0.66307455 -0.71460586  0.76487871]",0.6950724637681159,0.26615942028985506,0.0,0.9458088235294118,0.7511397058823529,0.0,0.6948076923076923,0.26626923076923076,0.0,0.9496666666666667,0.7651666666666667,0.0,0.695,0.26590909090909093,0.0,0.0
3.62,0.06,3001,0.6666071428571428,0.045179277238981304,0.3613571428571428,0.03310612188285499,1.0602022163180962,4.0,0.3535623793923102,0.5863567079435539,0.01987548323843506,2.0,0.6264242873767536,0.4137015998297381,0.014128363180996771,16,0.6594852224059706,32,0.6974955527344283,0.0034459860727979945,25.0,1.1976799242424243,"[ 1.         -0.47051758  0.37328062 -0.47663078  0.45914718 -0.46067424
  0.42874376 -0.44545785  0.61014656 -0.46860399  0.4182956  -0.45768425
  0.42595679 -0.48986591  0.36696652 -0.45435802  0.69574455 -0.46195154
  0.35251964 -0.45429035  0.38047233 -0.44485092  0.41849862 -0.43467133
  0.57531328 -0.45130036  0.3997551  -0.42008912  0.3886051  -0.43345959
  0.3419089  -0.4207616   0.69749555 -0.43413208  0.32894235 -0.41921362
  0.39599772 -0.41954986  0.38262725 -0.40611172  0.54196031 -0.40718812
  0.37543765 -0.41256116  0.34725471 -0.42845003  0.33714279 -0.41249349
  0.6731781  -0.43489947  0.33469206 -0.41420406  0.36916187 -0.4398686
  0.40466975 -0.40362056  0.53867451 -0.43906077  0.39244335 -0.4176252
  0.36899928 -0.4465483   0.3516301  -0.40778185  0.66811406 -0.45047934
  0.3419221  -0.41349114  0.39846164 -0.43989584  0.41041947 -0.41016491
  0.53064984 -0.43730977  0.38116013 -0.42313147  0.36926997 -0.45783152
  0.35989821 -0.42884075  0.61446959 -0.46354081  0.3386363  -0.41277822
  0.34629749 -0.44895859  0.39883832 -0.398196    0.51403189 -0.4246007
  0.37431785 -0.39664802  0.35013362 -0.43134807  0.35705465 -0.38532436
  0.61162603 -0.41750601  0.31949995 -0.37000198  0.3532296  -0.42247514
  0.38621908 -0.36919415  0.48763827 -0.38508302  0.36169861 -0.38068039
  0.31396433 -0.40560478  0.33066103 -0.38638968  0.5649409  -0.39901999
  0.3054004  -0.37506602  0.33261293 -0.41050623  0.38515376 -0.3604838
  0.46376305 -0.37059572  0.34360035 -0.36619309  0.3179358  -0.40311362
  0.32989363 -0.36108862  0.55439784 -0.40304595  0.29811589 -0.3465064
  0.31155403 -0.41275395  0.36009615 -0.35295584  0.46477389 -0.36632632
  0.33483552 -0.35540657  0.31968681 -0.3998823   0.32986639 -0.35459874
  0.54459492 -0.38352184  0.29157154 -0.36282643  0.30900839 -0.39826664
  0.36480778 -0.35150277  0.44667563 -0.3681318   0.3362886  -0.34743638
  0.29181287 -0.37961804  0.3240622  -0.34085159  0.53153346]",0.6671014492753623,0.18028985507246376,0.0,0.9243014705882353,0.676139705882353,0.0,0.6668846153846154,0.17353846153846153,0.0,0.9267083333333334,0.6898333333333333,0.0,0.6666818181818182,0.17695454545454545,0.0,0.0
3.62,0.06,4099,0.6758571428571429,0.083405084756658,0.3622142857142857,0.054877367923435276,1.4278263165065739,2.0,0.7925319655043543,0.1858237521820152,0.004987451844967998,2.0,0.7995399577786185,0.23223495915780606,0.045450864076719485,16,0.9237310984523363,16,0.8950861135293388,-0.012281561557234193,700.0,1.3376417831706673,"[ 1.         -0.6434663   0.71998132 -0.64360784  0.81054911 -0.64820336
  0.7173264  -0.63914724  0.87045825 -0.63217326  0.70755596 -0.63734818
  0.78212738 -0.63748972  0.70252919 -0.63022604  0.89508611 -0.63453186
  0.6954203  -0.6293232   0.7631659  -0.64103424  0.69276537 -0.62902688
  0.81772485 -0.62650687  0.68476026 -0.63998324  0.74154288 -0.63034772
  0.67825787 -0.6331508   0.84709639 -0.62944488  0.66374375 -0.63846727
  0.70036573 -0.63652667  0.65784788 -0.63458607  0.74812597 -0.62908772
  0.63740416 -0.64583214  0.67521206 -0.6355901   0.63090177 -0.63781378
  0.78432333 -0.63439756  0.61609795 -0.64668801  0.65092749 -0.63586656
  0.61373273 -0.64520576  0.70667236 -0.63467402  0.59950831 -0.64815039
  0.62872507 -0.63909427  0.5977496  -0.64368979  0.73338236 -0.63908765
  0.5782021  -0.6457382   0.60267517 -0.6500169   0.57615369 -0.64275322
  0.65931626 -0.64408068  0.55926773 -0.65252366  0.59588971 -0.64821123
  0.5625424  -0.64540152  0.6949071  -0.64377773  0.54860769 -0.64776674
  0.57958977 -0.64999042  0.55098615 -0.64154081  0.63206658 -0.64257857
  0.54416696 -0.64746379  0.5665579  -0.64997717  0.54269795 -0.63678389
  0.67002927 -0.64522687  0.53321721 -0.63796319  0.55945562 -0.64284841
  0.5370713  -0.6278898   0.61369775 -0.63841492  0.52935589 -0.63589491
  0.55322245 -0.63722237  0.53913957 -0.62344968  0.65756293 -0.63249918
  0.53052794 -0.62167774  0.55023024 -0.63428499  0.53762298 -0.61666484
  0.60742362 -0.62126035  0.53375503 -0.62200841  0.54752772 -0.62038462
  0.54085007 -0.60987999  0.64651801 -0.6079665   0.53489998 -0.61019018
  0.54806616 -0.60442923  0.54020258 -0.60459787  0.60080556 -0.5920111
  0.5345422  -0.60817612  0.542675   -0.59203159  0.53599734 -0.58982839
  0.6369216  -0.58198531  0.53152288 -0.58629112  0.54202751 -0.57726211
  0.53297802 -0.58098852  0.59803497 -0.56631961  0.52939977 -0.58722831
  0.53842878 -0.5666298   0.53293705 -0.56945999  0.62764201]",0.6484057971014493,0.20623188405797102,0.0,0.91625,0.6486029411764705,0.0,0.649,0.2031923076923077,0.0,0.9118333333333334,0.62875,0.0,0.6527272727272727,0.20909090909090908,0.0,0.0
3.62,0.06,5003,0.6377857142857143,0.1399199661905888,0.5054285714285713,0.13258081863296725,0.7027399162592296,2.0,0.9804757255112955,0.02563729689412886,0.00014494739163864437,2.0,0.9836347813260565,0.020389681249561892,4.6464391257654436e-05,4,0.9715884406013405,16,0.97424608012218,0.007007774533854817,3.0,1.0979053529868115,"[ 1.         -0.96597036  0.94452712 -0.96392129  0.97420864 -0.96110362
  0.94494596 -0.95821977  0.97361158 -0.95497369  0.93868192 -0.95272144
  0.96285553 -0.94990377  0.92810699 -0.94701992  0.97424608 -0.94377384
  0.92243044 -0.94131841  0.95150242 -0.9389071   0.92305245 -0.9356169
  0.95070218 -0.93277717  0.91658524 -0.93011856  0.94014931 -0.92707565
  0.90562601 -0.92398863  0.95235258 -0.92137414  0.90053693 -0.91891871
  0.9287962  -0.9165074   0.90115895 -0.9132172   0.92858344 -0.91080589
  0.89507604 -0.90835046  0.91803057 -0.90510437  0.8841168  -0.90222053
  0.92802092 -0.89897444  0.87864343 -0.89651901  0.90608997 -0.89410771
  0.87906227 -0.8908175   0.90587721 -0.88840619  0.87297935 -0.88595076
  0.89532434 -0.88270468  0.8622233  -0.87982083  0.90653377 -0.87657474
  0.85674993 -0.87411932  0.88338375 -0.87170801  0.85696558 -0.8684178
  0.88317099 -0.86600649  0.85088267 -0.86355107  0.87261812 -0.86093658
  0.84091728 -0.85784955  0.88238323 -0.85480664  0.83524072 -0.85214804
  0.86126501 -0.84993991  0.83545638 -0.84644652  0.86084907 -0.84423839
  0.82937347 -0.84157979  0.85049938 -0.83853688  0.81902377 -0.83544985
  0.86089609 -0.83240695  0.81334722 -0.82974834  0.83855879 -0.82754021
  0.8133597  -0.82404682  0.83814285 -0.8218387   0.80727678 -0.81918009
  0.82779316 -0.81613718  0.79713027 -0.81305016  0.83615807 -0.81000725
  0.79145372 -0.80734864  0.81585256 -0.80514051  0.79126302 -0.80164713
  0.81543662 -0.799439    0.7851801  -0.79678039  0.80508693 -0.79373748
  0.77523677 -0.79065046  0.81426456 -0.78760755  0.76956021 -0.78494894
  0.79314634 -0.78274081  0.76916633 -0.77924743  0.7927304  -0.7770393
  0.76308342 -0.77438069  0.78238071 -0.77196938  0.75393075 -0.76867918
  0.79072356 -0.76583945  0.74805101 -0.76297766  0.7710276  -0.76097272
  0.74765713 -0.75727615  0.7702053  -0.7552712   0.74157421 -0.75240941
  0.76026197 -0.74956969  0.73203724 -0.74627948  0.76862688]",0.7245289855072464,0.3594927536231884,0.0,0.9654044117647059,0.8235294117647058,0.0,0.7245769230769231,0.35665384615384615,0.0,0.9655,0.82425,0.0,0.725,0.35959090909090907,0.0,0.0
3.62,0.08,101,0.6219642857142857,0.14744453730685533,0.4077142857142857,0.08471247890147386,0.8161262894631993,2.0,0.8820245237244715,0.10393117270208958,0.0003397567879614028,2.0,0.5451724544531168,0.28466608074923183,0.0038666353909017083,8,0.9494118882116763,8,0.8691698592448805,0.005675977260326112,3.0,1.1161517403206882,"[ 1.         -0.38328536 -0.04265609 -0.38897404  0.72067928 -0.38689327
 -0.04228258 -0.37998646  0.86916986 -0.38188711 -0.04539282 -0.37628279
  0.76928002 -0.37860433 -0.04287503 -0.36905557  0.85820299 -0.3778469
 -0.0482433  -0.35865175  0.71516886 -0.37605715 -0.05334423 -0.36019216
  0.85803143 -0.36863939 -0.04493112 -0.35185583  0.68215065 -0.36122163
 -0.05152508 -0.34344272  0.83810638 -0.37106898 -0.05739102 -0.33793888
  0.69798152 -0.3572582  -0.04691042 -0.32986987  0.78989054 -0.35516132
 -0.05250903 -0.32658709  0.66618902 -0.35984136 -0.05902621 -0.31710184
  0.81012372 -0.35326538 -0.04996185 -0.31110032  0.64235934 -0.34584762
 -0.05356976 -0.30119418  0.76324735 -0.35734157 -0.05958926 -0.30679279
  0.64268545 -0.34031439 -0.04838063 -0.29692362  0.76403418 -0.34254302
 -0.05723263 -0.2885105   0.62555592 -0.34798806 -0.05854269 -0.29927642
  0.74476037 -0.33551675 -0.04928779 -0.28902617  0.61010996 -0.33357343
 -0.05415837 -0.28635482  0.75611216 -0.34299989 -0.05428255 -0.28904416
  0.61051286 -0.33416588 -0.05126709 -0.28197051  0.71777307 -0.33314113
 -0.04293076 -0.2856552   0.61191112 -0.33433744 -0.05434792 -0.28505134
  0.72564113 -0.32860325 -0.04528356 -0.27855215  0.58907679 -0.32822974
 -0.04682398 -0.27852275  0.71333479 -0.32796999 -0.04017122 -0.2819003
  0.5838915  -0.32204526 -0.05208606 -0.27930574  0.71048431 -0.32435068
 -0.04103099 -0.27437636  0.59382704 -0.32290503 -0.04107838 -0.27668178
  0.68232911 -0.32528723 -0.04395826 -0.27324543  0.5730602  -0.31878804
 -0.04186137 -0.27107176  0.7057787  -0.3181074  -0.03635753 -0.26962611
  0.56630509 -0.32121763 -0.04877004 -0.26951993  0.65947679 -0.31613468
 -0.03978247 -0.26011146  0.56984763 -0.30906103 -0.0376088  -0.26524937
  0.67186375 -0.31377804 -0.04795382 -0.25591769  0.54601795 -0.30949991
 -0.04451747 -0.25879756  0.65932706 -0.30981462 -0.03288795 -0.25562854
  0.53367464 -0.30159204 -0.05012366 -0.24955024  0.65904175]",0.7559057971014492,0.2946739130434783,0.0015579710144927536,0.9367647058823529,0.7889705882352941,0.0,0.7561538461538462,0.2935,0.0015769230769230769,0.934125,0.77925,0.0,0.7563181818181818,0.29295454545454547,0.001590909090909091,3.3074911922855003e-09
3.62,0.08,707,0.6034285714285714,0.09083361105867797,0.4962142857142858,0.05046169490872482,0.5410203887671698,2.0,0.8876581092170219,0.1339327317024763,0.0014399723942280808,4.0,0.3460282727241151,0.5132519234531028,0.009801577052007888,16,0.8892841692357139,48,0.680129240673831,0.004321731760761358,3.0,1.06860483002615,"[ 1.         -0.18235755 -0.22573844 -0.14969021  0.42524099 -0.13589318
 -0.28867296 -0.12177757  0.46567038 -0.14876068 -0.20455213 -0.19733504
  0.63156387 -0.15657098 -0.23361307 -0.13814153  0.60250294 -0.1494842
 -0.25306854 -0.13224491  0.48185149 -0.14649887 -0.19969762 -0.18266267
  0.53813371 -0.16325544 -0.23037349 -0.13770705  0.47250029 -0.15455372
 -0.24281621 -0.14874722  0.61132056 -0.13614035 -0.23842834 -0.1512659
  0.56511045 -0.16022825 -0.23025759 -0.14190499  0.43874261 -0.1547564
 -0.24571779 -0.16437794  0.46234141 -0.13083902 -0.21478767 -0.14445583
  0.68012924 -0.1446843  -0.22593403 -0.12916614  0.47942626 -0.15884815
 -0.22466984 -0.13890995  0.39804621 -0.12672786 -0.2134816  -0.1728157
  0.52704863 -0.13798042 -0.21372615 -0.12246226  0.57740207 -0.14761804
 -0.22746523 -0.13318385  0.4879253  -0.1392349  -0.20926424 -0.1614794
  0.45132065 -0.14066961 -0.2008811  -0.12795655  0.49617008 -0.13368903
 -0.23878211 -0.13478908  0.5608676  -0.12077966 -0.20904215 -0.14582925
  0.51164    -0.1547916  -0.21360054 -0.12514174  0.40350531 -0.13518806
 -0.18957697 -0.14599977  0.43443544 -0.11807104 -0.20061714 -0.14010315
  0.59622747 -0.13461522 -0.19622926 -0.12460107  0.45885162 -0.15137179
 -0.21438838 -0.12312449  0.38017048 -0.1248617  -0.19467865 -0.16361821
  0.49686853 -0.12587164 -0.21715161 -0.11207461  0.54851833 -0.13172638
 -0.21988268 -0.117186    0.43541059 -0.13424507 -0.20427441 -0.16501105
  0.44778899 -0.13157832 -0.17485302 -0.12997947  0.41269309 -0.10766094
 -0.22267807 -0.11598613  0.52637366 -0.1104982  -0.184629   -0.15076346
  0.48447739 -0.15940722 -0.19879285 -0.12856721  0.37472776 -0.10646107
 -0.21274432 -0.12709063  0.40317137 -0.10035207 -0.1928222  -0.13662206
  0.61513662 -0.14785854 -0.20537112 -0.12942908  0.41864128 -0.11584444
 -0.21672987 -0.11294922  0.38494793 -0.11166895 -0.1983165  -0.16585351
  0.47640008 -0.13242078 -0.18853081 -0.11560626  0.49859633]",0.7933695652173913,0.42670289855072463,3.6231884057971014e-05,0.9376102941176471,0.7537867647058824,0.0,0.7931153846153847,0.42703846153846153,0.0016923076923076924,0.943375,0.7728333333333334,0.0,0.7926818181818182,0.4244545454545455,9.09090909090909e-05,1.7991635849453057e-09
3.62,0.08,1313,0.5974642857142858,0.03710263962775344,0.5154285714285713,0.04076713362101228,0.2983608229316384,4.0,0.18237128149514323,0.7428217796443218,0.021558274967361884,4.0,0.41758412156923563,0.5868365940433415,0.015197405205663593,12,0.4359728136222568,12,0.6575353125679766,0.0017541969347961688,11.0,1.2228435858329096,"[ 1.          0.02351954 -0.39721162 -0.08730768  0.29499667 -0.02754696
 -0.40827125 -0.02827546  0.42428038 -0.09381558 -0.37998709 -0.00776427
  0.65753531  0.04207455 -0.40229481 -0.0709016   0.36876067 -0.02899539
 -0.39385446 -0.06609601  0.37208044 -0.07576404 -0.36259864  0.01607095
  0.60400918  0.05301622 -0.41714026 -0.06640671  0.33523798 -0.03243311
 -0.35646257 -0.07945563  0.37806116 -0.05903868 -0.37959302  0.03842035
  0.55114614  0.06528408 -0.3812342  -0.08703585  0.3833745  -0.04876439
 -0.36419814 -0.06933669  0.34090371 -0.05751545 -0.3959243   0.05432297
  0.51762344  0.06829314 -0.37111527 -0.11559759  0.39779129 -0.06013472
 -0.35126718 -0.04863276  0.32937374 -0.05185401 -0.39952166  0.03716896
  0.56708616  0.03824556 -0.34247872 -0.09059581  0.36262313 -0.03364711
 -0.35635037 -0.04793226  0.38528324 -0.06685909 -0.37303404  0.03059995
  0.5325811   0.04886796 -0.36326749 -0.08989531  0.38266397 -0.03079768
 -0.34275631 -0.05434164  0.31655498 -0.06682169 -0.36506403  0.02071544
  0.57278501  0.04757917 -0.36307046 -0.04390771  0.31046059 -0.0249766
 -0.32189274 -0.08224029  0.35957092 -0.09042249 -0.37081031  0.03216057
  0.47893273  0.05538954 -0.35526008 -0.05461495  0.34488082 -0.034198
 -0.31524892 -0.08551837  0.3225731  -0.07303404 -0.35127294  0.03450654
  0.49780701  0.03988099 -0.34283258 -0.07375825  0.32937227 -0.03896192
 -0.31438879 -0.09044192  0.31979847 -0.0629151  -0.34033127  0.02329584
  0.50378772  0.04090076 -0.32114628 -0.07785907  0.32808347 -0.03099191
 -0.32212437 -0.07106418  0.345623   -0.0635408  -0.31747841  0.02747146
  0.45209125  0.02210128 -0.35498825 -0.08161606  0.36515609 -0.02978795
 -0.30091697 -0.05415464  0.29525271 -0.06233684 -0.33479205  0.02090244
  0.50850421  0.03123785 -0.3387418  -0.07677735  0.30916176 -0.01619389
 -0.29228386 -0.04618463  0.33545663 -0.04792005 -0.32549585  0.02375187
  0.42324763  0.03408728 -0.33225762 -0.08682148  0.33564938]",0.8049275362318841,0.47231884057971013,0.0,0.9481617647058823,0.7879044117647059,0.0,0.8054230769230769,0.4735,0.0,0.9535416666666666,0.8066666666666666,0.0,0.8048181818181818,0.4727727272727273,0.0,0.0
3.62,0.08,2029,0.6094642857142858,0.15733460298331825,0.42892857142857144,0.1115904273196754,0.8703390533326155,2.0,0.9723036392761163,0.042523581171353825,0.00026408185578263355,2.0,0.9289883055049697,0.09840953184118681,0.0009848529201412239,16,0.9505224127108446,16,0.903121414011639,0.006274448749099603,2.0,1.0097528165461578,"[ 1.         -0.86584421  0.82019169 -0.86316817  0.87035665 -0.86200195
  0.84238953 -0.85858635  0.85244673 -0.85803882  0.84393735 -0.85548364
  0.88750577 -0.85283832  0.81185307 -0.84868318  0.90312141 -0.84558512
  0.80099244 -0.84393543  0.85304417 -0.8419088   0.82651108 -0.83890087
  0.85033496 -0.83704018  0.8185943  -0.83489267  0.86106057 -0.83126607
  0.78983083 -0.82883176  0.88019368 -0.82549197  0.79171052 -0.82470269
  0.8461325  -0.82267606  0.80530418 -0.81909453  0.82585233 -0.81706789
  0.79181722 -0.81508633  0.85034462 -0.81265202  0.77443585 -0.81198361
  0.85906258 -0.80642517  0.7772661  -0.80399086  0.80895461 -0.80093787
  0.78316107 -0.79821676  0.81341555 -0.79635606  0.76176441 -0.79437449
  0.8245939  -0.79012921  0.7602475  -0.78786084  0.82168803 -0.78332875
  0.75516805 -0.78163399  0.79180806 -0.78051284  0.75867844 -0.77795766
  0.81089611 -0.77609697  0.74588596 -0.77440221  0.80027721 -0.77003606
  0.74133505 -0.76891491  0.79682845 -0.76545424  0.74878492 -0.7643331
  0.7817866  -0.76013288  0.73132775 -0.75901173  0.78170371 -0.75407197
  0.7230033  -0.75545628  0.77964392 -0.74949016  0.73066418 -0.74729759
  0.77812701 -0.74400286  0.72578139 -0.74362126  0.74485044 -0.73987379
  0.70225623 -0.73858671  0.7645121  -0.73409969  0.7099929  -0.73474444
  0.77179603 -0.72951787  0.70945728 -0.72823079  0.74704785 -0.72374377
  0.70273279 -0.72410172  0.72978734 -0.72154654  0.69661265 -0.72099901
  0.7610421  -0.71639112  0.68960135 -0.71625126  0.73649058 -0.71090382
  0.68803937 -0.71138264  0.7316078  -0.7075143   0.68213024 -0.70770631
  0.72655908 -0.70321929  0.67564749 -0.70221901  0.7200456  -0.69613203
  0.67298335 -0.69701852  0.71229475 -0.69081067  0.66900606 -0.69124442
  0.72175227 -0.68606292  0.66469689 -0.68682854  0.69597772 -0.68074155
  0.65723285 -0.68253354  0.70141995 -0.67677842  0.65538406 -0.67704624
  0.70198648 -0.67038564  0.65185951 -0.67115126  0.69870367]",0.7808333333333334,0.418731884057971,0.0011231884057971014,0.9242279411764706,0.7500735294117648,0.0006617647058823529,0.7810769230769231,0.41696153846153844,0.0007307692307692308,0.9235,0.7502083333333334,0.0005416666666666666,0.7806363636363637,0.4173181818181818,0.0005909090909090909,1.1288577540045872e-09
3.62,0.08,3001,0.6318928571428573,0.03525148354093393,0.3715714285714286,0.04147755724608239,1.144347650839067,4.0,0.25341625322606376,0.7356025147784641,0.023485872885088098,2.0,0.2835181169379882,0.6130511676599057,0.013770083795995848,48,0.482136310721922,48,0.5525510724580694,0.002231130313637492,4.0,1.0246208390781957,"[ 1.         -0.15904783 -0.12739944 -0.20874766  0.28286467 -0.1745141
 -0.04944824 -0.12456862  0.34689518 -0.17960066 -0.05840198 -0.17919313
  0.53751676 -0.16897528 -0.11449151 -0.18041249  0.45533558 -0.18472626
 -0.08872361 -0.16266366  0.33696773 -0.1657971  -0.08314574 -0.15114267
  0.45851376 -0.16168426 -0.09564045 -0.15207733  0.40360455 -0.16884676
 -0.09360355 -0.16042015  0.42668559 -0.14161383 -0.07854159 -0.17649735
  0.4153712  -0.21105465 -0.09934007 -0.11840996  0.39693336 -0.10404023
 -0.05370835 -0.18072733  0.33164444 -0.1900886  -0.08044996 -0.15675066
  0.55255107 -0.14327655 -0.12497945 -0.15650501  0.33482261 -0.15992315
 -0.09505966 -0.13904088  0.37630245 -0.13505086 -0.06485517 -0.1565831
  0.42519044 -0.17632409 -0.09070116 -0.16907781  0.38660408 -0.16272715
 -0.10498711 -0.12198106  0.34264399 -0.14261767 -0.10771302 -0.13923858
  0.45706656 -0.14265672 -0.07038507 -0.15083766  0.31350269 -0.17383492
 -0.08613605 -0.126861    0.43297277 -0.14155448 -0.10546951 -0.152707
  0.40000332 -0.16740048 -0.09215727 -0.11330311  0.32197403 -0.14342382
 -0.06166808 -0.14301629  0.32547595 -0.14435848 -0.10827351 -0.14305533
  0.50425279 -0.15628379 -0.09646781 -0.12709775  0.28444838 -0.16316159
 -0.07753866 -0.14227932  0.31762444 -0.12937461 -0.08616618 -0.12184362
  0.45280646 -0.15937249 -0.10281278 -0.1375946   0.35076146 -0.13450021
 -0.08921584 -0.135273    0.23772582 -0.14373865 -0.10260617 -0.11662855
  0.47642033 -0.10343914 -0.10590148 -0.14780675  0.29072665 -0.16250023
 -0.07480136 -0.10009909  0.32182676 -0.11804883 -0.11517896 -0.12504946
  0.37250599 -0.12403101 -0.10276234 -0.12093662  0.3226443  -0.10567126
 -0.08025071 -0.12097566  0.29175079 -0.13538444 -0.10760324 -0.11539779
  0.40084116 -0.13631911 -0.10141446 -0.09882929  0.27327391 -0.09927586
 -0.10291852 -0.11576058  0.31446904 -0.13550157 -0.06204961 -0.14873003
  0.3571292  -0.14087283 -0.08105685 -0.0888514   0.32595099]",0.736195652173913,0.22057971014492753,0.0010869565217391304,0.9441911764705883,0.7518014705882353,0.00014705882352941175,0.7360769230769231,0.221,0.0005384615384615384,0.943125,0.7469166666666667,0.000125,0.7363181818181819,0.22095454545454546,0.0007272727272727272,2.601504775238902e-10
3.62,0.08,4099,0.6463214285714286,0.0958134547558165,0.3790714285714286,0.06101400809382605,1.1606479159054266,2.0,0.8770841439832897,0.13470920564982314,0.0019607289205902,2.0,0.5725752495275507,0.4244149461579528,0.009181332661197633,8,0.9014742844614335,32,0.7294123824756142,0.0045160015908173425,3.0,1.1342167129728575,"[ 1.         -0.40003459  0.18717266 -0.42259234  0.49726847 -0.41485204
  0.23870748 -0.41670537  0.67104392 -0.40336513  0.21126208 -0.41017151
  0.58492115 -0.41450137  0.17901986 -0.41059852  0.69169745 -0.38543345
  0.19273797 -0.41910199  0.54065049 -0.40272743  0.18215954 -0.39978394
  0.63903785 -0.38068753  0.21475243 -0.40875613  0.51398277 -0.38950348
  0.16852133 -0.40014731  0.72941238 -0.36786514  0.17672859 -0.3957775
  0.49626179 -0.37708265  0.20124501 -0.39796699  0.60263652 -0.35089282
  0.19945708 -0.38511916  0.51131538 -0.36778523  0.1668133  -0.38458681
  0.65055377 -0.35710145  0.15103649 -0.38253729  0.47976176 -0.33753808
  0.17075611 -0.37392847  0.57759131 -0.32781366  0.17113222 -0.37259299
  0.47627498 -0.33758897  0.16151315 -0.35519366  0.62662416 -0.33210356
  0.1395786  -0.37016735  0.47294444 -0.30390592  0.19479463 -0.35221022
  0.52887451 -0.31145003  0.16311022 -0.35239191  0.46881078 -0.33818139
  0.14940837 -0.34594713  0.60325236 -0.29391991  0.13115504 -0.34445542
  0.40943563 -0.31752786  0.16006671 -0.34376682  0.54827247 -0.30285039
  0.15484289 -0.33243615  0.38691784 -0.32358025  0.12947245 -0.33790529
  0.58331644 -0.28659211  0.13656411 -0.33041208  0.41444315 -0.29261905
  0.16946948 -0.32053141  0.48132777 -0.3079943   0.14409904 -0.32687084
  0.42853738 -0.29266994  0.12624726 -0.3211401   0.55171193 -0.27734558
  0.15596207 -0.32404364  0.38819325 -0.31478617  0.13922589 -0.32199412
  0.52207703 -0.27507618  0.17358127 -0.30986032  0.37727689 -0.2925264
  0.13270479 -0.32755586  0.53802283 -0.27624268  0.1248482  -0.30814873
  0.41464115 -0.29065856  0.17102841 -0.30786169  0.4593042  -0.27341548
  0.15717032 -0.31475892  0.41131061 -0.28479704  0.11877037 -0.30407513
  0.53615857 -0.27426949  0.14944453 -0.32136911  0.36768684 -0.27732926
  0.16421109 -0.31371965  0.47966151 -0.28511869  0.14778739 -0.29672189
  0.37506553 -0.26843341  0.15008224 -0.30306131  0.52757876]",0.7076449275362319,0.24304347826086956,0.00014492753623188405,0.9435294117647058,0.7873897058823529,0.0008088235294117647,0.7073076923076923,0.24046153846153845,0.00011538461538461538,0.9425416666666667,0.7800833333333334,0.0007916666666666666,0.7066363636363636,0.24081818181818182,0.00013636363636363637,2.1455271736494393e-10
3.62,0.08,5003,0.5857142857142857,0.13733895949772726,0.47678571428571437,0.046832038135429965,0.35133579661476655,2.0,0.9549544507189485,0.06457713489695945,0.000924487281966582,2.0,0.4929886064855391,0.43950685259730865,0.020458453935559544,12,0.9434302021164166,48,0.699405973497279,0.00240837699929933,3.0,1.0829007138221933,"[ 1.         -0.32672496  0.09705895 -0.32417023  0.48553982 -0.32423254
  0.08739667 -0.32342251  0.63121339 -0.32261247  0.07924646 -0.31918539
  0.65423504 -0.3192477   0.09476592 -0.31756532  0.63707058 -0.31675529
  0.07457733 -0.31420056  0.51830682 -0.31426287  0.07858181 -0.31258048
  0.69079051 -0.31438749  0.08659909 -0.31357745  0.43663856 -0.31451211
  0.0645495  -0.31282973  0.68652848 -0.31289204  0.09059527 -0.30859261
  0.55886678 -0.31039962  0.0791883  -0.30958958  0.53257176 -0.31052424
  0.04812445 -0.3097142   0.50325261 -0.30977651  0.09609521 -0.30809413
  0.69940597 -0.30902879  0.07404561 -0.30821875  0.43222698 -0.30915341
  0.06089395 -0.30747103  0.59418436 -0.30753334  0.07967017 -0.30585095
  0.512001   -0.30678561  0.07215968 -0.30684792  0.59393511 -0.30778258
  0.0606364  -0.3061002   0.49872471 -0.30616251  0.07528351 -0.30535247
  0.60770157 -0.30628713  0.04910481 -0.30634944  0.41292735 -0.30815644
  0.05537739 -0.30647406  0.66194492 -0.30740872  0.07892244 -0.30572633
  0.48281477 -0.30578864  0.05035932 -0.3067233   0.51764217 -0.30678561
  0.05523616 -0.30335853  0.49408051 -0.30429319  0.08040959 -0.30261081
  0.62835542 -0.30267312  0.06161675 -0.30273543  0.42067046 -0.30279774
  0.06160844 -0.30024301  0.58350019 -0.30030532  0.07724422 -0.2960059
  0.46159598 -0.29694056  0.07636356 -0.29700287  0.57208491 -0.29706518
  0.07147011 -0.29276575  0.47297803 -0.29282806  0.07646326 -0.29027334
  0.53973331 -0.29033565  0.0651726  -0.28865326  0.39404312 -0.28871557
  0.08633324 -0.28441615  0.60095543 -0.28447846  0.08719727 -0.28192373
  0.44311054 -0.28285839  0.07253354 -0.2829207   0.46892369 -0.28298301
  0.07339758 -0.27868359  0.45123582 -0.2787459   0.08327587 -0.27619117
  0.560329   -0.27712583  0.07338097 -0.27544344  0.37957047 -0.27550575
  0.04667885 -0.27120633  0.52297595 -0.27214099  0.06382669 -0.26871391
  0.39281353 -0.26877622  0.05492045 -0.26796619  0.53110123]",0.8286231884057971,0.5302173913043479,0.00039855072463768114,0.9078308823529412,0.6995955882352941,0.0,0.8306923076923077,0.5337307692307692,0.0004230769230769231,0.896875,0.6581666666666667,0.0,0.8373636363636363,0.5430454545454545,0.00045454545454545455,1.765067242059242e-08
3.62,0.1,101,0.5697857142857142,0.13124931486701644,0.4585714285714286,0.07730802424227964,0.32269918326785285,2.0,0.9620319435230347,0.053950124487442755,0.0008954168504937369,2.0,0.8261725247812476,0.20185222097949887,0.0035383194845964665,8,0.9540404763406797,48,0.847919217541891,0.00689099653508981,7.0,1.0721442885771544,"[ 1.         -0.70679578  0.63185834 -0.69178907  0.74187956 -0.69610966
  0.60908022 -0.71087929  0.7897178  -0.6989629   0.60861728 -0.69221981
  0.71874094 -0.68877192  0.60018098 -0.69179492  0.83608576 -0.69352033
  0.60519866 -0.67701115  0.72020537 -0.67286324  0.62167272 -0.68264738
  0.83078904 -0.67820922  0.61204127 -0.66957097  0.70842069 -0.67051099
  0.59573404 -0.68907095  0.80783824 -0.67356911  0.59358082 -0.65994536
  0.68717725 -0.66296837  0.58794458 -0.66020342  0.73501549 -0.67049977
  0.58688407 -0.6546906   0.68456109 -0.64277421  0.59837264 -0.65296812
  0.84791922 -0.65609356  0.59601454 -0.63779165  0.6816376  -0.64709773
  0.57144369 -0.65778678  0.71960731 -0.64348008  0.57376375 -0.64510305
  0.65470865 -0.64035757  0.56542989 -0.64457572  0.76797288 -0.65188419
  0.57213786 -0.6234235   0.66144882 -0.62704407  0.5803483  -0.62646455
  0.75968829 -0.62740457  0.57619747 -0.61816874  0.64628357 -0.62090149
  0.55690236 -0.63288812  0.73554233 -0.61847899  0.55415156 -0.60854314
  0.62732798 -0.61704676  0.55080319 -0.61487939  0.67287836 -0.61730481
  0.54864997 -0.59492232  0.62829728 -0.60462109  0.5708949  -0.61052953
  0.7721403  -0.60240347  0.55339252 -0.58360643  0.61859558 -0.5966004
  0.53828045 -0.60180882  0.64840411 -0.59486085  0.52926364 -0.58741774
  0.59456914 -0.59173834  0.52690553 -0.58878558  0.68522793 -0.58931584
  0.52704017 -0.56334789  0.60808751 -0.58240299  0.53813605 -0.57974048
  0.68759726 -0.58296837  0.52730945 -0.55889558  0.59311008 -0.57726774
  0.51329008 -0.58377375  0.67121979 -0.5771331   0.51303203 -0.55654333
  0.57724481 -0.58048148  0.50550062 -0.55968682  0.61622186 -0.57117832
  0.50643772 -0.54212005  0.57244323 -0.56068002  0.52210932 -0.55653211
  0.69646382 -0.55916242  0.51606332 -0.53428718  0.56513183 -0.55385448
  0.49806581 -0.55527257  0.58857192 -0.54385131  0.48705139 -0.53043245
  0.5374175  -0.55099002  0.49773751 -0.54026879  0.6219981 ]",0.8609782608695652,0.5865217391304348,0.0002536231884057971,0.9452941176470588,0.7936397058823529,0.000625,0.8647692307692307,0.5897307692307693,0.00023076923076923076,0.9425833333333333,0.791125,0.0006666666666666666,0.8686363636363637,0.5923181818181819,0.0005454545454545455,4.248826623705843e-08
3.62,0.1,707,0.5873571428571428,0.09747241891417074,0.4574285714285715,0.06217913555172012,0.4319418778646246,2.0,0.8573166896522101,0.1393606657211253,0.0012081144699847034,2.0,0.7384354137879368,0.2952749705520912,0.007850844724213712,8,0.9193693566733211,16,0.7984713020370675,0.008168769633538133,3.0,1.0611433305716653,"[ 1.         -0.50466551  0.55300336 -0.64142071  0.55573382 -0.63684276
  0.49352756 -0.56062435  0.71717058 -0.53702251  0.49556798 -0.63391938
  0.52933103 -0.6214025   0.55159739 -0.50994448  0.7984713  -0.4990006
  0.55589703 -0.61912838  0.52708288 -0.62221488  0.49152802 -0.52844529
  0.67873321 -0.52756232  0.49315671 -0.61508449  0.52955375 -0.61471355
  0.55445412 -0.48676535  0.77532589 -0.47821793  0.5526623  -0.61497313
  0.51396143 -0.60827321  0.50177471 -0.52004609  0.64135683 -0.50120022
  0.48349271 -0.62119075  0.49217737 -0.59851266  0.54954609 -0.48322242
  0.76487539 -0.46807153  0.55172375 -0.59203153  0.48489876 -0.607776
  0.49765319 -0.51783863  0.62402838 -0.49913     0.48741042 -0.59893536
  0.46889472 -0.59514392  0.54644861 -0.46890597  0.74963196 -0.45731283
  0.54400753 -0.5894493   0.48590799 -0.58210011  0.48268425 -0.49862896
  0.62356489 -0.49299003  0.48048071 -0.58000018  0.47424819 -0.58780571
  0.5334644  -0.46526274  0.70616414 -0.46304431  0.53365733 -0.58714155
  0.4640611  -0.58427385  0.47496803 -0.48509902  0.60041948 -0.46929887
  0.4727645  -0.58005194  0.45295027 -0.58429973  0.51941921 -0.43866311
  0.70953288 -0.44304814  0.52501737 -0.56225216  0.4630856  -0.57245415
  0.47847402 -0.48131855  0.57833506 -0.47277113  0.45834453 -0.57401226
  0.44051504 -0.55886137  0.51700794 -0.45202209  0.66596476 -0.43659672
  0.51946008 -0.54919728  0.44011438 -0.55214654  0.47014549 -0.46853816
  0.56709805 -0.46091449  0.45791799 -0.53882442  0.43002758 -0.5508739
  0.50679497 -0.43082769  0.64914833 -0.42108204  0.50647587 -0.54001158
  0.42606919 -0.52818091  0.44713732 -0.4509015   0.55596134 -0.43325386
  0.43689455 -0.53647972  0.41232436 -0.54271224  0.47814403 -0.40590136
  0.62313139 -0.4092254   0.48429116 -0.50981726  0.42116116 -0.53955515
  0.42744936 -0.43363962  0.52782242 -0.42259545  0.4179931  -0.52198908
  0.40372135 -0.53390132  0.45896809 -0.39644117  0.62072011]",0.826304347826087,0.5076811594202899,0.00039855072463768114,0.9324632352941177,0.7581617647058824,0.00033088235294117646,0.8328846153846153,0.511576923076923,0.0003076923076923077,0.9230833333333334,0.7319583333333334,0.00075,0.8347727272727272,0.5127272727272727,0.0005,2.936344928205425e-08
3.62,0.1,1313,0.5619642857142857,0.03747235375471318,0.5558571428571428,0.033508756089921876,0.22036784150518055,2.0,0.3858658518346915,0.44071548993702386,0.00335900640929771,4.0,0.2192338157989487,0.7247993703695466,0.00891422113712798,24,0.7176993625200736,48,0.5192793658294669,0.0029279463466662134,15.0,1.160626398210291,"[ 1.00000000e+00  3.61983782e-02 -3.33181317e-01 -1.24042681e-01
  1.36732661e-01  7.70005427e-02 -8.84405128e-02  3.55638961e-02
 -1.29131962e-01 -1.06537975e-01 -6.84129898e-02  4.56766623e-02
  2.90548408e-01 -1.13446602e-01 -3.42129446e-01 -1.41863979e-02
  4.28262548e-01  1.07338841e-01 -3.47920277e-01 -5.57103390e-02
  1.19930777e-01  6.12642905e-03 -6.74463627e-02 -1.02370610e-02
  1.71392895e-01 -1.91213165e-02 -8.55874724e-02  2.77569827e-02
  1.93110744e-01 -3.27639802e-02 -3.34603371e-01  6.61236248e-02
  3.97247392e-01 -9.92833644e-03 -3.25235802e-01 -6.12797397e-02
  2.25686555e-01  1.96413447e-02 -7.58238842e-02 -6.63253733e-02
 -2.38203426e-03  7.55037870e-04 -7.56258747e-02  4.20170954e-02
  1.56479346e-01 -1.10372131e-01 -2.98450821e-01  4.18425064e-02
  5.19279366e-01  3.57663716e-02 -3.10975689e-01 -8.23801388e-02
  2.16563836e-01  7.09522944e-02 -8.81273222e-02  8.89173351e-04
 -5.60348243e-02 -7.47901894e-02 -7.83871546e-02  4.52446557e-02
  2.04609576e-01 -8.80602545e-02 -3.07200941e-01  8.01922972e-03
  4.40553419e-01  8.14610797e-02 -3.16917688e-01 -5.61423456e-02
  1.66836963e-01  8.12994472e-03 -7.18042858e-02 -8.97874241e-03
  6.16986340e-02 -7.19352276e-02 -4.65331197e-02  2.97604983e-02
  2.11017856e-01 -4.98447809e-02 -2.84889064e-01  5.25961421e-02
  3.96442787e-01  2.42549717e-02 -3.29221126e-01 -5.04792630e-02
  2.07860557e-01  1.41656259e-02 -8.12996030e-02 -6.86203727e-02
  3.34915990e-02 -2.62405195e-02 -3.61989235e-02  3.01799378e-02
  1.47822908e-01 -1.06305692e-01 -3.00373222e-01  6.81739815e-02
  4.18382065e-01  2.07484947e-02 -3.22812846e-01 -4.61339070e-02
  2.24556192e-01  8.49334905e-02 -6.49765665e-02 -1.09479842e-02
 -4.25759413e-03 -3.85439575e-02 -4.85023615e-02  3.97689370e-02
  1.79676943e-01 -1.09439570e-01 -3.03134502e-01  1.20856691e-02
  3.78197350e-01  6.00817640e-02 -2.96202455e-01 -4.85225883e-02
  1.96721756e-01  3.02682450e-03 -6.77378464e-02 -3.99002163e-02
  4.35000376e-02 -7.03043105e-02 -5.76250802e-02  3.06462183e-02
  1.70926823e-01 -3.23102668e-02 -2.45462113e-01  7.29387770e-02
  3.90967069e-01  3.15021304e-02 -2.93347493e-01 -4.84757473e-02
  1.96395998e-01  1.22432251e-02 -9.94981993e-02 -4.62148141e-02
 -7.71723015e-03 -3.56421548e-02 -4.48553617e-02  3.77996952e-02
  1.33177630e-01 -9.55052151e-02 -2.51404112e-01  6.69967777e-02
  3.88205789e-01  9.65653424e-03 -2.92928053e-01 -3.28979080e-02
  1.77358523e-01  6.35541748e-02 -4.14532123e-02 -3.23272999e-02
  1.25317228e-02 -3.80308361e-02 -3.52663625e-02  3.46658167e-02
  1.52308787e-01 -8.31080951e-02 -2.83537064e-01  5.99369828e-02
  3.81518592e-01]",0.8760144927536232,0.5689130434782609,0.0,0.9399632352941176,0.7830514705882353,0.0,0.876,0.5681538461538461,0.0,0.942,0.7902083333333333,0.0,0.876,0.5693181818181818,0.0,0.0
3.62,0.1,2029,0.5968214285714285,0.1475686410675744,0.3897857142857143,0.07763898005827871,0.5675051661103163,2.0,0.9522206299768324,0.07058321395664013,0.0012901137476256904,2.0,0.8209660196596976,0.21717033604899502,0.016372012127558115,8,0.9430600299040779,4,0.8439547205693919,0.01836319781179727,3.0,1.0247887323943663,"[ 1.         -0.69479328  0.61755128 -0.6895103   0.84395472 -0.6906237
  0.62433289 -0.68640468  0.82525919 -0.68645413  0.61890156 -0.68152157
  0.83760261 -0.68275601  0.61501833 -0.67935885  0.83526748 -0.68177827
  0.62144953 -0.67613218  0.79026023 -0.67748766  0.63687645 -0.67149115
  0.78411537 -0.6705977   0.63191657 -0.66779303  0.7612724  -0.66843498
  0.64166065 -0.66362346  0.79708612 -0.66485789  0.63445184 -0.65720495
  0.75420677 -0.66021687  0.62321663 -0.65291434  0.73408418 -0.65557584
  0.62134025 -0.64661687  0.73386423 -0.65081377  0.6242038  -0.64185481
  0.75723562 -0.64782918  0.61711604 -0.6354363   0.71494876 -0.64271669
  0.61701713 -0.63008174  0.72504326 -0.63913961  0.60980832 -0.62366324
  0.71297348 -0.63497004  0.61007253 -0.62055761  0.729356   -0.63233586
  0.61246463 -0.61567451  0.70318746 -0.62769483  0.61236573 -0.60984849
  0.68412882 -0.6230538   0.58762424 -0.60615037  0.68190202 -0.61982714
  0.59783977 -0.6019808   0.70218991 -0.61565756  0.59679796 -0.59828268
  0.66607004 -0.61042404  0.58958915 -0.59352061  0.65661231 -0.60672592
  0.57361401 -0.58875854  0.66789178 -0.60255634  0.57825504 -0.58246108
  0.67608776 -0.59791532  0.57827717 -0.57817046  0.65181773 -0.59327429
  0.57640079 -0.57234445  0.64176751 -0.5896972   0.55450073 -0.56698989
  0.62448634 -0.58552763  0.55535743 -0.56388426  0.64738627 -0.58383636
  0.5539652  -0.56125009  0.6260787  -0.57753889  0.54438642 -0.55755197
  0.6096321  -0.57431223  0.53552118 -0.5527899   0.63157643 -0.57014265
  0.5407547  -0.54649243  0.65043726 -0.56550162  0.51766965 -0.54220182
  0.62569578 -0.56192454  0.52598667 -0.53637581  0.62263441 -0.55728351
  0.48559832 -0.53102125  0.62561901 -0.55417788  0.48751897 -0.52673064
  0.6366691  -0.5536716   0.4961991  -0.52338293  0.6248414  -0.54855912
  0.46481917 -0.51862087  0.61905965 -0.54545349  0.45701787 -0.51220236
  0.61718327 -0.54234786  0.47671327 -0.5083832   0.62645589]",0.8084420289855072,0.5534782608695652,0.002101449275362319,0.9445955882352941,0.8203308823529412,0.0021323529411764706,0.8191538461538461,0.5585384615384615,0.0028461538461538463,0.9254166666666667,0.77825,0.0022916666666666667,0.8360454545454545,0.5676818181818182,0.002681818181818182,5.16391965283718e-08
3.62,0.1,3001,0.6018214285714285,0.05327895160073507,0.38971428571428574,0.04425482793908895,0.6347621937750693,2.0,0.4771062885171504,0.4738485890032612,0.01015908201391117,2.0,0.5466963487952994,0.48416327610608306,0.04020105190848378,8,0.7372343345405746,16,0.6694507280852443,0.022873963552764522,398.0,1.1505693800084353,"[ 1.         -0.377242    0.29959766 -0.31866721  0.53430775 -0.3261158
  0.25042792 -0.35652043  0.53072707 -0.36509442  0.27382555 -0.34953487
  0.52457257 -0.29610773  0.31508368 -0.36663074  0.66945073 -0.32409288
  0.28892209 -0.33041607  0.48828633 -0.31051122  0.25326756 -0.34311456
  0.52664759 -0.33087909  0.28031231 -0.33757742  0.50445616 -0.28377515
  0.31062906 -0.32914342  0.61758349 -0.35262894  0.29176173 -0.32467957
  0.45975027 -0.30402446  0.27761481 -0.35303986  0.47258166 -0.31892164
  0.27912969 -0.3259951   0.43617686 -0.28238394  0.30290246 -0.32228152
  0.5460322  -0.33080341  0.28001286 -0.30140562  0.45347209 -0.3121262
  0.2844767  -0.31737609  0.4597595  -0.31130948  0.26850623 -0.28958107
  0.44706101 -0.27112465  0.28278605 -0.32561074  0.55326922 -0.31847083
  0.27775694 -0.30950736  0.40342842 -0.29324963  0.24462414 -0.31453646
  0.45530488 -0.32160992  0.26222805 -0.29038856  0.42254721 -0.26683659
  0.29511863 -0.32459466  0.49957842 -0.3415362   0.25908896 -0.30811615
  0.39570181 -0.30644693  0.26972166 -0.3047777   0.45412226 -0.31329959
  0.24318494 -0.31490236  0.41954103 -0.28625483  0.27022969 -0.32395372
  0.48525573 -0.33762327  0.25678094 -0.32501267  0.41672497 -0.2981887
  0.2692372  -0.32639465  0.40842388 -0.32654899  0.24452404 -0.30299701
  0.39390183 -0.28309217  0.26974524 -0.30802612  0.46653565 -0.33918102
  0.26289257 -0.30940809  0.39440987 -0.29132681  0.27062841 -0.31845945
  0.40579283 -0.32333422  0.22038537 -0.28664217  0.4095064  -0.26673733
  0.26566576 -0.31248073  0.45843391 -0.32395158  0.23253295 -0.30694359
  0.39467567 -0.28923744  0.23769496 -0.31894391  0.38852117 -0.30595818
  0.21952578 -0.28128081  0.37474939 -0.2617511   0.25461506 -0.30272198
  0.43027298 -0.31199413  0.23172546 -0.28114791  0.37890455 -0.26489018
  0.21790158 -0.30918516  0.39425767 -0.30424394  0.19753371 -0.30182446
  0.38338275 -0.27682405  0.2103651  -0.301758    0.42941339]",0.7965579710144928,0.4415217391304348,0.00032608695652173916,0.9334191176470589,0.7606985294117647,0.0005514705882352941,0.8033076923076923,0.4431538461538462,0.0001923076923076923,0.9170833333333334,0.7216666666666667,0.00025,0.8157272727272727,0.44686363636363635,0.00022727272727272727,8.287630546521722e-09
3.62,0.1,4099,0.5849642857142857,0.08737132667236888,0.39285714285714285,0.04749865733870372,0.5309457233276975,2.0,0.8774981178660372,0.16276546377123507,0.001817150206803621,2.0,0.5313849219528396,0.4617143304885847,0.014872916799292075,12,0.8681238075712626,16,0.6577825159914716,0.002200546051539085,3.0,1.0712894429294897,"[ 1.         -0.35213543  0.12295665 -0.3929056   0.55369258 -0.37148672
  0.1431802  -0.35187698  0.60421916 -0.35510758  0.14712154 -0.38276152
  0.65112748 -0.39413323  0.11284487 -0.34105447  0.65778252 -0.34948633
  0.17648769 -0.36289333  0.53146605 -0.38082316  0.14198488 -0.34515733
  0.63490987 -0.37552497  0.15678103 -0.34483427  0.5085934  -0.39057957
  0.18469342 -0.32461071  0.60344382 -0.36402404  0.15539187 -0.35707825
  0.56894101 -0.37975706  0.1679266  -0.32419073  0.49735091 -0.3595335
  0.20284939 -0.3159527   0.47076307 -0.401499    0.17987982 -0.32150934
  0.62689798 -0.3880597   0.16505137 -0.33656393  0.46281579 -0.37529883
  0.22168379 -0.30684241  0.44663048 -0.37542805  0.17135104 -0.31579117
  0.51841442 -0.40947858  0.18094592 -0.29353234  0.50426439 -0.37003295
  0.21292886 -0.30768237  0.4139045  -0.37920786  0.20352782 -0.30600246
  0.5010661  -0.36983912  0.17807069 -0.29211087  0.40595723 -0.38557214
  0.22090844 -0.28387284  0.47909802 -0.36783614  0.18188279 -0.29937972
  0.47444595 -0.36773923  0.1878594  -0.28390515  0.40760483 -0.34140983
  0.2098921  -0.28380823  0.39684693 -0.36912838  0.17086645 -0.28009304
  0.53195064 -0.35139239  0.15535957 -0.30215804  0.39591006 -0.34677263
  0.19797118 -0.26881825  0.40392195 -0.33242877  0.17432319 -0.28296828
  0.45761452 -0.36874071  0.17735995 -0.26907669  0.46856626 -0.32906894
  0.17451703 -0.27644246  0.36124572 -0.33417329  0.18976546 -0.26594301
  0.45903599 -0.32797054  0.18511339 -0.26132325  0.37161595 -0.34415584
  0.19425599 -0.24426568  0.4316405  -0.32528914  0.16585902 -0.27560251
  0.43806939 -0.3299412   0.17025263 -0.24294114  0.36647929 -0.30180267
  0.20517542 -0.24895005  0.34916327 -0.33494863  0.15597338 -0.2443303
  0.47273373 -0.32218776  0.14973832 -0.24287653  0.36337792 -0.29721522
  0.21586871 -0.22559282  0.33158881 -0.29576145  0.16824966 -0.236803
  0.41513213 -0.32551528  0.16382374 -0.22087614  0.37429734]",0.8304710144927536,0.4767028985507246,0.0009420289855072464,0.9235294117647059,0.7366911764705882,0.0005147058823529412,0.8365384615384616,0.48184615384615387,0.0009615384615384616,0.9125,0.711,0.0009583333333333333,0.849,0.4970909090909091,0.001409090909090909,3.7977559508701425e-08
3.62,0.1,5003,0.5938214285714285,0.1625363813276955,0.4658571428571428,0.12328240353111292,0.40435558718820513,2.0,0.9669470783960769,0.042280703698742456,0.0004880506195170772,2.0,0.9562349115805482,0.05919711121432216,0.002165422668033189,8,0.9725314148310015,8,0.9540519955197512,0.006516239262159284,3.0,1.0411877394636015,"[ 1.         -0.91827913  0.88285577 -0.91684197  0.95368798 -0.91469985
  0.87906459 -0.90942841  0.954052   -0.90705131  0.87394943 -0.90553962
  0.94736647 -0.90214805  0.8678084  -0.89820058  0.94037143 -0.89605846
  0.86379364 -0.89400228  0.92671089 -0.89014075  0.85608224 -0.88573472
  0.93920818 -0.88382759  0.85182108 -0.88262541  0.91599919 -0.87930837
  0.84835082 -0.87552136  0.91393883 -0.87267428  0.84213526 -0.8703086
  0.90951722 -0.86621208  0.83324893 -0.86351405  0.89962784 -0.86035747
  0.82946916 -0.85955074  0.89184191 -0.85505877  0.81996382 -0.85166721
  0.89690563 -0.84811518  0.81531863 -0.8488674   0.88067166 -0.84414045
  0.81262785 -0.84137932  0.87241576 -0.83806228  0.80554687 -0.83749053
  0.87371972 -0.83252859  0.79996175 -0.830461    0.86007059 -0.82737894
  0.79124729 -0.82595319  0.85564897 -0.82059581  0.78792608 -0.81821871
  0.85985868 -0.81568115  0.78156147 -0.81479989  0.84189389 -0.80936798
  0.77760983 -0.80691636  0.83426842 -0.80289436  0.77068931 -0.80193858
  0.83407653 -0.79728616  0.76604413 -0.79717296  0.82356814 -0.79416543
  0.75897457 -0.79320965  0.81860203 -0.78707279  0.75447843 -0.78571015
  0.82257675 -0.78192314  0.74811382 -0.78229133  0.80414199 -0.77615447
  0.74518805 -0.77502682  0.80130215 -0.77100482  0.73654812 -0.77028403
  0.79876042 -0.76438215  0.73393186 -0.76294499  0.78777064 -0.75899752
  0.72787677 -0.75796721  0.77935428 -0.75183035  0.71922542 -0.75086316
  0.78434347 -0.7466807   0.71654605 -0.74829834  0.76559919 -0.74067705
  0.71165447 -0.73940035  0.76032358 -0.7346734   0.70426399 -0.73520205
  0.75888224 -0.72758076  0.70063326 -0.72762803  0.75000733 -0.7221216
  0.69425724 -0.72210576  0.74025558 -0.71502896  0.68851166 -0.7150017
  0.74712465 -0.70879032  0.6811957  -0.71064295  0.72657502 -0.70349162
  0.67669956 -0.70331532  0.72332833 -0.69710394  0.66945813 -0.69833754
  0.72196152 -0.69048127  0.66190718 -0.69053995  0.71237023]",0.8131159420289855,0.5581884057971015,0.0005797101449275362,0.9548529411764706,0.8351838235294118,0.00014705882352941175,0.819,0.5615769230769231,0.0008076923076923077,0.9449583333333333,0.8085416666666667,0.0002916666666666667,0.8266818181818182,0.5703636363636364,0.001090909090909091,2.3155238696569026e-08
3.62,0.12,101,0.6133928571428572,0.17724606368502724,0.34514285714285714,0.14761671273115054,1.1619727316079247,2.0,0.9825438614536811,0.02736487418345435,0.0002765213325807994,2.0,0.9831009523809523,0.028846767231278662,0.00042062466544143294,8,0.9717022183935364,8,0.9626350403949153,0.006917641650056112,3.0,1.0029057700290578,"[ 1.         -0.96529004  0.9614652  -0.96186722  0.95018506 -0.95939594
  0.9580331  -0.95692466  0.96263504 -0.95445337  0.95315777 -0.95245786
  0.94268119 -0.94951081  0.94744703 -0.94703953  0.9549832  -0.94409247
  0.94383511 -0.94066965  0.93152382 -0.9377226   0.93561815 -0.93525132
  0.94595649 -0.93278004  0.92923591 -0.92935721  0.91662867 -0.92688593
  0.92450855 -0.92536619  0.93288012 -0.92194337  0.91745479 -0.91804477
  0.90497961 -0.91509772  0.91433456 -0.91310221  0.9246729  -0.91015516
  0.90973926 -0.90625657  0.89531324 -0.90330951  0.89907977 -0.90083823
  0.90873068 -0.89789118  0.89530396 -0.89446836  0.88528723 -0.89152131
  0.88823428 -0.88857425  0.89609824 -0.8856272   0.88347508 -0.88220438
  0.87265479 -0.8797331   0.88104228 -0.87821335  0.88612    -0.8752663
  0.87449614 -0.87184348  0.86316823 -0.86889643  0.86531172 -0.86690092
  0.87401109 -0.86395386  0.86106014 -0.86148258  0.84978    -0.8590113
  0.85815157 -0.85654002  0.8666552  -0.85311719  0.85388406 -0.85017014
  0.83862263 -0.84674732  0.84501152 -0.84475181  0.85223581 -0.84228053
  0.83979247 -0.83933347  0.83175843 -0.83638642  0.83291853 -0.83486668
  0.84015875 -0.83191963  0.82915864 -0.8284968   0.81982934 -0.82602552
  0.82574246 -0.82355424  0.83227932 -0.82060719  0.81918039 -0.81718437
  0.80818028 -0.81423731  0.81227461 -0.81176603  0.81818773 -0.80929475
  0.80789097 -0.80682347  0.7957595  -0.80387641  0.80267192 -0.80235667
  0.8110435  -0.79988539  0.79974744 -0.79693834  0.78910696 -0.79446705
  0.79223383 -0.79247154  0.79747544 -0.78952449  0.78747463 -0.78657744
  0.77781754 -0.78363038  0.78109239 -0.7811591   0.78569433 -0.77821205
  0.77521775 -0.775265    0.76816709 -0.77279371  0.77211344 -0.77127397
  0.77868215 -0.76785115  0.76587917 -0.76442833  0.75522278 -0.76100551
  0.75833373 -0.75853422  0.76373923 -0.75606294  0.7550496  -0.75168858
  0.74190291 -0.74874153  0.74765213 -0.74627025  0.75272984]",0.8480797101449276,0.643695652173913,0.0,0.9476102941176471,0.7894485294117647,0.0,0.8485384615384616,0.6436538461538461,3.846153846153846e-05,0.948875,0.7934583333333334,0.0,0.8480909090909091,0.6435454545454545,4.545454545454545e-05,4.839859773275378e-12
3.62,0.12,707,0.6257142857142857,0.10480180517217695,0.31785714285714284,0.057343398104075155,2.2278847900629013,2.0,0.9264481729172707,0.09760267544283512,0.0017597540082169112,2.0,0.6983006208570816,0.293185939787115,0.009013145804345556,16,0.9100302934784409,16,0.7752078022830541,0.004693148730104851,3.0,1.029615918556224,"[ 1.         -0.55359082  0.34665854 -0.53827441  0.74692453 -0.5445251
  0.33074366 -0.54806051  0.74722376 -0.54244154  0.35703203 -0.5434944
  0.71556023 -0.51436884  0.34678045 -0.53962651  0.7752078  -0.53253353
  0.32892608 -0.53211238  0.73415715 -0.52036462  0.33822454 -0.53623518
  0.74640364 -0.50850604  0.33852377 -0.52290258  0.69743988 -0.49843179
  0.33990912 -0.52803391  0.70386789 -0.51263992  0.33252798 -0.50391777
  0.67841073 -0.48852377  0.32553474 -0.50982489  0.71268979 -0.49660313
  0.32723041 -0.49796631  0.68032805 -0.49203702  0.29525657 -0.50426133
  0.6972293  -0.48452289  0.32084673 -0.48301563  0.66525546 -0.48391333
  0.31424138 -0.48636263  0.66920093 -0.48834645  0.30616203 -0.47233182
  0.63249474 -0.47540175  0.28978167 -0.47389449  0.68197939 -0.46571539
  0.27122908 -0.46203591  0.6236285  -0.45711515  0.28347556 -0.46173667
  0.66302782 -0.45681591  0.29533415 -0.45383464  0.6014186  -0.44821567
  0.272825   -0.4615261   0.63678377 -0.45520891  0.27770143 -0.43997008
  0.59464701 -0.42457608  0.26527762 -0.45060955  0.62132328 -0.42427685
  0.26379253 -0.44666408  0.58973734 -0.42079685  0.2651003  -0.45117478
  0.5986479  -0.43725479  0.27145074 -0.43248919  0.58762053 -0.41205253
  0.26554361 -0.44421478  0.59909121 -0.41974399  0.27197163 -0.4323562
  0.57107392 -0.40757509  0.25116923 -0.43469467  0.57711404 -0.42217112
  0.26993239 -0.42244819  0.55530311 -0.416131    0.25494847 -0.42222653
  0.55591267 -0.41699546  0.26564336 -0.40167904  0.54922975 -0.40412834
  0.25826222 -0.4123961   0.56395877 -0.41003546  0.26538845 -0.40379586
  0.53919982 -0.40221102  0.25761942 -0.41047878  0.55532528 -0.40780782
  0.25714286 -0.4000942   0.53056633 -0.40541394  0.23308212 -0.39847612
  0.55863903 -0.40705419  0.25712069 -0.39685803  0.53783664 -0.39814363
  0.25734235 -0.40858362  0.54131664 -0.38923307  0.24096199 -0.40580184
  0.53137537 -0.38179652  0.23063283 -0.39293472  0.56565444]",0.8242391304347826,0.5022101449275362,0.00039855072463768114,0.9248161764705882,0.7429411764705882,0.0004411764705882353,0.8271153846153846,0.5033461538461539,0.0003076923076923077,0.9218333333333333,0.7330416666666667,0.0002916666666666667,0.8284090909090909,0.5022727272727273,0.0001818181818181818,4.579193031273345e-14
3.62,0.12,1313,0.6428571428571428,0.04164965639175216,0.32821428571428574,0.03991540800140176,2.561460249335786,4.0,0.3710249982092973,0.5887987505804858,0.00883451683005353,2.0,0.620998012806359,0.40492967058271273,0.023797856873982746,24,0.6969327731092437,16,0.7291929046056016,0.01576107170244053,3.0,1.0048108462715941,"[ 1.         -0.52696467  0.4105811  -0.34779819  0.39248556 -0.34893752
  0.40830243 -0.53934913  0.70978099 -0.53922356  0.40504706 -0.34436577
  0.36580029 -0.32280076  0.40529821 -0.51545398  0.7291929  -0.51757002
  0.40204284 -0.34064515  0.37078582 -0.32804659  0.40453561 -0.53190789
  0.71946384 -0.52729908  0.39903862 -0.35037421  0.38318469 -0.33260393
  0.39773666 -0.51180747  0.72835619 -0.51041699  0.39126297 -0.33797534
  0.38242209 -0.34204479  0.39502064 -0.5010738   0.66161007 -0.50094823
  0.38728204 -0.34195627  0.37269302 -0.31366641  0.39425804 -0.50183641
  0.68326361 -0.49176767  0.38525453 -0.3305341   0.36169905 -0.33489175
  0.38648238 -0.49840399  0.65433672 -0.50052003  0.37426055 -0.3146287
  0.35967153 -0.31800965  0.38094834 -0.49721319  0.65426261 -0.46346341
  0.37320974 -0.33361243  0.33620458 -0.32003717  0.37892082 -0.49924071
  0.66246646 -0.48917198  0.36543408 -0.31673033  0.34733854 -0.30568489
  0.37309857 -0.49161328  0.63549298 -0.47774981  0.36564818 -0.31875785
  0.30496197 -0.30518259  0.37808411 -0.49111097  0.61777417 -0.47109908
  0.35884923 -0.29417421  0.29942793 -0.30428     0.36777863 -0.47675869
  0.61994167 -0.45967691  0.35233848 -0.30292656  0.29837712 -0.30630751
  0.36799273 -0.46981976  0.62015577 -0.4732007   0.34553953 -0.28955099
  0.31077599 -0.31632478  0.36245868 -0.45069604  0.58099752 -0.46499685
  0.34926015 -0.29928005  0.27190594 -0.2866815   0.35623615 -0.46812665
  0.56580852 -0.45104487  0.32958793 -0.29205291  0.30350264 -0.30693013
  0.35392042 -0.44578462  0.55228473 -0.45238389  0.34169859 -0.28666709
  0.29222046 -0.29131295  0.36057115 -0.45034196  0.56692521 -0.45216979
  0.33070462 -0.26852008  0.26806501 -0.31196187  0.35561353 -0.42615861
  0.53604492 -0.44718426  0.33344854 -0.28370907  0.25609433 -0.29479156
  0.34812608 -0.45606219  0.53177579 -0.42806055  0.31894804 -0.26234374
  0.26527488 -0.29681908  0.34609856 -0.4244655   0.51308027]",0.8644202898550725,0.5605434782608696,0.0,0.9377941176470588,0.7513970588235294,0.0,0.8666153846153846,0.5645,0.0,0.9354166666666667,0.7440416666666667,0.0,0.8691818181818182,0.5687727272727273,0.0,0.0
3.62,0.12,2029,0.6365357142857143,0.1372756564994207,0.2840714285714286,0.08159040935035922,2.335772191566183,2.0,0.9664892169571035,0.0526166533238064,0.000682836601324987,2.0,0.9338067898601529,0.09840820465013261,0.004265291148453523,8,0.9420318519781198,16,0.9007560231970642,0.00595480647236152,3.0,1.0025207965717167,"[ 1.         -0.86634133  0.87505924 -0.87110775  0.86975633 -0.86709561
  0.85838109 -0.86703359  0.88258527 -0.86392353  0.85548084 -0.85615595
  0.84249612 -0.85341147  0.85365357 -0.84618038  0.90075602 -0.8427285
  0.84948566 -0.84964088  0.8397199  -0.84170239  0.83210011 -0.83822675
  0.87008219 -0.83387279  0.82883427 -0.83344519  0.82175097 -0.83016422
  0.83059154 -0.82310404  0.86052623 -0.81821359  0.82393584 -0.82422391
  0.80826866 -0.82004086  0.80852535 -0.81656522  0.83380252 -0.80701725
  0.80562509 -0.80873562  0.79066532 -0.80313776  0.80145719 -0.80073511
  0.84158524 -0.80157517  0.79531422 -0.80439028  0.78303691 -0.79825594
  0.79078073 -0.79282899  0.81354635 -0.79169399  0.78536892 -0.78751095
  0.77111655 -0.78798542  0.78066452 -0.78416796  0.81684246 -0.78286204
  0.77754584 -0.78657924  0.76382996 -0.7731049   0.76818392 -0.77572535
  0.79524148 -0.76725036  0.76599107 -0.77255327  0.75495765 -0.7680284
  0.76360355 -0.76367445  0.78744215 -0.75985698  0.75282682 -0.76264834
  0.74215898 -0.75936737  0.74114802 -0.75269653  0.77105895 -0.74834257
  0.74232127 -0.75313275  0.73306825 -0.74575451  0.74456752 -0.74193704
  0.7700156  -0.73902165  0.73537651 -0.74254417  0.72095322 -0.73748281
  0.72672199 -0.73473833  0.74770722 -0.73467631  0.72201759 -0.73695494
  0.71812948 -0.72313879  0.72748279 -0.72432067  0.75866137 -0.72140527
  0.7224128  -0.72617169  0.70513615 -0.71859878  0.710734   -0.71692728
  0.72903676 -0.71793825  0.70495661 -0.71341338  0.69714215 -0.70979059
  0.70791026 -0.70187586  0.73121237 -0.70020436  0.69891392 -0.7103357
  0.69253803 -0.69686137  0.69045407 -0.69877442  0.7133906  -0.69405488
  0.6848476  -0.69489493  0.68025209 -0.69627148  0.69104396 -0.68333365
  0.7046892  -0.68595409  0.67882866 -0.68911103  0.6697703  -0.68046513
  0.67180738 -0.67789157  0.68652561 -0.67370852  0.65832443 -0.67688922
  0.66499527 -0.67021838  0.66415521 -0.66498611  0.69513913]",0.8273550724637682,0.618840579710145,0.0002536231884057971,0.9248161764705882,0.7699632352941177,0.0008455882352941176,0.832,0.6214615384615385,0.00046153846153846153,0.918875,0.755625,0.000625,0.8379090909090909,0.6235909090909091,0.0003636363636363636,2.86693010034645e-14
3.62,0.12,3001,0.6173214285714286,0.04074051473430751,0.3340714285714285,0.04832769730217459,1.1889978881395191,7.954545454545454,0.1127218560521964,0.8027654720998026,0.04407632200766364,2.0,0.47000648400056133,0.4985964956010731,0.09617539996892083,16,0.46493510485595174,16,0.6758408399458614,0.05229024188166319,3.0,1.0288165420149582,"[ 1.         -0.1765578   0.22441115 -0.19883113  0.54313802 -0.20581297
  0.23032641 -0.18881556  0.58992087 -0.20386257  0.24603915 -0.19451091
  0.53932535 -0.18717555  0.24131808 -0.17831104  0.67584084 -0.17146282
  0.23458073 -0.21465708  0.52272462 -0.17833561  0.22569164 -0.19497948
  0.66014668 -0.16574889  0.23369091 -0.22520893  0.50814018 -0.18576144
  0.21673666 -0.17488064  0.63798422 -0.18791135  0.21048645 -0.20406808
  0.4961269  -0.19520357  0.23433207 -0.20260483  0.62200607 -0.18706886
  0.20931265 -0.22922112  0.46944472 -0.173995    0.21779906 -0.21510525
  0.58907185 -0.15834998  0.23497323 -0.23921811  0.49155985 -0.18753743
  0.1813194  -0.21182705  0.62703334 -0.19170363  0.17868235 -0.22926844
  0.45820621 -0.18877895  0.20148596 -0.21306856  0.56615502 -0.18939971
  0.1998232  -0.24892747  0.44515092 -0.1891139   0.20219302 -0.2245947
  0.56839122 -0.18257606  0.19086822 -0.23744865  0.44029624 -0.16693104
  0.17085566 -0.24474087  0.53392785 -0.1777687   0.17426749 -0.25710768
  0.43134126 -0.19270666  0.16085868 -0.1925299   0.57397335 -0.19026912
  0.16941281 -0.24820002  0.3979199  -0.17517897  0.18909041 -0.22748041
  0.51351445 -0.208399    0.15024093 -0.24651868  0.39966895 -0.19226684
  0.15163646 -0.2231602   0.48162223 -0.17300867  0.18208582 -0.26610998
  0.39481428 -0.18287204  0.15846011 -0.22599859  0.53077491 -0.21407577
  0.11655233 -0.24809515  0.39044674 -0.19182702  0.14443054 -0.22070409
  0.45557938 -0.20106781  0.14026434 -0.2681736   0.36473884 -0.19765599
  0.13755957 -0.21582901  0.46142874 -0.19577331  0.13381279 -0.26447597
  0.34035693 -0.17769258  0.1310403  -0.23763976  0.43808884 -0.20583802
  0.11714434 -0.24694827  0.35642319 -0.1922093   0.11193614 -0.20169457
  0.43837647 -0.21013784  0.10978623 -0.27724362  0.30923949 -0.18587279
  0.12793468 -0.23511593  0.42837948 -0.20741449  0.10792213 -0.26284195
  0.33288377 -0.1652868   0.11487939 -0.22933429  0.40107471]",0.7903985507246377,0.46644927536231884,3.6231884057971014e-05,0.9329779411764706,0.7526470588235294,3.676470588235294e-05,0.7946538461538462,0.46957692307692306,0.00011538461538461538,0.9255416666666667,0.72975,4.1666666666666665e-05,0.8048636363636363,0.4724090909090909,0.0006818181818181819,1.7653141110617327e-09
3.62,0.12,4099,0.6422142857142857,0.07068610549608799,0.2895,0.06552344182482654,1.905257510729614,2.0,0.7916504207487106,0.26889962151346786,0.00559315118067589,2.0,0.6451383857411969,0.3189531963971751,0.00605933316032361,8,0.7475314143224597,24,0.7520996897174183,0.00518631770205689,3.0,1.0494562402900052,"[ 1.         -0.46178375  0.19735952 -0.47280436  0.73317661 -0.47055684
  0.21669487 -0.47842471  0.70194338 -0.46221033  0.21256353 -0.47607588
  0.70477469 -0.47667332  0.18978197 -0.46059203  0.72809463 -0.45668081
  0.21494031 -0.46704425  0.72063587 -0.46396488  0.2008267  -0.44621988
  0.75209969 -0.44865572  0.19783501 -0.44137548  0.6912274  -0.45212989
  0.22198681 -0.45732749  0.68959164 -0.45608653  0.19390632 -0.44998752
  0.68130102 -0.45820477  0.17830368 -0.44728931  0.70313194 -0.43024307
  0.1904601  -0.44043182  0.69400947 -0.44002271  0.20432183 -0.44071165
  0.68707478 -0.42948841  0.20053988 -0.43236514  0.67296116 -0.442113
  0.20621613 -0.44814246  0.66051126 -0.43608736  0.20326604 -0.43861471
  0.65322719 -0.42340687  0.19396887 -0.42912855  0.67054944 -0.41440318
  0.18983754 -0.41027568  0.64829195 -0.41586426  0.19419946 -0.40175447
  0.63601674 -0.41649347  0.20355253 -0.42852063  0.63337443 -0.41099191
  0.19823996 -0.41553235  0.62473443 -0.41096396  0.1907812  -0.42448013
  0.63509404 -0.42341386  0.17150175 -0.40216674  0.62181228 -0.37229326
  0.19416452 -0.42127149  0.60152629 -0.39625606  0.19651336 -0.39795155
  0.60006522 -0.39903147  0.20188183 -0.40090165  0.61059952 -0.39598388
  0.18960661 -0.40253741  0.61229118 -0.40011521  0.18713899 -0.40881494
  0.59769509 -0.41506068  0.1648815  -0.38882242  0.60420321 -0.37926289
  0.17905102 -0.39728773  0.59241047 -0.38689634  0.17824711 -0.39209395
  0.58762197 -0.38069601  0.20174174 -0.38392212  0.59496194 -0.38850416
  0.16433614 -0.38704691  0.59367556 -0.37748738  0.18100122 -0.36937528
  0.58056849 -0.38061216  0.1612393  -0.36085407  0.5832667  -0.3827304
  0.17492634 -0.36647442  0.57348706 -0.36523346  0.16611165 -0.39210094
  0.56366583 -0.35224518  0.17529003 -0.37027002  0.57801003 -0.3818147
  0.15237537 -0.36989269  0.59152238 -0.36799456  0.17836557 -0.37433181
  0.55665394 -0.35627902  0.15479374 -0.37412917  0.55817091]",0.8159420289855073,0.5241666666666667,0.0011956521739130434,0.9379779411764706,0.7938235294117647,0.0008455882352941176,0.8184230769230769,0.5265384615384615,0.0016538461538461537,0.9357916666666667,0.788125,0.000625,0.8212272727272727,0.5314545454545454,0.0017727272727272728,2.2913171071115277e-12
3.62,0.12,5003,0.6585357142857142,0.19599425686608726,0.27942857142857136,0.1354293248924188,3.3235898221949722,2.0,0.976620197870421,0.037169506446192824,0.0003411693786088021,2.0,0.9547102439591755,0.058578175278352906,0.0010514325230965252,4,0.9557653526104753,12,0.9479562193470735,0.0072759100443509205,3.0,1.0443139348638548,"[ 1.         -0.91263363  0.86729344 -0.90919455  0.94655976 -0.90726762
  0.86362209 -0.90382854  0.94199491 -0.90139756  0.86007648 -0.90047874
  0.94795622 -0.89905587  0.85544264 -0.89561678  0.94055065 -0.89419391
  0.8526303  -0.89075483  0.93150718 -0.88832385  0.84459494 -0.88488476
  0.9275265  -0.88346189  0.84096921 -0.87951875  0.92198804 -0.87759183
  0.83659909 -0.87415274  0.91890086 -0.87172176  0.83117524 -0.86929079
  0.90721139 -0.86685981  0.82777873 -0.86291667  0.90034437 -0.86048569
  0.81865515 -0.85704661  0.90170131 -0.85612779  0.81728598 -0.85319276
  0.89534947 -0.85126583  0.81155279 -0.84732269  0.88711939 -0.84489171
  0.80359755 -0.84195668  0.88290949 -0.84053381  0.80141499 -0.83759878
  0.87647753 -0.83617591  0.79607126 -0.83223277  0.87561242 -0.83030584
  0.78916974 -0.8263627   0.86387732 -0.82443578  0.785613   -0.82099669
  0.85892303 -0.81906977  0.78179255 -0.81613474  0.85393425 -0.81420781
  0.7754752  -0.81026467  0.84609361 -0.8078337   0.77024607 -0.80389056
  0.84331576 -0.80196363  0.76182126 -0.79852455  0.83894564 -0.79609357
  0.75892881 -0.79215043  0.82709594 -0.79072756  0.75592174 -0.78779253
  0.82755939 -0.7858656   0.74773728 -0.78242651  0.81871064 -0.78049959
  0.744501   -0.77806861  0.81208396 -0.77664574  0.73884793 -0.77371071
  0.80959207 -0.77228784  0.73794832 -0.7683447   0.805726   -0.76692183
  0.72695762 -0.76297869  0.79757603 -0.76054771  0.72328628 -0.75761268
  0.79289658 -0.75568575  0.71802265 -0.75224667  0.78610967 -0.75031974
  0.71337769 -0.7463766   0.78146471 -0.74444968  0.71298214 -0.7420187
  0.7754222  -0.73908367  0.70202594 -0.73614864  0.76879551 -0.73422171
  0.6991791  -0.73078263  0.76559373 -0.72935976  0.69628664 -0.72491256
  0.75677947 -0.72298564  0.68596023 -0.72005061  0.7570482  -0.71812368
  0.68228888 -0.7146846   0.74703112 -0.71326172  0.67702526 -0.70982264
  0.74577656 -0.70789571  0.67409831 -0.70496068  0.73533554]",0.8082608695652174,0.5997463768115942,0.0018115942028985507,0.9543382352941177,0.8481985294117647,0.0004411764705882353,0.8124615384615385,0.6026923076923076,0.002307692307692308,0.9481666666666667,0.8297083333333334,0.0005833333333333334,0.8176818181818182,0.6079545454545454,0.0022727272727272726,7.697195486779929e-17
3.65,0.06,101,0.6621785714285714,0.14298752532287276,0.3865,0.1213020138803498,1.111979879522798,2.0,0.871122454743045,0.11305534891187771,0.0009556278520467057,2.0,0.7195143176568896,0.17426500460394667,0.002757825776013428,4,0.930675133775567,8,0.9192486353055972,0.006785133254500804,7.0,1.1544698101130788,"[ 1.         -0.56282762  0.2022088  -0.55630956  0.88635558 -0.54685944
  0.21890514 -0.56423962  0.91924864 -0.55838419  0.21521297 -0.55204332
  0.87998825 -0.5415762   0.20708631 -0.55525004  0.91349782 -0.54908635
  0.20842574 -0.54766542  0.87101654 -0.53695558  0.20120443 -0.54559783
  0.89790712 -0.54331767  0.20382299 -0.53746224  0.85489428 -0.52891747
  0.2075435  -0.54144324  0.88458586 -0.53867764  0.20045326 -0.53070326
  0.85351243 -0.52696677  0.19632177 -0.53064297  0.87232771 -0.53467353
  0.1980811  -0.52288116  0.84059165 -0.52212286  0.20493756 -0.52699323
  0.85958412 -0.53236846  0.19879878 -0.51827996  0.83160052 -0.51569155
  0.19358476 -0.52270029  0.85447651 -0.52194198  0.19344845 -0.51142875
  0.81720401 -0.50806605  0.19933402 -0.51008932  0.8445145  -0.51903982
  0.19319524 -0.49978866  0.80991192 -0.49854492  0.18760743 -0.50367743
  0.82890439 -0.50715702  0.18888133 -0.49543019  0.79533822 -0.4924874
  0.18439547 -0.49590145  0.82010986 -0.49732763  0.1817203  -0.4848071
  0.78314561 -0.48581337  0.18687772 -0.48613759  0.80615267 -0.49241817
  0.17553016 -0.48117678  0.77397729 -0.47841118  0.18044486 -0.48109707
  0.79601347 -0.48872232  0.17977699 -0.47333527  0.76749831 -0.47421047
  0.17705571 -0.47418032  0.78187909 -0.48028372  0.18269856 -0.47041369
  0.74961148 -0.46824518  0.18187293 -0.47002573  0.77129329 -0.47745437
  0.17509094 -0.46036828  0.74866895 -0.4639134   0.17285509 -0.46156771
  0.75850358 -0.47307648  0.17781591 -0.45406804  0.73998607 -0.45494324
  0.16743923 -0.45436212  0.74326726 -0.46203349  0.18552635 -0.44993286
  0.72408712 -0.45093913  0.16374182 -0.44598905  0.73743149 -0.45871142
  0.16724631 -0.4405428   0.71838242 -0.44589861  0.16986488 -0.44004318
  0.72336265 -0.44674367  0.16829166 -0.4383955   0.7083937  -0.43993332
  0.16715777 -0.4393522   0.71847106 -0.44047012  0.17116712 -0.43273847
  0.69820839 -0.43451901  0.15953072 -0.43629956  0.71230033]",0.6838768115942029,0.1225,0.0,0.8854044117647059,0.5406985294117647,0.0,0.6853846153846154,0.12134615384615384,3.846153846153846e-05,0.889125,0.5543333333333333,0.0,0.6876818181818182,0.12286363636363637,0.0,0.0
3.65,0.06,707,0.6191785714285715,0.09011423447548139,0.5237857142857143,0.05851090078100046,0.5399008756304894,2.0,0.879305100373569,0.1537975350757124,0.002108310492912835,2.0,0.5381342454412757,0.48147714922890666,0.028036601184718943,8,0.8489322292290279,8,0.6000537951581376,0.0030176671312889744,9.0,1.1023752254960915,"[ 1.         -0.37731336  0.23431386 -0.37828178  0.49096565 -0.3344432
  0.25214717 -0.38285198  0.6000538  -0.39703778  0.26153352 -0.36512001
  0.50154475 -0.36981565  0.24543744 -0.38484197  0.56786162 -0.37811305
  0.26739289 -0.36452732  0.43427864 -0.3687267   0.26113121 -0.36552232
  0.56467642 -0.38179452  0.20737852 -0.36244584  0.43636012 -0.33852943
  0.21775741 -0.38286675  0.52805809 -0.37613783  0.22972643 -0.3275795
  0.43729706 -0.34539117  0.17696627 -0.33443878  0.5634207  -0.35284806
  0.20557585 -0.36479544  0.47886821 -0.33412355  0.21486087 -0.32992664
  0.50901726 -0.35345058  0.18982156 -0.32054028  0.45168936 -0.32001991
  0.17471801 -0.35233507  0.49445818 -0.36021098  0.22116337 -0.31895507
  0.39117873 -0.31535576  0.19508086 -0.32675621  0.50180634 -0.34133693
  0.195676   -0.33609682  0.4047861  -0.30229532  0.20446476 -0.31061683
  0.43185622 -0.33409011  0.21752765 -0.3137489   0.40890332 -0.2944509
  0.18886247 -0.34966583  0.49131381 -0.2981299   0.16218236 -0.31584023
  0.42767603 -0.31273719  0.20654131 -0.33407339  0.50333105 -0.30598417
  0.15124915 -0.30749953  0.44018953 -0.28248925  0.18457848 -0.33775485
  0.46731032 -0.31642111  0.20131792 -0.30174151  0.39219732 -0.31170383
  0.20285493 -0.32101787  0.43134027 -0.30390761  0.19873033 -0.30745871
  0.41315777 -0.2850311   0.20031801 -0.28187739  0.43968096 -0.30182613
  0.19504887 -0.29290947  0.42403047 -0.27828054  0.16638369 -0.32053145
  0.4219416  -0.26949179  0.1924106  -0.28874159  0.37757772 -0.28981136
  0.17780331 -0.30960809  0.43077856 -0.29095836  0.17253417 -0.3149279
  0.40250831 -0.25971543  0.16408476 -0.28681458  0.39723917 -0.31093613
  0.17704632 -0.2973504   0.38461694 -0.27964253  0.15200701 -0.31662676
  0.38044167 -0.28332153  0.1665587  -0.28851344  0.35853197 -0.27701411
  0.16457118 -0.30455885  0.35177403 -0.30528437  0.17907221 -0.26666179
  0.36314545 -0.23752937  0.16491051 -0.30372325  0.37248114]",0.7735144927536232,0.31858695652173913,0.00010869565217391305,0.914889705882353,0.6403676470588235,7.352941176470588e-05,0.7776538461538461,0.32069230769230767,3.846153846153846e-05,0.9144583333333334,0.6570833333333334,0.0,0.7823636363636364,0.32495454545454544,4.545454545454545e-05,8.101203314148792e-10
3.65,0.06,1313,0.6391785714285715,0.03865881305123856,0.5192857142857142,0.04250450156231955,0.6563077678957507,2.0,0.20218341951421606,0.7268341401339359,0.023020012723647745,2.0,0.15753324869398716,0.7893858328105304,0.034491155693459404,8,0.3733576124470651,8,0.320832694557631,-0.0014500402937156643,26.0,1.1138348398958173,"[ 1.         -0.0721947  -0.10852382 -0.09740872  0.06987695 -0.07274983
 -0.02559971 -0.07972042  0.32083269 -0.08516601  0.11298665 -0.0928991
  0.09217816 -0.15917497 -0.10137814 -0.00876064  0.31074192 -0.0636273
 -0.01647719 -0.12032961  0.18061887 -0.07864163 -0.12364062 -0.08758906
  0.22202929 -0.03646871  0.03242668 -0.06077904  0.13661113 -0.10562028
 -0.03870174 -0.08370073  0.24096986 -0.07607092 -0.06374148 -0.01613951
  0.22078751 -0.08120103 -0.07480211 -0.08102675  0.20486949 -0.0568197
 -0.03734538 -0.12781176  0.13679106 -0.0659035  -0.00612983 -0.03805342
  0.20358978 -0.05216888 -0.04972365 -0.11525356  0.16121031 -0.11233994
 -0.06199863 -0.05362287  0.23425021 -0.034132    0.00115706 -0.11774761
  0.13180296 -0.08518135 -0.01233227 -0.1284976   0.23373301 -0.04408158
 -0.00209949 -0.06412757  0.15060233 -0.13161778 -0.03702344 -0.07883124
  0.28978174 -0.06481906 -0.03150684 -0.11878202  0.2125816  -0.05732561
 -0.04697301 -0.08482713  0.177347   -0.13452576 -0.01027878 -0.10272199
  0.20460887 -0.08673296 -0.04596522 -0.0680046   0.18230847 -0.10584218
 -0.07100496 -0.13289184  0.17717836 -0.01410699  0.00536733 -0.10410497
  0.14665994 -0.10864687 -0.06864163 -0.07167507  0.15293904 -0.08655303
  0.01078065 -0.02159479  0.19039577 -0.07327026 -0.05577278 -0.11370597
  0.14375197 -0.04160286 -0.00357445 -0.04781095  0.24446766 -0.06983378
 -0.05628999 -0.10326582  0.11541776 -0.09639852 -0.0208101  -0.05197119
  0.18648082 -0.07049219 -0.01148102 -0.11533344  0.11247186 -0.05235204
 -0.03059023 -0.07635172  0.18110623 -0.05443216 -0.01123573 -0.11873119
  0.14663412 -0.08221124 -0.02288942 -0.05602735  0.15200952 -0.0464207
 -0.02968572 -0.12958446  0.2306693  -0.07922661 -0.04317505 -0.08817404
  0.17795377 -0.06153831 -0.04601767 -0.13998588  0.17084681 -0.0982979
  0.00177512 -0.02938597  0.1655755  -0.11664461  0.00638803 -0.08681769
  0.11924234 -0.09059709 -0.01698552 -0.07429741  0.22543672]",0.7265217391304348,0.23242753623188406,0.0,0.93125,0.665625,0.0,0.7272692307692308,0.228,0.0,0.9314166666666667,0.663125,0.0,0.7284090909090909,0.22863636363636364,0.0,0.0
3.65,0.06,2029,0.6618214285714286,0.15061328284513206,0.4272142857142857,0.14889626233984354,1.0044783443388594,2.0,0.8907326842844214,0.09598512151229795,0.001172116173352758,2.0,0.8526473130805958,0.14520408939981536,0.010201042691646435,16,0.9463890376113449,8,0.920944031557229,0.012842344955108878,3.0,1.075139313320151,"[ 1.         -0.75593788  0.64031627 -0.72093158  0.84080908 -0.71869833
  0.64122241 -0.74846533  0.92094403 -0.74447433  0.63799931 -0.71213318
  0.83116956 -0.70820133  0.63167057 -0.73916939  0.91889011 -0.73249897
  0.62411225 -0.70201751  0.82018216 -0.69695801  0.6147085  -0.72842362
  0.8909595  -0.72362716  0.61180757 -0.69298461  0.80698435 -0.68792511
  0.61479365 -0.7201085   0.8863281  -0.71277944  0.60622389 -0.6836744
  0.79615804 -0.67596401  0.59275003 -0.71018246  0.86933749 -0.70683583
  0.59863577 -0.67344045  0.78818858 -0.6689519   0.59317164 -0.69896768
  0.86107438 -0.69711575  0.58499748 -0.66309027  0.77670364 -0.65731299
  0.57808352 -0.68811996  0.84210579 -0.6839536   0.57682206 -0.65426334
  0.76701924 -0.64517653  0.57039137 -0.67630569  0.83331453 -0.67543458
  0.56262708 -0.64123374  0.75064239 -0.63529537  0.55265237 -0.66400814
  0.80798993 -0.66347349  0.55291415 -0.63291862  0.73987522 -0.62301208
  0.54592678 -0.65357029  0.80335853 -0.65368     0.54233661 -0.62393059
  0.72171209 -0.61412601  0.52871593 -0.64235551  0.78702656 -0.64327068
  0.53082313 -0.61391687  0.7095685  -0.60475665  0.52793647 -0.63508035
  0.77256854 -0.63413583  0.52764156 -0.60340561  0.69598936 -0.59231228
  0.51025661 -0.62199161  0.75535769 -0.62265801  0.51615662 -0.59103465
  0.68300971 -0.58186016  0.50345761 -0.60994283  0.75147261 -0.61244039
  0.50317697 -0.57938147  0.66984043 -0.57249081  0.49721529 -0.5990217
  0.72975118 -0.60138671  0.49296649 -0.56944116  0.65974617 -0.56130663
  0.48028175 -0.58584528  0.72047665 -0.59116909  0.48151008 -0.55698251
  0.64544925 -0.55192301  0.47130087 -0.57411869  0.69657334 -0.58068636
  0.46775558 -0.54818412  0.63113805 -0.54094274  0.45836609 -0.56240637
  0.68630372 -0.5704096   0.4645006  -0.5388005   0.62271386 -0.53068024
  0.44534364 -0.55353456  0.66865447 -0.56238605  0.45473059 -0.53092378
  0.61101075 -0.52192465  0.44144636 -0.54671207  0.66784648]",0.6845652173913044,0.22782608695652173,0.0012681159420289854,0.9018014705882353,0.6101838235294118,0.0006985294117647059,0.6896923076923077,0.22876923076923078,0.0006923076923076923,0.8964166666666666,0.6017916666666666,0.001125,0.6954545454545454,0.2285909090909091,0.0006818181818181819,6.689047146063078e-10
3.65,0.06,3001,0.6553214285714286,0.0517832388570917,0.4224285714285715,0.043717786974630635,0.8625083865427213,2.0,0.5838622324910915,0.4722254527971422,0.008105332057060754,4.0,0.15688737492016178,0.8183470910513171,0.11652310776584635,8,0.49592768406668813,8,0.37827996650176876,0.026383336600380287,75.0,1.2320833333333334,"[ 1.00000000e+00  2.77390219e-02 -4.71903740e-02 -1.88079755e-03
  2.06000455e-01 -9.46134356e-03  2.95962975e-02  4.79066961e-02
  3.78279967e-01  3.65888702e-02  3.62128694e-02 -1.93841115e-02
  2.57636819e-01  3.47004608e-02 -4.91697900e-03  2.46052593e-02
  3.42736269e-01  1.32874334e-02  1.69959287e-03 -1.36255276e-02
  2.28083447e-01  2.46717067e-02 -2.90566343e-02  4.53129629e-02
  3.33737936e-01 -9.62959743e-03 -6.26831839e-03  1.39107202e-02
  2.36741092e-01  2.52087767e-02 -1.71155216e-02 -1.02091656e-02
  2.95871785e-01  2.43507887e-02  1.83688680e-02 -1.66730734e-02
  2.97720656e-01 -2.23849795e-02 -4.04169584e-02  1.33975993e-02
  2.93317591e-01  1.32916131e-02 -1.78208455e-02  7.77190999e-03
  3.09923378e-01 -1.47577556e-02 -9.52783663e-03  1.06512020e-02
  2.83288837e-01  1.92424000e-02 -3.34555195e-02 -1.43069024e-02
  2.76632726e-01 -2.36283039e-03 -8.34475110e-03  1.37029274e-02
  2.77643378e-01  1.54688303e-03 -8.10492757e-02  1.76126409e-02
  2.67634393e-01  5.48794537e-02 -3.97667632e-02 -5.03241823e-02
  2.36878166e-01  3.07595678e-02 -2.65138501e-02  2.06643663e-02
  2.17525982e-01 -6.24859471e-03 -6.64210740e-02  1.31218185e-03
  2.33485753e-01  7.00431847e-03 -7.26927788e-02  1.55955165e-02
  1.93578529e-01 -3.41255299e-02 -4.57133705e-02 -2.28274734e-02
  1.90659699e-01  5.20641226e-04 -7.10558807e-02  4.15193492e-03
  2.65385527e-01  6.94501012e-03 -9.89130465e-02 -3.38866491e-02
  2.06791904e-01 -6.60905154e-03 -4.89333498e-02 -1.19365517e-02
  1.89500562e-01 -1.66891666e-03 -8.13660139e-02 -1.82082565e-02
  1.91541636e-01  1.55134794e-02 -5.40021997e-02 -6.82398327e-03
  2.30117290e-01  6.34271314e-03 -1.04283045e-01 -5.23371271e-02
  1.95815985e-01 -2.25448741e-02 -5.09504742e-02  1.18764654e-03
  2.02624760e-01 -1.65743177e-02 -1.01039116e-01 -4.36794817e-02
  1.74575392e-01 -1.64496756e-03 -9.81598244e-02 -2.10833688e-02
  2.09221563e-01 -3.80071146e-02 -1.13966932e-01 -5.12359719e-03
  1.92576237e-01 -1.27041432e-02 -1.00906222e-01 -2.46679846e-02
  1.26315850e-01  2.19420279e-02 -9.32592284e-02 -2.91009020e-03
  1.57224742e-01 -4.78634352e-02 -1.39802794e-01 -1.51721208e-02
  1.88971851e-01 -1.52781070e-02 -1.33378425e-01 -2.82723699e-02
  1.76709821e-01 -2.27724363e-02 -1.27600071e-01 -4.57559144e-02
  1.66893039e-01 -1.95087384e-02 -1.24528576e-01 -2.21293801e-02
  1.40904513e-01 -2.41040062e-02 -1.23325721e-01 -8.65211263e-02
  1.27996467e-01 -1.27197330e-02 -7.84981321e-02 -5.72886721e-02
  1.63027044e-01 -1.13246750e-02 -9.84963321e-02 -3.34699347e-02
  1.03595202e-01 -5.02014775e-02 -1.20555375e-01 -2.39543015e-02
  7.74144735e-02]",0.7008695652173913,0.1514855072463768,3.6231884057971014e-05,0.9113970588235294,0.5708088235294118,0.00011029411764705883,0.7014230769230769,0.1471923076923077,7.692307692307693e-05,0.9105,0.58025,8.333333333333333e-05,0.7027727272727273,0.14272727272727273,0.0,3.6564977713371436e-10
3.65,0.06,4099,0.6521428571428571,0.10673254768201629,0.3833571428571429,0.08854870100108522,1.2884461568474443,2.0,0.9134000048665353,0.1246777143493294,0.003132183216806617,2.0,0.6892937008424691,0.3507749708629714,0.025975725641018285,8,0.8680019322311511,16,0.6932544786388363,0.013502318252574171,6.0,1.1004716013942997,"[ 1.         -0.51485352  0.41474839 -0.49445811  0.61384762 -0.50397204
  0.48347628 -0.52532998  0.68257551 -0.50781846  0.45624897 -0.49956899
  0.63955706 -0.49967057  0.42264353 -0.495065    0.69325448 -0.50336473
  0.4623724  -0.49997401  0.62913194 -0.49324261  0.43028569 -0.48878931
  0.63727984 -0.50513622  0.44830272 -0.49643125  0.62523462 -0.51019749
  0.40847204 -0.48965047  0.65357498 -0.5044793   0.43817952 -0.49319367
  0.627258   -0.48388095  0.40472633 -0.4765431   0.63525428 -0.50458045
  0.43458673 -0.49951874  0.60013206 -0.48443758  0.41054654 -0.46480154
  0.60478701 -0.48965112  0.40199362 -0.47927581  0.60655806 -0.47603736
  0.41545512 -0.47401246  0.61227755 -0.47198756  0.39824856 -0.48393185
  0.59552584 -0.48691732  0.39622409 -0.46151154  0.61612419 -0.4978993
  0.37749946 -0.45472881  0.57356253 -0.47198604  0.39536488 -0.49015621
  0.61997083 -0.46748271  0.36798466 -0.45619642  0.56920972 -0.46829167
  0.3819036  -0.45639763  0.57508213 -0.47380648  0.38306886 -0.44369355
  0.5722996  -0.46596181  0.37679338 -0.46408917  0.58059976 -0.46009006
  0.37811025 -0.44015014  0.53257094 -0.46044418  0.38686589 -0.46570775
  0.55544739 -0.46155702  0.35538693 -0.43721383  0.55463842 -0.45811497
  0.37947758 -0.43832666  0.5690122  -0.46165752  0.36227037 -0.42972328
  0.53707709 -0.43270875  0.3684447  -0.43098838  0.55767545 -0.44050231
  0.3489607  -0.43377156  0.53272493 -0.43660477  0.35179565 -0.4119577
  0.5422406  -0.42845623  0.35508609 -0.42810102  0.51471007 -0.41651086
  0.35124032 -0.41038721  0.53576391 -0.42050889  0.35088684 -0.43260414
  0.50109652 -0.41797782  0.35068433 -0.40107471  0.52397232 -0.42015455
  0.34911535 -0.39034484  0.50980257 -0.41701573  0.32932748 -0.41256242
  0.51081426 -0.41099301  0.35098907 -0.39257117  0.49725162 -0.41559815
  0.32861988 -0.39429111  0.48991355 -0.41003092  0.35058405 -0.38826969
  0.49107685 -0.39155904  0.31743409 -0.40699563  0.50453835]",0.7085507246376812,0.16771739130434782,0.0006521739130434783,0.8907352941176471,0.5593014705882353,0.0005147058823529412,0.7154230769230769,0.1655,0.0005384615384615384,0.8845,0.5425416666666667,0.0007083333333333334,0.7199545454545454,0.1689090909090909,0.0005454545454545455,8.298646516061163e-11
3.65,0.06,5003,0.6404642857142856,0.15413687844224164,0.48600000000000004,0.13857849761056004,0.7117532642210754,2.0,0.9298530289615851,0.07848071733162432,0.0008013312408037421,2.0,0.8240048989589711,0.1474829404542788,0.00242570614702803,8,0.942561090731405,8,0.9234707055077809,0.007360356596311252,5.0,1.062295081967213,"[ 1.         -0.70305264  0.49101437 -0.69718273  0.87345017 -0.69296426
  0.49961496 -0.69867676  0.92347071 -0.69501622  0.50194454 -0.68747255
  0.86823043 -0.68293421  0.47988931 -0.68851281  0.91586306 -0.68346862
  0.48554408 -0.67573898  0.85756539 -0.67346208  0.47416372 -0.67675693
  0.89860714 -0.67668194  0.47694706 -0.66401285  0.85050823 -0.66378165
  0.47560925 -0.66861636  0.88113548 -0.6660419   0.47340108 -0.65523254
  0.83468801 -0.65494927  0.46068914 -0.65861606  0.87221859 -0.65774511
  0.46137471 -0.64528432  0.82566697 -0.64305948  0.46099652 -0.64858601
  0.84941322 -0.65023686  0.44693814 -0.63442854  0.81280001 -0.63398161
  0.44929747 -0.63642842  0.83986402 -0.63807927  0.44232838 -0.62216681
  0.7988916  -0.62650311  0.44375785 -0.62180111  0.82157408 -0.63083881
  0.43984616 -0.61120689  0.78219359 -0.61841462  0.43542863 -0.61371262
  0.81380278 -0.62112863  0.43170292 -0.60093879  0.7786476  -0.61080221
  0.42500164 -0.5999631   0.80156813 -0.61588181  0.42722707 -0.59131044
  0.76521528 -0.60146398  0.42546523 -0.59354837  0.78864165 -0.60561371
  0.42304133 -0.58444193  0.75311453 -0.59435743  0.41551433 -0.5824843
  0.7781849  -0.60108846  0.41678014 -0.5756393   0.75694796 -0.58930401
  0.40372601 -0.57734906  0.76644866 -0.59568542  0.41623203 -0.56707472
  0.73873241 -0.58320915  0.4039218  -0.56984825  0.75593983 -0.58749278
  0.41108668 -0.56018389  0.73669652 -0.57807391  0.39715476 -0.56104562
  0.75057875 -0.58304936  0.400682   -0.55318892  0.72788377 -0.56964323
  0.39498497 -0.552667    0.73196894 -0.57761657  0.40175559 -0.54329277
  0.71541108 -0.56404678  0.38867914 -0.54202696  0.72331984 -0.56870235
  0.38556342 -0.53586634  0.70899366 -0.55622608  0.39073467 -0.5350543
  0.71174726 -0.56181153  0.38514922 -0.5297194   0.69742107 -0.5501833
  0.38139376 -0.52765763  0.70532984 -0.55502485  0.37774987 -0.52144494
  0.68816199 -0.54084506  0.37630791 -0.51642991  0.69830244]",0.7276449275362319,0.2263768115942029,0.0002536231884057971,0.9101838235294117,0.6329411764705882,0.0002941176470588235,0.7342307692307692,0.23015384615384615,0.00023076923076923076,0.911375,0.649375,0.00016666666666666666,0.7363181818181819,0.23195454545454544,0.00022727272727272727,1.1652206359235503e-09
3.65,0.08,101,0.6417857142857142,0.10990429510093158,0.40621428571428575,0.06059782948898015,0.9383103206601059,2.0,0.8149740805690986,0.17415270052389123,0.002757500424342712,2.0,0.553821949131768,0.32459939482670974,0.01814812169050178,4,0.879406088162041,8,0.8313751903737056,0.00579574235754617,3.0,1.106850914752822,"[ 1.00000000e+00 -3.88625490e-01  2.36148982e-02 -3.90600709e-01
  7.92169225e-01 -3.75679336e-01  1.33398768e-02 -3.82517482e-01
  8.31375190e-01 -3.82305772e-01  9.51031903e-03 -3.81604991e-01
  7.59464641e-01 -3.71546546e-01 -4.04509463e-03 -3.89324891e-01
  7.80801430e-01 -3.77563032e-01  1.32804736e-02 -3.71999322e-01
  7.31991178e-01 -3.64006928e-01  1.23686727e-02 -3.84461272e-01
  7.51503675e-01 -3.69781657e-01  2.68973626e-02 -3.75888974e-01
  7.14364450e-01 -3.61209359e-01  3.14584397e-02 -3.75097361e-01
  7.16128649e-01 -3.74033944e-01  3.82064450e-02 -3.73212283e-01
  7.08046113e-01 -3.62785646e-01  3.48659588e-02 -3.79349648e-01
  7.10903776e-01 -3.71478132e-01  4.47734779e-02 -3.72359886e-01
  7.02332169e-01 -3.62543198e-01  3.42566995e-02 -3.76189443e-01
  7.10173638e-01 -3.70263098e-01  3.33448985e-02 -3.76128659e-01
  7.02453738e-01 -3.55734408e-01  3.23122190e-02 -3.75095289e-01
  7.11267793e-01 -3.69168943e-01  1.58390486e-02 -3.77100554e-01
  6.91755987e-01 -3.52815961e-01  7.02568440e-03 -3.77160648e-01
  7.22818632e-01 -3.60656739e-01  2.42303742e-02 -3.66764057e-01
  7.08900583e-01 -3.58892541e-01 -8.75188091e-04 -3.78374299e-01
  7.27319616e-01 -3.56034878e-01  2.50827720e-02 -3.68829416e-01
  6.96257661e-01 -3.50990287e-01 -6.83088940e-03 -3.71686388e-01
  7.03126545e-01 -3.52874673e-01  1.54784853e-02 -3.58981991e-01
  6.76927519e-01 -3.50017010e-01  7.75858520e-03 -3.62811548e-01
  6.91456209e-01 -3.52994861e-01  1.92486399e-02 -3.52414958e-01
  6.78389867e-01 -3.44422563e-01  4.72064067e-03 -3.60986565e-01
  6.76868116e-01 -3.46065193e-01  1.85185021e-02 -3.49133875e-01
  6.40091526e-01 -3.37372016e-01  2.33213361e-02 -3.53084311e-01
  6.65318658e-01 -3.46916209e-01  2.16787065e-02 -3.45852792e-01
  6.44345195e-01 -3.28986248e-01  4.82410591e-02 -3.46522836e-01
  6.43675151e-01 -3.34640099e-01  3.60208665e-02 -3.34428389e-01
  6.42032521e-01 -3.27529458e-01  5.65059486e-02 -3.50049852e-01
  6.59599847e-01 -3.30265552e-01  3.94228280e-02 -3.30174720e-01
  6.21119843e-01 -3.25100082e-01  4.93303470e-02 -3.43488377e-01
  6.47682196e-01 -3.22731491e-01  3.91762041e-02 -3.25679294e-01
  6.15889413e-01 -3.11851386e-01  3.35223537e-02 -3.31212266e-01
  6.28835567e-01 -3.12642309e-01  3.26105527e-02 -3.21546504e-01
  6.25736838e-01 -3.06987767e-01  2.55006027e-02 -3.35464554e-01
  6.34309136e-01 -3.08872154e-01  2.45888017e-02 -3.19842399e-01
  6.05192353e-01 -2.97140342e-01  1.99075369e-02 -3.20512443e-01
  6.20935385e-01 -3.09602292e-01  1.70505647e-02 -3.17533902e-01
  5.95829823e-01 -2.92034967e-01  1.22484214e-02 -3.16621410e-01
  6.09385927e-01]",0.7186594202898551,0.3247463768115942,0.0,0.934485294117647,0.7148897058823529,0.0,0.7297307692307692,0.32965384615384613,0.0,0.917875,0.672125,0.0,0.7355909090909091,0.3340909090909091,0.0,0.0
3.65,0.08,707,0.6277142857142857,0.08956117507956587,0.5091428571428571,0.08277754797636608,0.7647387821207563,2.0,0.868935023095681,0.1434750926452848,0.002727885437453685,2.0,0.8845567349379578,0.1218522491916923,0.004316421481509689,8,0.8933162466974378,8,0.9262739641863644,0.006548963270523982,25.0,1.079836388425996,"[ 1.         -0.78977421  0.67567415 -0.7901903   0.90549508 -0.79107697
  0.67915763 -0.78912227  0.92627396 -0.78531801  0.66094071 -0.78033133
  0.89919638 -0.78424998  0.668168   -0.77769966  0.9069449  -0.77337418
  0.65161003 -0.77402556  0.88882328 -0.77221084  0.66205993 -0.76817129
  0.88529568 -0.76844144  0.64820334 -0.76283823  0.88281051 -0.76258717
  0.65239865 -0.75594154  0.87762396 -0.75526456  0.64313769 -0.75435229
  0.86471449 -0.75201637  0.63951478 -0.74650847  0.86317644 -0.74782105
  0.64266767 -0.74534514  0.85955353 -0.74310452  0.63748112 -0.7369801
  0.85654715 -0.7356866   0.63040032 -0.73884875  0.84676497 -0.73097007
  0.62000162 -0.73038841  0.83916296 -0.72701005  0.61770706 -0.72808733
  0.83103973 -0.71584832  0.60707307 -0.71735151  0.82656501 -0.71302603
  0.60354547 -0.7168047   0.81678283 -0.704661    0.60285924 -0.71019393
  0.81505417 -0.70672026  0.60037407 -0.70694573  0.81152657 -0.69825992
  0.59841011 -0.70639892  0.80728714 -0.69780841  0.59573433 -0.70272482
  0.80636561 -0.69257067  0.59367506 -0.7020827   0.79032885 -0.6906955
  0.59190172 -0.69039976  0.79315114 -0.68432002  0.58951186 -0.69008824
  0.78919764 -0.68088121  0.58451593 -0.68423397  0.78315927 -0.67919666
  0.58307319 -0.67994334  0.7738983  -0.67561786  0.57736542 -0.67418438
  0.76819054 -0.67383801  0.57393313 -0.67136209  0.77257647 -0.66433523
  0.56770414 -0.66498661  0.7560185  -0.6635978   0.56697323 -0.65894173
  0.75633002 -0.65722232  0.56420214 -0.65972327  0.74825147 -0.65729203
  0.55972742 -0.65595386  0.7460969  -0.65120247  0.56050952 -0.65289628
  0.74048444 -0.65098626  0.55039674 -0.65173294  0.73112816 -0.64418487
  0.5560604  -0.64379382  0.73238681 -0.64292622  0.5522022  -0.63983379
  0.71905143 -0.63394467  0.54962172 -0.63886107  0.71073759 -0.63538741
  0.54306214 -0.6297842   0.71408109 -0.62578932  0.54275714 -0.62852556
  0.70325648 -0.62201991  0.53922954 -0.61693793  0.70285617]",0.7448913043478261,0.3902536231884058,0.0,0.950735294117647,0.7763970588235294,0.0,0.7504615384615385,0.39892307692307694,0.0,0.9385416666666667,0.7407083333333333,0.0,0.7568636363636364,0.3982272727272727,0.0,0.0
3.65,0.08,1313,0.62275,0.06561066169892991,0.48764285714285716,0.05432193340612604,0.4364110952630267,4.0,0.6577478260362416,0.40365722346953853,0.011333941621400256,4.0,0.6133826407084342,0.4195836221254903,0.024757153915627002,8,0.7564832110641667,4,0.7888137149733593,0.005470249251961605,138.0,1.2595940959409595,"[ 1.         -0.06089129 -0.6180004  -0.05831943  0.78881371 -0.0614861
 -0.62888965 -0.03653069  0.77429358 -0.0578518  -0.62676475 -0.05285935
  0.7083428  -0.04876424 -0.62463986 -0.04347268  0.69594414 -0.03756905
 -0.62312703 -0.03773073  0.66325574 -0.03636916 -0.61678685 -0.04772262
  0.67717064 -0.04695929 -0.60710106 -0.04833127  0.65084667 -0.03213321
 -0.57140083 -0.04318755  0.64963979 -0.03091949 -0.5750283  -0.04560472
  0.6623444  -0.01882695 -0.57896872 -0.05317603  0.65235251 -0.01217382
 -0.58713826 -0.03743876  0.64993533 -0.0173107  -0.58380307 -0.05951979
  0.65962112 -0.03153172 -0.59227172 -0.03985252  0.64206833 -0.04061243
 -0.59137095 -0.0546856   0.64116057 -0.0339593  -0.60136285 -0.03684069
  0.64690252 -0.02700706 -0.59016765 -0.05953378  0.64841535 -0.02277452
 -0.58381364 -0.02897385  0.6438767  -0.01792992 -0.58442228 -0.04047515
  0.66717486 -0.02064621 -0.58713857 -0.0377382   0.678683   -0.02304955
 -0.55989658 -0.04771626  0.67929848 -0.0354482  -0.57229524 -0.05194196
  0.66447924 -0.02757095 -0.55231502 -0.04769559  0.64511792 -0.03361901
 -0.5523116  -0.04618276  0.62666779 -0.04027913 -0.5383967  -0.03952963
  0.63907328 -0.03846719 -0.5511083  -0.04225975  0.63785257 -0.03423465
 -0.51026777 -0.0416581   0.62333244 -0.03423123 -0.51298406 -0.05466882
  0.60728906 -0.03454076 -0.49392886 -0.06404865  0.59943248 -0.02575232
 -0.51297723 -0.06252199  0.59671619 -0.03573039 -0.50359056 -0.05888769
  0.59006989 -0.01787165 -0.52325099 -0.03981865  0.57735829 -0.02574207
 -0.52022875 -0.04526848  0.55920727 -0.03421072 -0.50812237 -0.03195181
  0.57010335 -0.03390818 -0.50903013 -0.04133164  0.56737323 -0.01818475
 -0.50026936 -0.04104294  0.57250312 -0.03150842 -0.49452741 -0.05224513
  0.56705329 -0.01759351 -0.48121074 -0.05224171  0.56221552 -0.02636128
 -0.4911888  -0.0537477   0.54981687 -0.01062402 -0.48362449 -0.04618339
  0.56948413 -0.02363474 -0.4990558  -0.062825    0.54466957]",0.7573188405797101,0.4028260869565217,0.0,0.9334558823529412,0.724375,0.0,0.7665,0.4168846153846154,0.0,0.9238333333333333,0.70675,0.0,0.7733181818181818,0.4134090909090909,0.0,0.0
3.65,0.08,2029,0.6634642857142856,0.15325620056038214,0.4567857142857143,0.18097066793561115,1.37303538140448,2.0,0.9517776067757779,0.05290415790596519,0.0003292118633853742,2.0,0.9709389435182095,0.03640536147723027,0.0014800680403309018,4,0.9709247749619424,4,0.9754705200626922,0.007720997916200801,698.0,1.214855623100304,"[ 1.         -0.94110645  0.91024785 -0.93899412  0.97547052 -0.93673769
  0.90579837 -0.93461056  0.96947954 -0.93115457  0.89785928 -0.92849699
  0.96393955 -0.92580436  0.8948921  -0.92303773  0.96142337 -0.92123229
  0.88804352 -0.91955616  0.95345469 -0.91577303  0.88552733 -0.91398785
  0.94733985 -0.91109191  0.8796306  -0.90844913  0.94351507 -0.90588035
  0.87554332 -0.90424862  0.93757394 -0.90155598  0.86758943 -0.8986803
  0.9325644  -0.89578437  0.86484035 -0.89301774  0.92655862 -0.89066705
  0.85959792 -0.88835142  0.92240669 -0.88531684  0.85500978 -0.88486985
  0.91627706 -0.88153772  0.8509225  -0.87956404  0.91329507 -0.87623191
  0.84460437 -0.87433767  0.90708599 -0.87120884  0.84076479 -0.86922036
  0.89933541 -0.86694913  0.8332619  -0.86407345  0.89368637 -0.85952696
  0.82847047 -0.85797468  0.88995584 -0.85509355  0.82322804 -0.85186112
  0.88267106 -0.84840513  0.81986905 -0.84705615  0.87722532 -0.84370922
  0.81300567 -0.84060064  0.87156149 -0.83846805  0.80818463 -0.83626147
  0.86524336 -0.83244874  0.801678   -0.83077261  0.85981242 -0.82709852
  0.79688657 -0.82529854  0.85276054 -0.82140636  0.79221898 -0.81963598
  0.84946621 -0.81583805  0.7862132  -0.81408246  0.84369332 -0.81037878
  0.78045512 -0.807285    0.83728094 -0.80449812  0.77521268 -0.80328778
  0.83202371 -0.7991479   0.7700941  -0.79670842  0.82726187 -0.79432814
  0.76369652 -0.79199771  0.82083469 -0.78810552  0.76074413 -0.78653844
  0.81613751 -0.78330056  0.7542079  -0.78031583  0.81092467 -0.77760839
  0.75017982 -0.77507466  0.80418514 -0.77236723  0.74290983 -0.7696006
  0.7998299  -0.76658082  0.73736985 -0.76356649  0.79201467 -0.7611862
  0.73217181 -0.75729947  0.78672239 -0.75547924  0.72674088 -0.75260356
  0.78260005 -0.74945992  0.7211861  -0.74648999  0.77734282 -0.74390641
  0.71628561 -0.74168503  0.77082139 -0.73997384  0.71108758 -0.73641426
  0.7637547  -0.73516888  0.7068118  -0.73241705  0.75904272]",0.6744202898550725,0.26014492753623186,3.6231884057971014e-05,0.9553308823529412,0.8105514705882353,3.676470588235294e-05,0.6766153846153846,0.25984615384615384,7.692307692307693e-05,0.95175,0.805125,4.1666666666666665e-05,0.6803181818181818,0.25945454545454544,4.545454545454545e-05,4.101808087438783e-12
3.65,0.08,3001,0.6646428571428571,0.06708108860908261,0.3807142857142857,0.0708080186857681,2.018648238980857,2.0,0.5934254330881326,0.3180867492434238,0.005254109408416038,2.0,0.8903843852117497,0.13478973493020013,0.002839544842405856,16,0.7846304357509323,8,0.8886403349372723,0.005995721255164078,3.0,1.055863708399366,"[ 1.         -0.79702263  0.72253151 -0.80665761  0.86204684 -0.79579802
  0.72090683 -0.80000916  0.88864033 -0.7915613   0.72086962 -0.79692233
  0.84400151 -0.78562517  0.71568332 -0.78386297  0.87788106 -0.78221271
  0.70742386 -0.78571152  0.84693919 -0.77885112  0.71390949 -0.77752649
  0.85912341 -0.78091337  0.70444926 -0.77400209  0.83672942 -0.76895303
  0.70616232 -0.76532861  0.84282836 -0.77370175  0.69785198 -0.76322886
  0.83495559 -0.75949251  0.6864176  -0.7547182   0.83064443 -0.75837983
  0.68325633 -0.75716713  0.81794822 -0.75370553  0.68721831 -0.74964355
  0.82262251 -0.75357993  0.68306997 -0.74425693  0.81688671 -0.74506927
  0.66906104 -0.73930788  0.81542485 -0.74411941  0.66688686 -0.73649581
  0.80870197 -0.73347178  0.66926136 -0.72913504  0.80039163 -0.73548314
  0.65601564 -0.72742197  0.8009548  -0.72752199  0.66068994 -0.72203535
  0.79067031 -0.72898385  0.64925555 -0.72136025  0.797044   -0.7130752
  0.65661632 -0.71115018  0.78062336 -0.71979808  0.64277021 -0.71217448
  0.77132594 -0.7060264   0.65013098 -0.70097734  0.75989155 -0.70661312
  0.63129861 -0.69471558  0.76883979 -0.69339095  0.63142421 -0.68932896
  0.74945791 -0.69710172  0.62727587 -0.68849104  0.74087281 -0.69401489
  0.62723866 -0.68310442  0.74099842 -0.69273939  0.61996627 -0.67870488
  0.74780968 -0.68137944  0.61538037 -0.67046897  0.74009973 -0.67955443
  0.61063164 -0.66595749  0.72992717 -0.67361831  0.59207402 -0.6595838
  0.72391661 -0.66280786  0.59888529 -0.6577588   0.72574162 -0.65983297
  0.59731149 -0.65862027  0.71731934 -0.6541716   0.5887264  -0.65394598
  0.71558272 -0.6511967   0.58244109 -0.64472299  0.70414834 -0.64153615
  0.58640306 -0.63961113  0.69616363 -0.64453459  0.57913067 -0.63093765
  0.68516681 -0.63191281  0.5758066  -0.62456396  0.68370495 -0.62893791
  0.56979604 -0.62986219  0.67528268 -0.61998968  0.57447034 -0.61948931
  0.67639535 -0.62342569  0.5610618  -0.61865138  0.66298681]",0.671231884057971,0.15717391304347825,0.0,0.9459191176470588,0.7576838235294118,0.0,0.6721538461538461,0.15692307692307692,0.0,0.944375,0.7512916666666667,0.0,0.6719545454545455,0.15804545454545454,0.0,0.0
3.65,0.08,4099,0.6535357142857143,0.0816405370873953,0.3782857142857143,0.06917826720192712,1.1855680244092262,2.0,0.823757116996741,0.2243794398475005,0.00663875700775241,2.0,0.6733687673433826,0.3534618527426527,0.028909056562093978,8,0.8101986027691191,8,0.7861155596927635,0.018911064868041845,682.0,1.293600390815828,"[ 1.         -0.55208194  0.48267343 -0.53945064  0.69689878 -0.56286687
  0.49554349 -0.54640608  0.78611556 -0.55807797  0.48988445 -0.54418013
  0.67756777 -0.54913548  0.48912527 -0.53342098  0.75101455 -0.53720787
  0.48155149 -0.52532286  0.68841211 -0.54906318  0.47459605 -0.51894331
  0.72198188 -0.53382635  0.47532944 -0.53453003  0.65970353 -0.54899088
  0.46464259 -0.51131012  0.70190458 -0.53748545  0.45119663 -0.51463223
  0.63696521 -0.54859448  0.47548693 -0.50685821  0.67981446 -0.52226151
  0.46408365 -0.50846175  0.64835967 -0.5342149   0.47568716 -0.50026554
  0.65207818 -0.53101665  0.46097466 -0.51231702  0.63000095 -0.52314454
  0.46511536 -0.49185621  0.63404357 -0.51835565  0.46360991 -0.49774127
  0.63305838 -0.51742609  0.46603202 -0.48337865  0.61043103 -0.50955399
  0.46228773 -0.50055601  0.60071648 -0.51511495  0.45789523 -0.4889525
  0.61231999 -0.49978003  0.45148991 -0.49045795  0.62136056 -0.50001893
  0.45465831 -0.47054726  0.60311282 -0.50418541  0.44046607 -0.47610822
  0.59745377 -0.49556703  0.44460677 -0.46226587  0.57258758 -0.49505965
  0.44021427 -0.47081195  0.5879225  -0.47673961  0.43241447 -0.45430857
  0.57457463 -0.48080801  0.43314786 -0.45026596  0.56252315 -0.47154142
  0.42119446 -0.43567732  0.55598989 -0.48703006  0.42692581 -0.45531954
  0.53443292 -0.45560105  0.39832821 -0.44968628  0.55019002 -0.49399839
  0.39714685 -0.44554558  0.5557252  -0.45040286  0.41280587 -0.43777156
  0.53374605 -0.47303021  0.4113985  -0.43726419  0.5441811  -0.45555453
  0.39464332 -0.44581027  0.49618018 -0.46698765  0.3992062  -0.43612151
  0.52942586 -0.4446121   0.40474138 -0.43198081  0.51234658 -0.45124344
  0.40855798 -0.42751601  0.53420186 -0.43685097  0.4050397  -0.43989159
  0.49771927 -0.45723948  0.40895438 -0.41731987  0.51071726 -0.42526035
  0.41182853 -0.43651006  0.46858851 -0.44084707  0.39591771 -0.42289372
  0.51419687 -0.42924356  0.40038251 -0.42216033  0.48293824]",0.6952898550724638,0.25018115942028984,7.246376811594203e-05,0.9184558823529412,0.6449264705882353,0.00011029411764705883,0.7031538461538461,0.255,0.0,0.9015416666666667,0.6032083333333333,0.000125,0.7144545454545455,0.26681818181818184,0.0,3.4286998924169986e-11
3.65,0.08,5003,0.6397857142857143,0.1455321165199473,0.4785000000000001,0.11134839148238418,0.788619540926408,2.0,0.9223853925003627,0.08442904130747801,0.0010295198988682097,2.0,0.9160025408222164,0.10530665440990165,0.004061837532866884,8,0.9428733509032342,8,0.9241498227026964,0.006231586408959546,4.0,1.1249370277078086,"[ 1.         -0.84639656  0.78290808 -0.84497927  0.90860055 -0.84224558
  0.77940546 -0.84181633  0.92414982 -0.83998712  0.764421   -0.83766535
  0.89850736 -0.83464361  0.77667781 -0.83417402  0.89520926 -0.82781949
  0.76103371 -0.82911855  0.87956515 -0.82235211  0.76448471 -0.82562722
  0.8765551  -0.81783242  0.75962248 -0.81909116  0.86724819 -0.81129636
  0.75891686 -0.81374764  0.86913506 -0.81043784  0.75619486 -0.80943248
  0.8573192  -0.80525851  0.75976973 -0.80630985  0.8686312  -0.80448065
  0.7519463  -0.80273499  0.85117811 -0.79814911  0.75552116 -0.80080491
  0.85121567 -0.79769963  0.74806932 -0.79813453  0.84429673 -0.79235611
  0.74275483 -0.79394323  0.84239857 -0.78602457  0.73209119 -0.78921615
  0.83276327 -0.78434221  0.72657218 -0.78695769  0.83815    -0.77977932
  0.72380986 -0.78219028  0.83398773 -0.77587607  0.71561484 -0.77812284
  0.82871358 -0.77003998  0.7129735  -0.77302705  0.83031239 -0.76560095
  0.70469782 -0.76961637  0.8330231  -0.75852911  0.70658469 -0.7645609
  0.81602226 -0.75495424  0.69131217 -0.76024574  0.81864943 -0.74813013
  0.69208715 -0.75605444  0.79938449 -0.74323885  0.69018899 -0.74972289
  0.80411157 -0.73789533  0.68471032 -0.74701219  0.78262573 -0.7349369
  0.68281216 -0.74183286  0.79183781 -0.72914114  0.67992597 -0.73722964
  0.77528922 -0.72494984  0.67489954 -0.73028166  0.77734028 -0.72047048
  0.6793789  -0.72625455  0.77042134 -0.7150031   0.67492858 -0.71930657
  0.77070374 -0.71184015  0.6679693  -0.71531978  0.75530737 -0.70637277
  0.66207871 -0.7105927   0.75670167 -0.70481428  0.66334915 -0.70627753
  0.74274556 -0.69877079  0.65284969 -0.70138626  0.7445921  -0.69560784
  0.6430502  -0.69575469  0.73236432 -0.68808375  0.63905213 -0.68995892
  0.73548694 -0.68467307  0.63250477 -0.68671244  0.73292914 -0.67961761
  0.62879475 -0.68108087  0.72568181 -0.67674271  0.62590857 -0.67746567
  0.72213598 -0.67053503  0.61828965 -0.67051769  0.72126617]",0.7226449275362319,0.3432971014492754,0.0,0.9500367647058824,0.8013970588235294,0.0,0.7311538461538462,0.3476153846153846,0.0,0.9487083333333334,0.7995416666666667,0.0,0.7275909090909091,0.34604545454545454,0.0,0.0
3.65,0.1,101,0.5834642857142858,0.13671777033176702,0.42150000000000004,0.055535381257614244,0.47879301393249885,2.0,0.9543070174875249,0.06974949883554865,0.0011246504871145005,2.0,0.6556950146105845,0.4039447700394366,0.017973260199894883,8,0.9384486448798952,8,0.7228722628159852,0.0031913457081916654,23.0,1.1308930624760445,"[ 1.         -0.47912144  0.38452031 -0.50518742  0.55217342 -0.45498859
  0.36398972 -0.50884619  0.72287226 -0.4301957   0.39655268 -0.53136851
  0.49307086 -0.42608439  0.38660607 -0.51517943  0.63150827 -0.41436514
  0.43140892 -0.5272799   0.45265815 -0.4236517   0.41798835 -0.48942495
  0.58612782 -0.41292831  0.42358188 -0.50533518  0.45789316 -0.41378475
  0.42901328 -0.46863821  0.55695913 -0.38701171  0.40367706 -0.48239459
  0.39961277 -0.40208819  0.42515812 -0.47067534  0.50529083 -0.39302072
  0.43935547 -0.47516785  0.3664722  -0.40561912  0.423121   -0.44607884
  0.4534604  -0.38463599  0.4244184  -0.44212965  0.37966256 -0.4248523
  0.45186308 -0.43173049  0.45904281 -0.39410737  0.43513068 -0.41454555
  0.36737728 -0.41926989  0.42683998 -0.41572623  0.44328358 -0.41152252
  0.39289994 -0.42551073  0.35260234 -0.42180495  0.43224869 -0.40899742
  0.45530438 -0.41339752  0.39847077 -0.42589194  0.35619301 -0.42913406
  0.41465984 -0.41814456  0.46700094 -0.42783665  0.4124833  -0.41121936
  0.36491356 -0.43430932  0.4194085  -0.39371018  0.46282154 -0.40654041
  0.39506815 -0.40249881  0.39034381 -0.42690888  0.40778327 -0.41178538
  0.45830633 -0.41155355  0.37797723 -0.41958973  0.38731081 -0.42183598
  0.38076844 -0.40290272  0.46421298 -0.40746494  0.35642808 -0.40887745
  0.37651933 -0.40483586  0.38866681 -0.40129219  0.4714513  -0.39327872
  0.3482768  -0.39899892  0.38408189 -0.39958926  0.37951967 -0.40067754
  0.46809407 -0.39200401  0.36510323 -0.39954225  0.39148233 -0.39152877
  0.35118473 -0.40221673  0.46473685 -0.36641164  0.34735227 -0.40042139
  0.39523513 -0.37040622  0.36006739 -0.42410169  0.45906365 -0.360505
  0.33870306 -0.41717649  0.40345774 -0.34597184  0.36779207 -0.41687495
  0.45173454 -0.32151476  0.35684959 -0.41408375  0.38223282 -0.33212143
  0.36427273 -0.39889054  0.41247982 -0.33711187  0.3609382  -0.40238718
  0.33834617 -0.34110645  0.34370786 -0.37545202  0.38910106]",0.8340579710144927,0.5182971014492753,0.0002173913043478261,0.91125,0.6963602941176471,0.00022058823529411765,0.844,0.5420769230769231,0.0002692307692307692,0.9043333333333333,0.673375,0.00016666666666666666,0.8422272727272727,0.5426363636363636,9.09090909090909e-05,8.123407233504703e-09
3.65,0.1,707,0.5978571428571429,0.0894869161568623,0.43942857142857145,0.06427364966155515,0.5355656166278484,2.0,0.8589733850116988,0.19355334655383274,0.0029161811909132356,2.0,0.48048852807272374,0.45398297619246486,0.015361813034580497,8,0.833372440690462,8,0.7244566708634211,0.0035983887094787224,15.0,1.0975914362176629,"[ 1.00000000e+00 -3.54379040e-01 -2.74001953e-03 -3.52045551e-01
  6.73604457e-01 -3.36195877e-01  1.56259280e-02 -3.57204482e-01
  7.24456671e-01 -3.18012714e-01  2.10240457e-02 -3.45206356e-01
  6.25114244e-01 -3.17935112e-01  2.74694700e-02 -3.62651380e-01
  6.73007323e-01 -3.13949870e-01  4.54698483e-02 -3.41874651e-01
  5.54778795e-01 -2.98543058e-01  4.34034361e-02 -3.49992717e-01
  6.22738665e-01 -3.25497824e-01  5.98575550e-02 -3.19024509e-01
  5.38542663e-01 -3.13232931e-01  5.56965295e-02 -3.33925367e-01
  5.91440089e-01 -3.14434821e-01  4.60322040e-02 -3.13148639e-01
  4.93411735e-01 -2.83832183e-01  4.18711785e-02 -2.85322350e-01
  5.70698562e-01 -2.79481371e-01  4.01703355e-02 -2.88569453e-01
  4.95014397e-01 -2.74947776e-01  7.71227014e-03 -2.99597253e-01
  5.75443143e-01 -2.70414180e-01  2.38502210e-02 -2.66168862e-01
  4.70913584e-01 -2.65515015e-01  3.59817300e-02 -2.68551442e-01
  5.28864759e-01 -2.62028726e-01  4.24271543e-02 -2.61241496e-01
  4.63554858e-01 -2.40021906e-01  2.36186562e-02 -2.76774691e-01
  5.16501685e-01 -2.41539964e-01  2.98812958e-02 -2.49763523e-01
  4.46686390e-01 -2.41328978e-01  1.56305576e-03 -2.51281582e-01
  4.91170782e-01 -2.50262165e-01  3.94968411e-02 -2.55709374e-01
  4.31048012e-01 -2.36036043e-01  4.38476522e-02 -2.54134913e-01
  4.78624923e-01 -2.47246628e-01  5.16565512e-02 -2.48554011e-01
  4.17454847e-01 -2.41848510e-01  2.52501397e-02 -2.52848420e-01
  4.90967418e-01 -2.61704315e-01  2.78719068e-02 -2.47084733e-01
  4.48317873e-01 -2.44020105e-01  1.18397593e-02 -2.47738269e-01
  5.14232530e-01 -2.68697472e-01 -9.17084931e-04 -2.40611108e-01
  4.38365581e-01 -2.66075705e-01  1.46725120e-02 -2.36942034e-01
  5.03232931e-01 -2.59630281e-01  4.63718588e-02 -2.69217315e-01
  4.23408941e-01 -2.44722421e-01  3.01569266e-02 -2.53444933e-01
  4.75308461e-01 -2.51427612e-01  4.64282609e-02 -2.57556557e-01
  4.31611610e-01 -2.35655230e-01  3.64477673e-02 -2.51476702e-01
  4.74184174e-01 -2.60515382e-01  8.61192913e-02 -2.64549715e-01
  4.18384014e-01 -2.50429085e-01  6.07601865e-02 -2.58968812e-01
  4.56999537e-01 -2.56768706e-01  7.94917034e-02 -2.61850345e-01
  4.22812428e-01 -2.51370588e-01  5.89541613e-02 -2.36933791e-01
  4.70389338e-01 -2.73271605e-01  6.53995856e-02 -2.54329413e-01
  4.41754930e-01 -2.63368093e-01  2.09715957e-02 -2.24591296e-01
  5.03663146e-01 -2.39316061e-01  4.74838105e-02 -2.62236494e-01
  4.42675854e-01 -2.42745948e-01  2.89914804e-02 -2.53429689e-01
  4.85199016e-01 -2.44995145e-01  5.99596886e-02 -2.80700623e-01
  4.42549472e-01 -2.34908848e-01  3.80586718e-02 -2.82218681e-01
  4.98223249e-01]",0.8083333333333333,0.4127173913043478,0.0010507246376811595,0.917610294117647,0.6828676470588235,0.0005514705882352941,0.8227307692307693,0.4391538461538462,0.0010384615384615384,0.8962083333333334,0.6260833333333333,0.0005833333333333334,0.8292727272727273,0.44886363636363635,0.0015454545454545454,4.344559963311579e-08
3.65,0.1,1313,0.5706071428571429,0.04733417618057672,0.5027142857142857,0.026045094332244424,0.2138328925882574,4.0,0.1994343111616862,0.687097834302866,0.017734072505749734,4.0,0.10818005084492299,0.8680417138198181,0.057861261901541186,8,0.6641946708347443,8,0.25752502439045344,-0.002281160524899373,47.0,1.1600461513103675,"[ 1.00000000e+00 -2.14060506e-02 -7.40705625e-02 -1.09072819e-02
  2.36527487e-01 -5.67341290e-03 -1.21516721e-01 -5.80676314e-02
  2.57525024e-01  4.16486227e-02 -1.63697980e-01 -9.49839904e-02
  1.52450779e-01  3.66074706e-02 -2.16123229e-01 -6.84357446e-02
  1.42144727e-01  4.73610174e-02 -1.31661087e-01 -9.45364954e-02
  9.99634680e-02  8.41532537e-02 -1.10949358e-01 -8.99052748e-02
  1.30919187e-01  1.15108973e-01 -1.00767429e-01 -4.64041810e-04
  9.40028280e-02  2.55436170e-02 -6.89542835e-02 -3.21155012e-02
  3.60268703e-02  4.12762547e-02 -2.68971475e-02 -7.95616595e-02
  3.09857182e-02  6.25596008e-02 -6.38135065e-02 -5.88499310e-02
  3.09236568e-02 -1.12110559e-02 -6.91404675e-02 -1.62211774e-02
  4.13913948e-02 -2.18029165e-02 -2.67975227e-02 -1.13041479e-02
  2.55346344e-02 -1.13351786e-02 -4.29400919e-02 -8.36409897e-04
  8.31006606e-02 -4.29866379e-02 -3.21865451e-02  2.04469363e-02
  2.56963206e-02 -4.77419812e-02 -6.32663867e-02  3.67511916e-02
  2.09409773e-02 -3.69884344e-02 -6.85933477e-02  1.03646319e-02
  5.21825051e-02 -2.68065053e-02 -7.94710173e-02  3.10763604e-02
  1.83742935e-01 -5.84579646e-02 -4.79436806e-02  2.04844997e-02
  6.23023729e-02 -7.98654335e-02 -1.06205447e-01  3.59313285e-02
  1.14603499e-01 -2.22994073e-02 -7.46781105e-02 -1.64939207e-02
  1.15398865e-01 -6.88881391e-02 -1.16287751e-01 -5.74037383e-03
  1.10071903e-01 -2.15661035e-02 -1.32144512e-01 -2.68620338e-02
  1.31069441e-01  2.04910325e-02 -7.95575765e-02 -1.11293962e-02
  1.73126577e-01  5.72832688e-02 -1.21167218e-01  5.46066798e-03
  1.58127243e-01  5.42963730e-03 -1.00169680e-01 -3.70063995e-02
  1.10395276e-01 -1.09987407e-02 -6.33774439e-02 -1.60088622e-02
  7.87438164e-02  1.02846054e-02 -1.05844511e-01 -7.95355284e-02
  6.26012472e-02  9.65092641e-03 -1.11743090e-01 -3.74783924e-02
  5.20093866e-02  4.32396539e-03 -1.16784242e-01 -6.52267345e-03
  3.55810085e-02  9.24099487e-03 -5.36675076e-02 -1.15638256e-02
  1.25308050e-01  9.75055120e-03 -8.47473493e-02  2.58000284e-02
  5.73739110e-02  9.97429869e-03 -1.60799061e-02  1.02290769e-02
  5.75976585e-02 -2.66562515e-02 -5.76895471e-02  1.07386332e-02
  2.65178169e-02 -3.66764945e-02 -1.04849897e-01 -4.66657068e-02
  1.21795567e-01 -1.53931483e-02 -1.04340340e-01  1.14719370e-02
  3.22302115e-02 -7.33691060e-02 -9.41584112e-02  5.94267491e-04
  5.84926485e-02  3.74175345e-02 -9.91995633e-02  2.21634225e-02
  7.97759946e-02 -5.71269120e-02 -1.25586123e-01  1.18573706e-02
  1.53422529e-01 -9.80487637e-03 -6.24693884e-02  5.88935975e-02
  1.27607587e-01  6.49937896e-03 -8.30194307e-02 -9.04054188e-03
  1.80194522e-01]",0.8593840579710145,0.5893840579710145,0.0,0.9127941176470589,0.721764705882353,0.0,0.8666538461538461,0.6115769230769231,0.0,0.910125,0.712875,0.0,0.8642272727272727,0.6049545454545454,0.0,0.0
3.65,0.1,2029,0.6061071428571428,0.15566455218232073,0.3817142857142857,0.0880011595470915,0.9228441940351811,2.0,0.9721819546195509,0.04413286324691709,0.0009375139291133026,2.0,0.8525838830286638,0.19898562472529446,0.004103014948054931,8,0.9585474992809755,8,0.8074550929087564,0.005640655120330535,7.0,1.0739549839228295,"[ 1.         -0.75667492  0.67244282 -0.75121939  0.77290028 -0.75440231
  0.72930267 -0.74617974  0.80745509 -0.74001531  0.70373615 -0.74638166
  0.76373412 -0.74063361  0.69020497 -0.73702278  0.80399168 -0.72549292
  0.69670721 -0.73957537  0.75410679 -0.72661719  0.70250055 -0.72271384
  0.76790875 -0.72346704  0.7111848  -0.72094721  0.73797821 -0.72027208
  0.69333439 -0.71314051  0.74716843 -0.70668357  0.6860014  -0.70571593
  0.72759719 -0.70717801  0.67749833 -0.69531084  0.73334573 -0.70096829
  0.66819678 -0.69572622  0.72006227 -0.69299294  0.67709449 -0.6875822
  0.71646347 -0.68741305  0.67777011 -0.68074265  0.69307897 -0.69062973
  0.67807417 -0.67582686  0.70394523 -0.67825609  0.65124799 -0.67469006
  0.67821006 -0.67736701  0.67704049 -0.66994292  0.67293521 -0.6656232
  0.65557974 -0.6618885   0.66950507 -0.67085324  0.66234024 -0.65651153
  0.68406073 -0.66015563  0.63954077 -0.65625228  0.66033891 -0.65914269
  0.66021555 -0.64433981  0.6678083  -0.64643173  0.62358085 -0.64534023
  0.66760637 -0.64080704  0.61859853 -0.64398997  0.65755113 -0.6350137
  0.64317616 -0.6470828   0.63894703 -0.63349478  0.63006136 -0.63420318
  0.68192684 -0.63369671  0.60587837 -0.64040037  0.63917302 -0.62542883
  0.62458459 -0.6313788   0.63666522 -0.62131153  0.61226828 -0.62864502
  0.62384293 -0.61845389  0.60359656 -0.6128745   0.61655474 -0.60717125
  0.59089813 -0.61790162  0.62628519 -0.59861086  0.58914402 -0.60368328
  0.61115703 -0.59516819  0.60612941 -0.60313151  0.59280065 -0.58568545
  0.5805629  -0.59872169  0.61364409 -0.57763103  0.57050765 -0.59661774
  0.59960694 -0.57703446  0.57613234 -0.5794637   0.57760596 -0.57585286
  0.5671681  -0.58104914  0.58260081 -0.57236539  0.55497565 -0.57035154
  0.58545845 -0.56443483  0.54370554 -0.57285933  0.56802442 -0.55868629
  0.55066895 -0.55725747  0.57595498 -0.56655952  0.54204203 -0.56051895
  0.55730608 -0.55523208  0.55676634 -0.55640165  0.5503552 ]",0.7882608695652173,0.39119565217391306,0.0021376811594202897,0.8966911764705883,0.6570588235294118,0.0022794117647058822,0.7928846153846154,0.40003846153846156,0.002576923076923077,0.8882916666666667,0.635375,0.0017083333333333334,0.7990454545454545,0.40854545454545454,0.0027272727272727275,3.7080884404342523e-09
3.65,0.1,3001,0.6162857142857142,0.06182455426611729,0.36414285714285716,0.0626211478916293,1.2036486105692115,2.0,0.7840099465099162,0.26748919667552434,0.006199534050421546,2.0,0.5323454715576009,0.4493319704132338,0.019470586094924622,8,0.82370782595961,16,0.7616249740714608,0.0008082017568974007,114.0,1.1209322779243625,"[ 1.         -0.42201365  0.15467682 -0.41891191  0.66819496 -0.36597644
  0.15424744 -0.41361917  0.74088332 -0.40335111  0.15694584 -0.3920526
  0.62791627 -0.38374396  0.1644556  -0.43528731  0.76162497 -0.38963786
  0.16792684 -0.41983839  0.59310208 -0.34985626  0.17543661 -0.38397563
  0.63989386 -0.37267712  0.17096869 -0.36801148  0.55658609 -0.371285
  0.1899227  -0.38639829  0.65022173 -0.36624987  0.19196796 -0.37979927
  0.51708023 -0.32543783  0.18841079 -0.36371543  0.56139737 -0.3645143
  0.19461428 -0.33161537  0.48759263 -0.37613032  0.19301654 -0.33022325
  0.58669278 -0.37721284  0.19011251 -0.33338489  0.48309086 -0.36008033
  0.18239711 -0.31924225  0.52572441 -0.37209187  0.19159047 -0.29820912
  0.50110026 -0.39489452  0.16787707 -0.30436063  0.58457972 -0.37764231
  0.16144974 -0.31716322  0.48018674 -0.36636984  0.16387231 -0.30432686
  0.55313271 -0.38449903  0.16122589 -0.29396514  0.50195885 -0.39858969
  0.14713524 -0.30688743  0.60379125 -0.38418943  0.14149896 -0.29795169
  0.4749459  -0.36432467  0.14639617 -0.30034049  0.55608863 -0.39480886
  0.15612296 -0.28267454  0.48060031 -0.39262569  0.1383893  -0.30900049
  0.59413457 -0.37705707  0.14342443 -0.31241974  0.46594235 -0.34990629
  0.13804576 -0.32872743  0.54070982 -0.38039048  0.15193079 -0.29116286
  0.45870832 -0.36989084  0.15423366 -0.31709329  0.5760235  -0.38150686
  0.15966431 -0.30827724  0.42753714 -0.35031755  0.16808483 -0.31716101
  0.51701455 -0.37909993  0.1684465  -0.28401228  0.4251327  -0.37913379
  0.14993999 -0.30382506  0.55377242 -0.38736441  0.16018202 -0.30385892
  0.42583782 -0.35201687  0.17119688 -0.29375481  0.48629088 -0.38289658
  0.15918533 -0.28052292  0.42458353 -0.38085133  0.16461599 -0.30007809
  0.53279119 -0.38518133  0.1623651  -0.30401256  0.42047728 -0.36882166
  0.17260712 -0.30444195  0.49564027 -0.39045594  0.16463411 -0.28782466
  0.4300323  -0.3851632   0.1690161  -0.29841023  0.52196614]",0.7678260869565218,0.3118840579710145,0.0,0.9026838235294118,0.6122794117647059,0.0,0.774,0.33334615384615385,0.0,0.8955416666666667,0.5836666666666667,0.00020833333333333335,0.775090909090909,0.3439090909090909,0.0,5.2132876718742796e-11
3.65,0.1,4099,0.62225,0.09605862235411991,0.3632142857142857,0.044001101563205344,1.0756840838385904,2.0,0.9525861706998048,0.06787951707566008,0.001619143155936425,2.0,0.33234453966161315,0.5890824650678081,0.03479750454113434,8,0.9515868839705336,8,0.6805424788005983,0.0008052976316545845,21.0,1.0678286434271314,"[ 1.         -0.29089899  0.02858479 -0.2920263   0.65599691 -0.27655172
  0.01661939 -0.32195072  0.68054248 -0.30045467 -0.00495139 -0.31400704
  0.56712112 -0.25892511  0.00104223 -0.2900544   0.65845633 -0.27273517
 -0.01645714 -0.26512673  0.49707396 -0.24731998 -0.02240106 -0.26000273
  0.49161755 -0.2426835  -0.03805577 -0.24245367  0.44178404 -0.20717542
 -0.01914958 -0.21801351  0.46806885 -0.22933912 -0.0316025  -0.19959483
  0.40814245 -0.21081504 -0.03521425 -0.20640838  0.36394831 -0.21171252
 -0.06009223 -0.19439329  0.38838847 -0.19785277 -0.02040733 -0.18150857
  0.39942853 -0.19283418 -0.03936924 -0.15348451  0.41182574 -0.18499591
 -0.02550949 -0.17418567  0.36345477 -0.19142735 -0.04582854 -0.15207768
  0.43672555 -0.17718549 -0.02003125 -0.16501812  0.41222968 -0.17032225
 -0.01501266 -0.1452423   0.41958044 -0.18830913 -0.03804598 -0.19225612
  0.3582969  -0.18367265 -0.0228291  -0.16315163  0.38506922 -0.17903617
 -0.04353025 -0.17647417  0.36805737 -0.16837821 -0.02549368 -0.15290364
  0.37502602 -0.16645601 -0.05726276 -0.17360479  0.34189981 -0.15210874
 -0.02631361 -0.15187891  0.34051481 -0.12446679 -0.07061316 -0.1597729
  0.34281912 -0.14196616 -0.06413202 -0.14542564  0.30133926 -0.13315285
 -0.08667783 -0.16428214  0.31432938 -0.13356282 -0.0631073  -0.13333299
  0.28711923 -0.11329948 -0.08342635 -0.14220201  0.36912577 -0.12303813
 -0.05996122 -0.14407452  0.31327078 -0.10879627 -0.06969987 -0.15565782
  0.36538074 -0.1249385  -0.05312584 -0.15568567  0.2905917  -0.11856277
 -0.05412873 -0.15435639  0.38095188 -0.15363905 -0.04677797 -0.15069495
  0.30665035 -0.1430865  -0.04544869 -0.1747033   0.40536418 -0.15320725
 -0.04770331 -0.16822217  0.30621253 -0.12692244 -0.04170969 -0.16591786
  0.36385646 -0.17626843 -0.0435822  -0.16730285  0.28868531 -0.15736224
 -0.03438679 -0.16412892  0.35322033 -0.17030267 -0.05790764 -0.14153342
  0.30892078 -0.13712676 -0.03948896 -0.13418266  0.33840739]",0.7555434782608695,0.2644202898550725,0.0,0.8990441176470588,0.6525,0.0,0.7561538461538462,0.26496153846153847,0.0,0.8937083333333333,0.6287083333333333,0.0,0.7558181818181818,0.2695909090909091,0.0,0.0
3.65,0.1,5003,0.6122857142857142,0.16663408525072818,0.4132142857142857,0.07435693701083076,0.6645900336350979,2.0,0.9700397766391635,0.043344858577642136,0.0006804121074981922,2.0,0.8390647597621727,0.1968467956180594,0.004853073035823829,8,0.9670221091797784,8,0.8620516826012018,0.006044754189639825,3.0,1.1150732459521975,"[ 1.         -0.72051482  0.63658128 -0.71767982  0.74130568 -0.71811149
  0.64544411 -0.71772649  0.86205168 -0.71652482  0.64750601 -0.71450649
  0.7159234  -0.71085483  0.6518841  -0.71210316  0.8327937  -0.71008483
  0.65071625 -0.70888317  0.71039485 -0.70604817  0.63602035 -0.7072965
  0.82760659 -0.7044615   0.6385944  -0.70162651  0.70843749 -0.70042484
  0.63100396 -0.69840651  0.80596621 -0.69638818  0.63844109 -0.69436985
  0.70535895 -0.69235152  0.62211186 -0.69196652  0.8059467  -0.68913153
  0.63067017 -0.6871132   0.6906533  -0.68509487  0.61016073 -0.68470987
  0.79076581 -0.68187487  0.62113213 -0.67903987  0.68193192 -0.67702154
  0.60385243 -0.67581988  0.78884536 -0.67298488  0.60999766 -0.67014989
  0.70649542 -0.66813156  0.58578323 -0.66774656  0.78753395 -0.66654489
  0.6028727  -0.6637099   0.68838931 -0.6608749   0.58722634 -0.65885657
  0.77204855 -0.65602157  0.59483418 -0.65318658  0.67677961 -0.65116825
  0.57673782 -0.64914992  0.75445458 -0.64713159  0.57900735 -0.64511326
  0.65806446 -0.64064493  0.57529261 -0.64107659  0.74332012 -0.63742493
  0.58290045 -0.6354066   0.64951379 -0.63175494  0.56803384 -0.63218661
  0.74462942 -0.62853495  0.57370383 -0.62569995  0.63725814 -0.62368162
  0.55737461 -0.62492995  0.73492066 -0.62127829  0.55835223 -0.62007662
  0.62720795 -0.61805829  0.55154155 -0.61848996  0.72245738 -0.61565496
  0.56832649 -0.6144533   0.6280051  -0.6116183   0.54812157 -0.61204997
  0.73617354 -0.60921497  0.54892848 -0.60719664  0.61588325 -0.60436165
  0.53423259 -0.60479331  0.71871337 -0.60195832  0.5466666  -0.59912332
  0.61668041 -0.59628832  0.54053878 -0.59426999  0.69435538 -0.591435
  0.54444163 -0.58778334  0.59184719 -0.58494834  0.51941054 -0.58538001
  0.67951593 -0.58172835  0.51845031 -0.57971001  0.58570961 -0.57769168
  0.51327296 -0.57649002  0.6727324  -0.57447169  0.52570697 -0.57163669
  0.59184508 -0.56961836  0.50890251 -0.56923336  0.66319436]",0.7764130434782609,0.3952898550724638,0.00039855072463768114,0.9128676470588235,0.6975367647058823,0.0004411764705882353,0.7806538461538461,0.39484615384615385,0.0004230769230769231,0.9139583333333333,0.696,0.0002916666666666667,0.779,0.4048181818181818,0.0003181818181818182,2.8927141206163486e-09
3.65,0.12,101,0.6305357142857144,0.1676430055084863,0.3242857142857143,0.13414886644078264,1.093521718307126,2.0,0.9695098275902871,0.048856280770150036,0.0007712269511465428,2.0,0.9508850494575964,0.072675284147126,0.0008095554992390586,8,0.9477123279966427,8,0.9233836632861355,0.006639573235276043,3.0,1.0360565951620264,"[ 1.         -0.90752584  0.87308055 -0.9067406   0.91714091 -0.90147588
  0.87228656 -0.8977081   0.92338366 -0.89493261  0.8700013  -0.89473139
  0.92061076 -0.88818521  0.86215922 -0.88322668  0.89857613 -0.8815342
  0.85928426 -0.88133866  0.90066828 -0.87508165  0.85045556 -0.87052004
  0.89957376 -0.87120905  0.84331092 -0.86694796  0.886379   -0.8685272
  0.84222208 -0.86208308  0.8850917  -0.85989729  0.83736254 -0.85692334
  0.87834397 -0.85781081  0.82704258 -0.85394096  0.87715873 -0.85165311
  0.83171467 -0.8485771   0.87021255 -0.84570521  0.81851424 -0.84143845
  0.8641566  -0.84193468  0.81334851 -0.83945404  0.86009089 -0.83577698
  0.8143463  -0.83161229  0.85503289 -0.83399102  0.81067751 -0.82615203
  0.84808104 -0.82833798  0.80590869 -0.82357791  0.84451431 -0.82009931
  0.79956356 -0.8198981   0.83697275 -0.81900512  0.79321275 -0.81176716
  0.83836179 -0.81285309  0.78517788 -0.8106673   0.82676036 -0.80471082
  0.78448595 -0.80431682  0.82476995 -0.80412128  0.78031818 -0.80074474
  0.81912225 -0.79647231  0.77486327 -0.79488757  0.81535139 -0.79210641
  0.76990166 -0.79201293  0.80820675 -0.78713946  0.76593802 -0.78406911
  0.80245132 -0.78169054  0.76106714 -0.77802482  0.79867479 -0.77702978
  0.7516374  -0.77168001  0.78438567 -0.77097414  0.75670641 -0.76581716
  0.79152999 -0.76790105  0.74290493 -0.76334511  0.77694035 -0.76293977
  0.74032482 -0.75679049  0.77505767 -0.75797282  0.74360772 -0.75697777
  0.77387244 -0.75321566  0.72722629 -0.74885251  0.77119026 -0.74547597
  0.7279179  -0.74359638  0.76403995 -0.74537974  0.72325681 -0.74131144
  0.76007063 -0.73803697  0.71382707 -0.73545994  0.75322652 -0.73445922
  0.71075932 -0.73058938  0.75223407 -0.72929948  0.71333344 -0.72663173
  0.7345655  -0.72483718  0.70579756 -0.71947607  0.74211807 -0.71828257
  0.70182824 -0.71640297  0.73496776 -0.71739251  0.699044   -0.70896948
  0.71809302 -0.70697648  0.69011324 -0.70519327  0.72791935]",0.8431884057971014,0.600108695652174,0.0006884057971014493,0.9461029411764705,0.8176838235294117,0.000625,0.8504615384615385,0.6039615384615384,0.0009230769230769231,0.9321666666666667,0.783875,0.0007916666666666666,0.8555909090909091,0.608909090909091,0.001,3.2250581792218666e-10
3.65,0.12,707,0.6543214285714285,0.1232306355611961,0.2773571428571428,0.08716659512750541,2.0414845367635066,2.0,0.9119770033639572,0.1281958514761205,0.002000970393652859,2.0,0.85172017092989,0.19942342925720535,0.006286866646812569,8,0.8655509681812417,8,0.799157106874522,0.005664277664136411,19.0,1.0996884735202492,"[ 1.         -0.73786223  0.6825251  -0.75048913  0.79775114 -0.74388839
  0.67248138 -0.75254204  0.79915711 -0.73073124  0.69337216 -0.73566883
  0.79543687 -0.72599062  0.68948337 -0.72806361  0.75129254 -0.73184824
  0.68353712 -0.72341163  0.75731034 -0.72202574  0.67836242 -0.71307476
  0.76910167 -0.69989336  0.66571127 -0.70384654  0.73200805 -0.7172893
  0.66403977 -0.71162866  0.74819835 -0.70836257  0.65882075 -0.68915919
  0.75148451 -0.69781284  0.66163686 -0.68514581  0.73635017 -0.71316005
  0.65099013 -0.68780173  0.728098   -0.69602965  0.651456   -0.67746486
  0.73843487 -0.69018039  0.65060036 -0.67759326  0.71762437 -0.68492541
  0.63555466 -0.68302515  0.70800637 -0.69334612  0.63606485 -0.66961081
  0.71552296 -0.67668577  0.64781186 -0.66094127  0.70205594 -0.68519513
  0.62075779 -0.67060358  0.68487287 -0.67699563  0.64348444 -0.65398755
  0.70926685 -0.67636122  0.63971988 -0.65369023  0.68606179 -0.66969609
  0.62843456 -0.65160135  0.69075809 -0.67367352  0.62304699 -0.64878525
  0.69216405 -0.64944809  0.62825765 -0.6531884   0.68536634 -0.65372701
  0.6232515  -0.65563145  0.67189933 -0.66176632  0.62299014 -0.63119316
  0.67518549 -0.65283959  0.62986812 -0.63012428  0.67621004 -0.64429428
  0.6233276  -0.63111288  0.65364358 -0.64378409  0.60153269 -0.62047451
  0.65441095 -0.62801952  0.61892027 -0.60706017  0.64714319 -0.63336276
  0.59691249 -0.60864304  0.62910866 -0.63144243  0.59314793 -0.60061209
  0.63923266 -0.62084838  0.58305989 -0.58536188  0.64367178 -0.60863133
  0.56707409 -0.5813485   0.6187994  -0.61004565  0.5600192  -0.58840339
  0.63708275 -0.59813009  0.55407295 -0.58353855  0.62224992 -0.60706517
  0.55176285 -0.57858507  0.62527889 -0.60001864  0.55239727 -0.58312117
  0.62194006 -0.58553998  0.55495619 -0.57727192  0.61885841 -0.5770833
  0.55281464 -0.58150652  0.59697486 -0.58653275  0.551356   -0.5754444
  0.60141398 -0.57692311  0.54827435 -0.56651768  0.59576923]",0.8271739130434783,0.5223188405797101,0.0012318840579710144,0.9146691176470588,0.7152941176470589,0.00125,0.8428846153846153,0.5371538461538462,0.0012307692307692308,0.8934583333333334,0.6685,0.001125,0.8514545454545455,0.5499090909090909,0.0014545454545454545,9.290504248781987e-13
3.65,0.12,1313,0.7092857142857143,0.050066282596785874,0.253,0.05711767302182899,3.082158185162477,2.0,0.3991528185076573,0.6182001744974868,0.013198620031375095,2.0,0.61682558360877,0.4317151159431462,0.014023262787491757,12,0.5302875752377078,24,0.6291255418837849,0.004940510849980012,18.0,1.2159285959491932,"[ 1.         -0.49531856  0.35855498 -0.49532644  0.55894557 -0.46557998
  0.35203661 -0.47132417  0.61694969 -0.46353768  0.3683102  -0.4691505
  0.60913955 -0.46040067  0.3572816  -0.46259798  0.56861935 -0.4417406
  0.3585576  -0.43614354  0.57324517 -0.45031703  0.35436003 -0.47653238
  0.62912554 -0.42605202  0.31513158 -0.45213601  0.50032754 -0.41376319
  0.34487017 -0.42149976  0.53643736 -0.39626352  0.3295284  -0.43561545
  0.52998467 -0.41359767  0.30453124 -0.3961558   0.51354819 -0.388435
  0.33413846 -0.39050094  0.48526689 -0.41008232  0.33199895 -0.40262425
  0.52801068 -0.40578491  0.31343872 -0.41667426  0.46682226 -0.34867846
  0.30144677 -0.35969917  0.46899593 -0.3629912   0.30259141 -0.41329027
  0.48128476 -0.37684416  0.28983317 -0.38554407  0.43555371 -0.34813461
  0.31950606 -0.36462889  0.43560363 -0.38105749  0.28124097 -0.38216009
  0.49257871 -0.35679249  0.29011429 -0.38519727  0.42495337 -0.31836187
  0.2759986  -0.35024784  0.42042738 -0.34793493  0.28152209 -0.37196085
  0.44488943 -0.3444695   0.28923501 -0.35562158  0.42928493 -0.31170951
  0.27170381 -0.34674826  0.41195078 -0.35647721  0.28051145 -0.38179489
  0.48843368 -0.32603801  0.26948286 -0.37208959  0.39440382 -0.29198625
  0.24107019 -0.3565823   0.41525332 -0.33025135  0.27505627 -0.37417918
  0.4426711  -0.32356746  0.25868547 -0.36086132  0.39133511 -0.28191838
  0.25564829 -0.34309892  0.40355826 -0.33209397  0.25685861 -0.36275386
  0.4495862  -0.28928449  0.23823269 -0.36495906  0.3729404  -0.26644262
  0.20749923 -0.35731182  0.41561851 -0.28390813  0.26563472 -0.34740947
  0.3939055  -0.24863029  0.19897272 -0.319926    0.32814117 -0.261914
  0.22735386 -0.30783422  0.36657179 -0.28156895  0.22302492 -0.33418882
  0.39385821 -0.2674191   0.20987258 -0.33645969  0.34676972 -0.24225643
  0.21095153 -0.30897622  0.33806192 -0.24220651  0.20559355 -0.29804484
  0.32832509 -0.24852783  0.19817752 -0.3076503   0.31858826]",0.8039130434782609,0.5330797101449275,0.0,0.9373161764705882,0.7705882352941177,0.0,0.815,0.5509615384615385,0.0,0.9264583333333334,0.7346666666666667,0.0,0.8166818181818182,0.5533181818181818,0.0,0.0
3.65,0.12,2029,0.64825,0.1592548777005859,0.2637857142857143,0.07786864266316756,2.1765890047005927,2.0,0.9512962611549282,0.07558325158412443,0.001697881101016496,2.0,0.8009566510554235,0.24797159478723604,0.010747036359521933,4,0.9250386596713249,4,0.8189972902302476,0.007500459978364643,4.0,1.1073463268365817,"[ 1.         -0.6682608   0.54739453 -0.66599434  0.81899729 -0.66206269
  0.54904302 -0.66198984  0.78648366 -0.65704258  0.58538204 -0.66115333
  0.75315806 -0.65529228  0.6070566  -0.65420383  0.72492984 -0.65203918
  0.6128281  -0.64768093  0.7198351  -0.64594289  0.60125434 -0.64024423
  0.73015622 -0.63974478  0.5933164  -0.63849393  0.71911088 -0.63740547
  0.59533091 -0.63733263  0.72825399 -0.63313677  0.58857097 -0.63231252
  0.69145496 -0.62677626  0.59610948 -0.62562723  0.70134948 -0.62368556
  0.58607975 -0.62328792  0.69956577 -0.62177286  0.56930678 -0.61725221
  0.71122729 -0.61390956  0.56067802 -0.61265871  0.69402771 -0.61199686
  0.54433166 -0.6097304   0.70343504 -0.60563636  0.53874973 -0.6058883
  0.68018305 -0.60195665  0.55437187 -0.6016196   0.66030268 -0.59843934
  0.56067179 -0.59911789  0.63822869 -0.59368345  0.55086503 -0.59200599
  0.64678281 -0.59134414  0.56599999 -0.58907769  0.64457249 -0.58616164
  0.545693   -0.58330618  0.63326294 -0.57996353  0.54279187 -0.57930169
  0.61386975 -0.57402963  0.55033038 -0.57304299  0.60786121 -0.57018753
  0.55920929 -0.56995229  0.59360665 -0.56516743  0.54832634 -0.56450558
  0.57693549 -0.56240152  0.55269686 -0.56157727  0.59282184 -0.56182922
  0.54577453 -0.55923797  0.57722688 -0.55487971  0.53740999 -0.55389307
  0.56843573 -0.54969721  0.52695364 -0.54785736  0.57270444 -0.54526611
  0.52565712 -0.54326386  0.55844987 -0.54083501  0.52200459 -0.53925936
  0.55800656 -0.53817091  0.51894107 -0.53557966  0.54964202 -0.52821581
  0.50003507 -0.52680256  0.55825672 -0.52437371  0.50001837 -0.52547887
  0.56295203 -0.52187201  0.49679244 -0.52179916  0.54441206 -0.51610051
  0.49736474 -0.51811946  0.52410507 -0.5145126   0.50853908 -0.51594255
  0.50727152 -0.51158429  0.5186978  -0.51242524  0.50473641 -0.50924499
  0.50529645 -0.50874554  0.49899209 -0.50615429  0.50249713 -0.50372543
  0.49710657 -0.50172318  0.4936454  -0.50197513  0.51872054]",0.8168840579710145,0.566340579710145,0.003188405797101449,0.9127573529411764,0.7549632352941177,0.004522058823529412,0.8364230769230769,0.5808461538461539,0.004153846153846154,0.9007083333333333,0.7315833333333334,0.003625,0.8427727272727272,0.5881363636363637,0.004227272727272727,9.067424172319092e-13
3.65,0.12,3001,0.6322857142857142,0.05012972966133338,0.3332857142857143,0.05153976075590098,1.4034164452619389,2.0,0.14061665361130243,0.7882322480105962,0.027739108106176195,2.0,0.35988709819684744,0.6326837554044563,0.028630263445159537,8,0.413711809948425,8,0.5416872510637923,0.0025601070373593286,103.0,1.0818455831207976,"[ 1.         -0.24290345 -0.03241456 -0.24633851  0.51001281 -0.23229138
 -0.01194547 -0.2469318   0.54168725 -0.2588794   0.03048104 -0.21616009
  0.50747406 -0.24200202  0.05274022 -0.19972446  0.42890043 -0.26007366
  0.07186482 -0.20121664  0.42606376 -0.25618788  0.0636502  -0.17178557
  0.39499284 -0.24154618  0.0599185  -0.18089523  0.40694555 -0.23810985
  0.06693886 -0.20479427  0.36242974 -0.19702782  0.05110291 -0.21928957
  0.36048428 -0.20793526  0.08053398 -0.21540379  0.35361415 -0.20270499
  0.06963038 -0.22720243  0.33867709 -0.21674317  0.0694827  -0.19687632
  0.35780169 -0.20792887  0.07964532 -0.15534101  0.34241903 -0.22824389
  0.06515386 -0.18462185  0.33061654 -0.24497488  0.06724571 -0.16594669
  0.34077533 -0.23347161  0.09308891 -0.16968224  0.30791047 -0.2210733
  0.03288483 -0.20030756  0.33330423 -0.20150309  0.11520041 -0.20045525
  0.31747212 -0.19806676  0.11549832 -0.22704711  0.32000957 -0.21300382
  0.1010107  -0.17386084  0.31448393 -0.23959568  0.10444704 -0.19955766
  0.36138951 -0.20703003  0.09981261 -0.21673809  0.31507976 -0.22465607
  0.09518585 -0.21240287  0.31941499 -0.23645471  0.10534463 -0.21569282
  0.31254102 -0.18058715  0.11191555 -0.19343364  0.32001082 -0.23227485
  0.10325149 -0.20568172  0.29700683 -0.2077723   0.07128552 -0.1829731
  0.28162416 -0.20747054  0.11102689 -0.16698692  0.31374037 -0.20807151
  0.06560835 -0.21777957  0.25756976 -0.19163973  0.06904469 -0.18297439
  0.278035   -0.16624597  0.08636767 -0.1790963   0.30297548 -0.20449646
  0.05887693 -0.17162649  0.26921558 -0.17775437  0.07934218 -0.14130422
  0.27847547 -0.19403977  0.07560279 -0.16072803  0.26039615 -0.17671294
  0.0696277  -0.12502396  0.23290924 -0.20151087  0.07306404 -0.130104
  0.25203    -0.17835664  0.07201363 -0.13473844  0.24605108 -0.14131192
  0.04542177 -0.17208621  0.23290411 -0.15535394  0.07753797 -0.14803694
  0.24709251 -0.12010316  0.0827644  -0.14863791  0.2339417 ]",0.7673188405797101,0.39514492753623187,0.0010507246376811595,0.9227205882352941,0.726139705882353,0.0011029411764705882,0.7851923076923077,0.4066923076923077,0.0019230769230769232,0.9081666666666667,0.689625,0.0009583333333333333,0.7890909090909091,0.41209090909090906,0.0014545454545454545,2.05975396513066e-10
3.65,0.12,4099,0.6333214285714286,0.11672404990630941,0.2955,0.06277311754018822,1.2415888911597066,2.0,0.8968935921042712,0.14545788029188783,0.001968945350624521,2.0,0.5437333836145941,0.4819392993582226,0.009411802988744295,4,0.8625696795308183,4,0.5747306789446491,0.00421226710155352,85.0,1.164695945945946,"[ 1.         -0.37600546  0.13162318 -0.3984341   0.57473068 -0.36721606
  0.15310143 -0.40052088  0.56852003 -0.37301886  0.20258581 -0.39281004
  0.56494684 -0.34132608  0.20263801 -0.37471246  0.53533431 -0.36550053
  0.21826126 -0.40152439  0.53365539 -0.34740295  0.17744628 -0.37790715
  0.52835108 -0.33548666  0.20114508 -0.3697794   0.53540935 -0.32744048
  0.21462935 -0.37969701  0.52202949 -0.35985362  0.19309237 -0.35978674
  0.50477953 -0.36713377  0.21942864 -0.34515141  0.49576827 -0.34623558
  0.20407294 -0.36133188  0.46417989 -0.3461018   0.18607978 -0.3740501
  0.48342853 -0.32578367  0.25797812 -0.34829389  0.44203348 -0.32218765
  0.24056502 -0.38226596  0.45881685 -0.33605694  0.22051444 -0.35856716
  0.45087508 -0.3494368   0.23712561 -0.32201635  0.50085795 -0.3547411
  0.23725939 -0.34717872  0.48649017 -0.36383394  0.23360463 -0.32908115
  0.45482023 -0.36279382  0.2291251  -0.3155153   0.442102   -0.34288354
  0.26073632 -0.31480146  0.45097296 -0.35123318  0.22264037 -0.29390327
  0.42663537 -0.35554956  0.22565633 -0.31626503  0.45321635 -0.32633111
  0.21738827 -0.31901344  0.43316578 -0.32841788  0.22452811 -0.28921492
  0.42786147 -0.3488038   0.23322687 -0.29683041  0.40360545 -0.34150082
  0.20872613 -0.27156363  0.43694779 -0.35438219  0.20309554 -0.28255073
  0.43617522 -0.35424841  0.20413566 -0.28340487  0.42724552 -0.33228073
  0.16710921 -0.28945239  0.42655452 -0.32753365  0.20637905 -0.29401349
  0.41029248 -0.32031224  0.18822274 -0.29948093  0.41108789 -0.33022985
  0.21200312 -0.30182149  0.42679271 -0.33363989  0.2038982  -0.30539467
  0.432283   -0.31191692  0.20411355 -0.33591355  0.43257992 -0.2915988
  0.19081526 -0.3267163   0.40280424 -0.29237137  0.20710014 -0.33580914
  0.41365104 -0.30130106  0.24002556 -0.31845477  0.39656422 -0.2795781
  0.1934462  -0.32869867  0.37008764 -0.28702138  0.22060725 -0.32057091
  0.37459001 -0.26068511  0.21794042 -0.3269447   0.40718915]",0.8199637681159421,0.49677536231884056,0.0018115942028985507,0.9057352941176471,0.7006985294117647,0.0011029411764705882,0.8436153846153847,0.5251153846153847,0.0015,0.8912083333333334,0.6631666666666667,0.0015416666666666667,0.8502272727272727,0.5395,0.0019090909090909091,6.909557011154542e-10
3.65,0.12,5003,0.6703571428571427,0.18531309688619152,0.27849999999999997,0.13726369304579938,2.9299670008897483,2.0,0.9637574322624061,0.058534103592274164,0.0017969077061335739,2.0,0.9196407831692225,0.11154158220401433,0.016065760544556808,8,0.9475609177605591,8,0.9262299239703009,0.017609957214759903,660.0,1.2071207430340558,"[ 1.         -0.85045121  0.87073628 -0.84913947  0.9171351  -0.84233069
  0.87043497 -0.84183212  0.92622992 -0.839112    0.87676801 -0.83807132
  0.88837058 -0.83594639  0.87370491 -0.83439202  0.89337675 -0.8330253
  0.87946929 -0.83052317  0.86748579 -0.83002271  0.86728111 -0.82565158
  0.88392011 -0.82607235  0.86884879 -0.82370479  0.86834651 -0.82157987
  0.85874569 -0.81997052  0.87787541 -0.81798208  0.85939214 -0.81515391
  0.86032478 -0.81338155  0.85085854 -0.81277494  0.86232464 -0.80956767
  0.8518841  -0.80617084  0.84558719 -0.80678116  0.84614072 -0.80557746
  0.83892258 -0.80207259  0.84676063 -0.80086889  0.82684245 -0.79841983
  0.8379029  -0.7981639   0.82548532 -0.7960674   0.83524544 -0.79172281
  0.82545507 -0.79319939  0.82013246 -0.78977602  0.81995432 -0.78708433
  0.81333137 -0.78463527  0.8227939  -0.78115694  0.802199   -0.7806034
  0.81290689 -0.77755915  0.80438842 -0.77500204  0.80922016 -0.77322968
  0.80026951 -0.77486927  0.79597617 -0.77147245  0.80213478 -0.76937595
  0.79965547 -0.76697997  0.78975705 -0.76756375  0.79239567 -0.76262396
  0.78566468 -0.7633973   0.79477463 -0.75989243  0.77702303 -0.75801203
  0.78166522 -0.75439911  0.76185508 -0.75354798  0.7873481  -0.7499616
  0.76385494 -0.74921851  0.77120584 -0.74544258  0.75605301 -0.74407776
  0.76611073 -0.74106004  0.75436986 -0.73801578  0.76069149 -0.73692012
  0.74637838 -0.73463408  0.75649107 -0.73410708  0.75609684 -0.73163148
  0.75507898 -0.72994063  0.74101039 -0.72643576  0.74622124 -0.72580072
  0.74135925 -0.72351467  0.74126261 -0.72328528  0.73223045 -0.72197353
  0.72739499 -0.71846866  0.73431182 -0.71645367  0.72663307 -0.71584517
  0.72556213 -0.71491253  0.7184255  -0.71027034  0.72230948 -0.70855295
  0.72050686 -0.70859462  0.71640308 -0.70660617  0.71430287 -0.70331739
  0.7090068  -0.70273732  0.71429916 -0.69763451  0.70347951 -0.6982183
  0.70129779 -0.69422627  0.69816831 -0.69261693  0.69855883]",0.7915942028985508,0.5642028985507246,0.0011956521739130434,0.9190441176470588,0.7402573529411764,0.0013235294117647058,0.811,0.5808076923076924,0.0018461538461538461,0.905875,0.7228333333333333,0.0011666666666666668,0.8168636363636363,0.585590909090909,0.0015454545454545454,2.2446152381715863e-15
3.7,0.06,101,0.6713928571428571,0.0880463917025379,0.46435714285714286,0.0803848841004124,0.7281028540685194,2.0,0.8029026812920151,0.2625440131027846,0.0073431218350369296,2.0,0.5429711677177836,0.5057385711277325,0.04687406529853278,8,0.7231174852757362,8,0.5492576577523663,0.0205512840022331,25.0,1.3504362276692978,"[ 1.         -0.34896255  0.27902317 -0.32607538  0.51051532 -0.28392567
  0.26210104 -0.35934336  0.54925766 -0.35469546  0.34111424 -0.35147037
  0.52254555 -0.30561043  0.26876293 -0.32638694  0.49267591 -0.31850492
  0.32732605 -0.34836001  0.53836812 -0.35113808  0.27084447 -0.31940764
  0.47067927 -0.34105427  0.27303724 -0.32519356  0.48305049 -0.32094518
  0.30103737 -0.31432728  0.49541618 -0.321921    0.28750806 -0.32288225
  0.47525994 -0.2898877   0.2885133  -0.34445579  0.48629045 -0.33507436
  0.27648892 -0.31716154  0.45160518 -0.30138295  0.26738677 -0.31284007
  0.46571663 -0.29500937  0.28733715 -0.30157426  0.45432155 -0.31414232
  0.23685874 -0.32181262  0.45611479 -0.33627409  0.24670725 -0.28117134
  0.46848601 -0.2937394   0.25899636 -0.32383531  0.45764363 -0.2942391
  0.28345049 -0.32812182  0.45469782 -0.26994367  0.24702499 -0.32475258
  0.44385544 -0.29420967  0.26705748 -0.34435612  0.45386266 -0.27954551
  0.27256095 -0.31856128  0.42643914 -0.29709694  0.28256818 -0.31037088
  0.43218343 -0.29814381  0.25712018 -0.33036841  0.42789692 -0.27069086
  0.24256757 -0.31957872  0.41042208 -0.25634411  0.24751833 -0.32204841
  0.4340061  -0.26797449  0.26068308 -0.28851571  0.42182302 -0.25489186
  0.25323904 -0.33670119  0.40908723 -0.27575952  0.23686962 -0.31374646
  0.38593217 -0.22461685  0.25966564 -0.27610953  0.43446449 -0.27730608
  0.24621844 -0.32287772  0.40190792 -0.27780578  0.22132315 -0.28018433
  0.38783143 -0.26456444  0.21711323 -0.32276617  0.38591444 -0.28108705
  0.19348205 -0.31560459  0.34649012 -0.21692029  0.23238309 -0.31381135
  0.36044286 -0.24750133  0.21175074 -0.30641447  0.35441612 -0.25676219
  0.23138923 -0.28251304  0.3472895  -0.26254811  0.20183701 -0.27061241
  0.35373967 -0.27015085  0.22423903 -0.2733174   0.35750843 -0.22690475
  0.18607882 -0.29434376  0.35377463 -0.22898044  0.19284641 -0.32160857
  0.35169893 -0.2394233   0.20893338 -0.31870992  0.36257074]",0.7032608695652174,0.09960144927536232,0.0,0.8376102941176471,0.3629044117647059,0.0,0.7233846153846154,0.13273076923076924,0.0,0.8269166666666666,0.33125,0.0,0.7275909090909091,0.13136363636363638,0.0,0.0
3.7,0.06,707,0.6683928571428571,0.0600602907119851,0.5177857142857144,0.08502997670689738,0.6737517072817503,4.0,0.11376108832088634,0.7822445004660864,0.03736303993309969,4.0,0.16687359724941506,0.7018734492909018,0.04022940107750922,4,0.4921684992694427,4,0.6669920087244636,0.003201683661809336,19.0,1.2650959860383943,"[ 1.00000000e+00 -1.14693873e-01 -4.10609383e-01 -5.72766748e-02
  6.66992009e-01 -1.20059265e-01 -3.99531322e-01 -4.14346563e-02
  6.49771411e-01 -1.53547604e-01 -3.92020408e-01  2.71524421e-02
  5.18762716e-01 -1.51679203e-01 -3.55925747e-01  9.15789279e-02
  4.49357338e-01 -1.89788955e-01 -3.50357534e-01  1.86412605e-01
  3.56274715e-01 -1.93924369e-01 -3.25173190e-01  2.64275696e-01
  3.00766743e-01 -2.25052252e-01 -3.04292004e-01  3.27001524e-01
  2.17739170e-01 -2.00076786e-01 -3.10754708e-01  3.60023006e-01
  1.90178434e-01 -2.26473877e-01 -2.67502466e-01  3.73955489e-01
  1.51892971e-01 -2.13880749e-01 -2.42417621e-01  3.40927951e-01
  1.47164091e-01 -2.27325322e-01 -1.93095232e-01  3.17637206e-01
  8.34343926e-02 -2.09374771e-01 -1.26132579e-01  2.58286877e-01
  1.06049403e-01 -2.19537287e-01 -7.23644875e-02  2.08673342e-01
  4.64139848e-02 -2.08184016e-01  9.13208302e-03  1.50695536e-01
  3.78660348e-02 -2.31408429e-01  5.55570036e-02  1.26625734e-01
  2.16665375e-02 -2.13348499e-01  1.25307747e-01  5.98659021e-02
 -1.41533009e-03 -2.19141525e-01  1.46013222e-01  6.45887257e-02
 -1.71208605e-02 -1.93705258e-01  1.77058836e-01  2.94427751e-02
  1.11366632e-02 -1.78609129e-01  1.77160247e-01  2.36165827e-02
 -1.20115371e-02 -1.49078582e-01  1.56975848e-01  1.44420004e-02
 -6.01569020e-03 -8.85706654e-02  1.00446776e-01 -7.36396782e-04
 -2.92732688e-02 -3.16630615e-02  6.11733791e-02 -2.97790335e-02
 -4.15210309e-02  2.75718321e-02  3.50945438e-02 -2.15984416e-02
 -5.01353137e-02  8.34915022e-02  2.24271658e-03 -5.26501123e-02
 -3.24599723e-02  1.25546933e-01 -2.89846652e-02 -4.84544219e-02
 -6.01964194e-02  1.52783356e-01 -4.14081383e-02 -7.98243484e-02
 -1.20376750e-02  1.77264856e-01 -6.71687178e-02 -5.83066502e-02
 -2.21338584e-02  1.72744853e-01 -6.06457377e-02 -9.70860802e-02
  3.26221668e-02  1.47796496e-01 -8.28060042e-02 -8.89386547e-02
  3.15267660e-02  1.11980868e-01 -7.56133461e-02 -1.12196233e-01
  9.51741954e-02  9.93485171e-02 -7.12751110e-02 -1.15585758e-01
  1.20292207e-01  7.28088813e-02 -7.63984591e-02 -1.25012263e-01
  1.69999184e-01  4.36236998e-02 -1.18920747e-01 -1.27171810e-01
  1.75215975e-01  5.40984151e-02 -9.78638492e-02 -1.51593033e-01
  2.30993100e-01  3.41228937e-02 -1.31209643e-01 -1.23017254e-01
  2.27636742e-01  6.38954845e-02 -1.40284727e-01 -1.29622502e-01
  2.57266788e-01  3.58739479e-02 -1.49041554e-01 -1.22078422e-01
  2.29245252e-01  6.71284394e-02 -1.58501226e-01 -8.03412475e-02
  2.31146819e-01  4.66257847e-02 -1.83767838e-01 -4.01953518e-02
  2.07856074e-01  5.05363856e-02 -1.66662676e-01 -3.00388923e-02
  1.88056263e-01]",0.701340579710145,0.09521739130434782,0.0,0.8539705882352941,0.4127941176470588,0.0,0.7196923076923077,0.12138461538461538,0.0,0.81125,0.28008333333333335,0.0,0.7342727272727273,0.14581818181818182,0.0,0.0
3.7,0.06,1313,0.6818928571428571,0.04707314922066527,0.49207142857142866,0.06610053412980033,0.737469256621617,4.022988505747127,0.039729548223170104,0.8858717488985929,0.030527627695078587,700.0,0.11094994265472433,0.8393394938645654,0.1930568762700816,8,0.2805848418811426,8,0.4206515906758909,0.08803692389156727,10.0,1.318468899521531,"[ 1.00000000e+00  1.10225027e-01  3.03589849e-02  1.42750109e-01
  3.08531146e-01  1.72394457e-01 -8.69896223e-03  9.48304314e-02
  4.20651591e-01  1.64527139e-01  7.67463771e-02  1.26327694e-01
  2.69092053e-01  1.75888458e-01  7.47701427e-02  9.85836628e-02
  2.97319735e-01  1.45004461e-01  1.54069335e-02  1.84587166e-01
  2.28018169e-01  1.44623315e-01  5.80884965e-02  1.74008432e-01
  3.05329259e-01  1.04229511e-01 -2.99734547e-02  1.63040852e-01
  2.26777116e-01  1.35078696e-01  2.18290700e-02  1.47687362e-01
  3.23277140e-01  1.12069718e-01  3.28914551e-02  1.27130570e-01
  2.18528652e-01  1.14828536e-01  2.33893471e-02  8.48030420e-02
  3.04532156e-01  9.68932464e-02 -1.26582506e-02  1.33206371e-01
  2.02794017e-01  8.90259286e-02  5.19236626e-02  1.13596588e-01
  2.29775755e-01  8.19363039e-02 -5.80475634e-03  1.62817312e-01
  1.84736811e-01  1.05688164e-01  9.58588696e-02  9.52801522e-02
  1.94981801e-01  8.97765108e-02 -2.29149510e-02  1.54568848e-01
  1.18712526e-01  7.87692282e-02  7.81905108e-02  1.50918122e-01
  2.13278827e-01  9.51248304e-02 -1.42103304e-04  1.35913777e-01
  1.72805619e-01  5.26279853e-02  2.70988663e-02  1.21078750e-01
  1.80339192e-01  7.32398806e-02  2.55114783e-02  1.40743634e-01
  1.30914340e-01  5.01012869e-02  4.90940210e-02  8.81788170e-02
  1.39394924e-01  8.95132696e-02  2.78891505e-02  1.31677775e-01
  9.71970121e-02  7.11494310e-02  9.49629511e-02  1.39470580e-01
  1.03225411e-01  5.67429524e-02  1.73578187e-02  1.25492650e-01
  8.05153659e-02  3.56676975e-02  9.78987875e-02  1.32338444e-01
  9.54054955e-02  9.60727218e-02  2.39520820e-02  1.27441774e-01
  9.40376365e-02  3.14665069e-02  9.02984009e-02  1.28825033e-01
  1.09745161e-01  6.62730520e-02  2.68879183e-02  5.42302499e-02
  1.22870885e-01  3.53890559e-02  6.04088177e-02  1.19240712e-01
  1.39525420e-01  6.26697275e-02  4.58727236e-02  9.09385164e-02
  1.44866040e-01  5.76434416e-02  9.69874687e-02  9.69669153e-02
  1.10024684e-01  1.17490302e-01  5.41017770e-02  7.13761364e-02
  1.03233992e-01  6.03200469e-02  1.03621434e-01  5.55041851e-02
  7.72940686e-02  8.73414875e-02  8.68923856e-02  5.60700494e-02
  7.97539541e-02  1.24002352e-01  1.19894823e-01  6.57965774e-02
  4.67167057e-02  1.02966799e-01  7.64906693e-02  1.61124939e-02
  1.01529580e-01  4.86375759e-02  8.52701866e-02  7.20416962e-02
  2.59877861e-02  7.10932810e-02  5.73066264e-02  1.64163180e-02
  6.51802398e-02  6.37841273e-02  9.80941683e-02  4.02977937e-02
  4.50519955e-02  1.07841250e-01  6.23058015e-02  4.33555454e-02
  7.69778067e-02  4.69728657e-02  5.90836234e-02  3.45412170e-02
  2.86692824e-02]",0.6770289855072463,0.07065217391304347,0.0,0.8484191176470588,0.37948529411764703,0.0,0.6882307692307692,0.081,0.0,0.8384166666666667,0.35175,0.0,0.6878181818181818,0.08559090909090909,0.0,0.0
3.7,0.06,2029,0.6821785714285714,0.09824933790086926,0.47942857142857137,0.0922633763323503,0.8005251901174649,2.0,0.849134725724524,0.19485200410281303,0.004847755127657585,2.0,0.6711776933553151,0.3667921978883345,0.07961478898878974,8,0.848881211850966,8,0.7702331188664421,0.05991400548545803,15.0,1.2915143351933809,"[ 1.         -0.45203379  0.5805793  -0.40257068  0.66049691 -0.40831551
  0.55934172 -0.43170539  0.77023312 -0.46035282  0.57467928 -0.39479819
  0.64721761 -0.43729076  0.55729196 -0.42074911  0.74686065 -0.43858655
  0.54829564 -0.39751443  0.63921984 -0.42448367  0.58009392 -0.42563742
  0.71336865 -0.46134287  0.5549821  -0.40509265  0.6119971  -0.42803901
  0.55094606 -0.41803754  0.71307141 -0.44586984  0.56894955 -0.39751675
  0.6271249  -0.43364175  0.55548682 -0.40836388  0.67980237 -0.47099483
  0.51882421 -0.35835235  0.5874883  -0.43139772  0.55647221 -0.40982147
  0.66324099 -0.46860216  0.53103913 -0.36871878  0.57016214 -0.41970064
  0.54946218 -0.39676745  0.63937466 -0.47936416  0.52370785 -0.35892286
  0.545555   -0.44161787  0.54516603 -0.3968681   0.61368148 -0.45673482
  0.53315854 -0.37649595  0.53444777 -0.42209798  0.52154663 -0.40723453
  0.59492406 -0.46542305  0.52303905 -0.38913274  0.5093971  -0.40494675
  0.51142713 -0.39361231  0.58033816 -0.44938183  0.5063554  -0.39498242
  0.51302445 -0.40778526  0.51456061 -0.40516307  0.56728182 -0.42828204
  0.47508581 -0.37565912  0.48326044 -0.41380756  0.49871606 -0.40195527
  0.56923097 -0.430701    0.50129451 -0.37647421  0.48192752 -0.41395616
  0.52021143 -0.40856973  0.54852444 -0.41969438  0.48964546 -0.37872056
  0.47575658 -0.40166691  0.49271778 -0.38764256  0.51557665 -0.41261234
  0.480612   -0.37684573  0.45648132 -0.38730389  0.49752946 -0.40691782
  0.53440608 -0.41266264  0.47930305 -0.39626963  0.45576453 -0.37022698
  0.47181231 -0.39788668  0.5228793  -0.40254546  0.47809239 -0.38439993
  0.46486999 -0.37077116  0.46053246 -0.39909733  0.50621962 -0.39847459
  0.4546456  -0.39476636  0.44317573 -0.367712    0.46568937 -0.3936935
  0.47596175 -0.36083976  0.44612999 -0.36944711  0.43920084 -0.34416923
  0.45650727 -0.39339857  0.49254479 -0.36089006  0.4581723  -0.37687669
  0.43261035 -0.32691971  0.4384403  -0.39870643  0.46727116]",0.6783695652173913,0.07851449275362318,7.246376811594203e-05,0.8444852941176471,0.39544117647058824,3.676470588235294e-05,0.6821923076923077,0.08065384615384616,3.846153846153846e-05,0.8332916666666667,0.356125,4.1666666666666665e-05,0.6794545454545454,0.077,9.09090909090909e-05,2.776883725153949e-10
3.7,0.06,3001,0.6710714285714285,0.0520877889250642,0.43642857142857144,0.05472099921512801,0.7640193437940218,2.0,0.13474783011306735,0.8444510404311569,0.028362433952137642,3.977272727272727,0.050676018539576914,0.8933034871088609,0.037408694030063416,8,0.20574571683781404,8,0.22413942506632908,-0.000730329631025136,15.0,1.3305749128919862,"[ 1.         -0.07558625 -0.23691113  0.02149478  0.19912032  0.09439793
 -0.23900056 -0.0322048   0.22413943  0.03657498 -0.14632086 -0.01911277
  0.10874279  0.0418633  -0.13713069 -0.0632707   0.1770231  -0.02246842
 -0.08902417 -0.0507239   0.0830952   0.0681496  -0.14130954  0.03686123
  0.14737142 -0.04170947 -0.09308376  0.05559307  0.12652241 -0.01159579
 -0.1297617   0.03799844  0.12172383 -0.07602974 -0.13217487  0.07310445
  0.12907383 -0.04363289 -0.09522868  0.00487087  0.11267191 -0.06773629
 -0.1226887   0.01915561  0.124026   -0.02721199 -0.13280335 -0.00527152
  0.10230801 -0.02301414 -0.13163839  0.06149234  0.06833922 -0.05285958
 -0.11551347 -0.01238103  0.116122   -0.04671932 -0.0745632   0.06521943
  0.10958547 -0.02820899 -0.10636808  0.0518504   0.0624969  -0.03626196
 -0.09837062  0.0756768   0.06843269 -0.05147117 -0.1043619   0.02816226
  0.14202906 -0.03989558 -0.08682277  0.00905119  0.04897013 -0.03786165
 -0.09139985  0.03081591  0.02834262 -0.0545873  -0.08449286  0.01170484
  0.06474357 -0.02924446 -0.08961517  0.04301122  0.05788331 -0.06082784
 -0.07815885  0.00372636  0.06717572 -0.03873938 -0.05378721  0.07873695
  0.02465351 -0.04244748 -0.05001533  0.00627778  0.07027238 -0.00257065
 -0.07606114  0.03596548  0.02752866 -0.06104106 -0.04768542 -0.01914831
  0.07086435 -0.06519217 -0.03817151  0.0756953  -0.01265292 -0.03388579
 -0.04622447  0.04346445  0.05920551 -0.04074605 -0.03042329  0.04072755
  0.05830879 -0.08013315  0.04620597  0.07864494  0.02672541 -0.06249178
 -0.05683762  0.06646861  0.03482511 -0.03411606 -0.00113186  0.03369252
  0.07567315 -0.10267337 -0.04757296  0.03756663  0.07390746 -0.03558577
 -0.03090281  0.04295718  0.04373829 -0.03258063 -0.06877346  0.05724192
  0.06637198 -0.02013607  0.01197916  0.00148066  0.06850814 -0.05085047
 -0.06731251  0.06044081  0.05384417  0.00311735 -0.00922133  0.02267239
  0.02410097 -0.01589149 -0.0174958   0.04953168  0.05009128]",0.7115579710144928,0.09115942028985508,0.0,0.8265441176470588,0.31338235294117645,0.0,0.7365,0.127,0.0,0.8084583333333333,0.24775,0.0,0.7584090909090909,0.15545454545454546,0.0,0.0
3.7,0.06,4099,0.6791428571428572,0.05164073301302421,0.4819285714285715,0.0664282258055525,0.7198898820143456,4.0,0.14709137098760663,0.8075069969745542,0.03276594140682277,4.0,0.32671064223913965,0.672498293536655,0.04419249862633225,8,0.4155736987134041,8,0.5835769693191724,0.0036999810188254605,15.0,1.3622047244094488,"[ 1.00000000e+00 -7.24951947e-02 -3.82582178e-01  5.17090312e-02
  3.68576195e-01  3.61199190e-02 -3.54902119e-01 -4.33396694e-02
  5.83576969e-01 -7.29120466e-02 -3.55412895e-01  6.35006542e-02
  4.03253939e-01  5.24026892e-03 -3.74606950e-01 -2.18358399e-02
  5.36510308e-01 -7.09008468e-02 -3.79300913e-01  3.96126366e-02
  4.04524005e-01 -2.32113295e-02 -3.52430204e-01 -4.03509261e-02
  5.14240992e-01 -5.07914127e-02 -3.65217672e-01  6.50267854e-02
  3.64088238e-01 -6.18320855e-03 -3.40482492e-01 -1.38349044e-02
  5.16183975e-01 -7.36457740e-02 -3.22963250e-01  3.25966509e-02
  3.55646097e-01 -2.48509102e-03 -3.54882609e-01 -3.07312895e-02
  5.35776581e-01 -1.26377889e-01 -3.46334440e-01  3.96882596e-02
  3.87535050e-01 -1.85721256e-02 -3.40506845e-01 -2.98219627e-02
  4.99163260e-01 -1.13103998e-01 -3.44908285e-01  4.19237651e-02
  3.50697424e-01 -2.11245067e-02 -3.45779800e-01 -2.56070170e-02
  5.00657632e-01 -1.10800276e-01 -3.49079367e-01  5.11509031e-02
  3.63161964e-01 -2.03516133e-02 -3.67893028e-01 -3.07238831e-02
  4.97676295e-01 -9.99544369e-02 -3.58242986e-01  1.66731117e-02
  3.68342349e-01 -6.47659168e-02 -3.36813425e-01  7.34735195e-03
  4.55397521e-01 -1.07499355e-01 -3.60346756e-01  3.10488754e-02
  3.39822534e-01 -6.22378889e-02 -3.52539721e-01 -1.64724490e-02
  4.75799477e-01 -1.09759213e-01 -3.57233683e-01  1.01562349e-01
  3.33740229e-01 -4.62434242e-02 -3.29397534e-01 -1.45976826e-02
  4.69288216e-01 -1.21126578e-01 -3.10035286e-01  8.08435167e-02
  3.11627001e-01 -7.04921809e-02 -3.19653568e-01  3.75661706e-03
  4.73366728e-01 -1.38159396e-01 -3.38691535e-01  7.08023307e-02
  3.16670953e-01 -3.95490117e-02 -3.19173197e-01  1.07117924e-02
  4.39561854e-01 -1.44670658e-01 -3.27397084e-01  7.90836847e-02
  3.26346702e-01 -9.05745530e-02 -2.97288973e-01  4.85379248e-03
  4.35322555e-01 -1.48100606e-01 -3.38628015e-01  9.89005964e-02
  3.15408293e-01 -4.16210218e-02 -3.05575025e-01  2.94487976e-05
  4.03272815e-01 -1.19965883e-01 -3.24544774e-01  9.06145448e-02
  2.93948327e-01 -8.46409300e-02 -2.92749745e-01  4.51605330e-02
  4.10071902e-01 -1.20226646e-01 -3.14576502e-01  6.98274960e-02
  2.86335193e-01 -8.82073117e-02 -2.93078725e-01  2.44417009e-02
  4.06125125e-01 -1.34919285e-01 -3.15217660e-01  6.51395857e-02
  2.85469730e-01 -8.28904931e-02 -2.95046061e-01  1.40883368e-02
  3.80394101e-01 -1.43137120e-01 -2.78111864e-01  8.52490198e-02
  2.65852771e-01 -1.04935504e-01 -2.59334661e-01  1.66163647e-02
  3.54302337e-01 -1.52232522e-01 -2.99123219e-01  6.99031191e-02
  2.73978036e-01 -9.22466580e-02 -2.78210486e-01  3.73987160e-02
  3.66991183e-01]",0.6753260869565217,0.06804347826086957,0.0,0.8602573529411764,0.41143382352941177,0.0,0.6833076923076923,0.07626923076923077,0.0,0.8446666666666667,0.36595833333333333,0.0,0.6967272727272728,0.09213636363636364,0.0,0.0
3.7,0.06,5003,0.6805714285714286,0.10017499993633591,0.4774285714285714,0.08753261782714755,0.740310085320815,2.0,0.8623292835396407,0.19308606188867222,0.005718531101554071,2.0,0.7068311963419991,0.36346287653480075,0.01961468231744395,8,0.8092144907540362,8,0.6858684226948324,0.008751267145386404,15.0,1.2950978492540206,"[ 1.         -0.55881605  0.4565643  -0.50027432  0.62434436 -0.51568127
  0.46749119 -0.52363023  0.68586842 -0.56742552  0.48193666 -0.53083692
  0.594714   -0.51424642  0.51626035 -0.52965337  0.63691653 -0.55023298
  0.49358098 -0.49863784  0.58610454 -0.5387494   0.50625251 -0.49605591
  0.60572266 -0.54803101  0.49578294 -0.47173126  0.56847356 -0.52964613
  0.49009449 -0.48797544  0.59893241 -0.53037235  0.50339728 -0.4798453
  0.54667676 -0.52503896  0.50220493 -0.47591028  0.58345094 -0.52203618
  0.47351122 -0.47192998  0.53081973 -0.50665847  0.48325016 -0.48948197
  0.56775904 -0.52705249  0.46849492 -0.46342867  0.52580342 -0.49421774
  0.51132871 -0.48606276  0.54651893 -0.49701889  0.48598844 -0.47203813
  0.50269881 -0.47672422  0.48775797 -0.48259826  0.5194749  -0.52287497
  0.49106173 -0.47980591  0.49684081 -0.50770767  0.48105829 -0.45811287
  0.49916703 -0.49869056  0.48774478 -0.46019219  0.46984206 -0.4951311
  0.50181468 -0.47676665  0.46699563 -0.4751827   0.46070075 -0.46465181
  0.47563718 -0.48425389  0.48141626 -0.47267089  0.50600547 -0.48782214
  0.46836037 -0.44720357  0.47232023 -0.47591772  0.46131882 -0.45289203
  0.47777348 -0.48885375  0.46635123 -0.43480812  0.45420715 -0.46704085
  0.4518064  -0.43511351  0.47538878 -0.48196124  0.46252287 -0.42507358
  0.43317746 -0.44551735  0.45421879 -0.42410045  0.45377311 -0.47022636
  0.46493526 -0.42617977  0.42817713 -0.43497042  0.43167086 -0.43105584
  0.44325386 -0.47079184  0.42453875 -0.41674621  0.4109963  -0.43516034
  0.43940507 -0.41255549  0.45506332 -0.45511754  0.44415247 -0.41479995
  0.43909082 -0.42130526  0.42664576 -0.4138721   0.43904115 -0.45139734
  0.42524299 -0.4080273   0.44276574 -0.43466653  0.44689075 -0.41994052
  0.44928709 -0.4161458   0.41786675 -0.41612536  0.44030646 -0.42568311
  0.42422296 -0.41561835  0.44521901 -0.4339872   0.41142277 -0.40091718
  0.44707911 -0.43128541  0.41925193 -0.40711704  0.42130201]",0.6821014492753623,0.08565217391304347,0.0,0.8471323529411765,0.4106985294117647,0.0,0.7034615384615385,0.10826923076923077,0.0,0.8369583333333334,0.378375,0.0,0.7028181818181818,0.11559090909090909,0.0,0.0
3.7,0.08,101,0.6354285714285716,0.11267127551656904,0.44692857142857145,0.07588427682588637,0.568744427167174,2.0,0.8882814405877731,0.15889688737151914,0.004183573299732889,2.0,0.5630297999332856,0.49099832822993394,0.032411724842531936,12,0.8233131403694999,12,0.5303590772144294,0.0031898221734020234,70.0,1.2717479674796748,"[ 1.         -0.37070329  0.25132633 -0.36020251  0.52983379 -0.33985458
  0.29702198 -0.38521074  0.51595123 -0.36908998  0.25983815 -0.35537385
  0.53035908 -0.3734789   0.29999001 -0.33995418  0.52651416 -0.37162764
  0.29517136 -0.40621165  0.47580002 -0.34722024  0.30395923 -0.36455269
  0.48768894 -0.36145632  0.31208879 -0.36394184  0.46085817 -0.38580624
  0.31681251 -0.34673773  0.473253   -0.36585461  0.28288212 -0.35779656
  0.49258443 -0.36950903  0.28108833 -0.31916245  0.43687051 -0.40413582
  0.30786227 -0.36805406  0.42829252 -0.37739998  0.29606893 -0.33209127
  0.47619168 -0.35376519  0.28935156 -0.31287414  0.43629842 -0.39226563
  0.25836983 -0.3191237   0.43501054 -0.38862993  0.25444872 -0.33719533
  0.43736772 -0.38503233  0.28905679 -0.32247206  0.4267005  -0.37092927
  0.27900978 -0.34240432  0.40052805 -0.35430727  0.25977392 -0.32264317
  0.43711104 -0.35803789  0.27278896 -0.33560074  0.42958297 -0.35199755
  0.29611897 -0.3233964   0.44383843 -0.36491702  0.26521343 -0.31348241
  0.40533798 -0.34639629  0.27322869 -0.30225181  0.39470886 -0.36198709
  0.27864882 -0.29504725  0.41198917 -0.36017392  0.29286618 -0.2944364
  0.39093079 -0.36890431  0.28909746 -0.31433056  0.40693257 -0.34352318
  0.23388946 -0.33724957  0.39513923 -0.32876181  0.24368916 -0.32570355
  0.39125622 -0.34435261  0.28577784 -0.32939607  0.39120876 -0.33253989
  0.26665628 -0.34173342  0.38763054 -0.35410419  0.26610291 -0.35034951
  0.37905254 -0.34221528  0.29966105 -0.33361322  0.37648614 -0.33303579
  0.29403171 -0.30082768  0.37574228 -0.33502008  0.26983418 -0.30568442
  0.35293756 -0.32115624  0.26815468 -0.31674326  0.36982625 -0.33907548
  0.28175183 -0.31927155  0.36722175 -0.33354105  0.2575162  -0.31928092
  0.38705909 -0.34161314  0.26564576 -0.31363219  0.33386412 -0.31119414
  0.27059807 -0.32658976  0.36366291 -0.3439603   0.25085631 -0.32714313
  0.36493206 -0.32416106  0.2806551  -0.29668603  0.36197405]",0.7623913043478261,0.23833333333333334,0.0,0.8659558823529412,0.4852941176470588,0.0,0.7722692307692308,0.2505,0.0,0.8542916666666667,0.45158333333333334,0.0,0.7728181818181818,0.252,0.0,0.0
3.7,0.08,707,0.6146785714285714,0.10104668425019786,0.5096428571428572,0.06264880245447307,0.4482764255296444,2.0,0.8381227090782261,0.21326998354546087,0.004116368066455882,2.0,0.40943864364726557,0.6091685353443548,0.10411159597251682,8,0.8122490357920632,8,0.5328935871901652,0.06158764229970591,63.0,1.1502498790907625,"[ 1.         -0.16914112  0.29108307 -0.1537397   0.48389179 -0.17585412
  0.32804756 -0.19083195  0.53289359 -0.17325966  0.30278463 -0.19226076
  0.42409096 -0.20328031  0.30625654 -0.18004034  0.49398905 -0.21853382
  0.29100303 -0.19931712  0.42084987 -0.18338923  0.28082573 -0.19563722
  0.51370465 -0.18425907  0.34001244 -0.17869158  0.42072211 -0.15495764
  0.34148897 -0.17921043  0.4698994  -0.15582747  0.33694685 -0.16793247
  0.40036751 -0.18549715  0.3067507  -0.15172129  0.43040339 -0.20368849
  0.31638426 -0.20014889  0.37598964 -0.17711691  0.2532545  -0.20938374
  0.40388715 -0.22964577  0.27369694 -0.220263    0.38954359 -0.1731889
  0.28374648 -0.19092908  0.39413344 -0.18718148  0.2801143  -0.17562784
  0.41779969 -0.1709703   0.27941995 -0.18724156  0.43274995 -0.20459825
  0.28436078 -0.1879359   0.3920179  -0.17291796  0.26637743 -0.20427485
  0.38824273 -0.19415763  0.30827514 -0.20006848  0.34604177 -0.20615482
  0.2795479  -0.19383422  0.37211939 -0.22575008  0.27503828 -0.17632961
  0.35287511 -0.18602325  0.2367176  -0.17643249  0.3864078  -0.19343821
  0.25331226 -0.17677586  0.36933439 -0.19031727  0.24334294 -0.19346579
  0.38284823 -0.21211591  0.29231224 -0.15541586  0.33574655 -0.17294804
  0.26904469 -0.18760739  0.35923732 -0.15491697  0.23923202 -0.19047262
  0.3441593  -0.16089551  0.20178879 -0.18861261  0.38042183 -0.14556178
  0.20746408 -0.20204622  0.31074695 -0.17411352  0.22094542 -0.21313347
  0.3448061  -0.14733395  0.2162278  -0.19930115  0.31097016 -0.18207983
  0.23282246 -0.19453581  0.33974512 -0.14091659  0.2097304  -0.15701235
  0.31010794 -0.166563    0.2223018  -0.14916619  0.37492983 -0.13904897
  0.21653124 -0.17733446  0.30452049 -0.15976216  0.22983709 -0.17620891
  0.34862157 -0.14859469  0.21790489 -0.19615515  0.28443887 -0.19587186
  0.20555672 -0.19356068  0.32290478 -0.19033956  0.16706054 -0.20969164
  0.27891642 -0.17336142  0.18785396 -0.18634387  0.34611717]",0.8134782608695652,0.4017391304347826,0.00032608695652173916,0.8707720588235294,0.5452573529411765,0.00022058823529411765,0.8201153846153846,0.4108846153846154,0.0003076923076923077,0.8574583333333333,0.506875,0.0002916666666666667,0.8190454545454545,0.40645454545454546,0.0004090909090909091,3.950661737807667e-08
3.7,0.08,1313,0.6286428571428572,0.04599240176820693,0.5849285714285714,0.04437657729303711,0.40637108083460016,2.0,0.35867379255740306,0.660914970899269,0.012285519643857733,4.0,0.04220387096774193,0.8815030104055224,0.16338337730432714,16,0.4043956897422053,4,0.3237989483513719,0.03386551549181222,63.0,1.1742185259535418,"[ 1.00000000e+00  1.03931557e-01 -5.89078754e-02  9.98012734e-02
  3.23798948e-01  1.17433832e-01  3.80186265e-02  9.40745222e-02
  3.10817916e-01  7.30754449e-02  5.63498458e-03  4.28349322e-02
  2.29467880e-01  1.10154131e-01  2.22177372e-02  1.89724793e-02
  2.56385392e-01  2.40836308e-02  2.37452667e-02  3.13814297e-02
  2.14933899e-01  7.25904000e-02 -1.96933808e-02  4.70703513e-02
  2.16660921e-01  5.21815028e-02  2.77200647e-02  3.53562277e-02
  9.32256936e-02  3.66666543e-02  1.87045705e-03 -3.73503296e-03
  1.62401981e-01  6.61179827e-02  1.49996539e-02  2.02755849e-02
  8.72129017e-02 -1.70456239e-02  2.01543237e-02  1.27352635e-02
  1.40067058e-01  4.55966294e-02 -4.97503750e-03  5.16275201e-02
  6.05305914e-02  3.73360616e-02  4.49722246e-02  8.59728971e-02
  8.88885961e-02 -5.03517031e-03  2.90842988e-02  3.19999978e-02
  1.36995166e-02  2.62297283e-02  6.39763377e-02  1.48451637e-02
  8.90367611e-02 -2.35693689e-02  1.43508252e-02  5.58981595e-02
  2.67162573e-02  2.47379077e-02 -2.63042438e-03  5.70526117e-02
  7.44768720e-02  3.85873510e-02  2.93547206e-02  6.78215765e-02
  7.30975075e-02  3.72079865e-02 -5.93581516e-03  1.14884452e-02
  7.42519597e-02 -6.25656910e-03  6.82030444e-03  2.82447824e-02
  3.35207134e-02 -1.10189933e-03  2.04961632e-02  3.72001771e-02
  6.60525203e-02 -2.47907677e-02  1.00489479e-02  5.08760358e-02
 -1.63908399e-02  3.24107751e-02  7.01573846e-02  4.15221442e-02
  8.85101891e-02 -3.60000711e-03  5.22823040e-02  1.63927830e-02
  7.48089108e-02  3.16651091e-02  5.32631716e-02 -1.76308445e-02
  8.61245375e-02  1.88576618e-02  6.20449817e-02  8.01975903e-03
  1.51092602e-02  2.94530420e-02  6.73732361e-02  1.91993051e-03
  5.07215455e-02 -1.47317600e-02  9.99050429e-02  3.44517374e-02
  5.26983518e-03  4.80840779e-02  1.15568056e-01  3.43392812e-02
  7.09925670e-02  1.35137885e-02  8.51715693e-02  8.06594030e-02
  4.65834522e-02  3.24567732e-02  5.56948213e-02  3.50341081e-02
  9.45435595e-02 -3.55400904e-03  4.52476060e-02  3.47480673e-02
  3.87570900e-02  9.57518784e-03  6.01903731e-02 -6.52984082e-03
  8.27169798e-02  4.02202118e-03  5.28236362e-02 -1.02694373e-02
  5.77612031e-02  7.99059275e-02  4.45630684e-02  1.04871175e-02
  9.24796575e-02  5.26350989e-03 -1.97445901e-02  2.70698702e-02
  7.64181471e-02  4.25722273e-03  2.27887305e-03 -9.66384922e-04
  7.06913959e-02 -1.34442732e-02  1.72216401e-02 -3.49900124e-02
  9.41553519e-02  2.21874025e-03 -3.85648294e-02 -8.44557791e-03
  5.48645985e-02  1.66148454e-02 -2.10882457e-02  5.09816781e-04
  7.28878440e-02  1.88626213e-02 -4.47771141e-02 -5.40097444e-02
  8.90975194e-02]",0.7621739130434783,0.3207608695652174,0.0,0.9103676470588236,0.6308823529411764,0.0,0.7668461538461538,0.32569230769230767,0.0,0.9019166666666667,0.5995416666666666,0.0,0.768090909090909,0.3225909090909091,0.0,0.0
3.7,0.08,2029,0.6228214285714286,0.09825115541720783,0.5319999999999999,0.057236352085016734,0.4076998585582277,2.0,0.8565408156019261,0.18495574920797564,0.003770488377575107,4.0,0.26876960421647333,0.7372621440719903,0.08420138188267633,16,0.8340571686493449,8,0.5378109192394904,0.018105631741995285,7.0,1.1536555142503098,"[ 1.00000000e+00 -1.06506192e-02 -2.50326182e-01  4.20931450e-02
  3.67523112e-01  5.48927263e-02 -2.23331589e-01 -2.86412001e-03
  5.37810919e-01 -4.91522763e-02 -2.33228676e-01 -4.03976975e-03
  3.92644340e-01  2.76853305e-02 -2.43997907e-01 -9.75056689e-03
  4.41834990e-01 -2.73888017e-02 -2.01261120e-01 -3.38217338e-03
  3.79827316e-01  1.19902320e-02 -2.34139194e-01  2.73626374e-02
  4.09569161e-01 -3.34903192e-02 -1.97856271e-01  5.47357405e-03
  3.26848073e-01  2.99598814e-02 -2.30036630e-01  1.36298622e-02
  3.68189430e-01 -4.29495901e-02 -1.92445491e-01 -1.27071341e-02
  3.55632304e-01 -3.78859236e-03 -2.35440433e-01  3.33001919e-02
  3.91828013e-01 -2.10989011e-02 -1.98154544e-01  1.93476365e-02
  2.82026862e-01 -1.45560788e-02 -1.76828885e-01  5.27524856e-02
  3.37933019e-01 -4.96145125e-02 -1.99110413e-01  3.52171638e-03
  2.97423687e-01  1.23321123e-03 -1.83540904e-01 -1.22972266e-03
  3.63141462e-01 -4.39037153e-03 -1.98191174e-01  2.84249084e-02
  3.37196930e-01 -7.35391593e-03 -2.03029827e-01 -6.93877551e-03
  3.76750392e-01  9.61102390e-03 -1.92300715e-01  4.88051631e-03
  2.67167277e-01 -5.82417582e-03 -1.46598639e-01 -2.31571603e-02
  3.66985871e-01 -9.96511425e-03 -2.33985697e-01 -2.61643119e-03
  2.76023025e-01 -2.20425606e-02 -1.72323391e-01 -3.11337868e-02
  3.45534624e-01 -2.12122798e-02 -1.86755625e-01  2.21524507e-04
  2.46853305e-01 -9.08773766e-03 -1.68090005e-01 -5.09680795e-03
  3.08035932e-01 -1.68916797e-02 -2.01273330e-01  7.89987790e-03
  2.83181580e-01  5.52415838e-03 -2.08684807e-01 -1.25937555e-02
  3.22342578e-01 -2.08128380e-02 -2.15703820e-01  1.20024420e-02
  2.96790511e-01 -1.97278912e-03 -2.26691087e-01 -2.34257806e-03
  3.62333857e-01 -5.26862027e-02 -2.51937903e-01  1.57125414e-02
  2.29638932e-01 -1.90633176e-02 -2.27123670e-01 -5.56602128e-03
  3.74067678e-01 -5.95726496e-02 -2.89741845e-01  2.15157858e-02
  2.97189953e-01 -7.02424560e-03 -2.10331415e-01  1.71986743e-03
  3.20695971e-01 -8.03261818e-02 -2.49140066e-01  1.67224839e-02
  2.87338217e-01  2.04953776e-03 -2.13947323e-01  2.24803768e-02
  3.21440781e-01 -7.62236177e-02 -2.42159428e-01  1.45892203e-02
  2.93533926e-01 -3.17861504e-02 -2.19438339e-01 -1.35356707e-02
  3.12679226e-01 -8.17146346e-02 -2.31603000e-01 -4.68166754e-03
  2.50279086e-01 -6.07814408e-02 -2.17908599e-01 -6.83900227e-02
  3.07580673e-01 -8.23652538e-02 -2.78738880e-01  6.04918891e-03
  2.08376068e-01 -7.29443572e-02 -1.90127333e-01 -4.63649049e-02
  3.27512646e-01 -6.71864643e-02 -2.53050759e-01  1.93528694e-02
  2.62016396e-01 -5.05267748e-02 -1.94266527e-01 -4.83237398e-02
  2.71044828e-01]",0.7782608695652173,0.31431159420289856,0.0,0.8908823529411765,0.5844117647058824,3.676470588235294e-05,0.7831153846153847,0.31434615384615383,0.00023076923076923076,0.88775,0.574125,0.0,0.7776363636363637,0.3025,4.545454545454545e-05,1.965953049555176e-09
3.7,0.08,3001,0.6450714285714286,0.05516852659379814,0.3964285714285714,0.062060701029273746,0.7684280212713689,2.0,0.21492512302446432,0.7885293301019343,0.023274342742390437,2.0,0.03867058811302911,0.8845499889353269,0.09390878834517,16,0.3257945870141889,16,0.27929905569328006,0.024559497391540147,41.0,1.2871057513914657,"[ 1.          0.01887194 -0.05524857  0.03184433  0.20987643 -0.00737562
 -0.02036221  0.02884488  0.24853812  0.01009121 -0.0093863   0.02332854
  0.18844502 -0.02860833 -0.01013379 -0.02398142  0.27929906 -0.06863255
 -0.07426717  0.01110365  0.19847473 -0.0862697  -0.00825086  0.0336705
  0.22475068 -0.01720663 -0.04032701  0.01802036  0.15631209 -0.01702685
  0.02747762  0.04429631  0.17967375 -0.02552372  0.0495146   0.04772155
  0.18402627 -0.00322181  0.01459039  0.02571296  0.19082944 -0.03913953
  0.02092992  0.01271219  0.21041576 -0.03438961  0.01117461  0.03806086
  0.18012793 -0.06944628  0.00651931  0.02611983  0.10963609 -0.08337434
  0.00484454  0.01795413  0.19784077 -0.08412183  0.03728025  0.03078459
  0.155962   -0.07586151  0.04832239  0.05196052  0.17263403 -0.05541415
  0.04300475  0.03193895  0.10154609 -0.07755521  0.03000397  0.04099408
  0.19968586 -0.06373124  0.05223965  0.07535057  0.11892777 -0.0638164
  0.00751282  0.02426528  0.17169729 -0.08628863 -0.00562042  0.02146453
  0.04378063 -0.02411388  0.0213841  -0.03074674  0.11039305 -0.05744848
  0.02123271  0.03420983  0.07215714 -0.06144144  0.00167477 -0.00753648
  0.12413186 -0.05967205 -0.01715459  0.02463429  0.10265314 -0.03816494
 -0.00558257 -0.00658081  0.14270575 -0.09282686  0.08613251  0.0340679
  0.08711655 -0.02051833  0.03796151 -0.01383816  0.0770963  -0.06564256
  0.05039457  0.01608065  0.08376701 -0.0674498  -0.01360634 -0.01818122
  0.13574173 -0.06548171  0.03095017  0.00504797  0.09677725 -0.07013701
 -0.03675984 -0.00232292  0.08092841 -0.05929357  0.05296823  0.05660636
  0.08057832 -0.06229302  0.06394414 -0.02322446  0.12579717 -0.05323789
 -0.00310353  0.03769184  0.10623924 -0.0692192  -0.0219329   0.01131181
  0.064228   -0.0155224   0.0206366   0.03838257  0.06904415 -0.07111159
  0.0151865   0.01783112  0.07915902 -0.09980981  0.0078156   0.04490188
  0.08112711 -0.07658063  0.02283178  0.03388812  0.04706394]",0.7615942028985507,0.23565217391304347,0.00010869565217391305,0.8376470588235294,0.40352941176470586,0.00022058823529411765,0.7731153846153846,0.24811538461538463,0.0002692307692307692,0.8250833333333333,0.36741666666666667,0.0005,0.7765454545454545,0.24613636363636363,0.00013636363636363637,3.9426625555877e-09
3.7,0.08,4099,0.632357142857143,0.06502319052555365,0.4504285714285715,0.05528977467555343,0.5970396278336193,2.0,0.23603950701377205,0.6435523734734638,0.014253631051249273,4.0,0.11301644069606064,0.8473327957274237,0.08058497056308751,24,0.5144646953534463,16,0.3374354553058216,0.01605161751662843,22.0,1.1889140271493213,"[ 1.00000000e+00  1.27810559e-02 -1.22741191e-01  1.08792537e-03
  2.31231840e-01  2.79384991e-02 -9.70791112e-02 -4.79908005e-02
  3.23536776e-01 -5.38424586e-02 -7.25352563e-02  4.19475040e-02
  2.44052351e-01  3.25809485e-02 -7.37840057e-02 -2.53815554e-03
  3.37435455e-01 -5.39532987e-02 -3.87555422e-02  3.71634859e-02
  2.03071232e-01 -2.53867055e-03 -9.83389046e-02  1.73121502e-02
  3.03564242e-01 -4.10927321e-02 -1.12338754e-01  3.95094021e-02
  2.08912017e-01 -2.82618639e-02 -1.00706222e-01 -2.01140160e-02
  2.62603151e-01 -7.85489401e-02 -5.04999442e-02  1.95776115e-02
  1.81950432e-01 -1.90163342e-02 -5.98967132e-02 -4.11940733e-02
  2.69572175e-01 -9.14309080e-02 -2.94913580e-02  3.20077403e-03
  1.51564075e-01 -4.00363077e-02 -6.45605639e-02  2.65563065e-02
  2.41522407e-01 -1.07777704e-01 -7.38972492e-02 -2.48489944e-02
  1.45731929e-01 -4.23335276e-02 -5.98380029e-02  4.18035320e-02
  2.10027839e-01 -7.73827056e-02 -4.35122652e-02  4.05948383e-02
  1.51602757e-01 -2.71563998e-02 -9.14026687e-02  1.37537636e-02
  2.18195200e-01 -9.60761041e-02  2.77730400e-02  1.72382758e-02
  9.78705377e-02 -3.88300174e-02  1.13965459e-02  1.83962130e-02
  1.56274905e-01 -7.38791955e-02  1.95942919e-02  6.39793827e-02
  1.03721337e-01 -3.06226008e-02 -4.34639121e-02 -3.76201317e-03
  1.94837950e-01 -9.60674635e-02 -4.58108584e-02 -9.60382895e-03
  1.00215767e-01 -3.18116099e-02 -5.16727021e-02  3.25708106e-03
  1.41105731e-01 -1.31192414e-02 -1.77925052e-02  2.54042633e-02
  1.06026511e-01 -1.31195847e-02 -3.88121354e-02 -1.54363175e-02
  1.43451647e-01 -5.16536183e-02 -6.10023299e-03 -5.05255513e-02
  2.42652381e-02 -2.01300383e-02 -2.59615827e-02  1.95918027e-02
  1.25896502e-01 -5.28626553e-02 -5.75359191e-02 -4.23982463e-02
  1.22331191e-01 -3.65269037e-02 -6.80709407e-02  1.95410462e-02
  1.04826458e-01 -6.92194648e-02  7.90791360e-03 -3.06559044e-02
  9.78463898e-02 -3.53492819e-02 -5.40120377e-02 -4.93189177e-02
  1.36469862e-01 -1.42402128e-02 -2.24283740e-02 -1.66070153e-02
  5.69954518e-02  7.92699733e-03 -2.71319372e-02 -2.71263675e-04
  9.55388127e-02  4.43178448e-03 -1.65976022e-02 -3.41421333e-02
  9.67267917e-02  2.10486611e-03 -2.24193901e-02 -3.17758458e-02
  1.46973125e-01 -2.82711340e-02 -3.72702155e-03 -8.44034116e-03
  7.92016877e-02  3.36481307e-02 -9.01811572e-02  2.77964726e-02
  1.28289741e-01  6.78702802e-03 -3.76082484e-02 -3.64800956e-02
  1.44625492e-01  2.42910741e-02 -6.45194209e-02 -1.54311102e-02
  1.20090965e-01 -6.07491200e-03 -7.50043728e-02 -2.47878234e-02
  9.08932732e-02  1.84689429e-02 -5.27870929e-02 -2.47581249e-02
  1.51664271e-01]",0.7791666666666667,0.2555072463768116,0.0,0.8588602941176471,0.4804044117647059,0.0,0.7878076923076923,0.2632307692307692,0.0,0.8435416666666666,0.4300833333333333,0.0,0.7926363636363636,0.2727272727272727,0.0,0.0
3.7,0.08,5003,0.6323214285714286,0.13277587280059275,0.4950714285714286,0.09312431344768153,0.4747753448665466,2.0,0.9158506738186739,0.12057774981508708,0.0027667736472669568,2.0,0.7529006848360253,0.3155247457944023,0.023666355110147128,4,0.8758348770404645,4,0.6903299825948073,0.007364527435229184,231.0,1.2590372388737512,"[ 1.         -0.57771682  0.56884875 -0.57319471  0.69032998 -0.56035486
  0.57793355 -0.60076259  0.6542355  -0.55320741  0.56251165 -0.60704309
  0.6285179  -0.59251533  0.54544244 -0.58704779  0.65180782 -0.60250228
  0.56667322 -0.59715652  0.62386871 -0.60083038  0.56286958 -0.57872146
  0.64316802 -0.59561441  0.57652508 -0.57218881  0.65369716 -0.57359468
  0.54459535 -0.57483816  0.61249836 -0.56537412  0.54742155 -0.58675658
  0.60918773 -0.55748421  0.55078135 -0.57437716  0.59681689 -0.59040586
  0.54751132 -0.56405687  0.59811756 -0.5524931   0.55532004 -0.56901481
  0.60617573 -0.55851826  0.5646137  -0.55193702  0.59462854 -0.53703803
  0.56958023 -0.52794522  0.5839862  -0.54846343  0.54831154 -0.51181875
  0.58874387 -0.53633345  0.54681061 -0.54610354  0.59230665 -0.54397122
  0.51648171 -0.5389155   0.58998205 -0.53624956  0.49537541 -0.53905917
  0.57208918 -0.53396286  0.50927448 -0.5372249   0.55740975 -0.51499419
  0.54006438 -0.52747881  0.55331606 -0.50838035  0.52859838 -0.5178604
  0.54255193 -0.52412701  0.49053183 -0.50074201  0.54130044 -0.53975188
  0.49842174 -0.50145989  0.52950381 -0.53256384  0.49325494 -0.51247347
  0.52005635 -0.51557312  0.47849432 -0.49713005  0.54322449 -0.50866924
  0.48667428 -0.49516811  0.53225739 -0.48590704  0.50610126 -0.48348467
  0.52841315 -0.48641606  0.47886402 -0.5033902   0.51625117 -0.48321864
  0.46188188 -0.47210728  0.49564376 -0.48323464  0.4622777  -0.50342221
  0.50233879 -0.48201516  0.44702406 -0.47741187  0.51550128 -0.47573197
  0.4616656  -0.47524695  0.48525357 -0.48291731  0.44776922 -0.48494386
  0.49038247 -0.46506234  0.44009087 -0.4818741   0.49790115 -0.47438801
  0.44851439 -0.45878714  0.48758945 -0.46402713  0.44993684 -0.4693077
  0.4718775  -0.46915333  0.41993859 -0.47080864  0.46370613 -0.45380992
  0.43853603 -0.47321443  0.46867265 -0.45716114  0.42526034 -0.46021432
  0.45531577 -0.47043683  0.44262229 -0.44742306  0.48499197]",0.7720652173913043,0.28355072463768116,0.0,0.8668382352941176,0.49481617647058823,0.0,0.7801153846153847,0.2976923076923077,0.0,0.8600833333333333,0.4745,0.0,0.7805,0.2921818181818182,0.0,0.0
3.7,0.1,101,0.6307142857142857,0.12454713885079163,0.4085714285714286,0.07443665982921731,0.6281590607770865,2.0,0.9136080123620035,0.12618337486802142,0.0031474031627534726,2.0,0.6291652045270367,0.42562977109072964,0.017044432674945893,8,0.8593654865863656,48,0.5772307287555904,0.004154496098242936,15.0,1.2839506172839505,"[ 1.         -0.5464462   0.3984704  -0.38480821  0.34782478 -0.32887924
  0.47218837 -0.55978269  0.5762573  -0.5219016   0.48209419 -0.35101868
  0.29481873 -0.37017259  0.45065562 -0.55059721  0.56975217 -0.54043252
  0.47345278 -0.36579269  0.29089187 -0.3632523   0.43974901 -0.53743383
  0.56895606 -0.54209419  0.4266714  -0.35509708  0.30878821 -0.36124914
  0.42768219 -0.52436254  0.57547119 -0.52224572  0.43320495 -0.35705341
  0.30338806 -0.36569166  0.44268719 -0.52944962  0.56404893 -0.51637516
  0.44025414 -0.36074086  0.2977669  -0.35508813  0.43899974 -0.50820153
  0.57723073 -0.51221731  0.43850039 -0.33693291  0.29783636 -0.35297448
  0.4153307  -0.54198106  0.56160958 -0.50474454  0.4511297  -0.35931281
  0.27416732 -0.34839305  0.4657869  -0.49441621  0.54805104 -0.51883715
  0.42274612 -0.33635201  0.3055075  -0.35432728  0.40517495 -0.49401526
  0.55242989 -0.49887819  0.39974007 -0.33186267  0.30848671 -0.32738858
  0.38097185 -0.50274875  0.57645883 -0.48000579  0.39916496 -0.35241936
  0.2784825  -0.32140752  0.41338016 -0.48334228  0.5173386  -0.49314075
  0.40730071 -0.32688029  0.27770481 -0.33120916  0.39413102 -0.47498553
  0.52998632 -0.50402894  0.39125599 -0.30929703  0.27068403 -0.31589108
  0.36850987 -0.48427151  0.50265246 -0.47475138  0.40313023 -0.33491818
  0.2722452  -0.30959695  0.39500658 -0.45830887  0.50218785 -0.4771497
  0.41126598 -0.32849513  0.27082294 -0.29995107  0.37682557 -0.46370902
  0.54664036 -0.47115022  0.37708129 -0.32593949  0.2847598  -0.30106025
  0.38485083 -0.45041673  0.5038553  -0.45743436  0.39875296 -0.30846672
  0.25282189 -0.2967919   0.36053723 -0.45034728  0.49714759 -0.45178479
  0.39989056 -0.30441936  0.23430939 -0.29532281  0.3840321  -0.43887819
  0.48638832 -0.4600763   0.35979426 -0.29639411  0.26811734 -0.29514286
  0.34564851 -0.43869824  0.48581321 -0.44915969  0.37457827 -0.30265983
  0.26883136 -0.28744909  0.36794633 -0.42048882  0.49822152]",0.7760869565217391,0.34047101449275363,0.0002898550724637681,0.8549264705882353,0.49466911764705884,0.0004411764705882353,0.7807692307692308,0.3371153846153846,0.00034615384615384613,0.856,0.5025833333333334,0.0004166666666666667,0.7779545454545455,0.3315909090909091,0.0003181818181818182,6.663407736345716e-09
3.7,0.1,707,0.6074285714285715,0.07591227482685363,0.5007142857142857,0.06192902454933917,0.46070477964254786,2.0,0.6814181813936655,0.34960647641813947,0.006001237488871309,4.0,0.18611218072134508,0.6930264467560457,0.04537390081355547,8,0.7186276109899995,16,0.5326562648472986,0.001097473039858131,13.0,1.1341206924445884,"[ 1.00000000e+00 -2.24531253e-01 -1.37901138e-01  4.73986583e-02
  1.52626618e-01  7.06921454e-02 -8.20285448e-02 -1.88201410e-01
  5.18622931e-01 -1.92831297e-01 -3.82219350e-02  6.32678310e-02
  4.74368574e-02  3.81643513e-02 -6.24078755e-02 -1.92779224e-01
  5.32656265e-01 -2.11377449e-01 -1.14530493e-01  6.14703814e-02
  6.80153557e-02  5.12664627e-02 -9.67981147e-02 -1.67597826e-01
  5.23382428e-01 -2.00177692e-01 -1.11685133e-01  8.85275281e-02
  6.05906612e-02  1.59050913e-02 -1.29352515e-01 -1.72202246e-01
  5.29048062e-01 -2.00099394e-01 -1.38638895e-01  6.43674338e-02
  6.62562953e-02  3.74148121e-02 -1.11594291e-01 -1.96349037e-01
  4.94684430e-01 -1.89764344e-01 -9.66289743e-02  3.83715008e-02
  4.76968395e-02  2.62918337e-02 -1.10611376e-01 -1.97228568e-01
  4.69566506e-01 -1.79482506e-01 -1.19884452e-01  2.07166613e-02
  4.77352287e-02  2.26452422e-02 -7.98027329e-02 -2.09269465e-01
  4.91967540e-01 -2.17637545e-01 -1.13327505e-01  2.63556890e-02
  5.05672856e-02 -3.41720671e-03 -6.95608050e-02 -1.88770786e-01
  4.80817955e-01 -2.22241966e-01 -9.18843003e-02  4.68410650e-02
  5.15102910e-02 -7.14361732e-03 -1.05906612e-01 -1.80417910e-01
  4.82625668e-01 -2.05534693e-01 -1.11494707e-01  2.53682130e-02
  6.07544803e-02  2.82147133e-02 -9.01039548e-02 -2.03726601e-01
  4.55605390e-01 -1.80406507e-01 -1.18972614e-01  3.93483343e-02
  2.63243315e-02  4.59064216e-02 -9.56529010e-02 -2.11164598e-01
  4.76104069e-01 -2.06482259e-01 -1.25452783e-01  4.58919782e-02
  6.17491781e-02  2.45266919e-02 -9.56278150e-02 -2.12070735e-01
  4.34237443e-01 -1.71084019e-01 -9.75176267e-02  2.16786712e-02
  1.70223683e-02  2.07603717e-02 -1.02187803e-01 -1.89762823e-01
  4.60243638e-01 -2.03731542e-01 -1.46913852e-01  6.35289534e-02
  9.52036337e-02  4.88815827e-03 -1.21784907e-01 -1.60936354e-01
  4.49958760e-01 -1.78629963e-01 -1.31137802e-01  7.92917007e-02
  6.24895950e-02  1.98654478e-03 -5.29690796e-02 -1.78710922e-01
  4.41483114e-01 -1.76862160e-01 -1.19126551e-01  3.63741234e-02
  4.47283301e-02 -8.61855984e-04 -9.58733537e-02 -1.57334233e-01
  4.19118949e-01 -1.69427203e-01 -1.11691594e-01  4.19599384e-02
  2.61156616e-02  1.21870427e-02 -5.86126684e-02 -1.73166537e-01
  3.93029894e-01 -1.97378704e-01 -1.31262092e-01  5.31197856e-02
  7.26486630e-02  2.64163135e-05 -1.02434862e-01 -1.48078261e-01
  4.22787586e-01 -1.90848363e-01 -1.17281970e-01  6.14992683e-02
  5.21868527e-02 -1.94642620e-02 -7.16262187e-02 -1.59187936e-01
  3.86521599e-01 -1.54532203e-01 -9.30584010e-02  3.54501226e-02
  8.01220092e-02  1.49761493e-02 -1.01453467e-01 -1.53642030e-01
  4.17223816e-01]",0.8123913043478261,0.4028623188405797,0.00010869565217391305,0.881985294117647,0.5639338235294118,0.0001838235294117647,0.8160384615384615,0.403,0.00011538461538461538,0.88,0.560125,0.00016666666666666666,0.8165,0.39590909090909093,0.0001818181818181818,1.2800527431890502e-08
3.7,0.1,1313,0.6063928571428572,0.057065338044407034,0.503,0.05730494867685637,0.3476439769894705,4.0,0.39904043666775085,0.6353561013420913,0.019408493453179458,4.0,0.3768251429977244,0.6778117276436214,0.039140763574875385,4,0.5460887933147762,4,0.529065993822595,-0.00020547006985983056,78.0,1.2805964720858338,"[ 1.          0.00480315 -0.44008266 -0.03768521  0.52906599  0.01137817
 -0.39007004 -0.01051159  0.37454996 -0.02017706 -0.32354809  0.0201205
  0.30710489 -0.03324357 -0.33430896  0.01364467  0.33664941 -0.03191065
 -0.32440597 -0.01560491  0.367151   -0.01983251 -0.32448688 -0.01894854
  0.35421499  0.02276287 -0.34375256 -0.01102493  0.34140949  0.01091443
 -0.36097359 -0.03572846  0.36020881  0.01109453 -0.33482229 -0.01930004
  0.37868186 -0.02378866 -0.3065611   0.00358855  0.37886197 -0.03122156
 -0.34559882 -0.00493192  0.35076522 -0.00282986 -0.40197242 -0.0441654
  0.3865089   0.01346805 -0.34971941  0.01032801  0.35290904 -0.01027842
 -0.33866359  0.020231    0.3464332  -0.01886414 -0.31584026  0.01919302
  0.34750511 -0.05259451 -0.34726498 -0.00148649  0.34646713 -0.03309914
 -0.34312611 -0.00911515  0.33026841 -0.0231309  -0.3266977   0.01140253
  0.33338496  0.00935007 -0.31475008 -0.02226258  0.33445687  0.04196154
 -0.32679428 -0.02343107  0.32458781  0.00816592 -0.31702179 -0.05063601
  0.3398634   0.01141297 -0.31716796 -0.04425675  0.34508983  0.00576369
 -0.30195763 -0.02252099  0.32447557  0.02858703 -0.29211989 -0.02893157
  0.29842346 -0.0213264  -0.31823726  0.00361465  0.28746683 -0.04642146
 -0.30309218 -0.00183887  0.31675034 -0.0552682  -0.31948667  0.01330622
  0.32339061 -0.05611041 -0.3114978   0.02238265  0.32274416 -0.02630487
 -0.29839736  0.00285596  0.30532736 -0.0350211  -0.26341497  0.01167138
  0.3053117  -0.01104494 -0.27635098 -0.01527255  0.30440423 -0.00664506
 -0.28519772 -0.00249837  0.29549223  0.04099665 -0.32021142  0.00279332
  0.28031583 -0.00795972 -0.34843868  0.01909123  0.29424283 -0.0113686
 -0.33655631 -0.01028886  0.31476052 -0.0180402  -0.3017697  -0.00486666
  0.33560447  0.00395658 -0.28962631 -0.02106538  0.3140984  -0.00130117
 -0.30358463 -0.01755732  0.29681211  0.00642668 -0.28395876 -0.01091704
  0.28502893 -0.02602036 -0.25563231 -0.03709967  0.26856919]",0.8208333333333333,0.4618115942028985,0.0,0.8985661764705882,0.616985294117647,0.0,0.8239230769230769,0.4511538461538461,0.0,0.898125,0.611625,0.0,0.8200454545454545,0.4490909090909091,0.0,0.0
3.7,0.1,2029,0.6308928571428571,0.14989909446160163,0.43442857142857144,0.10869532404564493,0.6526303354093054,2.0,0.9315322144437655,0.09979748970259565,0.0041370482137057275,2.0,0.8088674633351441,0.23458500610978666,0.054738671432367554,4,0.8960185640024027,8,0.8093985810499518,0.049224373408915396,7.0,1.2912951167728237,"[ 1.         -0.62716887  0.73553391 -0.5798625   0.76870704 -0.56611005
  0.74627912 -0.62645778  0.80939858 -0.62075309  0.74969516 -0.57244572
  0.71959605 -0.5823857   0.72960704 -0.61522526  0.80589328 -0.62818812
  0.72824089 -0.57364672  0.72241893 -0.57705038  0.71397052 -0.62530661
  0.80278442 -0.62173779  0.72694575 -0.57626502  0.71498389 -0.57178934
  0.72488088 -0.62074428  0.78004672 -0.60941013  0.72020943 -0.57049354
  0.68880703 -0.56299499  0.70163275 -0.60167215  0.76220004 -0.61325745
  0.6890621  -0.56566866  0.70258654 -0.56383929  0.6822349  -0.61583697
  0.76600406 -0.60391811  0.69226154 -0.56228093  0.68281212 -0.55538696
  0.68194076 -0.60383146  0.74301849 -0.60381582  0.66950398 -0.55792675
  0.67768138 -0.55740068  0.66723096 -0.5886148   0.73800175 -0.59109173
  0.66467553 -0.55247743  0.67650025 -0.54023642  0.65677305 -0.58658478
  0.74142921 -0.58303583  0.64603599 -0.54512024  0.66218687 -0.53399424
  0.66201423 -0.57701743  0.7122096  -0.57467763  0.6445327  -0.53160329
  0.63608429 -0.54358501  0.63107505 -0.56280177  0.68389686 -0.5719489
  0.63110633 -0.53303231  0.62460551 -0.53076678  0.62413058 -0.56602464
  0.68492588 -0.5508549   0.61694669 -0.51858863  0.6175669  -0.51622897
  0.61287981 -0.55660585  0.66320905 -0.54155011  0.5976283  -0.50635511
  0.59959153 -0.50650789  0.58681696 -0.54227619  0.64861326 -0.54001066
  0.58052006 -0.50271951  0.59172034 -0.5069359   0.5730883  -0.54007775
  0.63688661 -0.5342245   0.56907583 -0.50216638  0.56750576 -0.51038678
  0.5700537  -0.5319277   0.63236044 -0.52170856  0.55047602 -0.48853543
  0.56842077 -0.49526426  0.56261867 -0.52950125  0.60576729 -0.52330599
  0.55460219 -0.48901785  0.54437978 -0.48514675  0.55588235 -0.52675265
  0.60711845 -0.51260377  0.54265271 -0.47750291  0.52755397 -0.48292845
  0.543799   -0.51818631  0.59078321 -0.50061813  0.51141123 -0.47298032
  0.51747262 -0.46912908  0.51709184 -0.50799453  0.57930443]",0.7782608695652173,0.33496376811594203,0.0006884057971014493,0.8706617647058823,0.5760661764705882,0.00014705882352941175,0.7811153846153847,0.32126923076923075,0.0003076923076923077,0.8625833333333334,0.5469583333333333,0.0002916666666666667,0.7764545454545455,0.29977272727272725,0.0001818181818181818,2.778050448287241e-09
3.7,0.1,3001,0.6307857142857143,0.058512121542009896,0.39199999999999996,0.062452267487143456,0.8123914652348129,2.0,0.4022120100957189,0.6183075205541212,0.019524002225473108,2.0,0.2871636306603035,0.7091284760279926,0.05910784073358072,4,0.4504216723192372,4,0.41932605669914297,0.004860540595518423,75.0,1.2363144852444243,"[ 1.         -0.21484287  0.07723683 -0.1945982   0.41932606 -0.13362391
  0.10380778 -0.16557322  0.35876053 -0.19678998  0.13785071 -0.10405978
  0.27775694 -0.15721632  0.09548898 -0.11393305  0.30326569 -0.16207164
  0.08986448 -0.14809025  0.32514834 -0.16157937  0.11127097 -0.13078602
  0.31831514 -0.17082998  0.10308256 -0.14461505  0.36737528 -0.17275511
  0.08101238 -0.19569409  0.33764999 -0.19987986  0.10974434 -0.1622372
  0.31678851 -0.16382243  0.15221156 -0.18203648  0.30156765 -0.17706542
  0.12600249 -0.16429273  0.28495495 -0.15825947  0.0690997  -0.15281225
  0.32255073 -0.12432642  0.03681049 -0.12451982  0.32274998 -0.21141015
  0.05807047 -0.14248773  0.27090177 -0.12271921  0.05610871 -0.17924548
  0.28970771 -0.16617977  0.0993451  -0.18911875  0.25251044 -0.15469929
  0.10533148 -0.17199766  0.2932928  -0.19449711  0.13999707 -0.20751007
  0.35118013 -0.17169878  0.13290748 -0.2007179   0.28057871 -0.1383884
  0.08530804 -0.19246063  0.32517032 -0.16734452  0.04323932 -0.18526555
  0.30581056 -0.1532635   0.05563548 -0.17041535  0.25564721 -0.15504212
  0.05828877 -0.1616453   0.2615237  -0.14539301  0.06885356 -0.19961175
  0.27926745 -0.14061534  0.06630577 -0.17743609  0.25719727 -0.19458794
  0.04148854 -0.16745733  0.2604366  -0.1595927   0.05831661 -0.15352282
  0.26719215 -0.18045418  0.07807487 -0.15771885  0.28925793 -0.20402608
  0.07325617 -0.16667643  0.28213171 -0.15101018  0.10352648 -0.1896623
  0.23090616 -0.17033331  0.09412937 -0.18594682  0.24088492 -0.14647279
  0.078762   -0.18618709  0.23240349 -0.13847191  0.07702    -0.18093326
  0.23688814 -0.13735697  0.06927112 -0.15113911  0.20716285 -0.14111347
  0.07207091 -0.17474764  0.24461212 -0.13878983  0.04919493 -0.21011354
  0.26250238 -0.09555344  0.08953776 -0.21372354  0.23416893 -0.17120944
  0.07417039 -0.19641931  0.25041096 -0.18350011  0.07667717 -0.19622006
  0.26189144 -0.17308183  0.05933192 -0.16822064  0.22121456]",0.7741666666666667,0.30289855072463767,3.6231884057971014e-05,0.8729779411764705,0.5247426470588236,0.0,0.7794615384615384,0.29165384615384615,0.0,0.8650416666666667,0.507125,0.0,0.7769090909090909,0.2848636363636364,0.0,0.0
3.7,0.1,4099,0.6302857142857142,0.07276864372931573,0.37771428571428567,0.0599087741861724,0.8031180649742883,2.0,0.6711385679075575,0.40275265167815416,0.0081645252407756,2.0,0.3053173241852487,0.7386211603541113,0.0315683723849789,4,0.5404516430428247,56,0.2906741573033708,0.002496851302023082,27.0,1.18991899189919,"[ 1.         -0.21354436  0.05128661 -0.15710036  0.2105487  -0.10310142
  0.16537441 -0.26480894  0.26725694 -0.19222747  0.20903848 -0.15392248
  0.04688743 -0.1977662   0.18205136 -0.14995386  0.26115492 -0.2614635
  0.18601998 -0.15394594  0.12691447 -0.18053769  0.1993879  -0.19884463
  0.25162411 -0.17159363  0.18732709 -0.16181068  0.11705955 -0.172373
  0.14386701 -0.15706306  0.24718815 -0.17459098  0.12064417 -0.15928104
  0.14357932 -0.14121328  0.132238   -0.18494895  0.23079977 -0.15040824
  0.18208866 -0.1673846   0.09910106 -0.15694205  0.15984953 -0.15181042
  0.2688057  -0.21843311  0.1549704  -0.14375342  0.1614326  -0.14436487
  0.14943167 -0.16377493  0.29067416 -0.18229794  0.13582421 -0.1195593
  0.1359804  -0.14504793  0.13890578 -0.16932539  0.22453142 -0.22644072
  0.126953   -0.15905076  0.10046929 -0.17547556  0.13269572 -0.22418668
  0.23877467 -0.19936938  0.18442852 -0.16758648  0.08784519 -0.19053337
  0.19193396 -0.12569651  0.23233716 -0.19386584  0.15466048 -0.1446149
  0.14376268 -0.18337514  0.12888453 -0.19825329  0.21196844 -0.10322834
  0.15618367 -0.19936815  0.0879063  -0.16404842  0.202833   -0.17461074
  0.21327555 -0.14360685  0.1263076  -0.14819864  0.19822948 -0.18153992
  0.10296534 -0.13461464  0.29008987 -0.14153209  0.12882588 -0.15751337
  0.08962211 -0.14010521  0.14860785 -0.17510118  0.21223354 -0.19285656
  0.12825086 -0.0984912   0.12675236 -0.17406967  0.12834716 -0.14262225
  0.27157982 -0.14168705  0.14603093 -0.19393499  0.12971416 -0.11891981
  0.19090615 -0.19792707  0.19051078 -0.17454838  0.14456886 -0.13181952
  0.09242895 -0.17057977  0.14432968 -0.1327183   0.2431189  -0.18286803
  0.08660289 -0.15506547  0.09649388 -0.13213031  0.12340939 -0.19123583
  0.2189859  -0.15193575  0.15479692 -0.12269458  0.06407607 -0.11843863
  0.19934804 -0.1545491   0.22382984 -0.16754512  0.11033003 -0.09098329
  0.14465467 -0.14975332  0.07692886 -0.12759717  0.22192425]",0.7839130434782609,0.2926449275362319,0.0,0.8505147058823529,0.46051470588235294,0.0,0.7891538461538462,0.29484615384615387,0.0,0.8525,0.46775,0.0,0.791409090909091,0.2953181818181818,0.0,0.0
3.7,0.1,5003,0.6306071428571428,0.18390066015684242,0.4075,0.12225923862257376,0.6998092810861051,2.0,0.9619741104758027,0.06063875578712228,0.0010055439577215065,2.0,0.9017719045837553,0.14287887207774064,0.013043489413796195,4,0.9374282404931342,4,0.8477414730302848,0.012557481236988747,7.0,1.133518776077886,"[ 1.         -0.81546443  0.83655815 -0.80779344  0.84774147 -0.79824682
  0.83383669 -0.80430261  0.83470999 -0.80581865  0.817938   -0.80050116
  0.82950361 -0.7962111   0.80105967 -0.79833642  0.8293507  -0.79301894
  0.81121677 -0.79159608  0.81878024 -0.78348307  0.78842483 -0.78571591
  0.81513888 -0.78238158  0.79123469 -0.77829461  0.80416224 -0.77635804
  0.78968401 -0.77148259  0.81360253 -0.76405053  0.78539753 -0.7662117
  0.79464548 -0.76177827  0.78299863 -0.75874261  0.78927185 -0.75639986
  0.77356311 -0.75141688  0.78646676 -0.74862015  0.75792724 -0.75613344
  0.78171435 -0.73699361  0.75589869 -0.73641897  0.76162236 -0.74199689
  0.74560301 -0.73787408  0.75816021 -0.73637955  0.7445302  -0.73185055
  0.75711128 -0.73193298  0.74880951 -0.73231408  0.75006511 -0.71675826
  0.73691297 -0.71430799  0.74823965 -0.71762798  0.72962786 -0.7190365
  0.74248372 -0.71259602  0.71964279 -0.70874798  0.73587958 -0.69875933
  0.71221432 -0.70439699  0.71971806 -0.69361986  0.71652948 -0.69359477
  0.71659041 -0.69292456  0.69746491 -0.68801326  0.70787169 -0.68150111
  0.69069351 -0.68236007  0.69246282 -0.68018458  0.67763813 -0.67561974
  0.68913207 -0.67064871  0.67120124 -0.67380145  0.6962786  -0.68094439
  0.67025984 -0.66722836  0.68947136 -0.66751389  0.673452   -0.66785915
  0.68904367 -0.67101189  0.66967923 -0.65705693  0.67257153 -0.65706768
  0.66020787 -0.65656472  0.67767517 -0.65913207  0.66347172 -0.65162834
  0.67946957 -0.65116122  0.64624694 -0.64949943  0.66251956 -0.64449256
  0.64861478 -0.64453916  0.66194851 -0.64386894  0.6415925  -0.64610179
  0.66264381 -0.6417042   0.63884714 -0.63320889  0.64747387 -0.63898991
  0.64718834 -0.63422197  0.65195628 -0.63399379  0.62753838 -0.62472194
  0.64855385 -0.62552118  0.62239173 -0.62839914  0.64528284 -0.62462278
  0.61352966 -0.61845708  0.62638552 -0.6215023   0.62166776 -0.61881309
  0.62562332 -0.61803536  0.61824144 -0.61490413  0.62017801]",0.7786231884057971,0.34989130434782606,0.0004347826086956522,0.8763235294117647,0.5887867647058823,0.0002941176470588235,0.7870384615384616,0.3558846153846154,0.0004230769230769231,0.8644166666666667,0.5688333333333333,0.000375,0.7870454545454545,0.3523636363636364,0.0005,2.757883272724126e-09
3.7,0.12,101,0.5964999999999999,0.1227522184844622,0.4309285714285714,0.07159306060318006,0.5503104052996758,2.0,0.9192904532991412,0.12055712321611173,0.003023016936111777,2.0,0.5728295057094718,0.48850174547966246,0.024067984803543954,4,0.8911858300525947,4,0.6223669005074745,0.0015671105350230426,30.0,1.161979969183359,"[ 1.         -0.38670773  0.27626645 -0.51415675  0.6223669  -0.26099476
  0.30190785 -0.5460182   0.43260055 -0.27613332  0.41690324 -0.47578242
  0.36696284 -0.38357826  0.46623541 -0.38646762  0.33311156 -0.42788134
  0.3950234  -0.33477932  0.36416202 -0.44281883  0.36797476 -0.33020677
  0.41177013 -0.43589015  0.33840474 -0.36561686  0.44925692 -0.41529149
  0.33139768 -0.38237894  0.41577195 -0.37491702  0.3313585  -0.38477426
  0.40528096 -0.32409075  0.35056358 -0.39858395  0.3584565  -0.35054314
  0.38682202 -0.40466427  0.31640902 -0.37195279  0.3762952  -0.33678463
  0.32157782 -0.36598667  0.36232027 -0.31200526  0.34705398 -0.39094495
  0.35172874 -0.32468715  0.38079105 -0.41155727  0.36064725 -0.32535842
  0.39614589 -0.40360132  0.35048674 -0.33498738  0.40682428 -0.39614109
  0.32503274 -0.38353589  0.39510495 -0.36884034  0.32237164 -0.40072898
  0.38043324 -0.33656154  0.34237405 -0.3711368   0.34393118 -0.33344726
  0.37282826 -0.35183118  0.32849798 -0.34957725  0.37385217 -0.32207376
  0.33960739 -0.38628038  0.33436189 -0.31643811  0.32085549 -0.3827351
  0.32858317 -0.32719487  0.32682161 -0.37049789  0.30206608 -0.33951045
  0.33557489 -0.34850566  0.33225451 -0.31881126  0.36768845 -0.32780647
  0.33414045 -0.35402028  0.35782954 -0.3384627   0.33035156 -0.34762314
  0.32981833 -0.3333586   0.36724209 -0.30943957  0.3292476  -0.3248711
  0.34480518 -0.30218041  0.33859712 -0.356201    0.33185752 -0.32627667
  0.35020225 -0.35939365  0.30898959 -0.35793705  0.36340202 -0.36092694
  0.31790811 -0.36129493  0.36475641 -0.35791321  0.33737896 -0.34922296
  0.38021177 -0.35168131  0.33412161 -0.35848562  0.38236349 -0.34909858
  0.31981621 -0.37557817  0.36779231 -0.316123    0.32813847 -0.38022909
  0.32412131 -0.3009981   0.36433222 -0.32688144  0.30666245 -0.3230687
  0.35357545 -0.31082982  0.30642219 -0.36077023  0.32964443 -0.29348516
  0.33630902 -0.37869594  0.30850056 -0.29169976  0.37475836]",0.83,0.37630434782608696,0.0,0.8855882352941177,0.5451470588235294,0.0,0.8411923076923077,0.38326923076923075,0.0,0.8775,0.5285833333333333,0.0,0.8470454545454545,0.4078181818181818,0.0,0.0
3.7,0.12,707,0.6155714285714285,0.13546360306407784,0.42435714285714277,0.0922512927844817,0.7830895578749656,2.0,0.8881476902873874,0.13348662411963075,0.0032903651614976407,2.0,0.7336188479099633,0.3121506308891844,0.014372728788837708,4,0.9048975871848658,4,0.7662709700206395,0.009817296347278615,25.0,1.1014089729328884,"[ 1.         -0.59437519  0.4571919  -0.58598754  0.76627097 -0.60212298
  0.48572846 -0.60256976  0.71779463 -0.57591073  0.49327127 -0.58032809
  0.69471308 -0.58094692  0.48528667 -0.56626437  0.67414948 -0.57002526
  0.47964796 -0.58283581  0.67814137 -0.5570161   0.46390506 -0.56331652
  0.69408815 -0.57401798  0.45634012 -0.52829142  0.66994127 -0.56689483
  0.45654428 -0.53899841  0.65671632 -0.55977169  0.44812923 -0.5407097
  0.64619218 -0.55412275  0.46344113 -0.51973779  0.63948814 -0.54698882
  0.46784188 -0.51470216  0.61325375 -0.53588431  0.44748272 -0.51804892
  0.63087917 -0.53062265  0.43763663 -0.50398521  0.61556672 -0.52894429
  0.4500217  -0.51048481  0.60444007 -0.53441094  0.4426612  -0.51197008
  0.60694696 -0.52623325  0.43530069 -0.48785613  0.60043656 -0.52351114
  0.44326315 -0.48093742  0.59245196 -0.50821003  0.44262799 -0.48933089
  0.61825535 -0.51914304  0.42499122 -0.49312968  0.60082302 -0.51578604
  0.43464312 -0.48683507  0.59474307 -0.49458811  0.44933092 -0.48830955
  0.59033097 -0.51033102  0.41826505 -0.47824879  0.57017625 -0.52229699
  0.45917618 -0.47195417  0.57793428 -0.5141193   0.43630985 -0.49229175
  0.59097582 -0.52059732  0.43255422 -0.4870301   0.597066   -0.50759895
  0.42941189 -0.47192263  0.57902036 -0.51051526  0.42543025 -0.48010088
  0.58363634 -0.51576667  0.42815236 -0.4692008   0.58824152 -0.51409911
  0.41387287 -0.48599825  0.57836306 -0.50362948  0.40755612 -0.49418728
  0.59031768 -0.49859384  0.40964335 -0.48182379  0.57100228 -0.50510424
  0.40544647 -0.46211086  0.56909735 -0.49818553  0.41614212 -0.47133286
  0.56155399 -0.47678317  0.40880319 -0.46189619  0.54434767 -0.47299572
  0.40818961 -0.45621488  0.53282295 -0.45515508  0.41070729 -0.46794404
  0.55529064 -0.47317913  0.39687984 -0.45807692  0.53116534 -0.46814349
  0.40926491 -0.45596811  0.51249561 -0.45765228  0.42268294 -0.44529405
  0.51269976 -0.47653724  0.38909912 -0.43082147  0.50429551]",0.788731884057971,0.37833333333333335,0.0010869565217391304,0.8791911764705882,0.5661764705882353,0.0004411764705882353,0.8017307692307692,0.3870769230769231,0.0007692307692307692,0.8650833333333333,0.526625,0.0008333333333333334,0.8162727272727273,0.4194090909090909,0.0007272727272727272,5.72183651490643e-09
3.7,0.12,1313,0.6137142857142858,0.05481583265995402,0.4613571428571429,0.05942835679906298,0.5425055015720253,2.0,0.19049769793390142,0.7748725597071702,0.0319173732468479,4.0,0.21391070058329054,0.8092526435282452,0.058446037390549155,4,0.3885470553191324,4,0.4440683326271844,0.0025587834034950553,17.0,1.203689899366381,"[ 1.00000000e+00  1.09544585e-02 -2.27750512e-01 -8.31952708e-02
  4.44068333e-01  5.67109851e-02 -2.99527598e-01 -6.87872046e-02
  2.62295710e-01  9.38257381e-02 -2.06794609e-01 -1.79744746e-02
  2.14466248e-01  4.27328573e-02 -1.68668615e-01 -8.40062693e-02
  1.69440811e-01 -3.94787880e-02 -1.93239542e-01 -4.66618203e-02
  1.82837636e-01 -1.49583152e-02 -2.27141332e-01  5.85123866e-03
  2.40636595e-01  3.90253766e-02 -2.36313953e-01 -2.17534108e-02
  2.17399060e-01  9.26100596e-03 -2.17860925e-01 -3.71307161e-02
  1.98665881e-01 -6.66814776e-03 -1.61210447e-01  2.88506239e-02
  1.58926343e-01 -6.28021107e-03 -1.96215933e-01  2.27117244e-02
  1.59406736e-01 -2.90583533e-02 -1.76199815e-01  3.16041950e-02
  1.98636427e-01 -3.45529480e-02 -1.54942761e-01  5.06431387e-04
  2.01691149e-01  2.88395724e-03 -1.77720903e-01 -3.21544214e-02
  1.41497103e-01 -1.73198552e-02 -1.83445194e-01 -1.96763803e-02
  1.77233679e-01  2.69626272e-03 -1.59935962e-01  1.03596880e-02
  1.79644097e-01 -3.21294066e-03 -1.85288434e-01  2.29076347e-03
  1.85962238e-01 -7.00720643e-03 -1.47851528e-01  1.54578929e-02
  2.17883548e-01  1.40201522e-02 -1.78627140e-01  1.67198304e-02
  1.92071683e-01 -5.49457201e-03 -1.95889686e-01  1.94524008e-02
  1.93333621e-01 -3.70517278e-02 -1.94075900e-01  1.51987428e-02
  1.82782823e-01 -3.79495114e-02 -1.99478039e-01 -8.17603141e-03
  2.12911347e-01 -1.66924567e-02 -2.08328508e-01 -3.32852340e-03
  1.85951003e-01  3.52239702e-02 -2.40667208e-01  7.03458010e-03
  2.05644968e-01  9.17819918e-02 -2.11320228e-01 -2.70969055e-02
  1.99276373e-01  6.69813682e-02 -1.93648744e-01 -5.21272252e-02
  1.58388355e-01  5.46377849e-02 -1.62831131e-01 -3.22035636e-02
  1.45492923e-01  1.88059704e-02 -1.45526583e-01  1.70012938e-02
  1.27081896e-01 -4.66126018e-03 -1.45275886e-01  4.93819957e-02
  1.60473838e-01 -3.16962654e-03 -1.53896659e-01  5.82719177e-03
  2.00392617e-01 -2.24546546e-02 -1.78467587e-01 -9.64256976e-03
  1.77155083e-01  2.28424799e-02 -1.46316581e-01 -1.84930388e-02
  1.88988819e-01  3.00794051e-02 -1.45469252e-01 -2.11388241e-02
  1.85102097e-01 -2.02959922e-03 -1.49263518e-01  8.43785193e-03
  1.83789705e-01 -1.52471833e-02 -1.84958092e-01  1.89381952e-02
  1.98105315e-01  1.01920738e-02 -1.67608760e-01 -1.91010132e-02
  1.90633022e-01  5.29411109e-03 -1.81607889e-01 -5.33249552e-02
  1.61235587e-01 -1.12793474e-02 -1.91562055e-01 -3.23900529e-02
  1.18692024e-01  1.99976576e-02 -1.64789405e-01  1.96636139e-02
  1.26802950e-01  1.69849364e-02 -1.90049421e-01  3.69681622e-02
  1.46129980e-01 -2.05472071e-02 -1.73985809e-01  1.96608319e-02
  2.05906636e-01]",0.7982608695652174,0.3309782608695652,0.0,0.874375,0.5209926470588235,0.0,0.8135384615384615,0.3441923076923077,0.0,0.8672083333333334,0.512125,0.0,0.8080909090909091,0.3311363636363636,0.0,0.0
3.7,0.12,2029,0.6314642857142857,0.14657457442321617,0.36064285714285715,0.1090098993819612,1.3208978452004203,2.0,0.9229075768785846,0.1014198341426588,0.0012163597252600885,2.0,0.796076171178389,0.23319795692956646,0.03621342596874375,4,0.9162891358096252,4,0.8374144410103892,0.037658221523468934,95.0,1.1532663316582914,"[ 1.         -0.62776753  0.61317083 -0.64299463  0.83741444 -0.61363239
  0.64703334 -0.63751133  0.81434592 -0.61596327  0.65341827 -0.63256516
  0.80516647 -0.61522473  0.65630528 -0.62961417  0.79573112 -0.61804808
  0.65805409 -0.6270277   0.79441049 -0.62147252  0.63612378 -0.61812978
  0.79225221 -0.61347624  0.64225282 -0.60399465  0.78047647 -0.61881258
  0.63300939 -0.60241844  0.77580519 -0.62090689  0.63404847 -0.60395632
  0.77557812 -0.61836508  0.63182621 -0.59284595  0.78020444 -0.61854749
  0.62636193 -0.59536876  0.76271833 -0.60898451  0.60887583 -0.58615097
  0.76772848 -0.60206246  0.59072466 -0.59541372  0.78414004 -0.58887361
  0.59753808 -0.60145978  0.75055243 -0.57894611  0.61240226 -0.59627703
  0.74725594 -0.58831748  0.60814015 -0.5879802   0.74288521 -0.58427294
  0.60911527 -0.58303402  0.73009921 -0.58786998  0.59710296 -0.58175836
  0.73287759 -0.5848357   0.59311607 -0.57415193  0.73054671 -0.58364334
  0.5918401  -0.57049122  0.72388024 -0.58170261  0.58386282 -0.56747627
  0.71787884 -0.57364236  0.57358981 -0.56686567  0.71247852 -0.57260327
  0.5825517  -0.55874144  0.70851696 -0.57589976  0.571505   -0.55218391
  0.70625005 -0.57956078  0.5505403  -0.55384973  0.70926501 -0.57624527
  0.54056783 -0.5505982   0.69772584 -0.56578065  0.54429251 -0.54934186
  0.6861227  -0.56585444  0.54572144 -0.54808552  0.68287086 -0.56543577
  0.53544843 -0.54393236  0.6662864  -0.56014439  0.53640423 -0.54273999
  0.67355364 -0.5609279   0.53321636 -0.53540877  0.66555705 -0.55917909
  0.51248823 -0.52698399  0.65245118 -0.56103683  0.52368189 -0.52577231
  0.64374487 -0.56409676  0.53341747 -0.51891423  0.64736092 -0.54978902
  0.51852765 -0.52478769  0.62652416 -0.54200999  0.52340985 -0.51305691
  0.61818237 -0.54337526  0.50107037 -0.50480474  0.63178039 -0.53819251
  0.48545152 -0.50106074  0.63185387 -0.54305571  0.49166385 -0.50326368
  0.61035205 -0.53203465  0.48789421 -0.50252514  0.6038775 ]",0.7594565217391305,0.3769565217391304,0.0013043478260869566,0.8861029411764706,0.6021323529411765,0.0008088235294117647,0.7653846153846153,0.37753846153846154,0.0011923076923076924,0.8817083333333333,0.5914583333333333,0.001,0.7721363636363636,0.39140909090909093,0.0006363636363636364,1.5417068029789842e-10
3.7,0.12,3001,0.6217857142857143,0.08573437264633843,0.33449999999999996,0.07501737893886418,1.1194318001184957,2.0,0.6606619923358825,0.3649880820013758,0.008945746428659274,2.0,0.3539360384425973,0.6182134789639254,0.026645290194162476,4,0.7169770618435308,4,0.5134354235814512,0.00041927307154444583,15.0,1.1136741973840665,"[ 1.00000000e+00 -2.39968840e-01 -2.50881814e-02 -2.36435366e-01
  5.13435424e-01 -1.89201513e-01  9.33116714e-03 -2.61474174e-01
  4.53009843e-01 -1.79577021e-01  3.25239730e-02 -2.25588838e-01
  4.08538773e-01 -2.11114404e-01  4.54104447e-02 -2.53559620e-01
  3.61288038e-01 -1.99782767e-01  2.56453834e-02 -2.31198175e-01
  4.33391507e-01 -1.98998623e-01 -9.69975821e-03 -1.84086297e-01
  4.29930001e-01 -2.26379202e-01  4.05408287e-02 -2.20745115e-01
  4.15679844e-01 -2.11195382e-01  4.10838151e-02 -2.04380890e-01
  4.24187393e-01 -2.55406256e-01  2.98735189e-02 -2.29311811e-01
  3.75185089e-01 -2.06238188e-01  4.35469275e-02 -2.06994790e-01
  3.97743268e-01 -2.31670464e-01  6.01232445e-03 -1.77411295e-01
  3.64498740e-01 -2.22198283e-01  3.79375908e-02 -2.09386570e-01
  3.76268269e-01 -1.90317440e-01  5.73670616e-02 -2.10747463e-01
  3.60596549e-01 -1.95835137e-01  3.57332792e-03 -1.93177448e-01
  3.70506622e-01 -1.83145399e-01  2.53445705e-02 -2.02153859e-01
  3.71487501e-01 -1.63322460e-01  1.26048244e-02 -1.98590050e-01
  3.77589816e-01 -2.36986349e-01  6.24963668e-02 -1.84389902e-01
  3.72313277e-01 -1.98124615e-01  8.06800657e-03 -1.98881217e-01
  3.82375661e-01 -2.00513603e-01 -9.31085909e-03 -2.14552937e-01
  3.79199736e-01 -1.88896385e-01  1.49988894e-02 -2.05277490e-01
  3.13741567e-01 -1.80693456e-01 -1.93625812e-02 -1.63877251e-01
  3.40742132e-01 -1.97088651e-01 -6.47610949e-03 -1.45913767e-01
  3.57436363e-01 -1.94794095e-01 -4.18218857e-04 -1.79443877e-01
  3.97960818e-01 -1.92150495e-01 -9.63578786e-03 -2.07262348e-01
  3.79509434e-01 -1.86048181e-01  2.03411752e-02 -2.21709240e-01
  3.62961929e-01 -1.80580493e-01 -2.62305090e-02 -2.12433793e-01
  3.52081638e-01 -1.91460783e-01  3.59156708e-02 -2.03792972e-01
  3.41004614e-01 -1.72665939e-01  3.30576939e-03 -1.79527648e-01
  3.24457109e-01 -1.81597926e-01 -9.04050821e-03 -1.80012756e-01
  3.48525699e-01 -1.84818275e-01  1.67352275e-02 -1.66294924e-01
  3.57210943e-01 -1.47619262e-01  9.70711987e-03 -1.64241526e-01
  3.50138412e-01 -1.62745204e-01  9.60824507e-05 -1.77222430e-01
  3.27879269e-01 -1.57277516e-01  1.50831678e-02 -1.78101007e-01
  3.48336834e-01 -1.67872224e-01  9.80662931e-03 -1.56570923e-01
  3.17827547e-01 -1.78314622e-01  1.26811065e-03 -1.72877270e-01
  3.08502091e-01 -1.71380947e-01 -1.00056482e-02 -1.47145958e-01
  3.23248018e-01 -1.49019502e-01 -1.74716481e-02 -1.65990811e-01
  2.98056901e-01 -1.27641728e-01  2.39571500e-03 -1.77702462e-01
  2.84244636e-01 -1.45306176e-01  1.79730030e-02 -1.84533835e-01
  2.76144009e-01 -1.67958787e-01  6.45808609e-03 -1.15451188e-01
  2.71324402e-01]",0.7814492753623189,0.31532608695652176,0.0005797101449275362,0.8603676470588235,0.4908455882352941,0.0002941176470588235,0.7887692307692308,0.31076923076923074,0.0005,0.85225,0.47875,0.0005833333333333334,0.7945454545454546,0.32245454545454544,0.0005,3.6551095445309085e-10
3.7,0.12,4099,0.6118571428571428,0.0759613220591874,0.3757142857142857,0.055960992245145426,0.6582367977754243,2.0,0.6690548762548103,0.39791442514280273,0.009738047808526277,2.0,0.22366022075464054,0.7979482234347317,0.05007478488039072,4,0.619116010291276,4,0.3527849927849928,-0.003093162650614002,34.0,1.2246798603026776,"[ 1.         -0.11851604  0.05511521 -0.1960499   0.35278499 -0.08029605
  0.03403249 -0.21087651  0.18113206 -0.0968496   0.15772006 -0.19386864
  0.20784993 -0.10033701  0.13885305 -0.18986175  0.13769585 -0.12601406
  0.05670809 -0.13857562  0.1462319  -0.14768328  0.06530931 -0.09520737
  0.19018666 -0.11343853  0.08873621 -0.07288833  0.19709352 -0.11396081
  0.08590048 -0.10254061  0.16460643 -0.11621003  0.11845087 -0.08826979
  0.1862738  -0.07059349  0.11786343 -0.09625378  0.18285156 -0.11279058
  0.08710329 -0.13327003  0.17092492 -0.13045199  0.06996323 -0.11564307
  0.13612438 -0.09568589  0.06370619 -0.09166224  0.15893218 -0.05577154
  0.09048922 -0.19374855  0.16981427 -0.06365778  0.07517386 -0.14347251
  0.09747707 -0.10862449  0.07582461 -0.1188726   0.13175441 -0.12397244
  0.04855095 -0.16214495  0.13748825 -0.14560909  0.0417074  -0.13591584
  0.15058604 -0.11371038  0.04792999 -0.10747102  0.15739515 -0.11429782
  0.10325653 -0.11656286  0.13351022 -0.11596053  0.12837779 -0.12392776
  0.11246008 -0.13358935  0.10159289 -0.08459992  0.15520924 -0.12388028
  0.0879393  -0.12507006  0.19743704 -0.12726993  0.08914397 -0.15403808
  0.11255504 -0.13404832  0.06301075 -0.1334134   0.12461016 -0.11518317
  0.08125681 -0.1174808   0.11147791 -0.11746497  0.0921389  -0.1213918
  0.03741377 -0.11567379  0.09161663 -0.08483359  0.08593027 -0.09967602
  0.1013257  -0.07571103  0.1378355  -0.13731136  0.07392171 -0.08825676
  0.12871107 -0.11391705  0.06825118 -0.03752455  0.1081497  -0.11909882
  0.0659042  -0.08548899  0.11430713 -0.10267747  0.09548946 -0.08496858
  0.11437136 -0.0769697   0.09092678 -0.09177955  0.08755388 -0.1031355
  0.08359447 -0.08774007  0.03799283 -0.14872131  0.06717125 -0.068321
  0.12870549 -0.1344505   0.07459945 -0.04544803  0.11049016 -0.13438626
  0.0894242  -0.06988689  0.05695387 -0.16459247  0.08541544 -0.05799469
  0.10934786 -0.10024019  0.08020109 -0.09514127  0.14694875]",0.8055072463768116,0.34242753623188404,0.0,0.85875,0.4703308823529412,0.0,0.8195,0.3571153846153846,0.0,0.840625,0.425625,0.0,0.8303636363636364,0.3801818181818182,0.0,0.0
3.7,0.12,5003,0.6351785714285715,0.1949197735280977,0.36607142857142855,0.1156453718953609,0.9868564236589987,2.0,0.9579722114028975,0.06782999692198925,0.0021792698123322954,2.0,0.8209651868131078,0.23875821378752307,0.011171226650431309,4,0.9367472589081963,4,0.8075118842112001,0.003507332725157827,9.0,1.122672508214677,"[ 1.         -0.68429383  0.61965279 -0.74044767  0.80751188 -0.64301212
  0.66263214 -0.75577963  0.73715899 -0.63798186  0.68653681 -0.72484594
  0.6975831  -0.66963221  0.70366043 -0.70423165  0.67778766 -0.68141628
  0.67923938 -0.68067986  0.67917467 -0.67859868  0.67102228 -0.66432877
  0.68617916 -0.67328229  0.64002046 -0.66844481  0.70040343 -0.66769886
  0.64079708 -0.66312843  0.68844769 -0.6528642   0.64993794 -0.67598068
  0.65833285 -0.64327508  0.65301305 -0.66016367  0.64940044 -0.64410074
  0.65611678 -0.64121842  0.63780712 -0.64821679  0.65057967 -0.64266401
  0.62668113 -0.6575593   0.63481852 -0.63457226  0.63609857 -0.65099352
  0.62776498 -0.62249389  0.64328428 -0.63988796  0.60077838 -0.6244545
  0.64701747 -0.63287393  0.60868893 -0.62625297  0.65296332 -0.61428156
  0.59504508 -0.63553825  0.62738825 -0.60986168  0.59849215 -0.63199581
  0.61426896 -0.60215142  0.59427119 -0.62607857  0.61191732 -0.59978207
  0.60376493 -0.62245983  0.60779174 -0.60061727  0.58343541 -0.60834047
  0.59707585 -0.59993603  0.57503709 -0.59733029  0.60817187 -0.59863487
  0.56841273 -0.60359224  0.60217697 -0.58673771  0.58244625 -0.60424623
  0.59120357 -0.58160253  0.59070967 -0.59722266  0.58460782 -0.59754488
  0.60386576 -0.58032793  0.59419694 -0.60477964  0.57695546 -0.58089609
  0.61998046 -0.58345005  0.55839988 -0.59455901  0.60872095 -0.57555858
  0.5586424  -0.60100217  0.59158643 -0.56011354  0.58619987 -0.58696865
  0.56209151 -0.57181177  0.57618975 -0.57471861  0.55245335 -0.57647144
  0.57588864 -0.55641236  0.54770784 -0.58183688  0.57800048 -0.54371407
  0.56173182 -0.5810698   0.57351248 -0.55309473  0.5779017  -0.56676924
  0.5541653  -0.55516979  0.58321809 -0.54836762  0.54222863 -0.56115515
  0.56343219 -0.54678987  0.54334859 -0.55887164  0.55805722 -0.54051021
  0.54624249 -0.55454713  0.54956353 -0.53726342  0.53578411 -0.54497709
  0.54729773 -0.53213778  0.53788642 -0.5431323   0.53064008]",0.7705797101449275,0.33014492753623187,0.0017753623188405798,0.8478676470588236,0.4897794117647059,0.0015441176470588234,0.7902692307692307,0.35107692307692306,0.0018076923076923077,0.82275,0.43291666666666667,0.001625,0.7882272727272728,0.34895454545454546,0.001590909090909091,1.4417401126919498e-09
