r,epsilon,seed,global_activity_mean,global_activity_std,wall_density_mean,wall_density_std,mean_wall_velocity,global_period,global_period_power,global_spectral_entropy,global_lowfreq_power,wall_period,wall_period_power,wall_spectral_entropy,wall_lowfreq_power,global_ac_peak_lag,global_ac_peak_value,wall_ac_peak_lag,wall_ac_peak_value,wall_ac_late_mean,max_cluster_lifetime,mean_cluster_lifetime,wall_ac,frame_10,motif_10,comp_10,frame_20,motif_20,comp_20,frame_50,motif_50,comp_50,frame_100,motif_100,comp_100,frame_150,motif_150,comp_150,long_memory_score
3.55,0.04,101,0.6125,0.1505199322349037,0.4625,0.0960143218483576,0.5062589413447783,2.0,0.9965397923875432,0.003944491309355525,9.998815738126202e-34,2.0,0.9074074074074074,0.05287154369404765,4.638273068650605e-34,4,0.9942857142857141,4,0.9942857142857144,0.0070838252656435915,698.0,1.192888725128961,"[ 1.         -0.83014528  0.65912833 -0.82612591  0.99428571 -0.82539952
  0.65535109 -0.82138015  0.98857143 -0.82065375  0.65157385 -0.81663438
  0.98285714 -0.81590799  0.64779661 -0.81188862  0.97714286 -0.81116223
  0.64401937 -0.80714286  0.97142857 -0.80641646  0.64024213 -0.80239709
  0.96571429 -0.8016707   0.63646489 -0.79765133  0.96       -0.79692494
  0.63268765 -0.79290557  0.95428571 -0.79217918  0.62891041 -0.78815981
  0.94857143 -0.78743341  0.62513317 -0.78341404  0.94285714 -0.78268765
  0.62135593 -0.77866828  0.93714286 -0.77794189  0.61757869 -0.77392252
  0.93142857 -0.77319613  0.61380145 -0.76917676  0.92571429 -0.76845036
  0.61002421 -0.76443099  0.92       -0.7637046   0.60624697 -0.75968523
  0.91428571 -0.75895884  0.60246973 -0.75493947  0.90857143 -0.75421308
  0.59869249 -0.7501937   0.90285714 -0.74946731  0.59491525 -0.74544794
  0.89714286 -0.74472155  0.59113801 -0.74070218  0.89142857 -0.73997579
  0.58736077 -0.73595642  0.88571429 -0.73523002  0.58358354 -0.73121065
  0.88       -0.73048426  0.5798063  -0.72646489  0.87428571 -0.7257385
  0.57602906 -0.72171913  0.86857143 -0.72099274  0.57225182 -0.71697337
  0.86285714 -0.71624697  0.56847458 -0.7122276   0.85714286 -0.71150121
  0.56469734 -0.70748184  0.85142857 -0.70675545  0.5609201  -0.70273608
  0.84571429 -0.70200969  0.55714286 -0.69799031  0.84       -0.69726392
  0.55336562 -0.69324455  0.83428571 -0.69251816  0.54958838 -0.68849879
  0.82857143 -0.6877724   0.54581114 -0.68375303  0.82285714 -0.68302663
  0.5420339  -0.67900726  0.81714286 -0.67828087  0.53825666 -0.6742615
  0.81142857 -0.67353511  0.53447942 -0.66951574  0.80571429 -0.66878935
  0.53070218 -0.66476998  0.8        -0.66404358  0.52692494 -0.66002421
  0.79428571 -0.65929782  0.5231477  -0.65527845  0.78857143 -0.65455206
  0.51937046 -0.65053269  0.78285714 -0.6498063   0.51559322 -0.64578692
  0.77714286 -0.64506053  0.51181598 -0.64104116  0.77142857]",0.775,0.2875,0.0,1.0,1.0,0.0,0.775,0.2875,0.0,1.0,1.0,0.0,0.775,0.2875,0.0,0.0
3.55,0.04,707,0.59375,0.10364452469860624,0.575,0.08291561975888498,0.4834287076776347,2.0,0.9,0.05617569346195534,3.46401824628627e-34,2.0,0.8999999999999999,0.055494483262008724,1.4300822655005116e-33,4,0.9942857142857143,4,0.9942857142857141,0.007083825265643253,3.0,1.0453187897675627,"[ 1.         -0.81623377  0.63454545 -0.81545455  0.99428571 -0.81155844
  0.63090909 -0.81077922  0.98857143 -0.80688312  0.62727273 -0.8061039
  0.98285714 -0.80220779  0.62363636 -0.80142857  0.97714286 -0.79753247
  0.62       -0.79675325  0.97142857 -0.79285714  0.61636364 -0.79207792
  0.96571429 -0.78818182  0.61272727 -0.7874026   0.96       -0.78350649
  0.60909091 -0.78272727  0.95428571 -0.77883117  0.60545455 -0.77805195
  0.94857143 -0.77415584  0.60181818 -0.77337662  0.94285714 -0.76948052
  0.59818182 -0.7687013   0.93714286 -0.76480519  0.59454545 -0.76402597
  0.93142857 -0.76012987  0.59090909 -0.75935065  0.92571429 -0.75545455
  0.58727273 -0.75467532  0.92       -0.75077922  0.58363636 -0.75
  0.91428571 -0.7461039   0.58       -0.74532468  0.90857143 -0.74142857
  0.57636364 -0.74064935  0.90285714 -0.73675325  0.57272727 -0.73597403
  0.89714286 -0.73207792  0.56909091 -0.7312987   0.89142857 -0.7274026
  0.56545455 -0.72662338  0.88571429 -0.72272727  0.56181818 -0.72194805
  0.88       -0.71805195  0.55818182 -0.71727273  0.87428571 -0.71337662
  0.55454545 -0.7125974   0.86857143 -0.7087013   0.55090909 -0.70792208
  0.86285714 -0.70402597  0.54727273 -0.70324675  0.85714286 -0.69935065
  0.54363636 -0.69857143  0.85142857 -0.69467532  0.54       -0.6938961
  0.84571429 -0.69        0.53636364 -0.68922078  0.84       -0.68532468
  0.53272727 -0.68454545  0.83428571 -0.68064935  0.52909091 -0.67987013
  0.82857143 -0.67597403  0.52545455 -0.67519481  0.82285714 -0.6712987
  0.52181818 -0.67051948  0.81714286 -0.66662338  0.51818182 -0.66584416
  0.81142857 -0.66194805  0.51454545 -0.66116883  0.80571429 -0.65727273
  0.51090909 -0.65649351  0.8        -0.6525974   0.50727273 -0.65181818
  0.79428571 -0.64792208  0.50363636 -0.64714286  0.78857143 -0.64324675
  0.5        -0.64246753  0.78285714 -0.63857143  0.49636364 -0.63779221
  0.77714286 -0.6338961   0.49272727 -0.63311688  0.77142857]",0.8125,0.4125,0.0,1.0,1.0,0.0,0.8125,0.4125,0.0,1.0,1.0,0.0,0.8125,0.4125,0.0,0.0
3.55,0.04,1313,0.5687500000000001,0.044633927678392804,0.6125,0.06495190528383286,0.159631141390798,4.0,0.9615384615384619,0.02811192012408544,2.298128820842878e-34,4.0,0.9285714285714287,0.044100597626817326,5.805290826141658e-34,4,0.9942857142857144,4,0.9942857142857142,0.007083825265643402,3.0,1.0887506348400202,"[ 1.         -0.03624339 -0.92328042 -0.03761905  0.99428571 -0.03603175
 -0.91798942 -0.03740741  0.98857143 -0.03582011 -0.91269841 -0.03719577
  0.98285714 -0.03560847 -0.90740741 -0.03698413  0.97714286 -0.03539683
 -0.9021164  -0.03677249  0.97142857 -0.03518519 -0.8968254  -0.03656085
  0.96571429 -0.03497354 -0.89153439 -0.03634921  0.96       -0.0347619
 -0.88624339 -0.03613757  0.95428571 -0.03455026 -0.88095238 -0.03592593
  0.94857143 -0.03433862 -0.87566138 -0.03571429  0.94285714 -0.03412698
 -0.87037037 -0.03550265  0.93714286 -0.03391534 -0.86507937 -0.03529101
  0.93142857 -0.0337037  -0.85978836 -0.03507937  0.92571429 -0.03349206
 -0.85449735 -0.03486772  0.92       -0.03328042 -0.84920635 -0.03465608
  0.91428571 -0.03306878 -0.84391534 -0.03444444  0.90857143 -0.03285714
 -0.83862434 -0.0342328   0.90285714 -0.0326455  -0.83333333 -0.03402116
  0.89714286 -0.03243386 -0.82804233 -0.03380952  0.89142857 -0.03222222
 -0.82275132 -0.03359788  0.88571429 -0.03201058 -0.81746032 -0.03338624
  0.88       -0.03179894 -0.81216931 -0.0331746   0.87428571 -0.0315873
 -0.80687831 -0.03296296  0.86857143 -0.03137566 -0.8015873  -0.03275132
  0.86285714 -0.03116402 -0.7962963  -0.03253968  0.85714286 -0.03095238
 -0.79100529 -0.03232804  0.85142857 -0.03074074 -0.78571429 -0.0321164
  0.84571429 -0.0305291  -0.78042328 -0.03190476  0.84       -0.03031746
 -0.77513228 -0.03169312  0.83428571 -0.03010582 -0.76984127 -0.03148148
  0.82857143 -0.02989418 -0.76455026 -0.03126984  0.82285714 -0.02968254
 -0.75925926 -0.0310582   0.81714286 -0.0294709  -0.75396825 -0.03084656
  0.81142857 -0.02925926 -0.74867725 -0.03063492  0.80571429 -0.02904762
 -0.74338624 -0.03042328  0.8        -0.02883598 -0.73809524 -0.03021164
  0.79428571 -0.02862434 -0.73280423 -0.03        0.78857143 -0.0284127
 -0.72751323 -0.02978836  0.78285714 -0.02820106 -0.72222222 -0.02957672
  0.77714286 -0.02798942 -0.71693122 -0.02936508  0.77142857]",0.8625,0.425,0.0,1.0,1.0,0.0,0.8625,0.425,0.0,1.0,1.0,0.0,0.8625,0.425,0.0,0.0
3.55,0.04,2029,0.5750000000000001,0.11592023119369631,0.5000000000000001,0.08660254037844387,0.27694630913515045,2.0,0.5901639344262296,0.11599327814176154,3.0235166920076537e-34,4.0,0.5,0.12628075142059988,6.34453549461599e-34,4,0.9942857142857143,4,0.9942857142857141,0.007083825265643603,1.0,1.0,"[ 1.         -0.33190476 -0.33238095 -0.33285714  0.99428571 -0.33
 -0.33047619 -0.33095238  0.98857143 -0.32809524 -0.32857143 -0.32904762
  0.98285714 -0.32619048 -0.32666667 -0.32714286  0.97714286 -0.32428571
 -0.3247619  -0.3252381   0.97142857 -0.32238095 -0.32285714 -0.32333333
  0.96571429 -0.32047619 -0.32095238 -0.32142857  0.96       -0.31857143
 -0.31904762 -0.31952381  0.95428571 -0.31666667 -0.31714286 -0.31761905
  0.94857143 -0.3147619  -0.3152381  -0.31571429  0.94285714 -0.31285714
 -0.31333333 -0.31380952  0.93714286 -0.31095238 -0.31142857 -0.31190476
  0.93142857 -0.30904762 -0.30952381 -0.31        0.92571429 -0.30714286
 -0.30761905 -0.30809524  0.92       -0.3052381  -0.30571429 -0.30619048
  0.91428571 -0.30333333 -0.30380952 -0.30428571  0.90857143 -0.30142857
 -0.30190476 -0.30238095  0.90285714 -0.29952381 -0.3        -0.30047619
  0.89714286 -0.29761905 -0.29809524 -0.29857143  0.89142857 -0.29571429
 -0.29619048 -0.29666667  0.88571429 -0.29380952 -0.29428571 -0.2947619
  0.88       -0.29190476 -0.29238095 -0.29285714  0.87428571 -0.29
 -0.29047619 -0.29095238  0.86857143 -0.28809524 -0.28857143 -0.28904762
  0.86285714 -0.28619048 -0.28666667 -0.28714286  0.85714286 -0.28428571
 -0.2847619  -0.2852381   0.85142857 -0.28238095 -0.28285714 -0.28333333
  0.84571429 -0.28047619 -0.28095238 -0.28142857  0.84       -0.27857143
 -0.27904762 -0.27952381  0.83428571 -0.27666667 -0.27714286 -0.27761905
  0.82857143 -0.2747619  -0.2752381  -0.27571429  0.82285714 -0.27285714
 -0.27333333 -0.27380952  0.81714286 -0.27095238 -0.27142857 -0.27190476
  0.81142857 -0.26904762 -0.26952381 -0.27        0.80571429 -0.26714286
 -0.26761905 -0.26809524  0.8        -0.2652381  -0.26571429 -0.26619048
  0.79428571 -0.26333333 -0.26380952 -0.26428571  0.78857143 -0.26142857
 -0.26190476 -0.26238095  0.78285714 -0.25952381 -0.26       -0.26047619
  0.77714286 -0.25761905 -0.25809524 -0.25857143  0.77142857]",0.85,0.625,0.0,1.0,1.0,0.0,0.85,0.625,0.0,1.0,1.0,0.0,0.85,0.625,0.0,0.0
3.55,0.04,3001,0.6124999999999999,0.054486236794258396,0.425,0.05590169943749475,0.41923552921407004,2.0,0.6428571428571429,0.11262625172363538,3.155648330951251e-34,2.0,0.8888888888888887,0.0601528750492922,8.091035369016703e-36,4,0.9942857142857143,4,0.9942857142857142,0.007083825265643389,700.0,1.4462809917355373,"[ 1.         -0.79914286  0.59828571 -0.79628571  0.99428571 -0.79457143
  0.59485714 -0.79171429  0.98857143 -0.79        0.59142857 -0.78714286
  0.98285714 -0.78542857  0.588      -0.78257143  0.97714286 -0.78085714
  0.58457143 -0.778       0.97142857 -0.77628571  0.58114286 -0.77342857
  0.96571429 -0.77171429  0.57771429 -0.76885714  0.96       -0.76714286
  0.57428571 -0.76428571  0.95428571 -0.76257143  0.57085714 -0.75971429
  0.94857143 -0.758       0.56742857 -0.75514286  0.94285714 -0.75342857
  0.564      -0.75057143  0.93714286 -0.74885714  0.56057143 -0.746
  0.93142857 -0.74428571  0.55714286 -0.74142857  0.92571429 -0.73971429
  0.55371429 -0.73685714  0.92       -0.73514286  0.55028571 -0.73228571
  0.91428571 -0.73057143  0.54685714 -0.72771429  0.90857143 -0.726
  0.54342857 -0.72314286  0.90285714 -0.72142857  0.54       -0.71857143
  0.89714286 -0.71685714  0.53657143 -0.714       0.89142857 -0.71228571
  0.53314286 -0.70942857  0.88571429 -0.70771429  0.52971429 -0.70485714
  0.88       -0.70314286  0.52628571 -0.70028571  0.87428571 -0.69857143
  0.52285714 -0.69571429  0.86857143 -0.694       0.51942857 -0.69114286
  0.86285714 -0.68942857  0.516      -0.68657143  0.85714286 -0.68485714
  0.51257143 -0.682       0.85142857 -0.68028571  0.50914286 -0.67742857
  0.84571429 -0.67571429  0.50571429 -0.67285714  0.84       -0.67114286
  0.50228571 -0.66828571  0.83428571 -0.66657143  0.49885714 -0.66371429
  0.82857143 -0.662       0.49542857 -0.65914286  0.82285714 -0.65742857
  0.492      -0.65457143  0.81714286 -0.65285714  0.48857143 -0.65
  0.81142857 -0.64828571  0.48514286 -0.64542857  0.80571429 -0.64371429
  0.48171429 -0.64085714  0.8        -0.63914286  0.47828571 -0.63628571
  0.79428571 -0.63457143  0.47485714 -0.63171429  0.78857143 -0.63
  0.47142857 -0.62714286  0.78285714 -0.62542857  0.468      -0.62257143
  0.77714286 -0.62085714  0.46457143 -0.618       0.77142857]",0.775,0.3625,0.0,1.0,1.0,0.0,0.775,0.3625,0.0,1.0,1.0,0.0,0.775,0.3625,0.0,0.0
3.55,0.04,4099,0.6312500000000002,0.10661701318269988,0.425,0.024999999999999994,0.8417878715625497,2.0,0.7347826086956523,0.09893949613533154,6.90930994872098e-34,2.0,1.0,5.569619796175983e-32,1.2875365577805874e-34,4,0.9942857142857143,2,0.9971428571428572,0.007083825265642903,3.0,1.0965720604496867,"[ 1.         -0.99857143  0.99714286 -0.99571429  0.99428571 -0.99285714
  0.99142857 -0.99        0.98857143 -0.98714286  0.98571429 -0.98428571
  0.98285714 -0.98142857  0.98       -0.97857143  0.97714286 -0.97571429
  0.97428571 -0.97285714  0.97142857 -0.97        0.96857143 -0.96714286
  0.96571429 -0.96428571  0.96285714 -0.96142857  0.96       -0.95857143
  0.95714286 -0.95571429  0.95428571 -0.95285714  0.95142857 -0.95
  0.94857143 -0.94714286  0.94571429 -0.94428571  0.94285714 -0.94142857
  0.94       -0.93857143  0.93714286 -0.93571429  0.93428571 -0.93285714
  0.93142857 -0.93        0.92857143 -0.92714286  0.92571429 -0.92428571
  0.92285714 -0.92142857  0.92       -0.91857143  0.91714286 -0.91571429
  0.91428571 -0.91285714  0.91142857 -0.91        0.90857143 -0.90714286
  0.90571429 -0.90428571  0.90285714 -0.90142857  0.9        -0.89857143
  0.89714286 -0.89571429  0.89428571 -0.89285714  0.89142857 -0.89
  0.88857143 -0.88714286  0.88571429 -0.88428571  0.88285714 -0.88142857
  0.88       -0.87857143  0.87714286 -0.87571429  0.87428571 -0.87285714
  0.87142857 -0.87        0.86857143 -0.86714286  0.86571429 -0.86428571
  0.86285714 -0.86142857  0.86       -0.85857143  0.85714286 -0.85571429
  0.85428571 -0.85285714  0.85142857 -0.85        0.84857143 -0.84714286
  0.84571429 -0.84428571  0.84285714 -0.84142857  0.84       -0.83857143
  0.83714286 -0.83571429  0.83428571 -0.83285714  0.83142857 -0.83
  0.82857143 -0.82714286  0.82571429 -0.82428571  0.82285714 -0.82142857
  0.82       -0.81857143  0.81714286 -0.81571429  0.81428571 -0.81285714
  0.81142857 -0.81        0.80857143 -0.80714286  0.80571429 -0.80428571
  0.80285714 -0.80142857  0.8        -0.79857143  0.79714286 -0.79571429
  0.79428571 -0.79285714  0.79142857 -0.79        0.78857143 -0.78714286
  0.78571429 -0.78428571  0.78285714 -0.78142857  0.78       -0.77857143
  0.77714286 -0.77571429  0.77428571 -0.77285714  0.77142857]",0.7375,0.275,0.0,1.0,1.0,0.0,0.7375,0.275,0.0,1.0,1.0,0.0,0.7375,0.275,0.0,0.0
3.55,0.04,5003,0.59375,0.10661701318269985,0.5125,0.0649519052838329,0.26971792315139953,2.0,0.996551724137931,0.003981891417807289,5.839850265148186e-34,2.0,0.9615384615384617,0.027829547588741767,5.658817207188605e-34,4,0.9942857142857142,4,0.9942857142857142,0.007083825265643809,3.0,1.1081081081081081,"[ 1.         -0.92407407  0.84941799 -0.92248677  0.99428571 -0.91878307
  0.84455026 -0.91719577  0.98857143 -0.91349206  0.83968254 -0.91190476
  0.98285714 -0.90820106  0.83481481 -0.90661376  0.97714286 -0.90291005
  0.82994709 -0.90132275  0.97142857 -0.89761905  0.82507937 -0.89603175
  0.96571429 -0.89232804  0.82021164 -0.89074074  0.96       -0.88703704
  0.81534392 -0.88544974  0.95428571 -0.88174603  0.81047619 -0.88015873
  0.94857143 -0.87645503  0.80560847 -0.87486772  0.94285714 -0.87116402
  0.80074074 -0.86957672  0.93714286 -0.86587302  0.79587302 -0.86428571
  0.93142857 -0.86058201  0.79100529 -0.85899471  0.92571429 -0.85529101
  0.78613757 -0.8537037   0.92       -0.85        0.78126984 -0.8484127
  0.91428571 -0.84470899  0.77640212 -0.84312169  0.90857143 -0.83941799
  0.77153439 -0.83783069  0.90285714 -0.83412698  0.76666667 -0.83253968
  0.89714286 -0.82883598  0.76179894 -0.82724868  0.89142857 -0.82354497
  0.75693122 -0.82195767  0.88571429 -0.81825397  0.75206349 -0.81666667
  0.88       -0.81296296  0.74719577 -0.81137566  0.87428571 -0.80767196
  0.74232804 -0.80608466  0.86857143 -0.80238095  0.73746032 -0.80079365
  0.86285714 -0.79708995  0.73259259 -0.79550265  0.85714286 -0.79179894
  0.72772487 -0.79021164  0.85142857 -0.78650794  0.72285714 -0.78492063
  0.84571429 -0.78121693  0.71798942 -0.77962963  0.84       -0.77592593
  0.71312169 -0.77433862  0.83428571 -0.77063492  0.70825397 -0.76904762
  0.82857143 -0.76534392  0.70338624 -0.76375661  0.82285714 -0.76005291
  0.69851852 -0.75846561  0.81714286 -0.7547619   0.69365079 -0.7531746
  0.81142857 -0.7494709   0.68878307 -0.7478836   0.80571429 -0.74417989
  0.68391534 -0.74259259  0.8        -0.73888889  0.67904762 -0.73730159
  0.79428571 -0.73359788  0.67417989 -0.73201058  0.78857143 -0.72830688
  0.66931217 -0.72671958  0.78285714 -0.72301587  0.66444444 -0.72142857
  0.77714286 -0.71772487  0.65957672 -0.71613757  0.77142857]",0.8125,0.4375,0.0,1.0,1.0,0.0,0.8125,0.4375,0.0,1.0,1.0,0.0,0.8125,0.4375,0.0,0.0
3.55,0.06,101,0.5812499999999999,0.1493475393168565,0.5,0.09354143466934854,0.1961685191298925,2.0,0.8715415019762845,0.06612169470761496,2.0329973541603743e-34,2.0,0.782608695652174,0.09028763095870342,1.268106002875966e-34,4,0.9942857142857142,4,0.9942857142857142,0.007083825265643379,3.0,1.0526315789473684,"[ 1.         -0.64285714  0.28489796 -0.63918367  0.99428571 -0.63918367
  0.28326531 -0.6355102   0.98857143 -0.6355102   0.28163265 -0.63183673
  0.98285714 -0.63183673  0.28       -0.62816327  0.97714286 -0.62816327
  0.27836735 -0.6244898   0.97142857 -0.6244898   0.27673469 -0.62081633
  0.96571429 -0.62081633  0.27510204 -0.61714286  0.96       -0.61714286
  0.27346939 -0.61346939  0.95428571 -0.61346939  0.27183673 -0.60979592
  0.94857143 -0.60979592  0.27020408 -0.60612245  0.94285714 -0.60612245
  0.26857143 -0.60244898  0.93714286 -0.60244898  0.26693878 -0.59877551
  0.93142857 -0.59877551  0.26530612 -0.59510204  0.92571429 -0.59510204
  0.26367347 -0.59142857  0.92       -0.59142857  0.26204082 -0.5877551
  0.91428571 -0.5877551   0.26040816 -0.58408163  0.90857143 -0.58408163
  0.25877551 -0.58040816  0.90285714 -0.58040816  0.25714286 -0.57673469
  0.89714286 -0.57673469  0.2555102  -0.57306122  0.89142857 -0.57306122
  0.25387755 -0.56938776  0.88571429 -0.56938776  0.2522449  -0.56571429
  0.88       -0.56571429  0.25061224 -0.56204082  0.87428571 -0.56204082
  0.24897959 -0.55836735  0.86857143 -0.55836735  0.24734694 -0.55469388
  0.86285714 -0.55469388  0.24571429 -0.55102041  0.85714286 -0.55102041
  0.24408163 -0.54734694  0.85142857 -0.54734694  0.24244898 -0.54367347
  0.84571429 -0.54367347  0.24081633 -0.54        0.84       -0.54
  0.23918367 -0.53632653  0.83428571 -0.53632653  0.23755102 -0.53265306
  0.82857143 -0.53265306  0.23591837 -0.52897959  0.82285714 -0.52897959
  0.23428571 -0.52530612  0.81714286 -0.52530612  0.23265306 -0.52163265
  0.81142857 -0.52163265  0.23102041 -0.51795918  0.80571429 -0.51795918
  0.22938776 -0.51428571  0.8        -0.51428571  0.2277551  -0.51061224
  0.79428571 -0.51061224  0.22612245 -0.50693878  0.78857143 -0.50693878
  0.2244898  -0.50326531  0.78285714 -0.50326531  0.22285714 -0.49959184
  0.77714286 -0.49959184  0.22122449 -0.49591837  0.77142857]",0.8375,0.475,0.0,1.0,1.0,0.0,0.8375,0.475,0.0,1.0,1.0,0.0,0.8375,0.475,0.0,0.0
3.55,0.06,707,0.58125,0.0958106857297243,0.55,0.06123724356957944,0.21242467594398926,2.0,0.9782608695652174,0.018098202232221278,9.117911711118197e-35,2.0,0.7999999999999997,0.08762959792947804,3.853209949236094e-34,4,0.9942857142857142,4,0.9942857142857144,0.007083825265643315,3.0,1.1575466025255563,"[ 1.         -0.6647619   0.33238095 -0.6647619   0.99428571 -0.66095238
  0.33047619 -0.66095238  0.98857143 -0.65714286  0.32857143 -0.65714286
  0.98285714 -0.65333333  0.32666667 -0.65333333  0.97714286 -0.64952381
  0.3247619  -0.64952381  0.97142857 -0.64571429  0.32285714 -0.64571429
  0.96571429 -0.64190476  0.32095238 -0.64190476  0.96       -0.63809524
  0.31904762 -0.63809524  0.95428571 -0.63428571  0.31714286 -0.63428571
  0.94857143 -0.63047619  0.3152381  -0.63047619  0.94285714 -0.62666667
  0.31333333 -0.62666667  0.93714286 -0.62285714  0.31142857 -0.62285714
  0.93142857 -0.61904762  0.30952381 -0.61904762  0.92571429 -0.6152381
  0.30761905 -0.6152381   0.92       -0.61142857  0.30571429 -0.61142857
  0.91428571 -0.60761905  0.30380952 -0.60761905  0.90857143 -0.60380952
  0.30190476 -0.60380952  0.90285714 -0.6         0.3        -0.6
  0.89714286 -0.59619048  0.29809524 -0.59619048  0.89142857 -0.59238095
  0.29619048 -0.59238095  0.88571429 -0.58857143  0.29428571 -0.58857143
  0.88       -0.5847619   0.29238095 -0.5847619   0.87428571 -0.58095238
  0.29047619 -0.58095238  0.86857143 -0.57714286  0.28857143 -0.57714286
  0.86285714 -0.57333333  0.28666667 -0.57333333  0.85714286 -0.56952381
  0.2847619  -0.56952381  0.85142857 -0.56571429  0.28285714 -0.56571429
  0.84571429 -0.56190476  0.28095238 -0.56190476  0.84       -0.55809524
  0.27904762 -0.55809524  0.83428571 -0.55428571  0.27714286 -0.55428571
  0.82857143 -0.55047619  0.2752381  -0.55047619  0.82285714 -0.54666667
  0.27333333 -0.54666667  0.81714286 -0.54285714  0.27142857 -0.54285714
  0.81142857 -0.53904762  0.26952381 -0.53904762  0.80571429 -0.5352381
  0.26761905 -0.5352381   0.8        -0.53142857  0.26571429 -0.53142857
  0.79428571 -0.52761905  0.26380952 -0.52761905  0.78857143 -0.52380952
  0.26190476 -0.52380952  0.78285714 -0.52        0.26       -0.52
  0.77714286 -0.51619048  0.25809524 -0.51619048  0.77142857]",0.8375,0.4625,0.0,1.0,1.0,0.0,0.8375,0.4625,0.0,1.0,1.0,0.0,0.8375,0.4625,0.0,0.0
3.55,0.06,1313,0.56875,0.048007160924178796,0.5874999999999999,0.04145780987944249,0.1658996701915157,4.0,0.7352941176470584,0.09986729616871276,8.92801492985813e-34,4.0,0.8333333333333329,0.07769512158419202,5.151249126097136e-34,4,0.9942857142857144,4,0.9942857142857141,0.007083825265643641,3.0,1.1460220147694022,"[ 1.         -0.08896104 -0.81584416 -0.09233766  0.99428571 -0.08844156
 -0.81116883 -0.09181818  0.98857143 -0.08792208 -0.80649351 -0.0912987
  0.98285714 -0.0874026  -0.80181818 -0.09077922  0.97714286 -0.08688312
 -0.79714286 -0.09025974  0.97142857 -0.08636364 -0.79246753 -0.08974026
  0.96571429 -0.08584416 -0.78779221 -0.08922078  0.96       -0.08532468
 -0.78311688 -0.0887013   0.95428571 -0.08480519 -0.77844156 -0.08818182
  0.94857143 -0.08428571 -0.77376623 -0.08766234  0.94285714 -0.08376623
 -0.76909091 -0.08714286  0.93714286 -0.08324675 -0.76441558 -0.08662338
  0.93142857 -0.08272727 -0.75974026 -0.0861039   0.92571429 -0.08220779
 -0.75506494 -0.08558442  0.92       -0.08168831 -0.75038961 -0.08506494
  0.91428571 -0.08116883 -0.74571429 -0.08454545  0.90857143 -0.08064935
 -0.74103896 -0.08402597  0.90285714 -0.08012987 -0.73636364 -0.08350649
  0.89714286 -0.07961039 -0.73168831 -0.08298701  0.89142857 -0.07909091
 -0.72701299 -0.08246753  0.88571429 -0.07857143 -0.72233766 -0.08194805
  0.88       -0.07805195 -0.71766234 -0.08142857  0.87428571 -0.07753247
 -0.71298701 -0.08090909  0.86857143 -0.07701299 -0.70831169 -0.08038961
  0.86285714 -0.07649351 -0.70363636 -0.07987013  0.85714286 -0.07597403
 -0.69896104 -0.07935065  0.85142857 -0.07545455 -0.69428571 -0.07883117
  0.84571429 -0.07493506 -0.68961039 -0.07831169  0.84       -0.07441558
 -0.68493506 -0.07779221  0.83428571 -0.0738961  -0.68025974 -0.07727273
  0.82857143 -0.07337662 -0.67558442 -0.07675325  0.82285714 -0.07285714
 -0.67090909 -0.07623377  0.81714286 -0.07233766 -0.66623377 -0.07571429
  0.81142857 -0.07181818 -0.66155844 -0.07519481  0.80571429 -0.0712987
 -0.65688312 -0.07467532  0.8        -0.07077922 -0.65220779 -0.07415584
  0.79428571 -0.07025974 -0.64753247 -0.07363636  0.78857143 -0.06974026
 -0.64285714 -0.07311688  0.78285714 -0.06922078 -0.63818182 -0.0725974
  0.77714286 -0.0687013  -0.63350649 -0.07207792  0.77142857]",0.8625,0.5125,0.0,1.0,1.0,0.0,0.8625,0.5125,0.0,1.0,1.0,0.0,0.8625,0.5125,0.0,0.0
3.55,0.06,2029,0.575,0.10606601717798216,0.5125,0.0649519052838329,0.28260068496119994,2.0,0.9411764705882353,0.038578117197999084,2.5689844939402773e-34,2.0,0.9615384615384617,0.027829547588741767,5.705299828533759e-34,4,0.9942857142857143,4,0.9942857142857142,0.007083825265643809,3.0,1.0511280398476415,"[ 1.         -0.92513228  0.84941799 -0.92142857  0.99428571 -0.91984127
  0.84455026 -0.91613757  0.98857143 -0.91455026  0.83968254 -0.91084656
  0.98285714 -0.90925926  0.83481481 -0.90555556  0.97714286 -0.90396825
  0.82994709 -0.90026455  0.97142857 -0.89867725  0.82507937 -0.89497354
  0.96571429 -0.89338624  0.82021164 -0.88968254  0.96       -0.88809524
  0.81534392 -0.88439153  0.95428571 -0.88280423  0.81047619 -0.87910053
  0.94857143 -0.87751323  0.80560847 -0.87380952  0.94285714 -0.87222222
  0.80074074 -0.86851852  0.93714286 -0.86693122  0.79587302 -0.86322751
  0.93142857 -0.86164021  0.79100529 -0.85793651  0.92571429 -0.85634921
  0.78613757 -0.8526455   0.92       -0.8510582   0.78126984 -0.8473545
  0.91428571 -0.8457672   0.77640212 -0.84206349  0.90857143 -0.84047619
  0.77153439 -0.83677249  0.90285714 -0.83518519  0.76666667 -0.83148148
  0.89714286 -0.82989418  0.76179894 -0.82619048  0.89142857 -0.82460317
  0.75693122 -0.82089947  0.88571429 -0.81931217  0.75206349 -0.81560847
  0.88       -0.81402116  0.74719577 -0.81031746  0.87428571 -0.80873016
  0.74232804 -0.80502646  0.86857143 -0.80343915  0.73746032 -0.79973545
  0.86285714 -0.79814815  0.73259259 -0.79444444  0.85714286 -0.79285714
  0.72772487 -0.78915344  0.85142857 -0.78756614  0.72285714 -0.78386243
  0.84571429 -0.78227513  0.71798942 -0.77857143  0.84       -0.77698413
  0.71312169 -0.77328042  0.83428571 -0.77169312  0.70825397 -0.76798942
  0.82857143 -0.76640212  0.70338624 -0.76269841  0.82285714 -0.76111111
  0.69851852 -0.75740741  0.81714286 -0.75582011  0.69365079 -0.7521164
  0.81142857 -0.7505291   0.68878307 -0.7468254   0.80571429 -0.7452381
  0.68391534 -0.74153439  0.8        -0.73994709  0.67904762 -0.73624339
  0.79428571 -0.73465608  0.67417989 -0.73095238  0.78857143 -0.72936508
  0.66931217 -0.72566138  0.78285714 -0.72407407  0.66444444 -0.72037037
  0.77714286 -0.71878307  0.65957672 -0.71507937  0.77142857]",0.85,0.6875,0.0,1.0,1.0,0.0,0.85,0.6875,0.0,1.0,1.0,0.0,0.85,0.6875,0.0,0.0
3.55,0.06,3001,0.59375,0.032475952641916446,0.4750000000000001,0.043301270189221946,0.3612303290414878,2.0,0.9615384615384618,0.02788426181590442,2.931571498407665e-34,4.0,0.5,0.11879514380082422,9.923119254728872e-34,4,0.9942857142857142,4,0.9942857142857141,0.00708382526564365,3.0,1.1870760442699035,"[ 1.         -0.33380952 -0.33238095 -0.33095238  0.99428571 -0.33190476
 -0.33047619 -0.32904762  0.98857143 -0.33       -0.32857143 -0.32714286
  0.98285714 -0.32809524 -0.32666667 -0.3252381   0.97714286 -0.32619048
 -0.3247619  -0.32333333  0.97142857 -0.32428571 -0.32285714 -0.32142857
  0.96571429 -0.32238095 -0.32095238 -0.31952381  0.96       -0.32047619
 -0.31904762 -0.31761905  0.95428571 -0.31857143 -0.31714286 -0.31571429
  0.94857143 -0.31666667 -0.3152381  -0.31380952  0.94285714 -0.3147619
 -0.31333333 -0.31190476  0.93714286 -0.31285714 -0.31142857 -0.31
  0.93142857 -0.31095238 -0.30952381 -0.30809524  0.92571429 -0.30904762
 -0.30761905 -0.30619048  0.92       -0.30714286 -0.30571429 -0.30428571
  0.91428571 -0.3052381  -0.30380952 -0.30238095  0.90857143 -0.30333333
 -0.30190476 -0.30047619  0.90285714 -0.30142857 -0.3        -0.29857143
  0.89714286 -0.29952381 -0.29809524 -0.29666667  0.89142857 -0.29761905
 -0.29619048 -0.2947619   0.88571429 -0.29571429 -0.29428571 -0.29285714
  0.88       -0.29380952 -0.29238095 -0.29095238  0.87428571 -0.29190476
 -0.29047619 -0.28904762  0.86857143 -0.29       -0.28857143 -0.28714286
  0.86285714 -0.28809524 -0.28666667 -0.2852381   0.85714286 -0.28619048
 -0.2847619  -0.28333333  0.85142857 -0.28428571 -0.28285714 -0.28142857
  0.84571429 -0.28238095 -0.28095238 -0.27952381  0.84       -0.28047619
 -0.27904762 -0.27761905  0.83428571 -0.27857143 -0.27714286 -0.27571429
  0.82857143 -0.27666667 -0.2752381  -0.27380952  0.82285714 -0.2747619
 -0.27333333 -0.27190476  0.81714286 -0.27285714 -0.27142857 -0.27
  0.81142857 -0.27095238 -0.26952381 -0.26809524  0.80571429 -0.26904762
 -0.26761905 -0.26619048  0.8        -0.26714286 -0.26571429 -0.26428571
  0.79428571 -0.2652381  -0.26380952 -0.26238095  0.78857143 -0.26333333
 -0.26190476 -0.26047619  0.78285714 -0.26142857 -0.26       -0.25857143
  0.77714286 -0.25952381 -0.25809524 -0.25666667  0.77142857]",0.8125,0.3875,0.0,1.0,1.0,0.0,0.8125,0.3875,0.0,1.0,1.0,0.0,0.8125,0.3875,0.0,0.0
3.55,0.06,4099,0.6125,0.11249999999999998,0.4,0.03535533905932739,0.30315132729295824,2.0,0.7538461538461536,0.09623404249166378,1.3731592069530383e-34,2.0,0.6666666666666666,0.10976099300728039,1.7679541971338342e-34,4,0.9942857142857142,4,0.9942857142857143,0.007083825265643482,3.0,1.3326987148976677,"[ 1.         -0.5         0.         -0.49714286  0.99428571 -0.49714286
  0.         -0.49428571  0.98857143 -0.49428571  0.         -0.49142857
  0.98285714 -0.49142857  0.         -0.48857143  0.97714286 -0.48857143
  0.         -0.48571429  0.97142857 -0.48571429  0.         -0.48285714
  0.96571429 -0.48285714  0.         -0.48        0.96       -0.48
  0.         -0.47714286  0.95428571 -0.47714286  0.         -0.47428571
  0.94857143 -0.47428571  0.         -0.47142857  0.94285714 -0.47142857
  0.         -0.46857143  0.93714286 -0.46857143  0.         -0.46571429
  0.93142857 -0.46571429  0.         -0.46285714  0.92571429 -0.46285714
  0.         -0.46        0.92       -0.46        0.         -0.45714286
  0.91428571 -0.45714286  0.         -0.45428571  0.90857143 -0.45428571
  0.         -0.45142857  0.90285714 -0.45142857  0.         -0.44857143
  0.89714286 -0.44857143  0.         -0.44571429  0.89142857 -0.44571429
  0.         -0.44285714  0.88571429 -0.44285714  0.         -0.44
  0.88       -0.44        0.         -0.43714286  0.87428571 -0.43714286
  0.         -0.43428571  0.86857143 -0.43428571  0.         -0.43142857
  0.86285714 -0.43142857  0.         -0.42857143  0.85714286 -0.42857143
  0.         -0.42571429  0.85142857 -0.42571429  0.         -0.42285714
  0.84571429 -0.42285714  0.         -0.42        0.84       -0.42
  0.         -0.41714286  0.83428571 -0.41714286  0.         -0.41428571
  0.82857143 -0.41428571  0.         -0.41142857  0.82285714 -0.41142857
  0.         -0.40857143  0.81714286 -0.40857143  0.         -0.40571429
  0.81142857 -0.40571429  0.         -0.40285714  0.80571429 -0.40285714
  0.         -0.4         0.8        -0.4         0.         -0.39714286
  0.79428571 -0.39714286  0.         -0.39428571  0.78857143 -0.39428571
  0.         -0.39142857  0.78285714 -0.39142857  0.         -0.38857143
  0.77714286 -0.38857143  0.         -0.38571429  0.77142857]",0.775,0.4375,0.0,1.0,1.0,0.0,0.775,0.4375,0.0,1.0,1.0,0.0,0.775,0.4375,0.0,0.0
3.55,0.06,5003,0.59375,0.11507470399701228,0.4874999999999998,0.08926785535678561,0.21716629817488184,2.0,0.9203821656050954,0.048113692449949834,2.1342637202402123e-34,2.0,0.98,0.016941567617115356,2.912742181140575e-34,4,0.9942857142857146,4,0.9942857142857142,0.00708382526564381,3.0,1.2578326575746406,"[ 1.         -0.95980392  0.91893557 -0.95627451  0.99428571 -0.95431373
  0.91366947 -0.95078431  0.98857143 -0.94882353  0.90840336 -0.94529412
  0.98285714 -0.94333333  0.90313725 -0.93980392  0.97714286 -0.93784314
  0.89787115 -0.93431373  0.97142857 -0.93235294  0.89260504 -0.92882353
  0.96571429 -0.92686275  0.88733894 -0.92333333  0.96       -0.92137255
  0.88207283 -0.91784314  0.95428571 -0.91588235  0.87680672 -0.91235294
  0.94857143 -0.91039216  0.87154062 -0.90686275  0.94285714 -0.90490196
  0.86627451 -0.90137255  0.93714286 -0.89941176  0.8610084  -0.89588235
  0.93142857 -0.89392157  0.8557423  -0.89039216  0.92571429 -0.88843137
  0.85047619 -0.88490196  0.92       -0.88294118  0.84521008 -0.87941176
  0.91428571 -0.87745098  0.83994398 -0.87392157  0.90857143 -0.87196078
  0.83467787 -0.86843137  0.90285714 -0.86647059  0.82941176 -0.86294118
  0.89714286 -0.86098039  0.82414566 -0.85745098  0.89142857 -0.8554902
  0.81887955 -0.85196078  0.88571429 -0.85        0.81361345 -0.84647059
  0.88       -0.8445098   0.80834734 -0.84098039  0.87428571 -0.83901961
  0.80308123 -0.8354902   0.86857143 -0.83352941  0.79781513 -0.83
  0.86285714 -0.82803922  0.79254902 -0.8245098   0.85714286 -0.82254902
  0.78728291 -0.81901961  0.85142857 -0.81705882  0.78201681 -0.81352941
  0.84571429 -0.81156863  0.7767507  -0.80803922  0.84       -0.80607843
  0.77148459 -0.80254902  0.83428571 -0.80058824  0.76621849 -0.79705882
  0.82857143 -0.79509804  0.76095238 -0.79156863  0.82285714 -0.78960784
  0.75568627 -0.78607843  0.81714286 -0.78411765  0.75042017 -0.78058824
  0.81142857 -0.77862745  0.74515406 -0.77509804  0.80571429 -0.77313725
  0.73988796 -0.76960784  0.8        -0.76764706  0.73462185 -0.76411765
  0.79428571 -0.76215686  0.72935574 -0.75862745  0.78857143 -0.75666667
  0.72408964 -0.75313725  0.78285714 -0.75117647  0.71882353 -0.74764706
  0.77714286 -0.74568627  0.71355742 -0.74215686  0.77142857]",0.8125,0.575,0.0,1.0,1.0,0.0,0.8125,0.575,0.0,1.0,1.0,0.0,0.8125,0.575,0.0,0.0
3.55,0.08,101,0.575,0.1211919964354082,0.475,0.05590169943749474,0.14600945073048074,2.0,0.9257142857142857,0.045625460238512,5.0615831582209955e-34,2.0,0.8888888888888888,0.059548664459588105,2.5302914784418745e-34,4,0.9942857142857143,4,0.9942857142857142,0.00708382526564335,3.0,1.1174592505461267,"[ 1.         -0.79971429  0.59828571 -0.79571429  0.99428571 -0.79514286
  0.59485714 -0.79114286  0.98857143 -0.79057143  0.59142857 -0.78657143
  0.98285714 -0.786       0.588      -0.782       0.97714286 -0.78142857
  0.58457143 -0.77742857  0.97142857 -0.77685714  0.58114286 -0.77285714
  0.96571429 -0.77228571  0.57771429 -0.76828571  0.96       -0.76771429
  0.57428571 -0.76371429  0.95428571 -0.76314286  0.57085714 -0.75914286
  0.94857143 -0.75857143  0.56742857 -0.75457143  0.94285714 -0.754
  0.564      -0.75        0.93714286 -0.74942857  0.56057143 -0.74542857
  0.93142857 -0.74485714  0.55714286 -0.74085714  0.92571429 -0.74028571
  0.55371429 -0.73628571  0.92       -0.73571429  0.55028571 -0.73171429
  0.91428571 -0.73114286  0.54685714 -0.72714286  0.90857143 -0.72657143
  0.54342857 -0.72257143  0.90285714 -0.722       0.54       -0.718
  0.89714286 -0.71742857  0.53657143 -0.71342857  0.89142857 -0.71285714
  0.53314286 -0.70885714  0.88571429 -0.70828571  0.52971429 -0.70428571
  0.88       -0.70371429  0.52628571 -0.69971429  0.87428571 -0.69914286
  0.52285714 -0.69514286  0.86857143 -0.69457143  0.51942857 -0.69057143
  0.86285714 -0.69        0.516      -0.686       0.85714286 -0.68542857
  0.51257143 -0.68142857  0.85142857 -0.68085714  0.50914286 -0.67685714
  0.84571429 -0.67628571  0.50571429 -0.67228571  0.84       -0.67171429
  0.50228571 -0.66771429  0.83428571 -0.66714286  0.49885714 -0.66314286
  0.82857143 -0.66257143  0.49542857 -0.65857143  0.82285714 -0.658
  0.492      -0.654       0.81714286 -0.65342857  0.48857143 -0.64942857
  0.81142857 -0.64885714  0.48514286 -0.64485714  0.80571429 -0.64428571
  0.48171429 -0.64028571  0.8        -0.63971429  0.47828571 -0.63571429
  0.79428571 -0.63514286  0.47485714 -0.63114286  0.78857143 -0.63057143
  0.47142857 -0.62657143  0.78285714 -0.626       0.468      -0.622
  0.77714286 -0.62142857  0.46457143 -0.61742857  0.77142857]",0.85,0.525,0.0,1.0,1.0,0.0,0.85,0.525,0.0,1.0,1.0,0.0,0.85,0.525,0.0,0.0
3.55,0.08,707,0.58125,0.09742785792574937,0.4750000000000001,0.024999999999999994,0.1806549038308695,2.0,0.8203883495145632,0.08135691231288321,7.03434978143821e-34,4.0,1.0,7.40509007887423e-32,4.637753167550842e-35,4,0.9942857142857142,4,0.9942857142857144,0.0070838252656432515,3.0,1.18728798428852,"[ 1.         -0.00142857 -0.99714286  0.00142857  0.99428571 -0.00142857
 -0.99142857  0.00142857  0.98857143 -0.00142857 -0.98571429  0.00142857
  0.98285714 -0.00142857 -0.98        0.00142857  0.97714286 -0.00142857
 -0.97428571  0.00142857  0.97142857 -0.00142857 -0.96857143  0.00142857
  0.96571429 -0.00142857 -0.96285714  0.00142857  0.96       -0.00142857
 -0.95714286  0.00142857  0.95428571 -0.00142857 -0.95142857  0.00142857
  0.94857143 -0.00142857 -0.94571429  0.00142857  0.94285714 -0.00142857
 -0.94        0.00142857  0.93714286 -0.00142857 -0.93428571  0.00142857
  0.93142857 -0.00142857 -0.92857143  0.00142857  0.92571429 -0.00142857
 -0.92285714  0.00142857  0.92       -0.00142857 -0.91714286  0.00142857
  0.91428571 -0.00142857 -0.91142857  0.00142857  0.90857143 -0.00142857
 -0.90571429  0.00142857  0.90285714 -0.00142857 -0.9         0.00142857
  0.89714286 -0.00142857 -0.89428571  0.00142857  0.89142857 -0.00142857
 -0.88857143  0.00142857  0.88571429 -0.00142857 -0.88285714  0.00142857
  0.88       -0.00142857 -0.87714286  0.00142857  0.87428571 -0.00142857
 -0.87142857  0.00142857  0.86857143 -0.00142857 -0.86571429  0.00142857
  0.86285714 -0.00142857 -0.86        0.00142857  0.85714286 -0.00142857
 -0.85428571  0.00142857  0.85142857 -0.00142857 -0.84857143  0.00142857
  0.84571429 -0.00142857 -0.84285714  0.00142857  0.84       -0.00142857
 -0.83714286  0.00142857  0.83428571 -0.00142857 -0.83142857  0.00142857
  0.82857143 -0.00142857 -0.82571429  0.00142857  0.82285714 -0.00142857
 -0.82        0.00142857  0.81714286 -0.00142857 -0.81428571  0.00142857
  0.81142857 -0.00142857 -0.80857143  0.00142857  0.80571429 -0.00142857
 -0.80285714  0.00142857  0.8        -0.00142857 -0.79714286  0.00142857
  0.79428571 -0.00142857 -0.79142857  0.00142857  0.78857143 -0.00142857
 -0.78571429  0.00142857  0.78285714 -0.00142857 -0.78        0.00142857
  0.77714286 -0.00142857 -0.77428571  0.00142857  0.77142857]",0.8375,0.4625,0.0,1.0,1.0,0.0,0.8375,0.4625,0.0,1.0,1.0,0.0,0.8375,0.4625,0.0,0.0
3.55,0.08,1313,0.5625,0.05448623679425842,0.5249999999999999,0.02500000000000002,0.1523475094290545,2.0,0.6428571428571429,0.11262625172363538,1.3964472716389138e-34,4.0,1.0,8.118600432967738e-32,1.2448161234933863e-34,4,0.9942857142857143,4,0.9942857142857144,0.007083825265643985,3.0,1.1662964138368772,"[ 1.          0.00142857 -0.99714286 -0.00142857  0.99428571  0.00142857
 -0.99142857 -0.00142857  0.98857143  0.00142857 -0.98571429 -0.00142857
  0.98285714  0.00142857 -0.98       -0.00142857  0.97714286  0.00142857
 -0.97428571 -0.00142857  0.97142857  0.00142857 -0.96857143 -0.00142857
  0.96571429  0.00142857 -0.96285714 -0.00142857  0.96        0.00142857
 -0.95714286 -0.00142857  0.95428571  0.00142857 -0.95142857 -0.00142857
  0.94857143  0.00142857 -0.94571429 -0.00142857  0.94285714  0.00142857
 -0.94       -0.00142857  0.93714286  0.00142857 -0.93428571 -0.00142857
  0.93142857  0.00142857 -0.92857143 -0.00142857  0.92571429  0.00142857
 -0.92285714 -0.00142857  0.92        0.00142857 -0.91714286 -0.00142857
  0.91428571  0.00142857 -0.91142857 -0.00142857  0.90857143  0.00142857
 -0.90571429 -0.00142857  0.90285714  0.00142857 -0.9        -0.00142857
  0.89714286  0.00142857 -0.89428571 -0.00142857  0.89142857  0.00142857
 -0.88857143 -0.00142857  0.88571429  0.00142857 -0.88285714 -0.00142857
  0.88        0.00142857 -0.87714286 -0.00142857  0.87428571  0.00142857
 -0.87142857 -0.00142857  0.86857143  0.00142857 -0.86571429 -0.00142857
  0.86285714  0.00142857 -0.86       -0.00142857  0.85714286  0.00142857
 -0.85428571 -0.00142857  0.85142857  0.00142857 -0.84857143 -0.00142857
  0.84571429  0.00142857 -0.84285714 -0.00142857  0.84        0.00142857
 -0.83714286 -0.00142857  0.83428571  0.00142857 -0.83142857 -0.00142857
  0.82857143  0.00142857 -0.82571429 -0.00142857  0.82285714  0.00142857
 -0.82       -0.00142857  0.81714286  0.00142857 -0.81428571 -0.00142857
  0.81142857  0.00142857 -0.80857143 -0.00142857  0.80571429  0.00142857
 -0.80285714 -0.00142857  0.8         0.00142857 -0.79714286 -0.00142857
  0.79428571  0.00142857 -0.79142857 -0.00142857  0.78857143  0.00142857
 -0.78571429 -0.00142857  0.78285714  0.00142857 -0.78       -0.00142857
  0.77714286  0.00142857 -0.77428571 -0.00142857  0.77142857]",0.875,0.525,0.0,1.0,1.0,0.0,0.875,0.525,0.0,1.0,1.0,0.0,0.875,0.525,0.0,0.0
3.55,0.08,2029,0.6124999999999998,0.1328768226591831,0.4,0.061237243569579464,0.1627324749642346,2.0,0.8350515463917526,0.07737914889780881,4.7132026934752426e-34,2.0,0.8000000000000002,0.08628977899728672,2.1278109994450997e-34,4,0.9942857142857143,4,0.9942857142857144,0.007083825265643563,3.0,1.1426239542950418,"[ 1.         -0.6647619   0.33238095 -0.6647619   0.99428571 -0.66095238
  0.33047619 -0.66095238  0.98857143 -0.65714286  0.32857143 -0.65714286
  0.98285714 -0.65333333  0.32666667 -0.65333333  0.97714286 -0.64952381
  0.3247619  -0.64952381  0.97142857 -0.64571429  0.32285714 -0.64571429
  0.96571429 -0.64190476  0.32095238 -0.64190476  0.96       -0.63809524
  0.31904762 -0.63809524  0.95428571 -0.63428571  0.31714286 -0.63428571
  0.94857143 -0.63047619  0.3152381  -0.63047619  0.94285714 -0.62666667
  0.31333333 -0.62666667  0.93714286 -0.62285714  0.31142857 -0.62285714
  0.93142857 -0.61904762  0.30952381 -0.61904762  0.92571429 -0.6152381
  0.30761905 -0.6152381   0.92       -0.61142857  0.30571429 -0.61142857
  0.91428571 -0.60761905  0.30380952 -0.60761905  0.90857143 -0.60380952
  0.30190476 -0.60380952  0.90285714 -0.6         0.3        -0.6
  0.89714286 -0.59619048  0.29809524 -0.59619048  0.89142857 -0.59238095
  0.29619048 -0.59238095  0.88571429 -0.58857143  0.29428571 -0.58857143
  0.88       -0.5847619   0.29238095 -0.5847619   0.87428571 -0.58095238
  0.29047619 -0.58095238  0.86857143 -0.57714286  0.28857143 -0.57714286
  0.86285714 -0.57333333  0.28666667 -0.57333333  0.85714286 -0.56952381
  0.2847619  -0.56952381  0.85142857 -0.56571429  0.28285714 -0.56571429
  0.84571429 -0.56190476  0.28095238 -0.56190476  0.84       -0.55809524
  0.27904762 -0.55809524  0.83428571 -0.55428571  0.27714286 -0.55428571
  0.82857143 -0.55047619  0.2752381  -0.55047619  0.82285714 -0.54666667
  0.27333333 -0.54666667  0.81714286 -0.54285714  0.27142857 -0.54285714
  0.81142857 -0.53904762  0.26952381 -0.53904762  0.80571429 -0.5352381
  0.26761905 -0.5352381   0.8        -0.53142857  0.26571429 -0.53142857
  0.79428571 -0.52761905  0.26380952 -0.52761905  0.78857143 -0.52380952
  0.26190476 -0.52380952  0.78285714 -0.52        0.26       -0.52
  0.77714286 -0.51619048  0.25809524 -0.51619048  0.77142857]",0.775,0.625,0.0,1.0,1.0,0.0,0.775,0.625,0.0,1.0,1.0,0.0,0.775,0.625,0.0,0.0
3.55,0.08,3001,0.58125,0.06931585316505882,0.4375,0.05448623679425843,0.24158321411540293,2.0,0.5697674418604652,0.11834344964101655,4.756361719421802e-34,4.0,0.8999999999999999,0.056057558097714184,2.3981589705637345e-34,4,0.9942857142857143,4,0.9942857142857143,0.007083825265643738,3.0,1.2061835368255218,"[ 1.         -0.05300752 -0.89218045 -0.05195489  0.99428571 -0.05270677
 -0.88706767 -0.05165414  0.98857143 -0.05240602 -0.88195489 -0.05135338
  0.98285714 -0.05210526 -0.87684211 -0.05105263  0.97714286 -0.05180451
 -0.87172932 -0.05075188  0.97142857 -0.05150376 -0.86661654 -0.05045113
  0.96571429 -0.05120301 -0.86150376 -0.05015038  0.96       -0.05090226
 -0.85639098 -0.04984962  0.95428571 -0.0506015  -0.8512782  -0.04954887
  0.94857143 -0.05030075 -0.84616541 -0.04924812  0.94285714 -0.05
 -0.84105263 -0.04894737  0.93714286 -0.04969925 -0.83593985 -0.04864662
  0.93142857 -0.0493985  -0.83082707 -0.04834586  0.92571429 -0.04909774
 -0.82571429 -0.04804511  0.92       -0.04879699 -0.8206015  -0.04774436
  0.91428571 -0.04849624 -0.81548872 -0.04744361  0.90857143 -0.04819549
 -0.81037594 -0.04714286  0.90285714 -0.04789474 -0.80526316 -0.04684211
  0.89714286 -0.04759398 -0.80015038 -0.04654135  0.89142857 -0.04729323
 -0.79503759 -0.0462406   0.88571429 -0.04699248 -0.78992481 -0.04593985
  0.88       -0.04669173 -0.78481203 -0.0456391   0.87428571 -0.04639098
 -0.77969925 -0.04533835  0.86857143 -0.04609023 -0.77458647 -0.04503759
  0.86285714 -0.04578947 -0.76947368 -0.04473684  0.85714286 -0.04548872
 -0.7643609  -0.04443609  0.85142857 -0.04518797 -0.75924812 -0.04413534
  0.84571429 -0.04488722 -0.75413534 -0.04383459  0.84       -0.04458647
 -0.74902256 -0.04353383  0.83428571 -0.04428571 -0.74390977 -0.04323308
  0.82857143 -0.04398496 -0.73879699 -0.04293233  0.82285714 -0.04368421
 -0.73368421 -0.04263158  0.81714286 -0.04338346 -0.72857143 -0.04233083
  0.81142857 -0.04308271 -0.72345865 -0.04203008  0.80571429 -0.04278195
 -0.71834586 -0.04172932  0.8        -0.0424812  -0.71323308 -0.04142857
  0.79428571 -0.04218045 -0.7081203  -0.04112782  0.78857143 -0.0418797
 -0.70300752 -0.04082707  0.78285714 -0.04157895 -0.69789474 -0.04052632
  0.77714286 -0.0412782  -0.69278195 -0.04022556  0.77142857]",0.8375,0.4625,0.0,1.0,1.0,0.0,0.8375,0.4625,0.0,1.0,1.0,0.0,0.8375,0.4625,0.0,0.0
3.55,0.08,4099,0.60625,0.08904879280484379,0.375,0.025000000000000026,0.2276466380543634,2.0,0.9086021505376346,0.05272550048736509,2.1879098058951216e-35,4.0,1.0,1.6620683199519983e-31,1.1029501436253151e-35,4,0.9942857142857142,4,0.9942857142857144,0.00708382526564343,3.0,1.499143346659052,"[ 1.          0.00142857 -0.99714286 -0.00142857  0.99428571  0.00142857
 -0.99142857 -0.00142857  0.98857143  0.00142857 -0.98571429 -0.00142857
  0.98285714  0.00142857 -0.98       -0.00142857  0.97714286  0.00142857
 -0.97428571 -0.00142857  0.97142857  0.00142857 -0.96857143 -0.00142857
  0.96571429  0.00142857 -0.96285714 -0.00142857  0.96        0.00142857
 -0.95714286 -0.00142857  0.95428571  0.00142857 -0.95142857 -0.00142857
  0.94857143  0.00142857 -0.94571429 -0.00142857  0.94285714  0.00142857
 -0.94       -0.00142857  0.93714286  0.00142857 -0.93428571 -0.00142857
  0.93142857  0.00142857 -0.92857143 -0.00142857  0.92571429  0.00142857
 -0.92285714 -0.00142857  0.92        0.00142857 -0.91714286 -0.00142857
  0.91428571  0.00142857 -0.91142857 -0.00142857  0.90857143  0.00142857
 -0.90571429 -0.00142857  0.90285714  0.00142857 -0.9        -0.00142857
  0.89714286  0.00142857 -0.89428571 -0.00142857  0.89142857  0.00142857
 -0.88857143 -0.00142857  0.88571429  0.00142857 -0.88285714 -0.00142857
  0.88        0.00142857 -0.87714286 -0.00142857  0.87428571  0.00142857
 -0.87142857 -0.00142857  0.86857143  0.00142857 -0.86571429 -0.00142857
  0.86285714  0.00142857 -0.86       -0.00142857  0.85714286  0.00142857
 -0.85428571 -0.00142857  0.85142857  0.00142857 -0.84857143 -0.00142857
  0.84571429  0.00142857 -0.84285714 -0.00142857  0.84        0.00142857
 -0.83714286 -0.00142857  0.83428571  0.00142857 -0.83142857 -0.00142857
  0.82857143  0.00142857 -0.82571429 -0.00142857  0.82285714  0.00142857
 -0.82       -0.00142857  0.81714286  0.00142857 -0.81428571 -0.00142857
  0.81142857  0.00142857 -0.80857143 -0.00142857  0.80571429  0.00142857
 -0.80285714 -0.00142857  0.8         0.00142857 -0.79714286 -0.00142857
  0.79428571  0.00142857 -0.79142857 -0.00142857  0.78857143  0.00142857
 -0.78571429 -0.00142857  0.78285714  0.00142857 -0.78       -0.00142857
  0.77714286  0.00142857 -0.77428571 -0.00142857  0.77142857]",0.7875,0.425,0.0,1.0,1.0,0.0,0.7875,0.425,0.0,1.0,1.0,0.0,0.7875,0.425,0.0,0.0
3.55,0.08,5003,0.5874999999999998,0.15461646096066228,0.475,0.08291561975888498,0.2002861230329041,2.0,0.8832116788321167,0.06153650358559437,1.911679572352983e-34,2.0,0.8999999999999999,0.055494483262008724,1.4292177720841634e-33,4,0.9942857142857144,4,0.9942857142857141,0.007083825265643253,3.0,1.1875,"[ 1.         -0.81779221  0.63454545 -0.8138961   0.99428571 -0.81311688
  0.63090909 -0.80922078  0.98857143 -0.80844156  0.62727273 -0.80454545
  0.98285714 -0.80376623  0.62363636 -0.79987013  0.97714286 -0.79909091
  0.62       -0.79519481  0.97142857 -0.79441558  0.61636364 -0.79051948
  0.96571429 -0.78974026  0.61272727 -0.78584416  0.96       -0.78506494
  0.60909091 -0.78116883  0.95428571 -0.78038961  0.60545455 -0.77649351
  0.94857143 -0.77571429  0.60181818 -0.77181818  0.94285714 -0.77103896
  0.59818182 -0.76714286  0.93714286 -0.76636364  0.59454545 -0.76246753
  0.93142857 -0.76168831  0.59090909 -0.75779221  0.92571429 -0.75701299
  0.58727273 -0.75311688  0.92       -0.75233766  0.58363636 -0.74844156
  0.91428571 -0.74766234  0.58       -0.74376623  0.90857143 -0.74298701
  0.57636364 -0.73909091  0.90285714 -0.73831169  0.57272727 -0.73441558
  0.89714286 -0.73363636  0.56909091 -0.72974026  0.89142857 -0.72896104
  0.56545455 -0.72506494  0.88571429 -0.72428571  0.56181818 -0.72038961
  0.88       -0.71961039  0.55818182 -0.71571429  0.87428571 -0.71493506
  0.55454545 -0.71103896  0.86857143 -0.71025974  0.55090909 -0.70636364
  0.86285714 -0.70558442  0.54727273 -0.70168831  0.85714286 -0.70090909
  0.54363636 -0.69701299  0.85142857 -0.69623377  0.54       -0.69233766
  0.84571429 -0.69155844  0.53636364 -0.68766234  0.84       -0.68688312
  0.53272727 -0.68298701  0.83428571 -0.68220779  0.52909091 -0.67831169
  0.82857143 -0.67753247  0.52545455 -0.67363636  0.82285714 -0.67285714
  0.52181818 -0.66896104  0.81714286 -0.66818182  0.51818182 -0.66428571
  0.81142857 -0.66350649  0.51454545 -0.65961039  0.80571429 -0.65883117
  0.51090909 -0.65493506  0.8        -0.65415584  0.50727273 -0.65025974
  0.79428571 -0.64948052  0.50363636 -0.64558442  0.78857143 -0.64480519
  0.5        -0.64090909  0.78285714 -0.64012987  0.49636364 -0.63623377
  0.77714286 -0.63545455  0.49272727 -0.63155844  0.77142857]",0.825,0.575,0.0,1.0,1.0,0.0,0.825,0.575,0.0,1.0,1.0,0.0,0.825,0.575,0.0,0.0
3.58,0.04,101,0.6719285714285714,0.1140936108676394,0.3749285714285714,0.049821057346287244,0.8954663124191019,2.0,0.9569730071800571,0.04436274931451842,4.637892904740199e-06,2.0,0.7197866394395999,0.23028623432418185,5.508840722469096e-05,16,0.9771081602393574,16,0.9769783229623435,0.0056124348040111245,3.0,1.4275224367691053,"[ 1.         -0.56367228  0.37697919 -0.56079253  0.43669153 -0.56079048
  0.62158399 -0.55863632  0.61942571 -0.55719542  0.61870628 -0.55719337
  0.43309644 -0.55144002  0.36834604 -0.5535983   0.97697832 -0.55072266
  0.36834603 -0.54784291  0.42661952 -0.54784086  0.60719543 -0.5456867
  0.60503714 -0.5442458   0.60431771 -0.54424375  0.42302443 -0.5384904
  0.35971288 -0.54064868  0.95395665 -0.53777304  0.35971287 -0.53489329
  0.41654751 -0.53489124  0.59280686 -0.53273708  0.59064858 -0.53129618
  0.58992915 -0.53129413  0.41295242 -0.52554078  0.35107972 -0.52769906
  0.93093497 -0.52482342  0.35107971 -0.52194367  0.4064755  -0.52194162
  0.5784183  -0.51978746  0.57626001 -0.51834656  0.57554058 -0.51834451
  0.40288041 -0.51259116  0.34244657 -0.51474944  0.90791329 -0.5118738
  0.34244655 -0.50899405  0.39640349 -0.508992    0.56402973 -0.50683784
  0.56187145 -0.50539694  0.56115202 -0.50539489  0.3928084  -0.49964154
  0.33381341 -0.50179982  0.88489161 -0.49892418  0.3338134  -0.49604443
  0.38633148 -0.49604238  0.54964117 -0.49388822  0.54748288 -0.49244732
  0.54676345 -0.49244527  0.38273639 -0.48669192  0.32518025 -0.4888502
  0.86186994 -0.48597456  0.32518024 -0.48309481  0.37625947 -0.48309276
  0.5352526  -0.4809386   0.53309432 -0.4794977   0.53237488 -0.47949565
  0.37266437 -0.4737423   0.31654709 -0.47590058  0.83884826 -0.47302494
  0.31654708 -0.47014519  0.36618746 -0.47014314  0.52086403 -0.46798898
  0.51870575 -0.46654808  0.51798632 -0.46654603  0.36259236 -0.46079268
  0.30791393 -0.46295096  0.81582658 -0.46007532  0.30791392 -0.45719557
  0.35611545 -0.45719352  0.50647547 -0.45503936  0.50431718 -0.45359846
  0.50359775 -0.45359641  0.35252035 -0.44784306  0.29928077 -0.45000134
  0.79280491 -0.4471257   0.29928076 -0.44424595  0.34604344 -0.4442439
  0.4920869  -0.44208974  0.48992862 -0.44064884  0.48920919 -0.44064679
  0.34244834 -0.43489344  0.29064762 -0.43705172  0.76978323]",0.6561956521739131,0.25,0.0,0.9562867647058824,0.8127205882352941,0.0,0.6561923076923077,0.25,0.0,0.9562916666666667,0.81275,0.0,0.6561818181818182,0.25,0.0,0.0
3.58,0.04,707,0.6381428571428571,0.06805025154026896,0.5345714285714286,0.03851477320590168,0.5258442797069407,4.0,0.49427941227877964,0.17300075021088365,0.00022888242663862056,2.0,0.49202298707495695,0.23910630949911071,0.00026067320381167707,16,0.968184826398267,16,0.9724622937802918,0.006657917978842565,699.0,1.304741980474198,"[ 1.         -0.27219358 -0.16092956 -0.37710135  0.67720536 -0.38237507
 -0.15480254 -0.2667039   0.87909222 -0.26957001 -0.15349075 -0.37447777
  0.66945554 -0.37567918 -0.15773712 -0.26482325  0.97246229 -0.26602466
 -0.15791117 -0.3644525   0.66096281 -0.37454145 -0.15419177 -0.25887029
  0.85803444 -0.26414401 -0.15047236 -0.36182892  0.653213   -0.36784557
 -0.15471873 -0.25698963  0.9489969  -0.26059866 -0.15414987 -0.35587596
  0.64546319 -0.36596491 -0.15043046 -0.25270137  0.83771958 -0.25797509
 -0.14671106 -0.35325239  0.63771337 -0.35926903 -0.15095743 -0.25082071
  0.92627443 -0.25442974 -0.15038856 -0.34729942  0.62996356 -0.35738838
 -0.14666916 -0.24653244  0.81740473 -0.25180616 -0.14294975 -0.34467585
  0.62221375 -0.35069249 -0.14719612 -0.24465179  0.90595957 -0.24826082
 -0.14662725 -0.33872288  0.61446394 -0.34881184 -0.14290785 -0.24036352
  0.79708987 -0.24563724 -0.13918845 -0.33609931  0.60671412 -0.34211595
 -0.14343481 -0.23848287  0.88082948 -0.24209189 -0.14360887 -0.32607403
  0.59822139 -0.34097822 -0.14229708 -0.2325299   0.77603209 -0.24021124
 -0.13617006 -0.32345046  0.59047158 -0.33428233 -0.14041643 -0.23064925
  0.85736408 -0.23666589 -0.13984756 -0.31749749  0.58272177 -0.33240168
 -0.13853578 -0.22636098  0.75571723 -0.23404232 -0.13240876 -0.31487392
  0.57497195 -0.3257058  -0.13665512 -0.22448033  0.83464161 -0.23049697
 -0.13608626 -0.30892096  0.56722214 -0.32382514 -0.13477447 -0.22019206
  0.73540238 -0.2278734  -0.12864745 -0.30629738  0.55947233 -0.31712926
 -0.13289382 -0.21831141  0.81191914 -0.22432805 -0.13232495 -0.30034442
  0.55172252 -0.3152486  -0.13101316 -0.21402314  0.71508752 -0.22170447
 -0.12488614 -0.29772084  0.5439727  -0.30855272 -0.12913251 -0.21214248
  0.78919666 -0.21815913 -0.12856365 -0.29176788  0.53622289 -0.30667206
 -0.12725186 -0.20785421  0.69477266 -0.21553555 -0.12112484 -0.2891443
  0.52847308 -0.29997618 -0.12537121 -0.20597356  0.76647419]",0.7236594202898551,0.325,0.0,0.9764705882352941,0.8783088235294118,0.0,0.7236153846153847,0.325,0.0,0.9764583333333333,0.8783333333333333,0.0,0.7235909090909091,0.325,0.0,0.0
3.58,0.04,1313,0.6015357142857144,0.06421475250108429,0.5468571428571428,0.027725329169389863,0.25988750162569907,4.0,0.8410086412131924,0.1253291763317715,0.00014551861242663441,2.0,0.47958504046662764,0.3054716747363039,1.7891008582205146e-05,16,0.966884875653984,16,0.9770598721089879,0.006281552182605993,3.0,1.2704945237305012,"[ 1.         -0.41707884 -0.0128865  -0.21733325  0.39157952 -0.21213979
 -0.01266789 -0.41254288  0.78642459 -0.41199551 -0.01244927 -0.21224993
  0.38707861 -0.2119946  -0.0125227  -0.40775159  0.97705987 -0.40749626
 -0.01259613 -0.21239678  0.38257769 -0.20720331 -0.01237751 -0.40296031
  0.76813056 -0.40241294 -0.0121589  -0.20731345  0.37807678 -0.20705813
 -0.01223233 -0.39816902  0.95411974 -0.39791369 -0.01230576 -0.20746031
  0.37357587 -0.20226684 -0.01208714 -0.39337773  0.74983653 -0.39283037
 -0.01186853 -0.20237698  0.36907495 -0.20212166 -0.01194196 -0.38858645
  0.93117962 -0.38833112 -0.01201538 -0.20252384  0.36457404 -0.19733037
 -0.01179677 -0.38379516  0.73154251 -0.38324779 -0.01157816 -0.19744051
  0.36007312 -0.19718518 -0.01165158 -0.37900388  0.90823949 -0.37874855
 -0.01172501 -0.19758737  0.35557221 -0.1923939  -0.0115064  -0.37421259
  0.71324848 -0.37366522 -0.01128779 -0.19250404  0.3510713  -0.19224871
 -0.01136121 -0.3694213   0.88529936 -0.36916598 -0.01143464 -0.19265089
  0.34657038 -0.18745743 -0.01121603 -0.36463002  0.69495445 -0.36408265
 -0.01099741 -0.18756757  0.34206947 -0.18731224 -0.01107084 -0.35983873
  0.86235923 -0.35958341 -0.01114427 -0.18771442  0.33756855 -0.18252095
 -0.01092565 -0.35504745  0.67666042 -0.35450008 -0.01070704 -0.1826311
  0.33306764 -0.18237577 -0.01078047 -0.35025616  0.8394191  -0.35000083
 -0.0108539  -0.18277795  0.32856673 -0.17758448 -0.01063528 -0.34546488
  0.65836639 -0.34491751 -0.01041667 -0.17769462  0.32406581 -0.1774393
 -0.0104901  -0.34067359  0.81647898 -0.34041826 -0.01056352 -0.17784148
  0.3195649  -0.17264801 -0.01034491 -0.3358823   0.64007237 -0.33533494
 -0.0101263  -0.17275815  0.31506398 -0.17250283 -0.01019973 -0.33109102
  0.79353885 -0.33083569 -0.01027315 -0.17290501  0.31056307 -0.16771154
 -0.01005454 -0.32629973  0.62177834 -0.32575236 -0.00983593 -0.16782168
  0.30606216 -0.16756635 -0.00990935 -0.32150845  0.77059872]",0.7969202898550725,0.3859057971014493,0.0,0.9593382352941177,0.8080514705882353,0.0,0.7968846153846154,0.3843076923076923,0.0,0.9593333333333334,0.8080833333333334,0.0,0.7969090909090909,0.38586363636363635,0.0,0.0
3.58,0.04,2029,0.6501428571428571,0.11739728467464482,0.42707142857142855,0.08717385280142721,0.8598791924972184,2.0,0.9561469387755103,0.042949349224970464,0.0001131571537629516,2.0,0.8774473376794663,0.0918245799174734,0.00012655374548504043,8,0.9816010367933445,16,0.9708879379310589,0.006940829041520011,3.0,1.29080310880829,"[ 1.         -0.78110589  0.61507406 -0.77942367  0.90621843 -0.775685
  0.61109557 -0.77494272  0.96124055 -0.77120405  0.60711707 -0.76952183
  0.89565714 -0.76603761  0.60382406 -0.76623527  0.97088794 -0.76275106
  0.60053105 -0.76106884  0.88509584 -0.75733016  0.59655255 -0.75658788
  0.93823809 -0.75284921  0.59257406 -0.75116699  0.87453455 -0.74768278
  0.58928105 -0.74788043  0.94882542 -0.74439622  0.58598803 -0.742714
  0.86397326 -0.73897533  0.58200954 -0.73823305  0.91664554 -0.73449438
  0.57803104 -0.73281216  0.85341197 -0.72932794  0.57473803 -0.7295256
  0.92462856 -0.72629584  0.5721305  -0.72555356  0.84306619 -0.72087495
  0.56815201 -0.7210726   0.89385859 -0.71639399  0.56417351 -0.71565171
  0.83297487 -0.71122756  0.5608805  -0.71236515  0.90256604 -0.707941
  0.55758749 -0.70719872  0.82194361 -0.70252011  0.55360899 -0.70271777
  0.8713261  -0.69803916  0.5496305  -0.69729688  0.81185228 -0.69406711
  0.54702297 -0.69426477  0.87883915 -0.69078056  0.54372996 -0.68909834
  0.80150651 -0.68535967  0.53975146 -0.68461738  0.84947909 -0.68087871
  0.53577297 -0.67919649  0.79094521 -0.67571228  0.53247996 -0.67590993
  0.85583669 -0.67242572  0.52918695 -0.6707435   0.78038392 -0.66700483
  0.52520845 -0.66626255  0.82810205 -0.66277833  0.52191544 -0.66203605
  0.77003815 -0.6576119   0.51862243 -0.65874949  0.83257978 -0.65432534
  0.51532942 -0.65358306  0.75994682 -0.65009884  0.5120364  -0.64935656
  0.80625504 -0.64561789  0.50805791 -0.64393567  0.74960104 -0.64045145
  0.5047649  -0.64064911  0.81214268 -0.63716489  0.50147189 -0.63548267
  0.73903975 -0.631744    0.49749339 -0.63100172  0.78231264 -0.62726305
  0.4935149  -0.62558083  0.72847846 -0.62209661  0.49022188 -0.62229427
  0.78726034 -0.61881006  0.48692887 -0.61712784  0.71791717 -0.61458356
  0.48363586 -0.61290134  0.7609356  -0.61010261  0.47965737 -0.60748045
  0.70804136 -0.60493617  0.47636435 -0.60419389  0.76541333]",0.6996014492753623,0.437536231884058,0.0,0.9629779411764706,0.8908823529411765,0.0,0.6995384615384616,0.43753846153846154,0.0,0.9631666666666666,0.890625,0.0,0.699590909090909,0.43754545454545457,0.0,0.0
3.58,0.04,3001,0.6871428571428572,0.04262436785095911,0.34607142857142853,0.041776555772884146,1.0410279991825055,2.0,0.5249649984673884,0.3041764979807535,0.0009570572816642995,2.0,0.4585522580412586,0.3400478707034861,0.0019073754129452709,32,0.922111365186344,16,0.9551000720393398,0.006742412809662653,700.0,1.481198410272088,"[ 1.         -0.27692559  0.01961955 -0.31410645  0.22185987 -0.32010994
  0.01752268 -0.2730695   0.88341863 -0.27293398  0.01747215 -0.31625385
  0.21987325 -0.31186488  0.0175824  -0.27096345  0.95510007 -0.27066715
  0.01973899 -0.30784801  0.21788664 -0.31385149  0.01764212 -0.26681106
  0.85693572 -0.26856109  0.01570604 -0.30778829  0.21401447 -0.30544565
  0.01786262 -0.26249789  0.93287061 -0.26629425  0.01797288 -0.29938245
  0.21202786 -0.30538593  0.01792234 -0.2583455   0.83675259 -0.26230265
  0.01582548 -0.30152984  0.21004124 -0.29918721  0.01798206 -0.25623944
  0.90843403 -0.26192136  0.01620676 -0.29091688  0.20616907 -0.29896671
  0.01820257 -0.24987993  0.81452313 -0.25981531  0.01217381 -0.29085716
  0.20229691 -0.29056086  0.01842307 -0.24556676  0.88841169 -0.25943402
  0.0125551  -0.2802442   0.19842474 -0.29034036  0.01864357 -0.23920725
  0.79859346 -0.25544242  0.0104077  -0.2823916   0.19643812 -0.2820953
  0.01870329 -0.2371012   0.86618223 -0.25317558  0.01267454 -0.27398576
  0.19445151 -0.28408192  0.01876301 -0.23294881  0.77620321 -0.24918397
  0.01052714 -0.27613316  0.19246489 -0.27583686  0.01882273 -0.23084276
  0.84379198 -0.24691713  0.01279398 -0.26772732  0.19047828 -0.27782347
  0.01888245 -0.22669037  0.75790564 -0.24292553  0.01064658 -0.26987471
  0.18849166 -0.26957841  0.01894217 -0.22458431  0.82754074 -0.24065869
  0.01291342 -0.26146887  0.18650505 -0.27156503  0.01900189 -0.22043192
  0.73551539 -0.23855264  0.00888047 -0.26140915  0.18263288 -0.26315919
  0.01922239 -0.21611875  0.79507961 -0.2362858   0.0111473  -0.25300331
  0.18064627 -0.26309947  0.01928211 -0.21196636  0.71533227 -0.23417974
  0.00711435 -0.25294359  0.1767741  -0.25673996  0.01950262 -0.20765319
  0.77898915 -0.23191291  0.00938119 -0.24453775  0.17478748 -0.2546339
  0.01956233 -0.2035008   0.69719548 -0.2279213   0.00723379 -0.24668515
  0.17280087 -0.25048152  0.01962205 -0.20139474  0.75455257]",0.6256521739130435,0.0625,0.00018115942028985507,0.949375,0.7872426470588235,0.0,0.6258461538461538,0.0625,7.692307692307693e-05,0.94925,0.7871666666666667,0.0,0.6255909090909091,0.0625,0.0001818181818181818,1.2555381032999868e-10
3.58,0.04,4099,0.6972857142857143,0.12136040103252588,0.3492142857142857,0.0629860285771247,1.3864250516611032,2.0,0.5816209310895465,0.13625138186127536,0.00043094388578536523,4.0,0.7124280112044818,0.14488250300115685,0.0019595946497731483,8,0.9794092390014456,8,0.9621885585167,0.006797294286469901,5.0,1.277835859905907,"[ 1.         -0.14777942 -0.66994138 -0.14603599  0.95948876 -0.14686593
 -0.66452674 -0.14602273  0.96218856 -0.14508051 -0.66274131 -0.14513754
  0.9495703  -0.14418117 -0.65914128 -0.1442382   0.96037217 -0.14239574
 -0.65735586 -0.143353    0.93876576 -0.14148225 -0.65194122 -0.14333975
  0.94326602 -0.14058291 -0.64834119 -0.1424404   0.92706099 -0.13968357
 -0.64474116 -0.14154106  0.9360624  -0.13878423 -0.64114113 -0.14064172
  0.91537037 -0.13787074 -0.63572649 -0.14062847  0.91987063 -0.1369714
 -0.63212646 -0.13972912  0.9036656  -0.13607206 -0.62852643 -0.13882978
  0.91086655 -0.13517272 -0.6249264  -0.13793044  0.8910606  -0.13427338
 -0.62132637 -0.1370311   0.89646109 -0.13337404 -0.61772633 -0.13613176
  0.88027021 -0.13334664 -0.61049709 -0.13610436  0.88568485 -0.1324473
 -0.60689706 -0.13520502  0.86767936 -0.13243404 -0.60148242 -0.13429153
  0.87129353 -0.1315347  -0.59788239 -0.13339219  0.85688896 -0.13063536
 -0.59428236 -0.13249285  0.85868853 -0.12973602 -0.59068233 -0.13159351
  0.84429811 -0.12882253 -0.58526769 -0.13158025  0.84699791 -0.12792319
 -0.58166766 -0.13068091  0.83260749 -0.1270097  -0.57625302 -0.13066765
  0.83530729 -0.12611036 -0.57265299 -0.12976831  0.82090272 -0.1260971
 -0.56723835 -0.12885482  0.82541713 -0.12519776 -0.56363832 -0.12795548
  0.80742578 -0.12428427 -0.55822368 -0.12794222  0.80742489 -0.12338493
 -0.55462365 -0.12704288  0.7984217  -0.12337168 -0.54920902 -0.1261294
  0.79843496 -0.12247233 -0.54560898 -0.12523006  0.78583085 -0.12157299
 -0.54200895 -0.12433071  0.7840295  -0.12067365 -0.53840892 -0.12343137
  0.77324    -0.12064625 -0.53117968 -0.12340397  0.77595394 -0.11974691
 -0.52757965 -0.12250463  0.76425006 -0.11884757 -0.52397962 -0.12160529
  0.76064825 -0.11794823 -0.52037958 -0.12070595  0.75074483 -0.11793497
 -0.51496495 -0.11979246  0.75075809 -0.11703563 -0.51136492 -0.11889312
  0.73996859 -0.11612214 -0.50595028 -0.11887986  0.73726701]",0.6053623188405797,0.22344202898550725,0.0017753623188405798,0.9822426470588236,0.9477573529411765,0.0,0.6055769230769231,0.2236923076923077,0.0018076923076923077,0.9830833333333333,0.9485416666666666,0.0,0.6050454545454546,0.22277272727272726,0.0016363636363636363,6.00740185507901e-11
3.58,0.04,5003,0.6324642857142857,0.10562145417306398,0.45378571428571435,0.03859066980396127,0.44950083297722776,2.0,0.7295135928182856,0.1306073466006544,0.0002548436469911035,4.0,0.6396267390566676,0.3833282149523312,0.008264431598204957,8,0.9574039694834338,32,0.815628397488886,0.006583416088707747,7.0,1.2849919093851132,"[ 1.         -0.00945563 -0.64258242 -0.00948312  0.51588075 -0.00914747
 -0.61607613 -0.00953812  0.77003024 -0.00920246 -0.6281219  -0.00941153
  0.49916526 -0.00925745 -0.63075662 -0.00982967  0.721594   -0.00967559
 -0.62859503 -0.00988466  0.50588659 -0.00936744 -0.63068503 -0.00975808
  0.79139368 -0.00942243 -0.62096582 -0.00944992  0.49672871 -0.00911427
 -0.60405215 -0.00968649  0.8156284  -0.00916926 -0.59451452 -0.00937833
  0.48720768 -0.00922425 -0.58276031 -0.00979647  0.73158297 -0.00927924
 -0.59923924 -0.00930674  0.48008481 -0.00897108 -0.60870528 -0.00936173
  0.74364534 -0.00920765 -0.59676949 -0.00923515  0.4801564  -0.00871792
 -0.59904106 -0.00929014  0.77027822 -0.00895448 -0.57031819 -0.00916355
  0.4634409  -0.0088279  -0.5701916  -0.00921854  0.75134614 -0.00870132
 -0.57486133 -0.00891039  0.46129591 -0.00875631 -0.57251817 -0.00914695
  0.69349886 -0.00899287 -0.58936025 -0.00902037  0.45878778 -0.00850314
 -0.56986684 -0.00889378  0.71072068 -0.00855813 -0.5555329  -0.0087672
  0.44465201 -0.00843155 -0.5603842  -0.00900377  0.73957014 -0.00848654
 -0.55288158 -0.00851403  0.44490518 -0.00835996 -0.54094579 -0.0087506
  0.70606756 -0.00841495 -0.54801368 -0.00844244  0.44018046 -0.00792521
 -0.54051105 -0.00831586  0.65116315 -0.00816178 -0.55513655 -0.00837085
  0.43305758 -0.00785362 -0.55003208 -0.00824427  0.69218496 -0.00790861
 -0.52850367 -0.00811768  0.42371813 -0.00778203 -0.52376235 -0.00835425
  0.69705286 -0.00783702 -0.51865788 -0.00786452  0.41437867 -0.00771044
 -0.51871288 -0.00828266  0.66594843 -0.00776543 -0.51636971 -0.0079745
  0.40707423 -0.00745727 -0.5136634  -0.00784791  0.63004769 -0.00769384
 -0.52331101 -0.00772133  0.40972555 -0.00738568 -0.52558258 -0.00777632
  0.6494861  -0.00744067 -0.50147444 -0.00746816  0.39558978 -0.00731409
 -0.48492392 -0.0078863   0.65675216 -0.00736908 -0.49181023 -0.00739657
  0.39566137 -0.00706092 -0.47969287 -0.00745156  0.63524036]",0.7351811594202898,0.325,0.0002898550724637681,0.9522794117647059,0.7666544117647058,0.0,0.7350384615384615,0.325,0.0005,0.9523333333333334,0.7672083333333334,0.0,0.7351818181818182,0.325,0.0004090909090909091,1.1587201629162853e-08
3.58,0.06,101,0.6065357142857142,0.15077525425585717,0.4190714285714286,0.07543110791189753,0.6990096396212276,2.0,0.8127568540487466,0.11071926643276134,0.00017995524663043256,2.0,0.721132300494249,0.150651765674444,0.00028362582683229693,8,0.9822072549931337,8,0.9812477356943471,0.006972002461482191,3.0,1.0561656165616562,"[ 1.         -0.5620083   0.21380825 -0.56075444  0.82546857 -0.56016055
  0.21227817 -0.55561942  0.98124774 -0.55565321  0.21137577 -0.55439935
  0.81613157 -0.55380546  0.20984569 -0.54926433  0.97191073 -0.54929812
  0.20894329 -0.54804426  0.80679456 -0.54745037  0.20741321 -0.54290924
  0.95880762 -0.54294303  0.20651081 -0.54168917  0.79745756 -0.54109527
  0.20522014 -0.53631473  0.94782698 -0.53572083  0.20369006 -0.53509466
  0.78647692 -0.5332454   0.20278766 -0.53082674  0.93699519 -0.52960516
  0.20101816 -0.53023435  0.77878355 -0.52712972  0.20098286 -0.52423223
  0.92538687 -0.52238297  0.19819741 -0.52363984  0.76780291 -0.51927985
  0.19855038 -0.51787714  0.91353912 -0.51602787  0.19576492 -0.51728475
  0.7584659  -0.51292475  0.19635731 -0.51128263  0.89942006 -0.50880568
  0.19294417 -0.51069024  0.74748526 -0.50507488  0.19392483 -0.50492754
  0.88945537 -0.50245059  0.19051169 -0.50433515  0.73814825 -0.49871978
  0.19173176 -0.49833303  0.87721937 -0.4952284   0.18769094 -0.49774064
  0.72716761 -0.49086991  0.18929928 -0.49284503  0.86638758 -0.48911272
  0.18501904 -0.49288033  0.71947424 -0.48475423  0.18725506 -0.48648994
  0.85516752 -0.48275763  0.18258656 -0.48652524  0.71013724 -0.47839914
  0.18482258 -0.48013485  0.84269209 -0.47640254  0.18015408 -0.48017015
  0.70080023 -0.47204405  0.1823901  -0.47377976  0.8327274  -0.47004745
  0.17772159 -0.47381506  0.69146322 -0.46568896  0.17995761 -0.46742467
  0.82150735 -0.46369235  0.17528911 -0.46745997  0.68212622 -0.45933386
  0.17752513 -0.46106957  0.81028729 -0.45733726  0.17285663 -0.46110487
  0.67278921 -0.45297877  0.17509265 -0.45471448  0.79906723 -0.45098217
  0.17042415 -0.45474978  0.66345221 -0.44662368  0.17266017 -0.44835939
  0.78847486 -0.44462708  0.16799166 -0.44839469  0.6541152  -0.44026859
  0.17022768 -0.4411372   0.77498348 -0.43803257  0.1657986  -0.44054481
  0.64313456 -0.43367408  0.16740693 -0.43478211  0.76501879]",0.7868840579710145,0.4257608695652174,0.0002898550724637681,0.9506617647058824,0.8102205882352941,0.0,0.7867692307692308,0.4256923076923077,0.0002692307692307692,0.9507916666666667,0.8107083333333334,0.0,0.7867727272727273,0.42563636363636365,0.00027272727272727274,1.0497072690260438e-09
3.58,0.06,707,0.5875357142857143,0.12991411507576217,0.5239285714285713,0.07077828993788003,0.45050333548187627,2.0,0.8561319152195386,0.10548000918008871,0.0001522839351540528,2.0,0.8581228965039226,0.11956714057643916,0.0003301659761455831,16,0.9675709785078587,16,0.9601017004637628,0.00658670396208726,3.0,1.0739385065885798,"[ 1.         -0.7497037   0.63177528 -0.750402    0.86559767 -0.74793798
  0.5643876  -0.74113533  0.86916097 -0.73938423  0.55973702 -0.74008253
  0.85452949 -0.73938554  0.62036461 -0.7346911   0.9601017  -0.73399411
  0.61825509 -0.73397949  0.84566118 -0.73151547  0.55229324 -0.72542573
  0.85669488 -0.72190761  0.54727093 -0.72331883  0.83849879 -0.72190892
  0.60575975 -0.71864032  0.93266425 -0.71651749  0.60365023 -0.71721579
  0.82891756 -0.71403885  0.53982715 -0.70937496  0.83818423 -0.70619802
  0.53517658 -0.70689632  0.81571061 -0.70514522  0.59186782 -0.7011637
  0.91378187 -0.70046671  0.5897583  -0.69973917  0.81074809 -0.69727515
  0.52664814 -0.69189834  0.81359847 -0.69014724  0.52199756 -0.6894197
  0.7961153  -0.68872271  0.57834762 -0.68545411  0.89812291 -0.68475712
  0.5762381  -0.68331665  0.79152452 -0.68085263  0.51455379 -0.67618874
  0.7918644  -0.67267062  0.50953147 -0.672656    0.77974342 -0.67267193
  0.56374277 -0.66797748  0.87068546 -0.66799342  0.56234617 -0.66584003
  0.7712163  -0.66480186  0.5020877  -0.65871212  0.77725954 -0.6562481
  0.4967242  -0.6569464   0.76014811 -0.65519531  0.54913791 -0.65121379
  0.84467386 -0.6505168   0.54845423 -0.64978925  0.75019514 -0.64732523
  0.48962161 -0.64194842  0.76017474 -0.64019733  0.48354519 -0.63946978
  0.73841404 -0.63843161  0.53524598 -0.63373716  0.82541973 -0.63269899
  0.53419056 -0.63197145  0.73165394 -0.62950743  0.47535793 -0.62413062
  0.73664308 -0.62237952  0.46928151 -0.62165198  0.71702115 -0.62095499
  0.52135404 -0.61768639  0.80477032 -0.6169894   0.52067036 -0.61554893
  0.71243037 -0.61308491  0.46326358 -0.60842102  0.71490901 -0.6049029
  0.45681542 -0.60488828  0.69885169 -0.60347837  0.50674919 -0.60163561
  0.78303625 -0.59951278  0.50606551 -0.59878523  0.69283506 -0.59526711
  0.45042575 -0.59060322  0.6953137  -0.58885212  0.44434933 -0.58741166
  0.6799693  -0.58671467  0.49214433 -0.58415899  0.75950459]",0.8249275362318841,0.5068840579710145,0.0,0.943125,0.7929779411764706,0.0,0.8246923076923077,0.5060769230769231,0.0,0.9432083333333333,0.7924166666666667,0.0,0.8246818181818182,0.5057727272727273,0.0,0.0
3.58,0.06,1313,0.5763571428571428,0.02806143042596045,0.5218571428571429,0.04599046041278117,0.20532362249100447,4.0,0.25873829854139946,0.5714420920602372,0.005147133602658612,4.0,0.3931563858318692,0.4050086263708527,0.0018776455645186214,16,0.7938288350412307,16,0.9224335653154363,0.006223542494288355,697.0,1.2289318755256518,"[ 1.          0.23646586 -0.36370628 -0.31284747  0.00764885 -0.32024688
 -0.36204445  0.22428778  0.80988189  0.22701949 -0.36038261 -0.31722828
  0.01677621 -0.31185765 -0.3594589   0.23120077  0.92243357  0.22981731
 -0.35515815 -0.30598785  0.00775438 -0.31169875 -0.35349631  0.21932775
  0.8251841   0.22205946 -0.35183448 -0.30941827  0.01445509 -0.30573616
 -0.35333741  0.22455221  0.87863755  0.2265458  -0.34492149 -0.29670159
  0.01366359 -0.30578953 -0.34421005  0.21267919  0.8067159   0.21709942
 -0.3408597  -0.30182053  0.0119217  -0.29813842 -0.34162451  0.21769139
  0.8616456   0.22137349 -0.33563524 -0.2915305   0.01714617 -0.29892992
 -0.33808857  0.20603064  0.7798051   0.21382791 -0.33062304 -0.29253427
  0.00938831 -0.29222921 -0.33233825  0.21104283  0.84486592  0.21641346
 -0.3270871  -0.28467089  0.00880909 -0.29207031 -0.32954043  0.2010706
  0.77146802  0.20717936 -0.32450156 -0.28472426  0.01044424 -0.2844192
 -0.32452824  0.20703319  0.82228255  0.2107153  -0.32096561 -0.2785494
  0.00986501 -0.2842603  -0.32173042  0.19874949  0.74719613  0.19979268
 -0.31595342 -0.27691425  0.01150016 -0.27660919 -0.31840675  0.19964651
  0.80307622  0.20839418 -0.3131556  -0.27073939  0.00923242 -0.27813881
 -0.31560894  0.19305133  0.72630128  0.19578304 -0.30814341 -0.26836612
  0.01160569 -0.26806105 -0.30985862  0.19299796  0.7829195   0.20343415
 -0.30460747 -0.26387978  0.01440351 -0.2712792  -0.3070608   0.1880913
  0.69770196  0.18913448 -0.29959528 -0.25981798  0.01171122 -0.25951292
 -0.30373713  0.18561128  0.76371317  0.19773599 -0.29437082 -0.25364313
  0.01450904 -0.26441958 -0.29777454  0.18049235  0.67828336  0.18491258
 -0.29104714 -0.25126985  0.01181675 -0.25265331 -0.295189    0.17896272
  0.73849089  0.19108744 -0.28824933 -0.24752164  0.01218792 -0.25660957
 -0.28996453  0.17817123  0.66920816  0.17921442 -0.28492566 -0.24345984
  0.01793824 -0.2448433  -0.28495234  0.17569121  0.70820304]",0.8472826086956522,0.5362318840579711,0.0,0.9223897058823529,0.7094117647058824,0.0,0.8473076923076923,0.5363461538461538,0.0,0.9225,0.7080833333333333,0.0,0.8475,0.5365909090909091,0.0,0.0
3.58,0.06,2029,0.5796428571428571,0.11070334047280025,0.4875,0.04145780987944251,0.41980245950203027,2.0,0.9739594735296473,0.03062525744457884,9.771047454611196e-05,2.0,0.8999999999999999,0.05549448326200876,1.8081288086445124e-35,8,0.982475916897499,4,0.9942857142857141,0.007083825265643402,3.0,1.0537285780453913,"[ 1.         -0.81779221  0.63454545 -0.8138961   0.99428571 -0.81311688
  0.63090909 -0.80922078  0.98857143 -0.80844156  0.62727273 -0.80454545
  0.98285714 -0.80376623  0.62363636 -0.79987013  0.97714286 -0.79909091
  0.62       -0.79519481  0.97142857 -0.79441558  0.61636364 -0.79051948
  0.96571429 -0.78974026  0.61272727 -0.78584416  0.96       -0.78506494
  0.60909091 -0.78116883  0.95428571 -0.78038961  0.60545455 -0.77649351
  0.94857143 -0.77571429  0.60181818 -0.77181818  0.94285714 -0.77103896
  0.59818182 -0.76714286  0.93714286 -0.76636364  0.59454545 -0.76246753
  0.93142857 -0.76168831  0.59090909 -0.75779221  0.92571429 -0.75701299
  0.58727273 -0.75311688  0.92       -0.75233766  0.58363636 -0.74844156
  0.91428571 -0.74766234  0.58       -0.74376623  0.90857143 -0.74298701
  0.57636364 -0.73909091  0.90285714 -0.73831169  0.57272727 -0.73441558
  0.89714286 -0.73363636  0.56909091 -0.72974026  0.89142857 -0.72896104
  0.56545455 -0.72506494  0.88571429 -0.72428571  0.56181818 -0.72038961
  0.88       -0.71961039  0.55818182 -0.71571429  0.87428571 -0.71493506
  0.55454545 -0.71103896  0.86857143 -0.71025974  0.55090909 -0.70636364
  0.86285714 -0.70558442  0.54727273 -0.70168831  0.85714286 -0.70090909
  0.54363636 -0.69701299  0.85142857 -0.69623377  0.54       -0.69233766
  0.84571429 -0.69155844  0.53636364 -0.68766234  0.84       -0.68688312
  0.53272727 -0.68298701  0.83428571 -0.68220779  0.52909091 -0.67831169
  0.82857143 -0.67753247  0.52545455 -0.67363636  0.82285714 -0.67285714
  0.52181818 -0.66896104  0.81714286 -0.66818182  0.51818182 -0.66428571
  0.81142857 -0.66350649  0.51454545 -0.65961039  0.80571429 -0.65883117
  0.51090909 -0.65493506  0.8        -0.65415584  0.50727273 -0.65025974
  0.79428571 -0.64948052  0.50363636 -0.64558442  0.78857143 -0.64480519
  0.5        -0.64090909  0.78285714 -0.64012987  0.49636364 -0.63623377
  0.77714286 -0.63545455  0.49272727 -0.63155844  0.77142857]",0.8406884057971015,0.5908333333333333,0.0,0.9468382352941176,0.8218382352941176,0.0,0.8406538461538462,0.5908076923076923,0.0,0.947,0.822,0.0,0.8404545454545455,0.5905454545454546,0.0,0.0
3.58,0.06,3001,0.62025,0.07572111660560744,0.37300000000000005,0.06233206008376199,0.7450541590026569,2.0,0.6006105970053538,0.2548347063368847,0.0007540275593363743,2.0,0.708016070144007,0.16636619728762023,0.0010259894566238931,16,0.9282408945875954,16,0.9476545207191968,0.006687964186618709,10.0,1.2827315155981331,"[ 1.         -0.53847079  0.17917123 -0.5546336   0.8607692  -0.55544545
  0.18241938 -0.53257823  0.94031253 -0.53247086  0.18792882 -0.54771445
  0.85114241 -0.54944553  0.17413465 -0.52431702  0.94765452 -0.52696731
  0.17412876 -0.54037247  0.84010001 -0.54210354  0.17553848 -0.51464022
  0.91964334 -0.52096739  0.18012869 -0.53345332  0.83047321 -0.53568077
  0.16951502 -0.5123907   0.92281207 -0.51136412  0.16950914 -0.52752693
  0.82077288 -0.52833879  0.17091885 -0.50681362  0.89989337 -0.50670625
  0.174167   -0.52194985  0.81256168 -0.5227617   0.16772659 -0.49855241
  0.90172004 -0.50162555  0.16637864 -0.5150307   0.80109644 -0.51676178
  0.1650307  -0.49573299  0.87880134 -0.4947064   0.17054013 -0.50811156
  0.79146965 -0.51076185  0.1631805  -0.48471412  0.87921241 -0.49153767
  0.16175902 -0.50034673  0.78176931 -0.50483546  0.15807626 -0.47878773
  0.85622017 -0.48235725  0.16634335 -0.49300474  0.77072692 -0.49749347
  0.15898371 -0.47144575  0.84793543 -0.4768537   0.15805861 -0.48566276
  0.75926168 -0.49057433  0.15671067 -0.46636504  0.83279332 -0.46993455
  0.16130088 -0.47966283  0.74821929 -0.4828095   0.15712174 -0.46086149
  0.82358937 -0.46075413  0.15393536 -0.4750785   0.73951171 -0.4763132
  0.1516682  -0.45578078  0.81438541 -0.45708902  0.15668125 -0.46865573
  0.72981138 -0.47038681  0.15533331 -0.4516193   0.80249733 -0.45059271
  0.14847005 -0.46307865  0.72160018 -0.46480972  0.14570651 -0.44335809
  0.79513182 -0.44551201  0.15171232 -0.4561595   0.71013494 -0.4588098
  0.15078722 -0.43686179  0.77772843 -0.4404313   0.14668162 -0.45015958
  0.7000853  -0.45231349  0.14441446 -0.43086186  0.7763746  -0.43209655
  0.14950105 -0.44458249  0.68862007 -0.44631356  0.14999154 -0.4247884
  0.75670993 -0.42743869  0.14588594 -0.43900541  0.67998603 -0.44073648
  0.14404162 -0.42296172  0.75577895 -0.42101592  0.14403574 -0.43442108
  0.67028569 -0.43339449  0.14452623 -0.4155462   0.73745634]",0.7596739130434783,0.2886231884057971,0.0,0.9367279411764706,0.7467279411764706,0.0,0.7596153846153846,0.2886153846153846,0.0,0.9365416666666667,0.7466666666666667,0.0,0.7594545454545455,0.28804545454545455,0.0,0.0
3.58,0.06,4099,0.6199642857142857,0.11651409545104624,0.35507142857142854,0.08293281642881982,0.8433930558394077,2.0,0.5720933783148875,0.15872650294279153,9.657305845697792e-05,4.0,0.5578573490379403,0.1469411412194212,0.0002387521365171739,16,0.9732818217066523,16,0.9709410175243495,0.006864125066194254,3.0,1.1071269487750557,"[ 1.         -0.26223348 -0.43993282 -0.2645319   0.96316348 -0.25965852
 -0.43787713 -0.26455327  0.93759278 -0.26123769 -0.43582144 -0.26093978
  0.95424057 -0.26068712 -0.43319381 -0.25831215  0.97094102 -0.2565017
 -0.43056619 -0.25931938  0.942932   -0.25387407 -0.42793856 -0.25876882
  0.91487032 -0.2548813  -0.42531094 -0.2545834   0.93099884 -0.25433074
 -0.42268331 -0.25195577  0.95029561 -0.25014532 -0.42005569 -0.252963
  0.91969027 -0.24751769 -0.41742806 -0.25241244  0.89469151 -0.24909686
 -0.41537237 -0.24827968  0.90926223 -0.24854629 -0.41274474 -0.24565206
  0.92544342 -0.24436087 -0.41011712 -0.24717855  0.89795367 -0.24173324
 -0.40748949 -0.24662799  0.87300758 -0.24274047 -0.40486187 -0.2419233
  0.8860205  -0.24224258 -0.40280617 -0.23986761  0.90474535 -0.23857642
 -0.40017855 -0.2413941   0.87621707 -0.2359488  -0.39755092 -0.24084354
  0.85173757 -0.23700869 -0.39549523 -0.23619152  0.86578903 -0.23645813
 -0.39286761 -0.2335639   0.88093168 -0.23279197 -0.39023998 -0.23560966
  0.85448046 -0.23016435 -0.38761235 -0.23505909  0.8305729  -0.23065231
 -0.38498473 -0.22983514  0.8425473  -0.23015442 -0.38292904 -0.22777945
  0.85867582 -0.22700753 -0.38030141 -0.22982521  0.83274386 -0.2243799
 -0.37767379 -0.22927464  0.80831703 -0.2243486  -0.37504616 -0.22405069
  0.8208107  -0.22379804 -0.37241853 -0.22142307  0.83595335 -0.22065114
 -0.36979091 -0.22346883  0.80950213 -0.21802352 -0.36716328 -0.22291826
  0.78559457 -0.21799222 -0.36453566 -0.21769431  0.79756897 -0.21749432
 -0.36247997 -0.21563862  0.81468335 -0.21543863 -0.36042427 -0.21773705
  0.78927066 -0.212811   -0.35779665 -0.21718648  0.76536309 -0.21226044
 -0.35516902 -0.2124818   0.77733749 -0.21170987 -0.3525414  -0.20985417
  0.79196088 -0.20908225 -0.34991377 -0.21138067  0.76602893 -0.20645462
 -0.34728615 -0.2108301   0.74315989 -0.20590406 -0.34465852 -0.20612542
  0.75409576 -0.20540616 -0.34260283 -0.20406972  0.76814722]",0.7598550724637682,0.34210144927536235,0.0,0.9585294117647059,0.836875,0.0,0.7600769230769231,0.3427307692307692,0.0,0.9585833333333333,0.8369583333333334,0.0,0.7599545454545454,0.3424090909090909,0.0,0.0
3.58,0.06,5003,0.6188214285714285,0.1378477559720528,0.44371428571428567,0.05473759294701087,0.45254042571639136,2.0,0.9504502879687198,0.046451445290297516,4.611376477278345e-05,2.0,0.7788396756082345,0.16319800331134293,0.00025180071805512897,8,0.9822152184598226,16,0.9488928070308588,0.006206079224257894,3.0,1.1454914254102895,"[ 1.         -0.63765558  0.40277813 -0.63530928  0.8428824  -0.63504726
  0.40061851 -0.6306167   0.80943149 -0.63035468  0.39830904 -0.62696625
  0.8238098  -0.62670423  0.39584971 -0.62227366  0.94889281 -0.62201164
  0.39339039 -0.61966535  0.81799887 -0.61940333  0.39123077 -0.61497276
  0.78931589 -0.61471074  0.38907115 -0.61236445  0.81457191 -0.61210243
  0.38661183 -0.608714    0.93980477 -0.60845198  0.38430235 -0.60610568
  0.80652686 -0.60584366  0.38214273 -0.6014131   0.77188396 -0.60115108
  0.37983326 -0.59776265  0.78745425 -0.59750063  0.37737394 -0.59307007
  0.90300139 -0.59280804  0.37491461 -0.59046175  0.77925935 -0.59019973
  0.37290484 -0.5868113   0.75430218 -0.58654928  0.37074522 -0.58420299
  0.77479026 -0.58394096  0.3682859  -0.5795104   0.89510533 -0.57924838
  0.36582658 -0.57690209  0.76778735 -0.57664006  0.36366695 -0.5722095
  0.73433643 -0.57194748  0.36150733 -0.56960119  0.75124856 -0.56933916
  0.35904801 -0.5649086   0.85964379 -0.56464658  0.35658869 -0.56230029
  0.74305366 -0.56203826  0.35442906 -0.5576077   0.71794663 -0.55734568
  0.35226944 -0.55499939  0.73605075 -0.55473736  0.34981012 -0.55134894
  0.85055575 -0.55108691  0.34750065 -0.54769849  0.72785585 -0.54743646
  0.34519117 -0.5430059   0.6967889  -0.54274388  0.34303155 -0.54039759
  0.71012508 -0.54013557  0.34057223 -0.535705    0.81494435 -0.53544298
  0.33811291 -0.53309669  0.70908208 -0.53283467  0.33595329 -0.5284041
  0.68159109 -0.52814208  0.33379366 -0.52579579  0.69492726 -0.52553377
  0.33133434 -0.5211032   0.79736257 -0.52084118  0.32887502 -0.51745275
  0.68896649 -0.51719073  0.32656555 -0.51276017  0.65670755 -0.51249815
  0.32440592 -0.51015185  0.67361968 -0.50988983  0.32209645 -0.5065014
  0.77024492 -0.50623938  0.31963713 -0.50389309  0.66915059 -0.50363107
  0.31747751 -0.50024264  0.6453854  -0.49998062  0.31546773 -0.49763432
  0.65991355 -0.4973723   0.31300841 -0.49294174  0.75519695]",0.7623913043478261,0.4391304347826087,0.0,0.9204044117647059,0.7253308823529412,0.0,0.7624615384615384,0.4393846153846154,0.0,0.9204583333333334,0.7257916666666666,0.0,0.7625454545454545,0.4395909090909091,0.0,0.0
3.58,0.08,101,0.5616428571428571,0.1341912851880038,0.4878571428571429,0.07461123732182623,0.20320696232713403,2.0,0.9359689180481078,0.050897513140073805,0.00019272511991453995,2.0,0.8302331814526935,0.08119096077740742,8.712256651195909e-05,4,0.9808111214365313,4,0.9911784961441271,0.007064315692805695,3.0,1.0421116875190723,"[ 1.         -0.70962449  0.42139806 -0.70585085  0.9911785  -0.70561491
  0.4189921  -0.70184126  0.98556476 -0.70160533  0.41658615 -0.69783168
  0.97995103 -0.69759574  0.41418019 -0.69382209  0.9743373  -0.69358616
  0.41177423 -0.68981251  0.96872357 -0.68957657  0.40936827 -0.68580292
  0.96310984 -0.68556699  0.40696231 -0.68179334  0.9574961  -0.68155741
  0.40455635 -0.67778376  0.95188237 -0.67754782  0.40215039 -0.67377417
  0.94626864 -0.67353824  0.39974443 -0.66976459  0.94065491 -0.66952865
  0.39733847 -0.665755    0.93504118 -0.66551907  0.39493251 -0.66174542
  0.92942745 -0.66150949  0.39252655 -0.65773584  0.92381371 -0.6574999
  0.39012059 -0.65372625  0.91884154 -0.65349032  0.38771463 -0.64971667
  0.91258625 -0.64948073  0.38530867 -0.64570708  0.90697252 -0.64547115
  0.38290271 -0.6416975   0.90135879 -0.64146157  0.38049675 -0.63768792
  0.89574505 -0.63745198  0.37809079 -0.63367833  0.89013132 -0.6334424
  0.37568483 -0.62966875  0.88515914 -0.62943281  0.37327887 -0.62565916
  0.87890386 -0.62542323  0.37087291 -0.62164958  0.87329013 -0.62141365
  0.36846695 -0.61764     0.86767639 -0.61740406  0.36606099 -0.61363041
  0.86270422 -0.61339448  0.36365503 -0.60962083  0.85644893 -0.60938489
  0.36124907 -0.6051255   0.84939628 -0.60424801  0.3586873  -0.60111591
  0.84378255 -0.60023842  0.35628134 -0.59710633  0.83816882 -0.59622884
  0.35387538 -0.59309674  0.83255509 -0.59221925  0.35146942 -0.58908716
  0.82694136 -0.58820967  0.34906346 -0.58507758  0.82132762 -0.58420009
  0.3466575  -0.58106799  0.81571389 -0.5801905   0.34425154 -0.57705841
  0.81010016 -0.57618092  0.34184558 -0.57304882  0.80512798 -0.57217133
  0.33943962 -0.56903924  0.7988727  -0.56816175  0.33687786 -0.56390235
  0.79182005 -0.56366642  0.3344719  -0.55989277  0.78620632 -0.55965683
  0.33206594 -0.55588318  0.78059259 -0.55564725  0.32965998 -0.5518736
  0.77497885 -0.55163767  0.32725402 -0.54786402  0.76936512]",0.8768840579710145,0.5435507246376812,0.002536231884057971,0.9729411764705882,0.939485294117647,0.0,0.8769230769230769,0.5435769230769231,0.0025384615384615385,0.973125,0.93975,0.0,0.8767727272727273,0.5435,0.0025,8.31801312908237e-08
3.58,0.08,707,0.5723928571428571,0.10492934333081827,0.47835714285714287,0.026447001296007456,0.196969696969697,2.0,0.8488786797799635,0.12827390305286462,0.0007559863648755843,4.0,0.4727781765972721,0.49067994742817495,0.011535533893314883,24,0.9362897872836425,24,0.7477242332256884,0.005254026968203653,3.0,1.1093258240848103,"[ 1.         -0.01485988 -0.46294295 -0.01524876  0.24130962 -0.02005805
 -0.45571871 -0.01534083  0.70876829 -0.01504403 -0.4631271  -0.01543291
  0.23601937 -0.02024221 -0.44790088 -0.0126291   0.71658613 -0.0174384
 -0.46041537 -0.01493139  0.2263087  -0.01974068 -0.44229326 -0.01212758
  0.74772423 -0.01693687 -0.45480775 -0.01221965  0.22902043 -0.02213505
 -0.43447543 -0.00941584  0.71979938 -0.01933124 -0.45209601 -0.00950792
  0.23683826 -0.02452941 -0.4266576  -0.00670411  0.70208673 -0.0217256
 -0.44717407 -0.01190228  0.20891341 -0.02181768 -0.42394587 -0.00909847
  0.73543504 -0.01901387 -0.44156645 -0.01140076  0.22473323 -0.02131615
 -0.41612804 -0.01149284  0.6921919  -0.01630213 -0.44106492 -0.00868903
  0.22233886 -0.02371052 -0.40541432 -0.00588521  0.64163245 -0.02090671
 -0.43614298 -0.01108339  0.2148384  -0.02099878 -0.40270258 -0.00827958
  0.73625394 -0.01819497 -0.43053536 -0.00837166  0.21244404 -0.02339315
 -0.39267454 -0.00846373  0.68500881 -0.01837913 -0.43071951 -0.00855581
  0.19694159 -0.0235773  -0.3826465  -0.00864788  0.62355149 -0.01856328
 -0.43090366 -0.01095017  0.20475942 -0.02086557 -0.37703888 -0.00814636
  0.69043228 -0.01806176 -0.42529604 -0.00823844  0.19725896 -0.02325993
 -0.36701084 -0.00833051  0.60344447 -0.01824591 -0.4254802  -0.00842259
  0.2123931  -0.02344408 -0.35919301 -0.00561878  0.6112623  -0.02064027
 -0.42055825 -0.00860674  0.20199676 -0.02362824 -0.35427106 -0.00580293
  0.65703302 -0.02082443 -0.41784652 -0.00810522  0.21271047 -0.02312671
 -0.34866344 -0.00530141  0.61157967 -0.0203229  -0.41444911 -0.00470781
  0.20078959 -0.0248354  -0.34015994 -0.001904    0.5843405  -0.02203159
 -0.40663128 -0.00489196  0.19549934 -0.02501955 -0.33302778 -0.00498404
  0.57104826 -0.02000553 -0.40681543 -0.00728633  0.20842327 -0.02230782
 -0.32520995 -0.0073784   0.60439658 -0.0172938  -0.4041037  -0.00526027
  0.19513103 -0.02538786 -0.3129717  -0.00535235  0.56557386]",0.8552536231884058,0.5220289855072464,0.0014492753623188406,0.9575,0.8829779411764705,0.0,0.8550769230769231,0.5223076923076924,0.0013846153846153845,0.9589166666666666,0.8854583333333333,0.0,0.8550909090909091,0.5219090909090909,0.0013636363636363637,1.0243465688009025e-07
3.58,0.08,1313,0.5518214285714286,0.03597226468448451,0.5762142857142856,0.024970492790573437,0.1565656565656566,2.0,0.8030385977662986,0.16652061344165525,0.0021543159598036822,2.0,0.9514285714285714,0.07536413584626998,0.0017479542672662266,16,0.9033419930147083,16,0.9083011699905433,0.006503210615175256,3.0,1.074310827007591,"[ 1.         -0.90592838  0.89975677 -0.90307123  0.89688611 -0.90021409
  0.89401546 -0.89735695  0.8911448  -0.89449981  0.88827414 -0.89164266
  0.88540349 -0.88878552  0.88253283 -0.88592838  0.90830117 -0.88307123
  0.87679152 -0.88021409  0.87692387 -0.88008174  0.87405321 -0.8772246
  0.87118256 -0.87436746  0.8683119  -0.87151032  0.86544125 -0.86865317
  0.86257059 -0.86579603  0.88833893 -0.86293889  0.85682928 -0.86008174
  0.85395862 -0.8572246   0.85108797 -0.85436746  0.84821731 -0.85151032
  0.84534665 -0.84865317  0.842476   -0.84579603  0.83960534 -0.84293889
  0.87110148 -0.84008174  0.83386403 -0.8372246   0.83099338 -0.83436746
  0.82812272 -0.83151032  0.82525206 -0.82865317  0.82238141 -0.82579603
  0.81951075 -0.82293889  0.8166401  -0.82008174  0.84813623 -0.8172246
  0.81089879 -0.81436746  0.81103113 -0.81423511  0.80816048 -0.81137797
  0.81101762 -0.80852083  0.80241916 -0.80566368  0.79954851 -0.80280654
  0.79667785 -0.7999494   0.83962959 -0.79981705  0.79393954 -0.79695991
  0.79407189 -0.79682756  0.79120124 -0.79397042  0.78833058 -0.79111327
  0.78545992 -0.78825613  0.78258927 -0.78539899  0.77971861 -0.78254185
  0.79975915 -0.7796847   0.7739773  -0.77682756  0.77410965 -0.77669521
  0.77123899 -0.77383807  0.77982393 -0.77098093  0.76549768 -0.76812378
  0.76262703 -0.76526664  0.75975637 -0.7624095   0.77979691 -0.75955236
  0.75401506 -0.75669521  0.7511444  -0.75383807  0.74827375 -0.75098093
  0.74540309 -0.74812378  0.74253244 -0.74526664  0.73966178 -0.7424095
  0.73679112 -0.73955236  0.76828726 -0.73942001  0.73405281 -0.73656286
  0.73118216 -0.73370572  0.7283115  -0.73084858  0.73116865 -0.72799144
  0.72257019 -0.72513429  0.71969954 -0.72227715  0.71682888 -0.71942001
  0.73114162 -0.71928766  0.71409057 -0.71643052  0.71422292 -0.71629817
  0.71135226 -0.71344103  0.71420941 -0.71058388  0.70561095 -0.70772674
  0.7027403  -0.7048696   0.69986964 -0.70201246  0.72563798]",0.8963043478260869,0.5801086956521739,0.0,0.966139705882353,0.8885294117647059,0.0,0.8961923076923077,0.5798846153846153,0.0,0.966125,0.8885,0.0,0.8964545454545455,0.5804090909090909,0.0,0.0
3.58,0.08,2029,0.5850714285714285,0.15590861072422904,0.44200000000000006,0.11100321745658674,0.3922332436280934,2.0,0.8922816338155882,0.06553636446915814,0.00025648086396550586,2.0,0.8144054982817869,0.10110818326088299,0.0003012745860260653,4,0.9849089953329074,8,0.978920836618281,0.007035026712041119,3.0,1.0147589373565102,"[ 1.         -0.68469879  0.39941938 -0.68452813  0.95040625 -0.68062422
  0.39711728 -0.68045355  0.97892084 -0.67708297  0.39486157 -0.6769123
  0.94067755 -0.67407504  0.39265223 -0.67390437  0.97184715 -0.67053378
  0.39039651 -0.67036312  0.9312387  -0.66592589  0.38804805 -0.66575523
  0.95738812 -0.66238464  0.38579233 -0.66221398  0.91967815 -0.65831007
  0.38349024 -0.65813941  0.95283031 -0.65476882  0.38123452 -0.65459815
  0.90994945 -0.65122757  0.37897881 -0.6510569   0.9358554  -0.64768631
  0.37672309 -0.64751565  0.8999309  -0.64467838  0.37451375 -0.64450772
  0.92907156 -0.64113713  0.37225803 -0.64096647  0.89169782 -0.63759588
  0.37000232 -0.63742522  0.91552845 -0.63352131  0.36770023 -0.63335065
  0.88076334 -0.62998006  0.36544451 -0.6298094   0.91213004 -0.62590549
  0.36314242 -0.62573482  0.8692028  -0.62183091  0.36084033 -0.62166025
  0.89419283 -0.61775634  0.35853824 -0.61758568  0.85764226 -0.61421509
  0.35628252 -0.61404443  0.88499745 -0.61014052  0.35398043 -0.60996986
  0.84728748 -0.60606595  0.35167834 -0.60589528  0.87082827 -0.60199137
  0.34937625 -0.60182071  0.83543709 -0.5979168   0.34707415 -0.59774614
  0.86680378 -0.59384223  0.34477206 -0.59367157  0.8241664  -0.58976766
  0.34246997 -0.58959699  0.84770718 -0.58569309  0.34016788 -0.58552242
  0.812316   -0.58215183  0.33791216 -0.58198117  0.83913788 -0.57861058
  0.33565645 -0.57843992  0.803167   -0.57400269  0.33330798 -0.57383203
  0.82405278 -0.56992812  0.33100589 -0.56975745  0.79069053 -0.56585355
  0.3287038  -0.56568288  0.81857905 -0.56177897  0.32640171 -0.56160831
  0.77941984 -0.5577044   0.32409962 -0.55753374  0.80122154 -0.55362983
  0.32179752 -0.55345917  0.7672796  -0.55008858  0.31954181 -0.54991791
  0.79294208 -0.54654733  0.31728609 -0.54637666  0.75842044 -0.54247275
  0.314984   -0.54230209  0.77756713 -0.53786486  0.31263553 -0.5376942
  0.74565413 -0.53379029  0.31033344 -0.53361963  0.7720934 ]",0.8299275362318841,0.6418115942028986,0.00014492753623188405,0.9451838235294118,0.873639705882353,0.0,0.8303461538461538,0.6416538461538461,7.692307692307693e-05,0.94525,0.8730416666666667,0.0,0.8303636363636364,0.6416818181818181,9.09090909090909e-05,1.9561881869136163e-09
3.58,0.08,3001,0.5745357142857143,0.04410578366905212,0.4517857142857143,0.053455827654279954,0.3010848831664283,2.0,0.47265434880576823,0.3633559884824197,0.001657147743668562,2.0,0.8971645170818155,0.10740709143949466,0.000369229361825455,32,0.9215269208256303,16,0.9600244865164741,0.006898374052935399,3.0,1.116504854368932,"[ 1.         -0.81346408  0.81006689 -0.8109676   0.6513796  -0.80847112
  0.80506118 -0.80597465  0.95749294 -0.80347817  0.80005548 -0.80098169
  0.64386785 -0.79969041  0.79634424 -0.79719393  0.96002449 -0.79469746
  0.79133853 -0.79220098  0.63640074 -0.7897045   0.78633283 -0.78720803
  0.93501508 -0.78471155  0.78132712 -0.78221507  0.62888899 -0.7797186
  0.77632141 -0.77722212  0.94379579 -0.77593084  0.77261017 -0.77343436
  0.62142188 -0.77093788  0.76760447 -0.76844141  0.91253722 -0.76594493
  0.76259876 -0.76344845  0.61391013 -0.76095198  0.75759305 -0.7584555
  0.9175238  -0.75595902  0.75258734 -0.75346255  0.60639838 -0.75096607
  0.74758164 -0.74846959  0.88751506 -0.74597312  0.74257593 -0.74347664
  0.59888663 -0.74218536  0.73886469 -0.73968888  0.89634041 -0.7383976
  0.73515346 -0.73590112  0.59146415 -0.73340465  0.73014775 -0.73090817
  0.86758151 -0.72841169  0.72514204 -0.72591522  0.5839524  -0.72341874
  0.72013633 -0.72092226  0.87136289 -0.71963098  0.7164251  -0.7171345
  0.57648529 -0.71463803  0.71141939 -0.71214155  0.84510365 -0.70964507
  0.70641368 -0.7071486   0.56897354 -0.70465212  0.70140797 -0.70215564
  0.84888503 -0.70086436  0.69769674 -0.69836788  0.56150643 -0.69587141
  0.69269103 -0.69337493  0.8226258  -0.69087845  0.68768532 -0.68838198
  0.55399468 -0.6870907   0.68397409 -0.68459422  0.82645181 -0.68330294
  0.68026285 -0.68080646  0.54657221 -0.67830998  0.67525714 -0.67581351
  0.80269224 -0.67331703  0.67025143 -0.67082055  0.53906046 -0.66832408
  0.66524573 -0.6658276   0.80772346 -0.66453632  0.66153449 -0.66203984
  0.53159335 -0.65954336  0.65652878 -0.65704689  0.78021438 -0.65455041
  0.65152307 -0.65205393  0.5240816  -0.65076265  0.64781184 -0.64826618
  0.78279057 -0.64697489  0.6441006  -0.64447842  0.51665912 -0.64198194
  0.63909489 -0.63948546  0.76028083 -0.63698899  0.63408918 -0.63449251
  0.50914737 -0.63199603  0.62908348 -0.62949956  0.76156255]",0.8509057971014493,0.4795289855072464,0.0,0.9614338235294118,0.8606985294117647,0.0,0.8508846153846154,0.47934615384615387,0.0,0.9615,0.860875,0.0,0.8510909090909091,0.47995454545454547,0.0,0.0
3.58,0.08,4099,0.5809642857142857,0.09728069920994355,0.38957142857142857,0.05598305137107415,0.37236755455639575,2.0,0.8235530377098628,0.1296183802371189,0.00040695514294891445,2.0,0.6695458188040113,0.22587696425609594,0.0004299180326383423,16,0.9574492553577173,16,0.965307214810832,0.006886411683778118,3.0,1.1830802603036876,"[ 1.         -0.50219842  0.26513648 -0.49906778  0.49432216 -0.4973632
  0.26289679 -0.49584746  0.95563679 -0.49528241  0.26179664 -0.49215178
  0.48528463 -0.49020953  0.25979462 -0.48983332  0.96530721 -0.49017014
  0.25893215 -0.48703951  0.4812806  -0.48533493  0.25669246 -0.48381918
  0.9337166  -0.484156    0.25582998 -0.47988583  0.47475982 -0.48022265
  0.25382796 -0.47870691  0.94224749 -0.47904373  0.25296549 -0.47477356
  0.47075579 -0.47511038  0.25096347 -0.47359463  0.91179641 -0.47302959
  0.24986332 -0.46989896  0.46423501 -0.4679567   0.24786131 -0.4675805
  0.92260637 -0.46791732  0.24699883 -0.46478668  0.46023098 -0.4630821
  0.24475914 -0.46156636  0.88963854 -0.46100131  0.24365899 -0.45787068
  0.45119345 -0.45592843  0.24165697 -0.45555222  0.89475081 -0.45588904
  0.2407945  -0.45275841  0.44718942 -0.45081615  0.23879248 -0.45043995
  0.86771835 -0.4498749   0.23769233 -0.44788381  0.44066863 -0.44366248
  0.23569031 -0.44442581  0.87397016 -0.44476263  0.23482784 -0.44277153
  0.4366646  -0.43878788  0.23258815 -0.43841167  0.84556048 -0.43784663
  0.23148799 -0.43585553  0.42762707 -0.4316342   0.22948598 -0.43239753
  0.85181229 -0.43273435  0.2286235  -0.43074326  0.42362304 -0.4267596
  0.22638381 -0.42638339  0.82340261 -0.42581835  0.22528366 -0.42382726
  0.41458551 -0.41960592  0.22328165 -0.42036926  0.82623581 -0.42070608
  0.22241917 -0.41871498  0.41058148 -0.41449365  0.22041715 -0.41525698
  0.8017201  -0.4155938   0.21955468 -0.41360271  0.40657745 -0.40938138
  0.21755266 -0.41014471  0.80911145 -0.41048153  0.21669019 -0.40849043
  0.40257342 -0.40450678  0.2144505  -0.40413057  0.77979991 -0.40446739
  0.21358802 -0.40133676  0.39605264 -0.3993945   0.211586   -0.39901829
  0.78947033 -0.39935511  0.21072353 -0.39622448  0.39204861 -0.3945199
  0.20848384 -0.39300416  0.75764204 -0.39243911  0.20738369 -0.38930848
  0.38301108 -0.38736623  0.20538167 -0.38699002  0.76275431]",0.8381521739130435,0.5518478260869565,0.0,0.9245588235294118,0.7543382352941177,0.0,0.838076923076923,0.5516538461538462,0.0,0.9242916666666666,0.7535833333333334,0.0,0.8382727272727273,0.5519545454545455,0.0,0.0
3.58,0.08,5003,0.5827499999999999,0.14930711996227297,0.49364285714285716,0.09862780478927338,0.23724910044652534,2.0,0.951618483760576,0.04747394951498083,9.613043740166971e-05,2.0,0.9481813918848097,0.0484509679954084,0.0001296653631515686,16,0.9635230115032485,8,0.9736577788204499,0.007011653619721399,3.0,1.1615126050420168,"[ 1.         -0.9006935   0.82825541 -0.89845579  0.95312113 -0.8969057
  0.8235054  -0.89260514  0.97365778 -0.89105505  0.8187554  -0.88812972
  0.94215252 -0.88657963  0.81400539 -0.88227906  0.96746211 -0.88072897
  0.80925538 -0.87780365  0.93118391 -0.87625356  0.80450538 -0.87195299
  0.95612635 -0.8704029   0.79975537 -0.86816519  0.92136343 -0.8666151
  0.79541919 -0.86231454  0.94557157 -0.86076445  0.79066919 -0.8571515
  0.90924668 -0.85560141  0.78550535 -0.85130084  0.92831473 -0.84975075
  0.78034151 -0.84613781  0.89712994 -0.84458772  0.77559151 -0.84028715
  0.93125113 -0.83873706  0.77125533 -0.83649935  0.88730946 -0.83494926
  0.76650532 -0.8306487   0.90601036 -0.82909861  0.76175532 -0.82617328
  0.87634085 -0.82462319  0.75700531 -0.82032262  0.89944754 -0.81877254
  0.7522553  -0.81584721  0.86537224 -0.81429712  0.7475053  -0.80999655
  0.88811178 -0.80844646  0.74275529 -0.80620875  0.85555175 -0.80465866
  0.73841911 -0.8003581   0.877557   -0.79880801  0.73366911 -0.79519506
  0.84343501 -0.79364497  0.72850527 -0.78934441  0.86066731 -0.78779432
  0.72334143 -0.78418137  0.83131827 -0.78263128  0.71859143 -0.77833071
  0.86250226 -0.77678062  0.71425525 -0.77454291  0.82149779 -0.77299282
  0.70950524 -0.76869226  0.83836293 -0.76714217  0.70475524 -0.76421684
  0.81052917 -0.76266675  0.70000523 -0.75836619  0.83143297 -0.7568161
  0.69525522 -0.75389077  0.79956056 -0.75234068  0.69050522 -0.74804011
  0.82009721 -0.74649002  0.68575521 -0.74425231  0.78974008 -0.74270222
  0.68141903 -0.73840166  0.80954243 -0.73685157  0.67666903 -0.73323862
  0.77762334 -0.73168853  0.67150519 -0.72738797  0.79301989 -0.72583788
  0.66634135 -0.72222493  0.7655066  -0.72067484  0.66159135 -0.71637427
  0.79375339 -0.71482418  0.65725517 -0.71258648  0.75568611 -0.71103639
  0.65250516 -0.70673582  0.77071551 -0.70518573  0.64775516 -0.7022604
  0.7447175  -0.70071031  0.64300515 -0.69640975  0.7634184 ]",0.8343840579710144,0.6022101449275362,0.0,0.9654779411764706,0.8861397058823529,0.0,0.8343846153846154,0.6022307692307692,0.0,0.9657083333333333,0.8867916666666666,0.0,0.8343181818181818,0.6021818181818182,0.0,0.0
3.6,0.04,101,0.7037142857142857,0.137725621940057,0.35607142857142865,0.10146566223232813,1.0919355521286853,2.0,0.9296694042972475,0.06324234227007793,0.00041159814325030024,2.0,0.7793018964943591,0.15930449812930567,0.0020224738961649156,8,0.9667997106734353,8,0.9219066733922705,0.006474881630902097,4.0,1.2649073839127125,"[ 1.         -0.63853823  0.35748962 -0.63629856  0.89343924 -0.63327094
  0.35620793 -0.63415338  0.92190667 -0.62917073  0.35506252 -0.63105174
  0.89660467 -0.62494415  0.35477941 -0.62790798  0.90430025 -0.62288321
  0.35063828 -0.62372352  0.88528456 -0.61644886  0.34870491 -0.618372
  0.89302226 -0.6133051   0.34074789 -0.61527036  0.87322852 -0.60912064
  0.34670897 -0.61208448  0.87363921 -0.60493619  0.34178979 -0.60685932
  0.86910905 -0.60287525  0.34077075 -0.60267486  0.86258175 -0.59752372
  0.33675599 -0.59948898  0.85466684 -0.59442208  0.33504316 -0.5952624
  0.86067005 -0.58907056  0.33059725 -0.58891229  0.83645086 -0.58588467
  0.33243766 -0.58468571  0.83894295 -0.58165809  0.32586823 -0.57941843
  0.83033424 -0.57738939  0.32432389 -0.57402478  0.81764699 -0.5731628
  0.31601996 -0.57200596  0.81797343 -0.56897835  0.3215499  -0.56782151
  0.8169544  -0.56691741  0.31285695 -0.56367917  0.79820136 -0.56377365
  0.3222449  -0.55841189  0.80897691 -0.56171271  0.31047198 -0.55422743
  0.78753292 -0.557444    0.31916613 -0.55116792  0.8006104  -0.55763296
  0.31632835 -0.54698346  0.78536848 -0.55232355  0.31877831 -0.54388182
  0.78330875 -0.54917979  0.30531301 -0.53965524  0.77331245 -0.54495321
  0.32055614 -0.53767855  0.77594081 -0.54410147  0.30479882 -0.53461904
  0.76655407 -0.54204053  0.31549013 -0.53051883  0.76402106 -0.53893889
  0.29716824 -0.52841577  0.76165655 -0.53583726  0.31228499 -0.52435768
  0.75153388 -0.53589984  0.2956976  -0.52017322  0.7473085  -0.53175751
  0.3067358  -0.51707158  0.74802396 -0.52861375  0.295005   -0.512845
  0.73629317 -0.52546999  0.30573843 -0.50978549  0.73796508 -0.52128553
  0.29092766 -0.50655748  0.7287047  -0.51601825  0.29919066 -0.50458079
  0.72343862 -0.51399943  0.28741774 -0.49927139  0.72176791 -0.50977285
  0.29511332 -0.49396198  0.71111994 -0.50550415  0.27852592 -0.48977752
  0.70632713 -0.50231826  0.28240561 -0.48451024  0.70179698]",0.5925,0.08934782608695652,0.0,0.9446323529411764,0.7388970588235294,0.0011397058823529411,0.5928076923076923,0.08934615384615385,3.846153846153846e-05,0.9485833333333333,0.7475,0.001125,0.5930454545454545,0.09022727272727273,4.545454545454545e-05,2.402359058777e-10
3.6,0.04,707,0.6394285714285715,0.07399827631748719,0.5166428571428571,0.041809272968116165,0.5507219493270996,2.0,0.7057404078817177,0.16175465017269994,0.0004915727190853151,2.0,0.6989093367157061,0.3360417164677333,0.006194726009466538,16,0.9228399986050333,24,0.7234959264505313,0.004129417745867464,6.0,1.2067067067067068,"[ 1.         -0.53598266  0.41384803 -0.50783153  0.55709471 -0.54846686
  0.37684624 -0.56867085  0.66992173 -0.53030697  0.41611753 -0.50488196
  0.69080482 -0.51487029  0.40635654 -0.51736615  0.64903669 -0.54846589
  0.38365668 -0.54074901  0.5772987  -0.50510833  0.41475543 -0.52735546
  0.72349593 -0.51282619  0.41044377 -0.48876132  0.57003552 -0.53143978
  0.38093152 -0.55368983  0.65016948 -0.50511028  0.40113162 -0.48922087
  0.63836244 -0.5080618   0.42338069 -0.52077333  0.61906877 -0.520546
  0.38229263 -0.51146605  0.56571899 -0.50647238  0.40385579 -0.47832416
  0.68603555 -0.48899256  0.40567353 -0.49557469  0.55913588 -0.50147676
  0.38978314 -0.49852621  0.59704703 -0.50579134  0.40998616 -0.48785879
  0.60499125 -0.48422525  0.3900095  -0.48876425  0.59863645 -0.49807251
  0.37616224 -0.51010397  0.54664973 -0.50715343  0.392279   -0.47559902
  0.61588796 -0.47537168  0.40703561 -0.47786755  0.52985096 -0.49807154
  0.35028255 -0.495121    0.62837604 -0.48399792  0.39840645 -0.46947157
  0.5607214  -0.46515797  0.38047292 -0.47582637  0.56594533 -0.49126402
  0.38501387 -0.48286415  0.53847621 -0.47446428  0.37388981 -0.46197814
  0.6213363  -0.46924327  0.39273269 -0.47173913  0.51282483 -0.48240753
  0.35913709 -0.47400766  0.56572091 -0.47718652  0.40249465 -0.43541644
  0.56957886 -0.45834364  0.35664025 -0.4642457   0.5434728  -0.49194216
  0.35777208 -0.46583708  0.51464062 -0.45539407  0.36231302 -0.42724294
  0.58456183 -0.46515506  0.37911276 -0.45266892  0.49511864 -0.46265725
  0.32372276 -0.43927538  0.58002186 -0.4649287   0.35958786 -0.42520176
  0.51509334 -0.43927635  0.34710367 -0.43223662  0.52985287 -0.47287195
  0.36526647 -0.42701561  0.50919322 -0.42815133  0.33847742 -0.42383773
  0.57502817 -0.44608486  0.36140657 -0.42542618  0.47741244 -0.43132825
  0.31486917 -0.42088524  0.53984119 -0.44585849  0.35414047 -0.40136521
  0.49534402 -0.43042181  0.31509554 -0.41861574  0.55573255]",0.721231884057971,0.27043478260869563,0.0,0.9565441176470588,0.7846323529411765,0.0,0.7212692307692308,0.27053846153846156,0.0,0.956625,0.7839583333333333,0.0,0.7210454545454545,0.2702727272727273,0.0,0.0
3.6,0.04,1313,0.6736785714285715,0.04778153675952711,0.45471428571428574,0.04876243954319843,0.6395247178508982,4.0,0.6110529180401941,0.34616298144302166,0.0045387474690999925,4.0,0.6579574332909783,0.3213692456850465,0.023860582157262115,8,0.8423047336940445,8,0.84068074504308,0.010967847262664483,14.0,1.383612258204738,"[ 1.         -0.07272752 -0.6086731  -0.07082737  0.78980763 -0.0696353
 -0.6072245  -0.0783908   0.84068075 -0.07719873 -0.60563429 -0.07079257
  0.8212429  -0.06509449 -0.6056877  -0.07535199  0.81668348 -0.08016794
 -0.6055995  -0.06761214  0.80654089 -0.07214486 -0.60372605 -0.07625273
  0.83530879 -0.07670428 -0.60063383 -0.08682017  0.79183888 -0.07661608
 -0.59918524 -0.07786155  0.8007975  -0.07051985 -0.59895541 -0.07462772
  0.81139973 -0.06907126 -0.59764844 -0.07167712  0.78745587 -0.08085747
 -0.59577499 -0.0788157   0.77280728 -0.06246197 -0.59404316 -0.07107585
  0.79692755 -0.08053943 -0.59095095 -0.07112926  0.75632003 -0.06106679
 -0.58964397 -0.06982229  0.7804403  -0.08336703 -0.58777052 -0.06945084
  0.76851248 -0.0684004  -0.58796555 -0.07565389  0.76109066 -0.06516656
 -0.5845901  -0.06763081  0.75381047 -0.07394876 -0.58299989 -0.07204861
  0.75103628 -0.07386056 -0.57826405 -0.05830075  0.73310044 -0.07363073
 -0.57517184 -0.06572256  0.73933828 -0.06589088 -0.57179638 -0.06084511
  0.74721975 -0.07317108 -0.57020617 -0.06089852  0.72299265 -0.06120846
 -0.56711396 -0.05930831  0.72472448 -0.06562626 -0.56566536 -0.06236572
  0.71551743 -0.07168769 -0.56407515 -0.04861786  0.71138286 -0.06967262
 -0.56206009 -0.06312484  0.71189592 -0.06043077 -0.55882625 -0.05552661
  0.69846609 -0.078225   -0.55859643 -0.05515517  0.70348516 -0.06733953
 -0.55371897 -0.05792936  0.6839057  -0.0597413  -0.55363077 -0.05319352
  0.68742277 -0.07875429 -0.54861169 -0.05132007  0.66948693 -0.06979568
 -0.5486651  -0.05137348  0.67994755 -0.06369945 -0.54707489 -0.04663764
  0.66079294 -0.07069641 -0.54355782 -0.04312058  0.661306   -0.07196859
 -0.53882199 -0.04439276  0.65702981 -0.05657711 -0.53544654 -0.05017095
  0.64660399 -0.07000694 -0.53385633 -0.04557673  0.6438298  -0.05926309
 -0.5321245  -0.04670729  0.64420125 -0.06489966 -0.52724704 -0.04797947
  0.617395   -0.07368186 -0.52715883 -0.04624764  0.63987165]",0.6528623188405797,0.11456521739130435,0.0,0.9515441176470588,0.7389705882352942,0.0,0.6531153846153847,0.11353846153846153,0.0,0.953625,0.750625,0.0,0.6548636363636363,0.11354545454545455,0.0,0.0
3.6,0.04,2029,0.6968928571428572,0.12832779992929777,0.3932857142857144,0.12114597367958833,1.7619512620585582,2.0,0.6653506173988103,0.13492037007371693,0.0001443138349981433,4.0,0.5084553488985623,0.13090643307246702,7.759168026238113e-05,8,0.9764018951958509,8,0.9871329186984394,0.007087563491788705,7.0,1.2499432463110103,"[ 1.         -0.31759162 -0.35130845 -0.31567171  0.97078094 -0.31541906
 -0.34934656 -0.31416383  0.98713292 -0.31391118 -0.34738467 -0.31199127
  0.95986063 -0.31173862 -0.34542278 -0.31048339  0.97596926 -0.31023074
 -0.34346088 -0.30831083  0.94872965 -0.30778216 -0.34097962 -0.30774366
  0.96459493 -0.30627428 -0.33877438 -0.3055711   0.93756598 -0.30410172
 -0.33705584 -0.30406322  0.95270123 -0.30259384 -0.3348506  -0.30189066
  0.92667835 -0.30014526 -0.33261268 -0.30132349  0.9413269  -0.29863738
 -0.3301641  -0.29915093  0.91527134 -0.29646482 -0.3286889  -0.29764305
  0.92995258 -0.29468092 -0.32572094 -0.29641119  0.90414036 -0.29250836
 -0.3240024  -0.29490331  0.91857825 -0.29072446 -0.32127779 -0.29367146
  0.89300938 -0.2885519  -0.3193159  -0.29216358  0.90717124 -0.28704402
 -0.31735401 -0.28999102  0.88208906 -0.28487146 -0.31539211 -0.28848314
  0.89579691 -0.28308755 -0.31291085 -0.28725129  0.87047139 -0.28091499
 -0.31070561 -0.28574341  0.88463325 -0.27940712 -0.30898707 -0.28357085
  0.85955108 -0.27723456 -0.30678183 -0.28206297  0.8729829  -0.27572668
 -0.30506328 -0.27989041  0.84838742 -0.27355412 -0.30285804 -0.27838253
  0.86181924 -0.27204624 -0.3011395  -0.27620997  0.83698041 -0.26987368
 -0.29893426 -0.27470209  0.85041224 -0.2683658  -0.29721571 -0.27252953
  0.82581675 -0.26619324 -0.29501048 -0.27102166  0.83876188 -0.26468536
 -0.29329193 -0.2688491   0.81468577 -0.26223678 -0.29056732 -0.26828192
  0.8276309  -0.2607289  -0.28860543 -0.26610936  0.80352211 -0.25855634
 -0.28664354 -0.26460148  0.81598055 -0.25704846 -0.28468164 -0.26242892
  0.79235845 -0.2548759  -0.28271975 -0.26092105  0.80457354 -0.25336802
 -0.28075786 -0.25874849  0.78122746 -0.25091944 -0.2782766  -0.25818131
  0.79319922 -0.24941156 -0.27607136 -0.25600875  0.7700638  -0.247239
 -0.27435281 -0.25450087  0.78179221 -0.24573112 -0.27214758 -0.25232831
  0.75890014 -0.24355856 -0.27042903 -0.25082044  0.7703852 ]",0.6063768115942029,0.2251449275362319,0.0,0.934889705882353,0.7440441176470588,0.0,0.606423076923077,0.22507692307692306,0.0,0.9350833333333334,0.743,0.0,0.6066363636363636,0.2250909090909091,0.0,0.0
3.6,0.04,3001,0.6940714285714286,0.04993419138614096,0.33685714285714285,0.07135510507600815,1.1439408906147102,4.0,0.49132018707046465,0.3865552872132855,0.007090547312633744,2.0,0.8490405441875594,0.1698981475786951,0.003839808579536022,16,0.7786177048252592,8,0.8567385287007232,0.0052898416759968305,36.0,1.5076726342710998,"[ 1.         -0.72943609  0.63271613 -0.73023446  0.79535378 -0.73926576
  0.62779656 -0.73216389  0.85673853 -0.72015192  0.62114141 -0.71253299
  0.8209555  -0.71927558  0.61201318 -0.71937252  0.83497486 -0.72541367
  0.60639216 -0.72288921  0.80218197 -0.70737003  0.60918845 -0.70115398
  0.84987056 -0.71893527  0.61253787 -0.69920744  0.78008562 -0.70332865
  0.6027082  -0.70061981  0.84479319 -0.70437226  0.58852157 -0.68623169
  0.77659551 -0.69489423  0.59500944 -0.69358828  0.80744949 -0.69929675
  0.58097112 -0.68957349  0.7735864  -0.69421176  0.58797606 -0.68027984
  0.80551058 -0.68964383  0.57079928 -0.68833787  0.76167899 -0.68474321
  0.58060999 -0.66870698  0.79604018 -0.6787724   0.5755421  -0.66886476
  0.74327423 -0.66560279  0.57641844 -0.66990837  0.78941162 -0.66926779
  0.5659234  -0.65762458  0.7425899  -0.66595444  0.56676367 -0.66852445
  0.77938809 -0.66193965  0.5543126  -0.65609235  0.73481899 -0.67213808
  0.564456   -0.64277444  0.75865854 -0.65741727  0.55514339 -0.65419137
  0.73568585 -0.64059214  0.55110963 -0.65313065  0.75269536 -0.65828598
  0.54692757 -0.63523532  0.72850416 -0.64197792  0.55094236 -0.64698494
  0.75411535 -0.64933451  0.5395615  -0.62805549  0.70744193 -0.64129544
  0.53899888 -0.64157675  0.73637595 -0.63270324  0.53655239 -0.62264729
  0.70864147 -0.63448436  0.53458688 -0.61914957  0.7216267  -0.62884623
  0.52918632 -0.6150987   0.69691844 -0.61955259  0.52917683 -0.61843101
  0.72075799 -0.62410341  0.52148756 -0.60156981  0.68412521 -0.61551121
  0.52007519 -0.61350381  0.70833352 -0.61566899  0.51449025 -0.59121545
  0.67694352 -0.60847967  0.51691778 -0.60983118  0.70322008 -0.59623196
  0.51639123 -0.58983153  0.67308466 -0.59989695  0.50342311 -0.58858643
  0.68045836 -0.59163744  0.49713672 -0.57508413  0.66450009 -0.58884115
  0.49974863 -0.58033639  0.67187378 -0.58320302  0.49748651 -0.56594828
  0.65259268 -0.57952091  0.49256693 -0.58138949  0.66572622]",0.6119927536231884,0.06641304347826087,0.00014492753623188405,0.9288235294117647,0.6670955882352941,0.00014705882352941175,0.6118076923076923,0.06542307692307692,7.692307692307693e-05,0.9297916666666667,0.6651666666666667,0.00025,0.6116818181818182,0.06572727272727273,9.09090909090909e-05,6.64060460741202e-11
3.6,0.04,4099,0.6978571428571428,0.08575742961804465,0.33264285714285713,0.05665195387231601,1.5766647932420466,2.0,0.8611377324517082,0.1320922300794624,0.00028295954472107413,2.0,0.7782333404548721,0.1709397511395329,0.0011915082012632352,16,0.9535498481192053,16,0.9486898654821765,0.006571487005433715,3.0,1.3114615601239088,"[ 1.         -0.59809675  0.41406546 -0.67176281  0.76916272 -0.66869265
  0.42320395 -0.59140593  0.89403109 -0.59056134  0.40786112 -0.66238813
  0.75962002 -0.65931796  0.39958131 -0.58459701  0.94868987 -0.58375243
  0.40615403 -0.65741849  0.7512362  -0.65212275  0.41306694 -0.5781744
  0.88389409 -0.57621702  0.3988369  -0.64804381  0.74280629 -0.64274807
  0.39500824 -0.57136548  0.91702361 -0.56756883  0.39524443 -0.64162119
  0.73142431 -0.63409988  0.39436784 -0.56237709  0.8640822  -0.55930693
  0.38942639 -0.63408578  0.72338069 -0.62472519  0.39077537 -0.55556818
  0.89425965 -0.55249802  0.38138277 -0.62543759  0.7131115  -0.61791628
  0.38161896 -0.54730628  0.83425522 -0.54239684  0.3785168  -0.61828848
  0.70245601 -0.60631602  0.37691371 -0.54161016  0.87260848 -0.53631442
  0.36974669 -0.61147957  0.69479869 -0.59950711  0.37332124 -0.53334826
  0.81371683 -0.52621324  0.3679935  -0.60433046  0.68303042 -0.58829314
  0.36600411 -0.52581285  0.85057101 -0.51940433  0.35661152 -0.59568226
  0.6749868  -0.58148423  0.36129886 -0.51755096  0.79095288 -0.51114243
  0.35524462 -0.58814686  0.66360482 -0.57172325  0.3569799  -0.51258132
  0.82485498 -0.50506001  0.3475873  -0.58133795  0.65817307 -0.56491433
  0.35116186 -0.50431942  0.7693017  -0.49495883  0.34322224 -0.57234956
  0.64379292 -0.55370037  0.34495752 -0.49678402  0.79947915 -0.48814992
  0.33817679 -0.56737992  0.63874747 -0.54650516  0.34063856 -0.4903614
  0.75137519 -0.48061452  0.33197245 -0.55800524  0.6269792  -0.53751677
  0.33665979 -0.48171321  0.77299053 -0.47123983  0.32465533 -0.54974334
  0.6174365  -0.52886858  0.32711709 -0.47272482  0.72672585 -0.46297793
  0.31883728 -0.54182164  0.60644081 -0.52094688  0.32763558 -0.46848168
  0.74988638 -0.45873479  0.31379183 -0.53462643  0.60250815 -0.51597724
  0.31886547 -0.46094627  0.70696006 -0.45047289  0.31242494 -0.52709102
  0.5889006  -0.50621626  0.32011045 -0.45597664  0.73012059]",0.6042391304347826,0.07181159420289855,0.0,0.9082720588235295,0.6341544117647059,0.0,0.6043461538461539,0.07015384615384615,0.0,0.9079583333333333,0.6338333333333334,0.0,0.6046363636363636,0.07140909090909091,0.0,0.0
3.6,0.04,5003,0.6594642857142856,0.1492321973452438,0.44557142857142856,0.10118068299949798,0.7008913971896804,2.0,0.9400302330311042,0.05835962338421396,0.0003841105832007107,2.0,0.6545371643142122,0.18972172346645727,0.004040932577773176,8,0.9664231518594165,8,0.9368659875784321,0.009067597548647582,13.0,1.1629381058911261,"[ 1.         -0.48435603  0.06512104 -0.48743941  0.88254802 -0.48116547
  0.06967613 -0.48332588  0.93686599 -0.47911418  0.07245603 -0.48013532
  0.87764214 -0.47697019  0.06866946 -0.47697566  0.9240291  -0.47590366
  0.06900737 -0.473816    0.86965835 -0.47172833  0.06690329 -0.47173381
  0.9104327  -0.46961524  0.06343467 -0.46958982  0.86414744 -0.46537812
  0.07084241 -0.46747673  0.89829353 -0.4643116   0.07121122 -0.46428617
  0.84921742 -0.46112104  0.07053345 -0.46220398  0.88754978 -0.45900795
  0.06779345 -0.46002909  0.84297791 -0.45686396  0.07130197 -0.45588466
  0.87392249 -0.45382789  0.06701205 -0.4527559   0.82900176 -0.45060643
  0.07514839 -0.45061191  0.86178331 -0.44953991  0.06219886 -0.44748315
  0.81927368 -0.44533368  0.06852913 -0.44537006  0.85519495 -0.44220492
  0.06715365 -0.44424174  0.80611883 -0.43999914  0.07037511 -0.44212865
  0.84096263 -0.43791695  0.06934849 -0.43893809  0.80200336 -0.43574206
  0.06870163 -0.43784067  0.82641236 -0.43362897  0.06735706 -0.43566578
  0.79515883 -0.43142318  0.07368732 -0.43358359  0.81668429 -0.42835622
  0.06530382 -0.42937736  0.78118268 -0.42519656  0.06700626 -0.42732607
  0.80556078 -0.4220369   0.07092543 -0.42515118  0.76758628 -0.41992381
  0.07196105 -0.42100675  0.79402663 -0.41787251  0.07055468 -0.41680052
  0.75890477 -0.41468196  0.06252003 -0.41474923  0.77729052 -0.41158409
  0.0712305  -0.41158957  0.74841719 -0.40839353  0.06852139 -0.40944558
  0.77460137 -0.40831179  0.06961881 -0.40727069  0.73700662 -0.40413645
  0.06925901 -0.4051885   0.75542327 -0.40306993  0.07000757 -0.40095137
  0.72309227 -0.40092594  0.07281838 -0.39680694  0.75200551 -0.39985942
  0.06519438 -0.39460115  0.71938745 -0.39765364  0.07050898 -0.3945194
  0.73821475 -0.39554055  0.06247433 -0.39139064  0.71245022 -0.39031865
  0.07295998 -0.38930845  0.7274092  -0.38820556  0.06708027 -0.38611789
  0.6950164  -0.38609247  0.06672047 -0.3840048   0.71768113]",0.6810144927536231,0.16177536231884057,7.246376811594203e-05,0.9348529411764706,0.7059191176470588,0.0,0.6816538461538462,0.16165384615384615,7.692307692307693e-05,0.9382916666666666,0.7143333333333334,0.0,0.6824090909090909,0.16190909090909092,4.545454545454545e-05,2.023601682716663e-10
3.6,0.06,101,0.6552142857142856,0.13730684020596695,0.3775714285714285,0.06721895383819985,0.8808720507754844,2.0,0.6710651360314553,0.16287534876918586,0.000790238295098367,2.0,0.5340448988104893,0.27442301086450105,0.0018842848224681385,8,0.9576549270376133,8,0.9003089287891979,0.0060576644342176566,4.0,1.2382290934645115,"[ 1.         -0.35976447 -0.08521157 -0.36755091  0.69058247 -0.36012739
 -0.0824941  -0.35455797  0.90030893 -0.35863621 -0.08724499 -0.36555093
  0.70637416 -0.35741829 -0.08523665 -0.35220344  0.86875666 -0.35584581
 -0.08682586 -0.36117969  0.71829505 -0.34944951 -0.08481752 -0.34660591
  0.85459366 -0.34945787 -0.08518044 -0.35882515  0.72258499 -0.34753083
 -0.08175386 -0.34275183  0.83271841 -0.34603965 -0.07500299 -0.35726103
  0.71509992 -0.34553085 -0.07457549 -0.34312312  0.82250751 -0.34044213
 -0.08284262 -0.3456947   0.71042197 -0.34344957 -0.08004386 -0.33708973
  0.802457   -0.3328279  -0.08119721 -0.33938806  0.71040524 -0.34109503
 -0.07646304 -0.33983228  0.79303653 -0.32924708 -0.08314933 -0.32667675
  0.69624224 -0.33312625 -0.07797931 -0.33976771  0.78001851 -0.33515131
 -0.071583   -0.31712712  0.69393555 -0.32199578 -0.0862548  -0.33425148
  0.76498378 -0.33121593 -0.06729306 -0.31678928  0.68478834 -0.31568913
 -0.08390027 -0.32988024  0.74643281 -0.32403757 -0.06572895 -0.31127306
  0.69030456 -0.31139919 -0.08312657 -0.32629942  0.73657648 -0.31966633
 -0.06250269 -0.30927308  0.68167451 -0.31177048 -0.08665954 -0.31920236
  0.72865554 -0.3141501  -0.06884278 -0.30569226  0.66786606 -0.31135134
 -0.07473865 -0.31676652  0.71449254 -0.309343   -0.07193989 -0.29772348
  0.65800973 -0.30101129 -0.08064288 -0.31555696  0.70384578 -0.30339092
 -0.07310159 -0.29177139  0.65965514 -0.30059216 -0.07706206 -0.31829951
  0.69636071 -0.2998101  -0.06758537 -0.28036767  0.64260372 -0.29665678
 -0.07348124 -0.31349241  0.70152237 -0.29666514 -0.06558539 -0.28073895
  0.62168149 -0.28675259 -0.07270754 -0.30718577  0.68929477 -0.2942293
 -0.07263461 -0.27944809  0.61190645 -0.28273591 -0.07817591 -0.3000887
  0.68014755 -0.28835852 -0.06360214 -0.27673899  0.60275923 -0.27844597
 -0.06835303 -0.29378206  0.67222662 -0.28643984 -0.06563557 -0.2740299
  0.59598328 -0.27494645 -0.06959603 -0.2946705   0.65948186]",0.6894202898550724,0.2832246376811594,0.0,0.9436397058823529,0.8123897058823529,0.0008455882352941176,0.6892692307692307,0.2832692307692308,0.0,0.951375,0.8343333333333334,0.0009166666666666666,0.6898636363636363,0.2832272727272727,0.0,1.316252568963548e-09
3.6,0.06,707,0.6270714285714286,0.10274445712245384,0.485,0.0625357040874594,0.5572831059419042,2.0,0.7624134940335556,0.1355392731757545,0.0009378168090970615,2.0,0.518588668217977,0.30135217116622126,0.005419211575394897,8,0.9622939164960636,8,0.8993424657534251,0.005309634325823596,6.0,1.169077134986226,"[ 1.         -0.35286758 -0.07505023 -0.34609132  0.65875799 -0.35502283
 -0.07693151 -0.34651142  0.89934247 -0.34238356 -0.07497717 -0.34327854
  0.6673242  -0.34919635 -0.0683653  -0.34004566  0.88818265 -0.34167123
 -0.07910502 -0.34466667  0.67324201 -0.35149772 -0.07066667 -0.33568037
  0.86423744 -0.33365297 -0.07839269 -0.34030137  0.6730411  -0.35078539
 -0.06657534 -0.34072146  0.85764384 -0.33631963 -0.07923288 -0.33538813
  0.66854795 -0.3543653  -0.0650411  -0.33398174  0.82575342 -0.32647489
 -0.07669406 -0.34015525  0.65190868 -0.34753425 -0.06642922 -0.32715068
  0.82555251 -0.32302283 -0.07506849 -0.32665753  0.64988128 -0.34746119
 -0.06964384 -0.32643836  0.80589954 -0.31984475 -0.07800913 -0.32229224
  0.64876712 -0.33944292 -0.06199087 -0.31659361  0.79775342 -0.32041096
 -0.07519635 -0.32678539  0.63788128 -0.34028311 -0.06493151 -0.31378082
  0.78385388 -0.31449315 -0.07265753 -0.32059361  0.63950685 -0.33226484
 -0.06659361 -0.30786301  0.77634703 -0.30830137 -0.07075799 -0.31412785
  0.63044749 -0.33127854 -0.06715982 -0.29473059  0.7526758  -0.30457534
 -0.07187215 -0.31524201  0.62294064 -0.32234703 -0.06407306 -0.29401826
  0.74818265 -0.30422831 -0.0669589  -0.31672146  0.62328767 -0.32291324
 -0.064      -0.29184475  0.72816438 -0.29438356 -0.07172603 -0.31482192
  0.61240183 -0.31736073 -0.06182648 -0.28784475  0.72421918 -0.2946758
 -0.06681279 -0.30990868  0.60178995 -0.31244749 -0.06056621 -0.27863927
  0.70849315 -0.29122374 -0.06792694 -0.31038356  0.58487671 -0.30196347
 -0.05985388 -0.2849589   0.71039269 -0.29087671 -0.06146119 -0.30848402
  0.57947032 -0.29549772 -0.06005479 -0.28150685  0.68736073 -0.28861187
 -0.0616621  -0.301379    0.57680365 -0.28839269 -0.05386301 -0.27960731
  0.68231963 -0.28150685 -0.0572968  -0.29884018  0.56445662 -0.28128767
 -0.05680365 -0.27706849  0.65956164 -0.27988128 -0.05110502 -0.29292237
  0.55786301 -0.27509589 -0.05819178 -0.27754338  0.66182648]",0.7460144927536232,0.41391304347826086,0.0,0.9390441176470589,0.7893014705882353,0.00014705882352941175,0.745576923076923,0.41365384615384615,0.0,0.94225,0.80325,0.000375,0.7466818181818182,0.4143636363636364,0.0,5.518198599646225e-09
3.6,0.06,1313,0.6401785714285714,0.057344232224241655,0.44699999999999995,0.050549833968923326,0.41724987974987976,4.0,0.6537477066134547,0.39436080528553086,0.006369231358521078,4.0,0.6314335494200192,0.4084331649079442,0.00774704888289816,16,0.7943703843260689,8,0.7765013697098452,0.005249668834700178,693.0,1.5123247945867568,"[ 1.00000000e+00 -6.40632862e-03 -6.25492257e-01 -2.14552468e-02
  4.87205233e-01 -3.27304746e-02 -6.16958685e-01 -2.00777101e-02
  7.76501370e-01 -1.18695142e-02 -6.07111310e-01 -1.29418013e-02
  5.15202102e-01 -2.99754011e-02 -6.19626544e-01 -1.72387768e-02
  7.56893834e-01 -2.20998491e-03 -5.98849444e-01 -1.29820540e-02
  5.27824677e-01 -3.54385867e-02 -6.08401632e-01 -1.57136468e-02
  7.20682060e-01 -3.56404092e-03 -5.96094370e-01 -3.67825795e-02
  5.37568066e-01 -2.29837312e-02 -5.93067591e-01  5.21104713e-03
  7.09460502e-01 -6.31576005e-03 -5.90376251e-01 -4.10158215e-02
  5.34732487e-01 -1.89148544e-02 -5.98866216e-01  6.40073797e-03
  6.96757422e-01 -2.17303069e-02 -5.68053894e-01 -5.50327053e-02
  5.48585006e-01 -2.03527702e-02 -5.68157880e-01  2.45301057e-02
  6.89728853e-01 -1.89752334e-02 -5.63985017e-01 -3.82171409e-02
  5.31940515e-01 -2.02253033e-02 -5.75102588e-01 -5.84223179e-04
  6.85495611e-01 -3.64119193e-03 -5.72411248e-01 -4.67272321e-02
  5.02465478e-01 -3.15307206e-02 -5.64045396e-01  2.08699055e-03
  6.92359814e-01 -9.69978196e-04 -5.72535361e-01 -3.56700397e-02
  4.92557723e-01 -4.00408118e-02 -5.36048527e-01  8.16794320e-04
  6.67413205e-01  6.39011573e-04 -5.73721697e-01 -2.00844189e-02
  5.19324649e-01 -4.12271482e-02 -5.35753340e-01  1.07279029e-02
  6.39587410e-01  1.48269693e-02 -5.56738413e-01 -3.09705373e-02
  5.16824509e-01 -3.81366355e-02 -5.17456253e-01 -3.12126125e-03
  6.31328898e-01 -5.03717784e-04 -5.56694806e-01 -4.49035612e-02
  5.11277464e-01 -3.81768882e-02 -5.25798625e-01  1.50919662e-02
  6.46746799e-01 -1.29552189e-02 -5.25818751e-01 -4.60898977e-02
  5.01705149e-01 -1.13261028e-02 -5.22708112e-01  4.28970761e-03
  6.09305082e-01 -2.39251971e-02 -5.29800414e-01 -4.05394980e-02
  4.91797395e-01 -1.71247275e-02 -5.36976575e-01  8.10700509e-03
  6.17399228e-01 -4.10728462e-02 -5.07813496e-01 -3.93498071e-02
  4.79094314e-01  1.00464024e-03 -5.18847207e-01  2.07295801e-02
  6.04780008e-01 -3.26432605e-02 -5.02095377e-01 -3.93062000e-02
  4.59654498e-01 -1.14468608e-02 -5.01947783e-01  2.92430257e-02
  6.10581987e-01 -2.40459552e-02 -5.04679376e-01 -3.63834069e-02
  4.70879410e-01 -1.28009169e-02 -5.06181025e-01  1.66238050e-02
  5.89660647e-01 -1.56163694e-02 -5.03154246e-01 -4.32442556e-02
  4.79308995e-01 -3.23245933e-02 -4.82377145e-01  1.79812154e-02
  5.69885392e-01  3.82680159e-03 -4.97687706e-01 -4.60798345e-02
  4.77871080e-01 -3.37625091e-02 -4.96394029e-01  1.23503103e-02
  5.67133672e-01 -1.29854084e-02 -4.85148991e-01 -4.60362274e-02
  4.58431263e-01 -2.81282496e-02 -4.80976128e-01  1.65869067e-02
  5.62984290e-01]",0.7199275362318841,0.36471014492753623,0.0,0.93,0.7878308823529412,0.0,0.7198846153846153,0.365,0.0,0.93575,0.8055833333333333,0.0,0.7199545454545454,0.3653636363636364,0.0,0.0
3.6,0.06,2029,0.653892857142857,0.10947124191367545,0.41707142857142854,0.08475592207350831,1.0990424632592015,2.0,0.7368098307978784,0.1393121536944899,0.00014211434951299514,2.0,0.7701629034371315,0.1273050449933913,0.0003269714834723109,8,0.9805118023094934,8,0.9677418403054509,0.006975813766837054,1.0,1.0,"[ 1.         -0.62546501  0.29524148 -0.62257378  0.92040335 -0.6222046
  0.29203872 -0.61948311  0.96774184 -0.61794985  0.29778497 -0.61505862
  0.91250635 -0.61468944  0.28993797 -0.6121377   0.95370909 -0.61159877
  0.28971822 -0.6077132   0.90593111 -0.60717428  0.28900131 -0.60462254
  0.94365368 -0.60425336  0.28562881 -0.60136212  0.89289269 -0.60099294
  0.28673081 -0.59727712  0.93426518 -0.59773253  0.28320064 -0.59285263
  0.87853253 -0.59447211  0.28281114 -0.58993171  0.92553152 -0.59155119
  0.28242164 -0.58667129  0.87029603 -0.58829078  0.27921889 -0.58358063
  0.91000727 -0.58420578  0.27982373 -0.58032021  0.86024062 -0.57978129
  0.27877939 -0.5770598   0.89863011 -0.57569629  0.27441256 -0.57379938
  0.84853603 -0.57226613  0.27369564 -0.56971438  0.88956903 -0.56934521
  0.27181464 -0.56645397  0.83980237 -0.56608479  0.26960622 -0.5633633
  0.87719753 -0.56183004  0.2688893  -0.55893881  0.82941954 -0.55740555
  0.26618372 -0.55584814  0.86532319 -0.55431488  0.26298097 -0.55142365
  0.81953387 -0.55105447  0.2620943  -0.54850273  0.85658953 -0.54813355
  0.26021331 -0.54524232  0.80699262 -0.54470339  0.26148505 -0.53999324
  0.84570953 -0.54161272  0.2582823  -0.53673282  0.79462113 -0.53818256
  0.25507955 -0.53264782  0.83515695 -0.53526164  0.25518722 -0.52938741
  0.78737896 -0.53200123  0.25248164 -0.52513266  0.81748637 -0.52757673
  0.2514373  -0.52070817  0.77666871 -0.52431632  0.2510478  -0.51662317
  0.80710354 -0.52105591  0.2480148  -0.51219867  0.76330288 -0.51779549
  0.24812246 -0.50927775  0.79737554 -0.51371049  0.24442255 -0.50584759
  0.7512588  -0.51045008  0.2442028  -0.50275693  0.78699271 -0.50636508
  0.2423218  -0.49949651  0.74070622 -0.50310466  0.24110771 -0.49640584
  0.77494863 -0.49901966  0.23972388 -0.49314543  0.73164514 -0.49459517
  0.23718804 -0.48988502  0.76108563 -0.49051017  0.23480988 -0.4866246
  0.72076514 -0.48724976  0.23491755 -0.4825396   0.75202455]",0.6923913043478261,0.36431159420289855,0.0002173913043478261,0.9595220588235294,0.8389705882352941,0.0,0.6925,0.36430769230769233,0.0001923076923076923,0.9585,0.8345,0.0,0.6924545454545454,0.3644545454545455,0.00022727272727272727,5.4800632284485117e-11
3.6,0.06,3001,0.6452142857142856,0.029975415096443324,0.3618571428571429,0.036675911017718325,0.7644523355360265,2.0,0.3020536058619361,0.6860193803117967,0.01859983419729011,7.692307692307692,0.08521952549095564,0.76428764303055,0.021358425947604242,8,0.4947231981128787,8,0.5513536218753864,-0.0010703496505977403,698.0,1.4825870646766168,"[ 1.          0.0320001   0.01997113 -0.13214826 -0.44559885 -0.12182651
  0.04326973  0.00986345  0.55135362  0.01019446 -0.01448035 -0.11817839
 -0.35400156 -0.1411136   0.07973965  0.02446297  0.49426556  0.01948378
 -0.04501746 -0.11950945 -0.27302466 -0.07669691  0.08574424 -0.00341905
  0.38610104  0.00690271 -0.05557308 -0.11615995 -0.21126307 -0.1178544
  0.09035301  0.02711104  0.34291809  0.04868281 -0.0928162  -0.08297477
 -0.15215657 -0.10982435  0.08713304 -0.00734044  0.26332999  0.02750681
 -0.09806163 -0.08430583 -0.12428157 -0.0799239   0.13296406  0.04051604
  0.23216324  0.02491648 -0.12126309 -0.08424107 -0.06517507 -0.07797023
  0.12429735 -0.01531275  0.15509369  0.02281923 -0.17443678 -0.0988476
 -0.04652464 -0.06057907  0.12841303  0.00144877  0.11938293 -0.00290077
 -0.11847847 -0.06021568  0.00398693 -0.08643563  0.10584121 -0.0137874
  0.10945695  0.01700893 -0.0893442  -0.0782435   0.02047536 -0.07057684
  0.09186431  0.00144175  0.12077173  0.02301352 -0.03883262 -0.07021345
  0.0311605  -0.09971813  0.02289659  0.01478199  0.07835497  0.00714771
  0.01964424 -0.09998437  0.06245678 -0.09105844  0.00766042 -0.00310928
  0.06311879  0.03376343  0.02767429 -0.08929923  0.09703778 -0.08833858
 -0.02413597  0.00289531  0.03991733 -0.01130843  0.0569451  -0.08860483
  0.10367201 -0.09232474 -0.05530271 -0.02359088  0.06059322  0.01265219
  0.09278538 -0.0846257   0.06048906 -0.06850066 -0.04146938 -0.02303303
  0.07973674  0.00524476  0.11660945 -0.06876691  0.05182235 -0.0831072
 -0.09590235 -0.00375296  0.09636172  0.0257841   0.14511408 -0.0661836
  0.04378528 -0.09973919 -0.13440475 -0.03429007  0.0956603   0.0091521
  0.15503304 -0.04627389  0.01324817 -0.08842441 -0.18883772 -0.01969056
  0.09824361  0.03297618  0.18745204 -0.06101698 -0.00743474 -0.08989202
 -0.17968494 -0.02318362  0.11270657  0.02619838  0.19332008 -0.05577857
 -0.04733296 -0.09855873 -0.1836711  -0.04044525  0.180408  ]",0.7096739130434783,0.16130434782608696,7.246376811594203e-05,0.9176470588235294,0.6817279411764706,0.0,0.7094615384615385,0.16103846153846155,7.692307692307693e-05,0.9292083333333333,0.73825,8.333333333333333e-05,0.7096818181818182,0.16140909090909092,0.0,7.033102936763436e-10
3.6,0.06,4099,0.6357142857142857,0.09392925040493325,0.3449285714285714,0.041395245216457086,0.868572166587188,2.0,0.7795759198348818,0.18822079373705458,0.002168039434356672,2.0,0.5322772363763492,0.5284195187903362,0.01979614019203653,8,0.9247753980875278,8,0.571327219373096,0.0029832893591467515,14.0,1.1911692155895413,"[ 1.         -0.3230707   0.35031843 -0.40231348  0.1816661  -0.41631163
  0.33168619 -0.32902918  0.57132722 -0.31031419  0.39642227 -0.39997801
  0.25465324 -0.42898841  0.28378927 -0.32273669  0.53363994 -0.30193749
  0.37770426 -0.40368377  0.33035879 -0.41789331  0.28863174 -0.32227403
  0.43427202 -0.30543185  0.3742099  -0.39905269  0.29538991 -0.38804034
  0.30785227 -0.31368593  0.45723817 -0.29330954  0.34026824 -0.37693214
  0.31104645 -0.39322589  0.37790962 -0.32657412  0.42371931 -0.29097407
  0.30091955 -0.35145898  0.30108807 -0.40318427  0.33668812 -0.31569042
  0.48921521 -0.29425702  0.28304714 -0.34870071  0.26633059 -0.3756269
  0.35382444 -0.31105934  0.43298146 -0.26482685  0.3103931  -0.36720732
  0.22885471 -0.40059753  0.31009594 -0.31518789  0.4540748  -0.27563082
  0.30563036 -0.34653678  0.25786209 -0.37367437  0.29741916 -0.30514978
  0.40554369 -0.30102425  0.33629914 -0.34087849  0.25956336 -0.35342662
  0.28202397 -0.32241778  0.415159   -0.2784809   0.32196095 -0.31999654
  0.27627689 -0.35734377  0.29040067 -0.32258931  0.37747172 -0.28928487
  0.28614648 -0.29515758  0.30111585 -0.35959951  0.2821037  -0.30358018
  0.37814578 -0.28256959  0.28244073 -0.33033785  0.29303028 -0.344336
  0.2957058  -0.31498857  0.33734708 -0.29189377  0.28541039 -0.31277873
  0.28536751 -0.33970492  0.28991584 -0.30410487  0.39595616 -0.27101183
  0.27481782 -0.29627661  0.26456529 -0.32694841  0.31913461 -0.27280189
  0.36077589 -0.28930704  0.27923749 -0.31499461  0.26460516 -0.31065768
  0.28310875 -0.27526903  0.35830875 -0.25863825  0.27510894 -0.3024495
  0.26485642 -0.33312131  0.26064512 -0.25209148  0.31479164 -0.27046944
  0.28807685 -0.30802807  0.25885506 -0.33287005  0.2400543  -0.25413583
  0.37548493 -0.24771469  0.28582111 -0.31632504  0.23388442 -0.31824073
  0.27365289 -0.24554773  0.32112399 -0.22517133  0.27918555 -0.28336064
  0.24392253 -0.31653945  0.2315858  -0.2542675   0.36034101]",0.7288405797101449,0.3565942028985507,0.0005797101449275362,0.9202941176470588,0.7251838235294118,0.0,0.7289615384615384,0.35565384615384615,0.0004230769230769231,0.9253333333333333,0.7360833333333333,0.0,0.7290909090909091,0.35568181818181815,0.0004090909090909091,1.046723372886365e-09
3.6,0.06,5003,0.6434999999999998,0.13531933131881577,0.42242857142857143,0.05779114401472438,0.75007215007215,2.0,0.8721889521295609,0.10777992364154271,0.0008549120656374994,2.0,0.804921953445915,0.21620763245499144,0.0034663505129618488,8,0.933505189022404,8,0.8437424589086356,0.00560944415382996,3.0,1.1294881588999237,"[ 1.         -0.67112766  0.56353505 -0.6671309   0.66720123 -0.66328384
  0.54807317 -0.6653732   0.84374246 -0.66211582  0.56778982 -0.65752939
  0.70246711 -0.654272    0.54473251 -0.65636136  0.8131884  -0.65203463
  0.55172696 -0.65054625  0.69875676 -0.64621952  0.53840378 -0.64830888
  0.78654204 -0.64553117  0.5356641  -0.64463246  0.71001729 -0.63864671
  0.54490724 -0.64132574  0.78817843 -0.63592966  0.54002886 -0.63812901
  0.67208778 -0.63166358  0.52991373 -0.6343426   0.78339873 -0.6294262
  0.52669437 -0.62959684  0.67586287 -0.62361109  0.51919761 -0.62842882
  0.78289643 -0.62030437  0.51988596 -0.62309339  0.6556326  -0.61710763
  0.51607693 -0.6188273   0.77538836 -0.61129252  0.51916367 -0.61515089
  0.65715901 -0.60595709  0.50167309 -0.6133932   0.75943549 -0.60526875
  0.51770201 -0.60864744  0.66152377 -0.59945364  0.49475469 -0.60641006
  0.7396849  -0.59721626  0.50661621 -0.60262366  0.65257666 -0.59295018
  0.50612521 -0.60193531  0.71362822 -0.59226183  0.49601008 -0.5961202
  0.64624793 -0.58644672  0.50562291 -0.59185412  0.7279868  -0.58324999
  0.48839202 -0.58710836  0.62852605 -0.57791456  0.48576233 -0.58284228
  0.71668102 -0.57161977  0.48671038 -0.57654749  0.60272907 -0.56735369
  0.46697111 -0.57431011  0.71510937 -0.56511631  0.48679774 -0.57004403
  0.60923252 -0.56085023  0.46444009 -0.56828634  0.68691398 -0.56016189
  0.47619162 -0.56199155  0.61241794 -0.55183839  0.4638278  -0.55820514
  0.68737103 -0.55115004  0.46488583 -0.55345938  0.60384052 -0.54485525
  0.4590481  -0.54860363  0.65312925 -0.54368723  0.45630842 -0.5454069
  0.59858114 -0.5383518   0.45106035 -0.5416205   0.66225108 -0.53563474
  0.45912415 -0.53783409  0.57942023 -0.53136866  0.44259292 -0.53249866
  0.64084148 -0.52924128  0.45054673 -0.52716323  0.57618956 -0.52652422
  0.44470899 -0.52647489  0.6479346  -0.52428685  0.43673256 -0.52065978
  0.57306887 -0.52002077  0.43624157 -0.51997143  0.6368488 ]",0.7127898550724637,0.3839855072463768,0.0,0.9331985294117647,0.8008455882352942,0.0,0.7126538461538462,0.38369230769230767,3.846153846153846e-05,0.937625,0.7999166666666667,0.0,0.7128181818181818,0.3846818181818182,0.0,0.0
3.6,0.08,101,0.5598571428571428,0.1446398765124992,0.4610714285714286,0.09359255486699042,0.3033568680564389,2.0,0.946306811356059,0.05236433318667833,0.00015500138522515163,2.0,0.6843365646193341,0.17887235750740096,0.0005924239959911672,8,0.9784954049709872,16,0.9608537937490251,0.006876301247813909,3.0,1.0502766026684023,"[ 1.         -0.56950525  0.1647274  -0.46567046  0.76421272 -0.46516584
  0.16360485 -0.56206203  0.95412912 -0.56237285  0.16239201 -0.45871862
  0.7536327  -0.4597546   0.16176746 -0.55501992  0.96085379 -0.55605589
  0.16096234 -0.45607112  0.74812585 -0.45475107  0.15965922 -0.55001639
  0.93192649 -0.54951178  0.15853667 -0.44871157  0.7391767  -0.44974755
  0.15782183 -0.54247628  0.93711057 -0.54310454  0.15719727 -0.44475064
  0.72968296 -0.44465374  0.15598444 -0.53706504  0.91103729 -0.53656042
  0.15477161 -0.4377988   0.72358783 -0.4392425   0.15405677 -0.52993264
  0.91744453 -0.53015319  0.15352249 -0.43333987  0.71092263 -0.43405841
  0.15239994 -0.52302741  0.88674947 -0.52211508  0.15136766 -0.42457661
  0.6988923  -0.42724346  0.15056255 -0.51639301  0.89265871 -0.5153904
  0.14984771 -0.42192911  0.6921623  -0.42264765  0.14863487 -0.51098177
  0.86413912 -0.509254    0.14742204 -0.41456956  0.68198999 -0.4172364
  0.1467072  -0.50393965  0.87045608 -0.50293704  0.14599237 -0.41192206
  0.6777063  -0.41264059  0.14486981 -0.49803041  0.84406536 -0.49671036
  0.14365698 -0.40397423  0.66608369 -0.40582564  0.14303242 -0.49008258
  0.84598771 -0.48948769  0.14231758 -0.40091901  0.65853825 -0.40122983
  0.14119503 -0.48417334  0.81878155 -0.48366873  0.13998219 -0.39346918
  0.64886395 -0.39491287  0.13926736 -0.47704095  0.82478107 -0.47603834
  0.1386428  -0.38950824  0.63896248 -0.38981906  0.13742997 -0.47122199
  0.79870779 -0.47071737  0.13621713 -0.38255641  0.63001333 -0.38440782
  0.13559257 -0.46408959  0.80307644 -0.4634947   0.13487774 -0.37900319
  0.62092731 -0.3789063   0.1336649  -0.45818035  0.776278   -0.45726802
  0.13254235 -0.37114564  0.61206844 -0.37299706  0.13182751 -0.45113824
  0.77811006 -0.45054335  0.13111267 -0.36809043  0.60493072 -0.36840125
  0.12989984 -0.445727    0.75366765 -0.44481467  0.128687   -0.36113859
  0.59557385 -0.36299     0.12797217 -0.43868488  0.755092  ]",0.8802536231884058,0.6225362318840579,0.0005797101449275362,0.9471323529411765,0.798860294117647,0.0,0.8801538461538462,0.6223846153846154,0.0005384615384615384,0.94925,0.8026666666666666,0.0,0.8802727272727273,0.6223636363636363,0.0005909090909090909,1.8979209360813438e-08
3.6,0.08,707,0.5623571428571429,0.11529843707456203,0.5040714285714286,0.06342483097079148,0.23423991760901633,2.0,0.9194536993032107,0.08911704513579095,0.0003231779406048981,2.0,0.5995690987307417,0.21073997383892074,0.001150417808412135,24,0.9354223557358993,24,0.9141742552349934,0.006679837949919772,534.0,1.1584044648719631,"[ 1.         -0.4277598  -0.03335817 -0.42644999  0.81907872 -0.42660635
 -0.02258333 -0.42025882  0.89629523 -0.421303   -0.02778919 -0.42006549
  0.85202543 -0.42214207 -0.03232411 -0.41668236  0.89099353 -0.4159509
 -0.01725478 -0.41663361  0.80765979 -0.41671768 -0.03400225 -0.40941004
  0.91417426 -0.41237444 -0.02433211 -0.41216933  0.79962235 -0.41321351
 -0.02154762 -0.40413023  0.86625735 -0.40695004 -0.03037704 -0.40667264
  0.82812998 -0.40874922 -0.0260338  -0.40062606  0.85999554 -0.40255805
 -0.01977033 -0.40228065  0.77843744 -0.40332483 -0.03037539 -0.39424155
  0.88147293 -0.39713366 -0.02855101 -0.39685626  0.76958447 -0.39974836
 -0.01348167 -0.38984956  0.837035   -0.39178156 -0.03207708 -0.39239197
  0.79010175 -0.39528408 -0.02588591 -0.38538528  0.83084548 -0.38731728
 -0.02051026 -0.38703987  0.74839956 -0.38985969 -0.0302275  -0.37996089
  0.85395391 -0.3838131  -0.02137288 -0.38257559  0.74043441 -0.38450759
 -0.02050861 -0.37645671  0.80514919 -0.37838871 -0.02756239 -0.37722349
  0.76627859 -0.3800433  -0.02751365 -0.37007221  0.79459288 -0.37385213
 -0.01592328 -0.37187139  0.72723985 -0.37461891 -0.03718214 -0.36560793
  0.8222127  -0.36938785 -0.02477625 -0.366447    0.71749907 -0.37015463
 -0.02287958 -0.35929572  0.77340798 -0.36396345 -0.03000566 -0.36191042
  0.74245543 -0.36480253 -0.02559012 -0.35579154  0.76633064 -0.35949917
 -0.02021447 -0.35751843  0.69979313 -0.36033824 -0.02911619 -0.35132726
  0.78855126 -0.35510718 -0.02558847 -0.35305415  0.69094016 -0.35587396
 -0.02642754 -0.34597516  0.75128816 -0.34968279 -0.02985777 -0.34666964
  0.71152974 -0.35044957 -0.02810568 -0.34047847  0.73718058 -0.34425839
 -0.02354556 -0.34035743  0.67078766 -0.34406506 -0.02971153 -0.3359419
  0.75244325 -0.338834   -0.02529599 -0.33589315  0.66371032 -0.33960078
 -0.02339932 -0.32866958  0.71081336 -0.3324495  -0.02963758 -0.33135657
  0.6735738  -0.33513649 -0.02440652 -0.32619781  0.70625489]",0.8752173913043478,0.636195652173913,0.0005797101449275362,0.9418382352941177,0.8038235294117647,0.0,0.8753846153846154,0.6366153846153846,0.0005384615384615384,0.9445416666666666,0.8065416666666667,0.0,0.8755909090909091,0.638090909090909,0.0005454545454545455,4.055068375258353e-08
3.6,0.08,1313,0.5552142857142857,0.049003904467513855,0.555142857142857,0.039032691687970515,0.15870307565586536,2.0,0.4449881062508261,0.3713564407323465,0.0014067228256835723,4.0,0.2660763033490911,0.6021372677221695,0.008793920539227064,16,0.829623440334574,48,0.7553263244912728,0.0040279170314216715,700.0,1.2149445052368297,"[ 1.         -0.13928057 -0.26120105  0.09742875 -0.10160749  0.09551722
 -0.25402669 -0.0969936   0.50332452 -0.08742549 -0.25857307  0.10240087
 -0.14868885  0.10938371 -0.25398398 -0.11125688  0.72606126 -0.11809782
 -0.25408318  0.09517002 -0.12286051  0.08622606 -0.24901186 -0.10369951
  0.59038452 -0.0988197  -0.25355824  0.08397422 -0.10147936  0.08675099
 -0.24872804 -0.11537753  0.71514928 -0.1100155  -0.24365672  0.09387575
 -0.13329026  0.09641141 -0.23882651 -0.07944927  0.49273907 -0.06777813
 -0.24595815  0.08219772 -0.12435319  0.07770094 -0.24347209 -0.11456877
  0.75532632 -0.13078629 -0.23864189  0.08482569 -0.10717811  0.08291417
 -0.23381168 -0.09318762  0.50688938 -0.06721048 -0.24070221  0.08745366
 -0.11909724  0.09467762 -0.23821615 -0.09548906  0.67619295 -0.10232999
 -0.22893876  0.08046393 -0.12091646  0.08299959 -0.22879685 -0.09520523
  0.54941058 -0.09735787 -0.23568738  0.0830919  -0.10236168  0.07625097
 -0.23344243 -0.10478022  0.69947874 -0.10458871 -0.22416504  0.0875818
 -0.104422    0.09973516 -0.22378202 -0.08315796  0.45176513 -0.0663163
 -0.22808729  0.07428296 -0.1299238   0.07423336 -0.22818649 -0.10421258
  0.68153432 -0.12956558 -0.21632384  0.08604641 -0.11298983  0.08154963
 -0.21173475 -0.08986387  0.48466862 -0.06154258 -0.22800187  0.07905668
 -0.1063969   0.08159234 -0.22317166 -0.08958004  0.6049862  -0.09852401
 -0.2110679   0.07958161 -0.11945463  0.08211727 -0.20389354 -0.08929622
  0.4967159  -0.08207226 -0.22040178  0.07728018 -0.09176437  0.06106265
 -0.21346853 -0.09159766  0.61679236 -0.10288577 -0.20839722  0.0822523
 -0.10037491  0.08971736 -0.1986376  -0.08145502  0.42251193 -0.06485447
 -0.21256057  0.07340064 -0.12377368  0.07100689 -0.20562733 -0.09337416
  0.64056038 -0.11217694 -0.20127935  0.08468187 -0.08856875  0.07808205
 -0.19410499 -0.08864315  0.44603883 -0.06945734 -0.210131    0.07348606
 -0.09297322  0.07626284 -0.20271554 -0.08553295  0.57152693]",0.8897101449275362,0.6227898550724638,0.0,0.9515441176470588,0.7910661764705882,0.0,0.8898076923076923,0.6231153846153846,0.0,0.9529583333333334,0.7925,0.0,0.8897727272727273,0.6231818181818182,0.0,0.0
3.6,0.08,2029,0.5834285714285714,0.1481144414130575,0.44885714285714284,0.10979907437995041,0.47854918090969595,2.0,0.9548498751238129,0.0415943530630298,0.000495201114474631,2.0,0.8954076290201943,0.08020268250142959,0.003325607737925961,4,0.9832001188619525,4,0.9733512673778375,0.009828525355535073,3.0,1.006728612624159,"[ 1.         -0.80885216  0.66229215 -0.80823968  0.97335127 -0.80528435
  0.65875019 -0.80467187  0.96565516 -0.80054512  0.65519468 -0.79993264
  0.96150718 -0.7963916   0.65223843 -0.79577912  0.96418626 -0.79282379
  0.64840022 -0.7922113   0.95175031 -0.78867027  0.64455525 -0.78805778
  0.94939331 -0.78451675  0.64130275 -0.78390426  0.94139419 -0.77977752
  0.63715476 -0.77916503  0.9396229  -0.77620971  0.6336128  -0.77559722
  0.92509972 -0.77088477  0.63034676 -0.77027228  0.92658708 -0.76614553
  0.6270875  -0.76553305  0.91858796 -0.76199201  0.623835   -0.76137953
  0.91623096 -0.7584242   0.62058928 -0.75781172  0.90823861 -0.75368497
  0.61703377 -0.75307249  0.9032019  -0.74894574  0.61377451 -0.74833326
  0.89549903 -0.74479222  0.61052201 -0.74417974  0.8907721  -0.74122441
  0.60757253 -0.74061192  0.88632787 -0.73589947  0.60401025 -0.73528698
  0.88574154 -0.73174595  0.60046152 -0.73113346  0.87270634 -0.72759243
  0.59661654 -0.72697994  0.86708392 -0.72343891  0.59306781 -0.72282642
  0.86175097 -0.71928539  0.59011155 -0.7186729   0.85820223 -0.71396044
  0.58654927 -0.71334796  0.85228357 -0.71039263  0.58330355 -0.70978015
  0.84696416 -0.70682482  0.57976159 -0.70621234  0.84163121 -0.70149988
  0.57590307 -0.7008874   0.83540954 -0.69676065  0.5726438  -0.69614817
  0.82533674 -0.69260713  0.56939131 -0.69199464  0.82445417 -0.68845361
  0.56613881 -0.68784112  0.81824604 -0.6848858   0.56259685 -0.68427331
  0.81558603 -0.68014657  0.55844886 -0.67953408  0.80521699 -0.67540734
  0.55518959 -0.67479485  0.79987727 -0.6700824   0.55133108 -0.66946991
  0.79217439 -0.66651459  0.54838159 -0.6659021   0.78833619 -0.66236106
  0.5451291  -0.66174858  0.78271377 -0.65762183  0.54127735 -0.65700935
  0.78271315 -0.6528826   0.5374256  -0.65227012  0.7679005  -0.64872908
  0.53417311 -0.6481166   0.76672169 -0.64457556  0.53062437 -0.64396308
  0.75961806 -0.64042204  0.52766812 -0.63980955  0.75874227]",0.8330434782608696,0.6700362318840579,7.246376811594203e-05,0.9557720588235294,0.8564338235294118,0.0,0.8336923076923077,0.6700384615384616,7.692307692307693e-05,0.9536666666666667,0.850625,0.0,0.8364090909090909,0.6706818181818182,0.0,0.0
3.6,0.08,3001,0.5806071428571428,0.05944525650048254,0.41028571428571436,0.05594567335681053,0.40720481434000744,2.0,0.6072018564937565,0.3211291026179359,0.0021138398995152897,2.0,0.782625951532374,0.21395658195110753,0.003183308102936332,8,0.8153124878017541,8,0.8946686637567279,0.006347741644055916,11.0,1.1101662156938539,"[ 1.         -0.64341122  0.51699978 -0.63870882  0.61526921 -0.63491275
  0.51774556 -0.64138623  0.89466866 -0.62893113  0.51664608 -0.63587407
  0.62585665 -0.63459485  0.51692239 -0.62965772  0.86531897 -0.62723744
  0.51491659 -0.62619295  0.60929336 -0.62766532  0.50468862 -0.62021133
  0.86312001 -0.61711946  0.50677759 -0.61584024  0.59820064 -0.61251363
  0.49883174 -0.62150397  0.85293362 -0.60539095  0.50253124 -0.61324022
  0.5996596  -0.60078512  0.49139694 -0.60839966  0.83841772 -0.60027408
  0.49509644 -0.6049349   0.58833215 -0.59157347  0.48235161 -0.60032907
  0.8330303  -0.59357928  0.49266274 -0.59709904  0.57562891 -0.58601974
  0.48105898 -0.59363428  0.82170285 -0.59007293  0.48133529 -0.58560527
  0.56910043 -0.57315017  0.47429577 -0.5821405   0.81379859 -0.58633186
  0.47846474 -0.58505264  0.56371302 -0.56917436  0.46937783 -0.57336571
  0.79404685 -0.56842858  0.46760675 -0.57855997  0.55537189 -0.55697638
  0.45875458 -0.5623088   0.78661204 -0.56673489  0.4647362  -0.57572522
  0.54931289 -0.55414163  0.45246084 -0.55148662  0.77347194 -0.55819483
  0.45616033 -0.56856096  0.54369074 -0.54492998  0.44569763 -0.54455709
  0.76556767 -0.55354742  0.45167925 -0.55820825  0.53692754 -0.53685939
  0.44349867 -0.5364865   0.7519581  -0.54775896  0.44605711 -0.54990292
  0.52127057 -0.52398982  0.43468808 -0.53502754  0.73972432 -0.54744106
  0.44295182 -0.5486787   0.52135374 -0.51477817  0.43134805 -0.52239271
  0.72406736 -0.53775994  0.4389402  -0.54470289  0.52190636 -0.50395599
  0.4271017  -0.51979269  0.70955146 -0.52284298  0.43331806 -0.53320911
  0.51766001 -0.50021491  0.42423115 -0.5123937   0.70439878 -0.52457248
  0.42155374 -0.52762277  0.50247252 -0.48801694  0.41246683 -0.49449042
  0.69125867 -0.51945561  0.41388421 -0.52502276  0.49366192 -0.48541692
  0.40822048 -0.49303146  0.68130701 -0.5077271   0.4142021  -0.51467004
  0.48485133 -0.47597054  0.40625626 -0.47673871  0.66907323]",0.8387681159420289,0.529927536231884,0.0002536231884057971,0.9322794117647059,0.7450735294117647,0.0,0.8383846153846154,0.5298846153846154,0.00023076923076923076,0.9333333333333333,0.7474583333333333,4.1666666666666665e-05,0.8389090909090909,0.5301363636363636,0.00013636363636363637,4.715235950494069e-09
3.6,0.08,4099,0.5937142857142857,0.08318304134465715,0.3775,0.07134548739358763,0.5488022210661696,2.0,0.871114792101501,0.13289951011065418,0.0008288009597252062,4.0,0.6418162967486746,0.2605627034676183,0.003985828260476613,8,0.9061908715511192,16,0.8825539379056304,0.006850762734100516,3.0,1.1661518093556928,"[ 1.         -0.12198035 -0.59228556 -0.13082442  0.7980635  -0.126127
 -0.59050342 -0.1322347   0.86955271 -0.12925627 -0.58552885 -0.12094545
  0.79320821 -0.1233345  -0.58420277 -0.12803894  0.88255394 -0.12263989
 -0.58140326 -0.12773022  0.78712507 -0.12162954 -0.57548149 -0.12422908
  0.86913875 -0.12444308 -0.57580424 -0.12135941  0.77486757 -0.12687072
 -0.57581126 -0.1189458   0.86000351 -0.11884406 -0.56599544 -0.11926855
  0.76924048 -0.12649886 -0.56561656 -0.12036309  0.83683564 -0.12275215
 -0.56046658 -0.11444133  0.75582529 -0.1234608  -0.56678828 -0.11343098
  0.85678302 -0.12276618 -0.55588493 -0.11547272  0.75728469 -0.12021224
 -0.55371689 -0.10846343  0.81824943 -0.12863884 -0.54842659 -0.10661112
  0.74541309 -0.12022628 -0.54390809 -0.10879319  0.82034029 -0.12240835
 -0.5446869  -0.11058937  0.73129626 -0.1244501  -0.54532538 -0.11091212
  0.81018769 -0.11603754 -0.53442203 -0.09618488  0.72956323 -0.11885108
 -0.53902473 -0.10461147  0.79122961 -0.12134889 -0.53061217 -0.10914401
  0.71341168 -0.11777758 -0.52321698 -0.10002982  0.781077   -0.11918786
 -0.52532889 -0.10175583  0.70325908 -0.11817751 -0.52151202 -0.10362217
  0.77857218 -0.11365901 -0.51450272 -0.0990335   0.69233468 -0.11429749
 -0.51412384 -0.09935625  0.76070163 -0.12061919 -0.51444659 -0.09234696
  0.69200491 -0.10901421 -0.50042098 -0.0947746   0.74781266 -0.1191598
 -0.49653394 -0.09509735  0.66360989 -0.11183477 -0.49973338 -0.09478863
  0.7467111  -0.11464831 -0.49093492 -0.08739344  0.66608665 -0.11177864
 -0.49476583 -0.09192598  0.72947202 -0.11887213 -0.49586038 -0.09263463
  0.64470795 -0.11070514 -0.48457113 -0.08173128  0.72679179 -0.10580074
 -0.48387651 -0.08805297  0.64290475 -0.1100877  -0.48114717 -0.0937432
  0.70814945 -0.11212945 -0.4666655  -0.08729521  0.63913699 -0.11066304
 -0.4726013  -0.08309244  0.70399579 -0.11207332 -0.47011752 -0.07710051
  0.62687949 -0.10608139 -0.46451149 -0.08272058  0.68931766]",0.812463768115942,0.4994927536231884,0.0,0.9425735294117648,0.7669117647058824,0.0,0.8125384615384615,0.49903846153846154,0.0,0.942375,0.7625416666666667,0.0,0.8127727272727273,0.49877272727272726,0.0,0.0
3.6,0.08,5003,0.5840357142857142,0.15699055525341488,0.4938571428571428,0.09934489500354463,0.28498602613409485,2.0,0.8927351703231685,0.07265875012281996,0.00020792862720961142,2.0,0.9432373668396614,0.060653520855506564,0.0008280651141847672,8,0.9752481948922338,8,0.9599222676781656,0.006761767735643509,3.0,1.0908804039129063,"[ 1.         -0.89180986  0.81837551 -0.88892584  0.95193855 -0.88740037
  0.81369383 -0.88383707  0.95992227 -0.8823116   0.80901215 -0.87806902
  0.94542568 -0.87654355  0.8047368  -0.87365953  0.95092077 -0.87213406
  0.80005512 -0.86857076  0.93538304 -0.86704529  0.79537344 -0.86484055
  0.93802764 -0.86331508  0.79109808 -0.8590725   0.92389292 -0.85754703
  0.7864164  -0.85466301  0.92721681 -0.85313754  0.78214104 -0.85025351
  0.91534221 -0.84872805  0.77745936 -0.84380619  0.91201909 -0.84228072
  0.77196503 -0.83871742  0.90408059 -0.83719195  0.76768967 -0.83362865
  0.90518881 -0.83210318  0.76260167 -0.8278606   0.89286343 -0.82633513
  0.75791999 -0.82277183  0.88854361 -0.82124636  0.75283198 -0.8163245
  0.88268741 -0.81479903  0.74774397 -0.81191501  0.8744315  -0.81038954
  0.74306229 -0.80682624  0.8722829  -0.80530077  0.73919326 -0.80309603
  0.86515706 -0.80157056  0.73451158 -0.79732798  0.86043092 -0.79580251
  0.7298299  -0.79291849  0.85868864 -0.79139302  0.72555454 -0.788509
  0.85368955 -0.78698353  0.72127919 -0.78342023  0.84466545 -0.78189476
  0.71619118 -0.77765218  0.83993931 -0.77612671  0.7115095  -0.77392196
  0.83426094 -0.7723965   0.70682782 -0.76747464  0.8287666  -0.76594917
  0.70255246 -0.76374442  0.82779252 -0.76221896  0.69787078 -0.75797637
  0.81727649 -0.75645091  0.69278278 -0.75356688  0.81227739 -0.75204142
  0.68891375 -0.74847811  0.80470076 -0.74695265  0.68382574 -0.74271006
  0.80540265 -0.7411846   0.67873773 -0.73694202  0.79018233 -0.73541655
  0.67405605 -0.7332118   0.79463627 -0.73168634  0.6697807  -0.72744375
  0.78122529 -0.72591829  0.66469269 -0.72167571  0.78156531 -0.72015024
  0.65960468 -0.71590766  0.77141114 -0.71438219  0.65451667 -0.71081889
  0.77034815 -0.70929342  0.64942866 -0.70505084  0.76055585 -0.70352537
  0.64434066 -0.69996207  0.75913098 -0.6984366   0.6400653  -0.69419402
  0.74535813 -0.69266855  0.63497729 -0.68910525  0.74899943]",0.8319202898550725,0.6030797101449276,0.0,0.9655147058823529,0.886985294117647,0.0,0.8321923076923077,0.6031538461538462,0.0,0.9677083333333333,0.89225,0.0,0.8316818181818182,0.6029545454545454,0.0,0.0
3.62,0.04,101,0.7028214285714286,0.13189580670563647,0.42621428571428577,0.16680385340334342,1.2935751500129182,2.0,0.921293300370445,0.07760119165004588,0.0006011265821292401,2.0,0.9105854427787827,0.08519596939682324,0.0005671364086043989,8,0.9614504904175427,8,0.9539792062514375,0.006834849456850793,5.0,1.1007194244604317,"[ 1.         -0.83621928  0.72736626 -0.83082519  0.90553295 -0.82743627
  0.7252449  -0.83229852  0.95397921 -0.82961869  0.72498164 -0.82191413
  0.89724377 -0.81807283  0.71670524 -0.82094238  0.9489115  -0.81716214
  0.71067825 -0.81054552  0.88602101 -0.8097238   0.70278068 -0.81047852
  0.9338317  -0.80894147  0.70523169 -0.79859617  0.8766626  -0.79988928
  0.6965702  -0.79968442  0.92318969 -0.79667434  0.69657614 -0.7917264
  0.86760949 -0.78968838  0.68661858 -0.79147622  0.91394092 -0.7886618
  0.6886658  -0.78204517  0.85720549 -0.78174313  0.68262634 -0.78230843
  0.90032169 -0.77801476  0.68436202 -0.77222935  0.84808508 -0.77365705
  0.67210022 -0.77235802  0.88691057 -0.76909122  0.67320032 -0.76246836
  0.83654455 -0.76401819  0.66158656 -0.76137449  0.87960592 -0.75810769
  0.66678795 -0.75380155  0.82684964 -0.75503983  0.65541843 -0.75316629
  0.86182433 -0.75015621  0.65715411 -0.74469483  0.82318766 -0.74508941
  0.64643886 -0.74282456  0.85284476 -0.73776072  0.65074797 -0.73280654
  0.80663484 -0.73738841  0.63821698 -0.73494037  0.83723905 -0.73103178
  0.64341837 -0.7241522   0.80111475 -0.7294307   0.62955519 -0.72376742
  0.83038054 -0.71972423  0.63149276 -0.71342539  0.79065592 -0.71999372
  0.61980546 -0.71542463  0.81786171 -0.71061751  0.62930379 -0.70437973
  0.77827169 -0.7090102   0.61384546 -0.70643379  0.80214636 -0.69950562
  0.61608834 -0.69250392  0.77332611 -0.70240961  0.60600242 -0.69854961
  0.79629602 -0.69123636  0.60600836 -0.68428948  0.75754345 -0.69225731
  0.59792761 -0.68724206  0.78507326 -0.68204987  0.60254826 -0.67433907
  0.750746   -0.68101706  0.58593469 -0.6776032   0.76968192 -0.67145142
  0.58984625 -0.66444972  0.74060495 -0.67229542  0.57944878 -0.66817246
  0.76068988 -0.66054142  0.58388002 -0.65308734  0.72841014 -0.66240606
  0.57104371 -0.66130892  0.74849507 -0.65246158  0.57501634 -0.64590602
  0.72032286 -0.65388008  0.56461887 -0.6515604   0.74277309]",0.5942391304347826,0.08561594202898551,0.00014492753623188405,0.9131617647058824,0.5933455882352942,0.0,0.5940384615384615,0.0833076923076923,0.00011538461538461538,0.9189583333333333,0.61475,4.1666666666666665e-05,0.5941363636363637,0.08586363636363636,4.545454545454545e-05,3.4945574437920868e-12
3.62,0.04,707,0.66925,0.060606827173182394,0.5068571428571428,0.05747155463215463,0.852248883686652,2.0,0.86866689661729,0.165387339453284,0.0026602650403018215,2.0,0.6115684045724581,0.36580794267504246,0.011331216300707374,16,0.8613707926893,24,0.7840416551183583,0.004328607977081922,8.0,1.171343677781446,"[ 1.         -0.61898528  0.40712416 -0.28137164  0.20689936 -0.26116467
  0.40178473 -0.60736157  0.78235278 -0.61403818  0.41113828 -0.27209944
  0.20796623 -0.26117907  0.38432164 -0.60074003  0.77353989 -0.60461769
  0.39151264 -0.26562619  0.21011438 -0.27215452  0.39713424 -0.60861994
  0.78404166 -0.6001587   0.38299632 -0.26455933  0.20346403 -0.25609809
  0.37441307 -0.60106542  0.74185753 -0.60263224  0.39659362 -0.25961222
  0.19990923 -0.25503122  0.36466719 -0.59228134  0.73997716 -0.60343134
  0.38621134 -0.25470837  0.19385204 -0.25892586  0.36062426 -0.58334897
  0.73283869 -0.59312112  0.40069837 -0.25319664  0.19659334 -0.2325448
  0.34405091 -0.57289045  0.71503577 -0.58836555  0.38382844 -0.24195343
  0.18498149 -0.24400836  0.33799372 -0.56056597  0.70480178 -0.57574449
  0.36833636 -0.23582001  0.18787108 -0.22814347  0.33409908 -0.55133702
  0.69982587 -0.57408446  0.36350873 -0.23106445  0.18830154 -0.2156707
  0.32833847 -0.55847548  0.67956382 -0.56313783  0.34727521 -0.23107886
  0.18288076 -0.21814423  0.34424661 -0.54241905  0.65684264 -0.56639606
  0.3256353  -0.22568689  0.19136827 -0.2150631   0.34609818 -0.54273004
  0.67599461 -0.55697557  0.34493556 -0.22786384  0.18300024 -0.20490117
  0.31654952 -0.51620069  0.63779575 -0.54651706  0.33067304 -0.23052892
  0.18544496 -0.19503581  0.31869767 -0.52456872  0.62480605 -0.54746445
  0.34161967 -0.21835272  0.18897096 -0.20325555  0.31775028 -0.52119101
  0.65212009 -0.53528825  0.34175355 -0.21807055  0.18060294 -0.18906509
  0.28775676 -0.49943163  0.61563892 -0.53161397  0.32286936 -0.20574606
  0.16574726 -0.18553909  0.29899997 -0.50101543  0.61204086 -0.51186885
  0.32703176 -0.21441067  0.15954179 -0.18093182  0.29805258 -0.48372944
  0.62269092 -0.51930389  0.30583673 -0.2011532   0.16523033 -0.17076989
  0.2824122  -0.4778926   0.5926974  -0.51051981  0.30582232 -0.20858823
  0.16521593 -0.17294684  0.28549333 -0.46925681  0.58634363]",0.6617028985507246,0.11710144927536231,7.246376811594203e-05,0.9339705882352941,0.7064705882352941,0.0,0.6633461538461538,0.11788461538461538,7.692307692307693e-05,0.9337916666666667,0.7062916666666667,0.0,0.6658636363636363,0.11672727272727272,4.545454545454545e-05,8.785652298115865e-11
3.62,0.04,1313,0.7164642857142857,0.02641358165638215,0.42850000000000005,0.04749323260062577,1.2593329318114725,4.0,0.1991110364423928,0.7807588620001287,0.04211184421924429,2.0,0.5684713272674284,0.42252529228317676,0.01571671308664855,16,0.47007175255879513,8,0.7368633722311065,0.011232011737246172,18.0,1.1983619656412305,"[ 1.         -0.41739617  0.20298653 -0.41006492  0.54123913 -0.38463591
  0.2149415  -0.42819371  0.73686337 -0.43827937  0.22689646 -0.39407176
  0.55542727 -0.39578147  0.19678167 -0.41174137  0.73589879 -0.40441012
  0.22615355 -0.38192615  0.55015596 -0.37662159  0.18427443 -0.40434584
  0.69489114 -0.38615276  0.21659135 -0.39012667  0.54919138 -0.36876688
  0.18964327 -0.40146286  0.66949538 -0.40679845  0.22444606 -0.36802176
  0.54506009 -0.36339804  0.18799785 -0.38230299  0.65291892 -0.38379103
  0.23568916 -0.37170971  0.54453885 -0.36935019  0.18589325 -0.38056003
  0.60399449 -0.39697912  0.22476527 -0.36136913  0.54311509 -0.34317605
  0.17971943 -0.3874147   0.5930706  -0.3771384   0.23827256 -0.34627848
  0.53603876 -0.3303496   0.17105974 -0.37322656  0.59459189 -0.37403376
  0.22101525 -0.34838308  0.50950298 -0.32612078  0.16737179 -0.37126193
  0.57122283 -0.38066675  0.23248001 -0.34505676  0.51351014 -0.31646104
  0.15576706 -0.36951898  0.56278481 -0.36218772  0.2294729  -0.34874472
  0.51457226 -0.31539893  0.16226008 -0.37184524  0.53354149 -0.37174992
  0.24366104 -0.35265434  0.50591257 -0.31139177  0.15608626 -0.34001853
  0.53845116 -0.37634039  0.2200703  -0.35814732  0.52485077 -0.28295343
  0.16009342 -0.3642901   0.54199914 -0.36419478  0.24013269 -0.36093275
  0.50962015 -0.29976741  0.16680811 -0.34422772  0.50415821 -0.36381351
  0.22784711 -0.37253749  0.5104606  -0.29507941  0.16289849 -0.35356825
  0.50499865 -0.33379182  0.23185427 -0.3667253   0.5038276  -0.2897264
  0.15309879 -0.33011748  0.48660133 -0.32436959  0.21979036 -0.37426081
  0.4732226  -0.28391421  0.16275852 -0.32362446  0.48042751 -0.32669585
  0.20501892 -0.35057254  0.46614627 -0.2760595   0.16201561 -0.344951
  0.46385104 -0.31160521  0.20427601 -0.33367687  0.45997245 -0.2901501
  0.16375857 -0.32579112  0.47192742 -0.30511218  0.19719968 -0.35183669
  0.44904856 -0.26940687  0.16866824 -0.3335483   0.44901753]",0.5671376811594203,0.006231884057971014,0.0,0.9610661764705882,0.7909191176470588,0.0,0.5671923076923077,0.006153846153846154,0.0,0.9627083333333334,0.7969583333333333,0.0,0.5680454545454545,0.005545454545454545,0.0,0.0
3.62,0.04,2029,0.7026071428571428,0.11660903520669715,0.4135,0.1316104913316998,1.3520412447987558,2.0,0.8261023200745793,0.11603216629731601,0.0010065410179541567,2.0,0.6310513348844148,0.19259463833937465,0.003197221006200187,8,0.9502426368290079,8,0.9310463363690907,0.006461742278477392,3.0,1.0663105544299134,"[ 1.00000000e+00 -4.63997282e-01  7.96586371e-03 -4.54041716e-01
  8.71351452e-01 -4.54556317e-01  2.22047971e-02 -4.55790510e-01
  9.31046336e-01 -4.57280375e-01  1.66889692e-02 -4.49854721e-01
  8.70288930e-01 -4.48981684e-01  9.89684472e-03 -4.50255053e-01
  9.19412615e-01 -4.50769654e-01  1.10346662e-02 -4.43756374e-01
  8.54737658e-01 -4.41534875e-01  9.39721277e-03 -4.42412365e-01
  9.06073728e-01 -4.45964099e-01  1.28030895e-02 -4.38688961e-01
  8.47473036e-01 -4.38339639e-01  1.17677017e-02 -4.36949074e-01
  8.91068852e-01 -4.42618346e-01  1.65055454e-02 -4.36073110e-01
  8.41278523e-01 -4.31488710e-01  9.75259641e-03 -4.34110541e-01
  8.82059889e-01 -4.34981845e-01  1.50141547e-02 -4.30086104e-01
  8.28914901e-01 -4.31330606e-01  2.95601828e-03 -4.25966820e-01
  8.70766376e-01 -4.32048466e-01  1.66712371e-02 -4.26835197e-01
  8.14227552e-01 -4.21838424e-01  6.00073815e-03 -4.21534463e-01
  8.60765654e-01 -4.27822296e-01  1.35695272e-02 -4.22307994e-01
  8.05352610e-01 -4.17105034e-01  5.37327035e-03 -4.18862941e-01
  8.50859779e-01 -4.22470345e-01  1.78905437e-02 -4.18811725e-01
  8.00545735e-01 -4.14132479e-01  6.69633008e-03 -4.14541925e-01
  8.39360079e-01 -4.17887471e-01  2.42342530e-02 -4.15092774e-01
  7.89887278e-01 -4.07415572e-01  1.07328087e-02 -4.07262127e-01
  8.25045928e-01 -4.11733454e-01  1.44005427e-02 -4.06782042e-01
  7.88150525e-01 -4.03585280e-01 -2.81226482e-03 -4.03899880e-01
  8.12119415e-01 -4.04303140e-01  1.59071087e-02 -3.99502244e-01
  7.71663165e-01 -4.00278703e-01 -3.93045730e-03 -3.95890181e-01
  7.99811463e-01 -3.95936738e-01  1.04589925e-02 -3.92785337e-01
  7.64208851e-01 -3.93561795e-01 -4.12905647e-03 -3.88103164e-01
  7.91571577e-01 -3.91861084e-01  1.12356571e-02 -3.87940606e-01
  7.54921536e-01 -3.88003658e-01 -1.09072840e-04 -3.84646070e-01
  7.77502789e-01 -3.84224583e-01  1.19566513e-02 -3.81747413e-01
  7.48030112e-01 -3.85561003e-01 -3.64583698e-03 -3.76898228e-01
  7.66114430e-01 -3.78499434e-01  1.04260851e-02 -3.77972792e-01
  7.35722159e-01 -3.77099755e-01 -6.99290923e-03 -3.71997827e-01
  7.54274521e-01 -3.71219636e-01  1.29635853e-02 -3.70336291e-01
  7.20566766e-01 -3.72667398e-01 -2.71106832e-03 -3.66891239e-01
  7.42941833e-01 -3.64669740e-01  1.05917769e-02 -3.67196725e-01
  7.16077419e-01 -3.66379359e-01 -2.71997559e-03 -3.60302167e-01
  7.35042155e-01 -3.59111603e-01  1.29065953e-02 -3.60083939e-01
  7.03190082e-01 -3.61328441e-01 -8.76294080e-05 -3.57201777e-01
  7.22115642e-01 -3.52037992e-01  7.14095139e-03 -3.52185581e-01
  6.92174921e-01 -3.55642468e-01 -1.20582189e-03 -3.51159100e-01
  7.08665414e-01]",0.596231884057971,0.14144927536231883,0.0005434782608695652,0.919485294117647,0.6750735294117647,0.0001838235294117647,0.5999230769230769,0.14111538461538461,0.0006153846153846154,0.9197916666666667,0.6817083333333334,0.000125,0.6021818181818182,0.14118181818181819,0.0006818181818181819,3.072469553802053e-11
3.62,0.04,3001,0.6910000000000001,0.06194236952891891,0.4056428571428572,0.08328274314719977,1.2635289900847841,4.0,0.3906422520779782,0.39775131003525954,0.008193376262805509,4.0,0.4395197501138804,0.4220248832836035,0.01571508092087734,16,0.81038387072753,8,0.8039989983410422,0.005626185907258993,10.0,1.0912759415833975,"[ 1.         -0.06123753 -0.35725964 -0.18419809  0.44747457 -0.18129607
 -0.34647275 -0.08106784  0.803999   -0.0678095  -0.33442359 -0.18544662
  0.43655896 -0.1927266  -0.35212303 -0.07808087  0.80029214 -0.07981305
 -0.34797186 -0.19911112  0.42810168 -0.19254662 -0.37723179 -0.07589936
  0.77769982 -0.06321404 -0.33921274 -0.17965509  0.4293615  -0.18865413
 -0.35886369 -0.06576983  0.76420157 -0.05726191 -0.32851019 -0.19303712
  0.43045508 -0.1705685  -0.3614326  -0.05998394  0.75499693 -0.04626881
 -0.33468347 -0.18113042  0.42960524 -0.19098495 -0.36028091 -0.06621534
  0.72816911 -0.05753308 -0.31442198 -0.17940571  0.4204006  -0.17965127
 -0.36073206 -0.06860991  0.72880589 -0.04305183 -0.32380095 -0.18157593
  0.41622885 -0.18897213 -0.35666524 -0.06191043  0.72372053 -0.04762227
 -0.32367908 -0.15788439  0.41211521 -0.17758033 -0.35505675 -0.04388291
  0.71394288 -0.04349734 -0.32355721 -0.16388334  0.41275199 -0.17591373
 -0.3512724  -0.06899167  0.70113386 -0.03313537 -0.30449987 -0.16381958
  0.40251753 -0.17281863 -0.35544415 -0.06589656  0.6764238  -0.03473257
 -0.31067315 -0.15242779  0.39068023 -0.18305308 -0.35177602 -0.07258475
  0.68015004 -0.02780064 -0.30379933 -0.15539539  0.39400778 -0.16319027
 -0.34730242 -0.07228855  0.65721715 -0.02407439 -0.30207462 -0.1449753
  0.39773403 -0.17548437 -0.33030472 -0.06650266  0.66712232 -0.00953503
 -0.27923857 -0.13340918  0.39482454 -0.17221493 -0.34345431 -0.07765072
  0.65139818 -0.02056686 -0.28729717 -0.13271429  0.3939747  -0.16888738
 -0.32834192 -0.0758679   0.65003342 -0.01890026 -0.29272309 -0.14437725
  0.36571837 -0.17357404 -0.32370208 -0.07231599  0.62166087 -0.01437664
 -0.26983702 -0.13745342  0.36966896 -0.17419953 -0.32547361 -0.08135438
  0.62349371 -0.01609006 -0.28218923 -0.12812127  0.3649823  -0.16298207
 -0.31110858 -0.06641633  0.61268623 -0.00630111 -0.27709259 -0.1308064
  0.36287019 -0.16463738 -0.3137356  -0.07934156  0.60079082]",0.6190579710144928,0.05452898550724638,0.00018115942028985507,0.8969117647058824,0.5258455882352941,0.0,0.6221538461538462,0.05426923076923077,0.00023076923076923076,0.8917083333333333,0.5150833333333333,0.0,0.6260909090909091,0.0535,9.09090909090909e-05,8.109897858861569e-12
3.62,0.04,4099,0.6979285714285713,0.09618246371626489,0.3955,0.1202279085736752,1.6035373960803143,2.0,0.7785042882155082,0.17697906038116945,0.0018596492058131082,2.0,0.6537939587461332,0.2365906490073726,0.00213539512183723,8,0.923491108069411,16,0.9050436707656656,0.006071771466600848,3.0,1.14400826446281,"[ 1.         -0.49164711  0.13349883 -0.48001628  0.73243042 -0.47748281
  0.15750171 -0.4883137   0.88325024 -0.49179901  0.16843178 -0.47226174
  0.72116007 -0.47909493  0.14672552 -0.47882962  0.90504367 -0.48725646
  0.14361671 -0.47236917  0.72226579 -0.47185678  0.14484408 -0.47525314
  0.87849906 -0.47849138  0.15447206 -0.46620827  0.71434333 -0.47131193
  0.14118864 -0.4680817   0.87850529 -0.48019245  0.1469301  -0.46088001
  0.71147359 -0.46160301  0.14150865 -0.46526868  0.85735188 -0.47542506
  0.15733577 -0.45516879  0.69970909 -0.46130523  0.13315875 -0.45484077
  0.84873267 -0.47288136  0.15940756 -0.44943533  0.69701971 -0.45036093
  0.13001969 -0.45550906  0.84213454 -0.46074615  0.14928365 -0.44718318
  0.69336427 -0.45480208  0.13346275 -0.44020633  0.82259949 -0.4661756
  0.16040832 -0.43682198  0.67654706 -0.44563179  0.13423244 -0.43943664
  0.8154405  -0.45776878  0.15005957 -0.43454759  0.67774419 -0.43998728
  0.12309799 -0.43502751  0.80134113 -0.45311257  0.15323332 -0.42667939
  0.66052178 -0.43079475  0.12287938 -0.42830575  0.79397954 -0.45407241
  0.1463214  -0.42027141  0.66607734 -0.4242064   0.12257182 -0.42070686
  0.77192925 -0.44247583  0.15600808 -0.41873825  0.65606462 -0.42094371
  0.12284736 -0.41198625  0.75964836 -0.44094267  0.14092041 -0.4105785
  0.65404976 -0.41698426  0.11768722 -0.40854319  0.74527968 -0.43550076
  0.15006846 -0.40639422  0.64123024 -0.40830812  0.11695221 -0.39719368
  0.73587476 -0.43234925  0.13567755 -0.39583041  0.64534782 -0.40392123
  0.11071482 -0.39676001  0.72323561 -0.42329014  0.15441711 -0.39732888
  0.62682331 -0.39288551  0.11507947 -0.38916113  0.70338678 -0.42083539
  0.1402955  -0.39417737  0.62651575 -0.38865674  0.10994157 -0.38293351
  0.69676641 -0.41042972  0.14054881 -0.38794976  0.61398779 -0.38445022
  0.10972295 -0.37796352  0.68471036 -0.40566233  0.13792614 -0.38266598
  0.61062389 -0.37599892  0.10750549 -0.36906254  0.66717416]",0.6038768115942029,0.0978623188405797,0.00032608695652173916,0.9034191176470588,0.5876102941176471,0.0,0.6045384615384616,0.09746153846153846,0.0002692307692307692,0.9073333333333333,0.599375,0.0,0.6057727272727272,0.09804545454545455,0.0,0.0
3.62,0.04,5003,0.6767142857142858,0.12458039777671318,0.49985714285714283,0.13204428756122327,0.8866962555803757,2.0,0.915203647115084,0.07876498237119516,0.0004986429903703447,2.0,0.8528825329393015,0.1344921070885865,0.001420676793302385,16,0.9561172561914448,16,0.9332216426107571,0.006434513240812142,3.0,1.0851294774383626,"[ 1.         -0.76464712  0.59770538 -0.71610314  0.81994945 -0.71671765
  0.59401719 -0.75707001  0.92093277 -0.75379267  0.59729512 -0.71180164
  0.8119609  -0.70442936  0.59340092 -0.75072075  0.93322164 -0.74519081
  0.58664255 -0.69930734  0.80007933 -0.70197019  0.57762983 -0.74355156
  0.90966744 -0.73781386  0.58070468 -0.69254607  0.79311729 -0.69070373
  0.57168962 -0.73392319  0.90516048 -0.72736791  0.57947625 -0.68394187
  0.77918912 -0.68394246  0.56759526 -0.72900542  0.88529447 -0.71999155
  0.56698251 -0.67697693  0.78021504 -0.67431409  0.55755895 -0.71876314
  0.88570412 -0.70995526  0.56575349 -0.66755456  0.76198477 -0.66816731
  0.55182651 -0.71179644  0.86215109 -0.70380791  0.55530927 -0.66058728
  0.7619871  -0.65792561  0.54076485 -0.70257891  0.86296983 -0.6933602
  0.55592434 -0.6509595   0.74908311 -0.65341693  0.53400765 -0.6960213
  0.8388017  -0.68864785  0.54834604 -0.64727191  0.74805951 -0.64522415
  0.53093512 -0.68844303  0.83900535 -0.67615356  0.53830798 -0.63314011
  0.73208066 -0.63641746  0.51946263 -0.68148043  0.82159325 -0.67001088
  0.53728379 -0.63006702  0.72716521 -0.62617576  0.51475084 -0.67144473
  0.81134918 -0.66079394  0.53216117 -0.61675456  0.71425946 -0.62023558
  0.50614896 -0.66181636  0.79803845 -0.65423632  0.51966801 -0.60917453
  0.7165138  -0.60937879  0.49631689 -0.65464659  0.79537383 -0.64235829
  0.5141363  -0.59627115  0.6960286  -0.6013926   0.49201361 -0.64235888
  0.77202154 -0.63314134  0.50225531 -0.59115031  0.69152223 -0.58848805
  0.48095137 -0.63211835  0.76566932 -0.62536058  0.49549343 -0.57681485
  0.67902498 -0.58336896  0.47746859 -0.62228632  0.74580213 -0.6173703
  0.48504745 -0.56964507  0.67226602 -0.57169342  0.46845528 -0.61347963
  0.74395568 -0.60999803  0.48197434 -0.56001904  0.66222854 -0.5673925
  0.4621054  -0.60651469  0.72818577 -0.60077991  0.47337128 -0.55489761
  0.65669858 -0.55674054  0.45678086 -0.59852499  0.72183648]",0.6473188405797101,0.09768115942028986,7.246376811594203e-05,0.9262867647058823,0.6653308823529411,0.0,0.6480769230769231,0.09711538461538462,0.0,0.9279166666666666,0.6722083333333333,0.0,0.65,0.098,0.0,0.0
3.62,0.06,101,0.6756785714285715,0.1407774468472004,0.36300000000000004,0.08457203185113014,0.9322745645707018,2.0,0.6755012112473726,0.1378474777810189,0.0003045805294458146,4.0,0.5900813104635289,0.18281681540779562,0.0005329050846931682,8,0.969325314278259,8,0.9851395130525101,0.007031734500562619,6.0,1.3091190108191655,"[ 1.         -0.20016558 -0.50691833 -0.20311922  0.82759582 -0.19930194
 -0.50342821 -0.2018661   0.98513951 -0.19754948 -0.50230491 -0.20200112
  0.81972597 -0.19668584 -0.49931412 -0.200748    0.97540216 -0.19480356
 -0.49719216 -0.20038369  0.81048795 -0.19443925 -0.49307288 -0.19850141
  0.96403699 -0.1926868  -0.49108075 -0.1981371   0.80211876 -0.19232249
 -0.48945813 -0.19688398  0.95429964 -0.19044021 -0.4878355  -0.19651966
  0.79238141 -0.1900759  -0.48321689 -0.19463739  0.94356362 -0.18819362
 -0.48109493 -0.19427307  0.78264406 -0.18782931 -0.47747498 -0.1923908
  0.93182895 -0.18594703 -0.47585236 -0.19202648  0.77340604 -0.18558272
 -0.47173308 -0.19014421  0.92009427 -0.18370044 -0.47047996 -0.18965007
  0.76429784 -0.18270697 -0.46722951 -0.18763797  0.90861925 -0.18019554
 -0.46560689 -0.1866445   0.7558188  -0.1797014  -0.46372461 -0.18463239
  0.89814289 -0.17718997 -0.46160265 -0.18426808  0.74671061 -0.17682565
 -0.45835221 -0.18225598  0.88653804 -0.17431422 -0.45623025 -0.18189167
  0.73760241 -0.17394991 -0.45211097 -0.18000939  0.87580203 -0.17206763
 -0.44998901 -0.17964508  0.72786506 -0.17170332 -0.44586973 -0.1777628
  0.86406735 -0.16982104 -0.44374778 -0.17739849  0.71812771 -0.16945673
 -0.4396285  -0.17551621  0.85133401 -0.16757445 -0.43750654 -0.1751519
  0.70839036 -0.16721014 -0.43338726 -0.17326962  0.83959934 -0.16532786
 -0.4312653  -0.17290531  0.698653   -0.16496355 -0.42714602 -0.17102303
  0.82786466 -0.16308127 -0.42502407 -0.17065872  0.68891565 -0.16271696
 -0.42090479 -0.16877644  0.81662932 -0.16083468 -0.41878283 -0.16841213
  0.6791783  -0.16047037 -0.41466355 -0.16652985  0.80439531 -0.15858809
 -0.41254159 -0.16616554  0.66944095 -0.15822378 -0.40842231 -0.16428326
  0.79415863 -0.1563415  -0.40630036 -0.16391895  0.6597036  -0.15597719
 -0.40218108 -0.16203667  0.78092596 -0.15409491 -0.40005912 -0.1610432
  0.65009607 -0.15360077 -0.39730801 -0.15916092  0.77031977]",0.648731884057971,0.216268115942029,0.0,0.9501838235294118,0.7559191176470588,0.0,0.649,0.21353846153846154,0.0,0.9524583333333333,0.7705833333333333,0.0,0.6493181818181818,0.2154090909090909,0.0,0.0
3.62,0.06,707,0.63425,0.0712964760699994,0.5010714285714286,0.034052405590950734,0.578823463533764,2.0,0.9105237891896,0.11739312814084236,0.0015471338695151238,4.0,0.47727750894172116,0.4544011346115441,0.029829051553809317,16,0.9181913766846943,8,0.8398302874114117,0.013649707658767595,9.0,1.2092742630580935,"[ 1.         -0.0810046  -0.43526848 -0.124325    0.61185222 -0.12412983
 -0.43520813 -0.06266527  0.83983029 -0.08101592 -0.42295991 -0.11503041
  0.602667   -0.13639502 -0.42283357 -0.06254459  0.82147116 -0.0747353
 -0.4258532  -0.09341594  0.56268209 -0.13332637 -0.43208479 -0.053316
  0.79682009 -0.08405252 -0.42907648 -0.08117337  0.5502849  -0.12724374
 -0.42908214 -0.03189952  0.75971715 -0.08419583 -0.43229976 -0.07207678
  0.54090168 -0.13361299 -0.43853136 -0.03210884  0.75642786 -0.08125917
 -0.42628314 -0.06304618  0.51297264 -0.13998224 -0.42334082 -0.01075836
  0.73465877 -0.09378836 -0.42649245 -0.04778965  0.50358942 -0.14313953
 -0.42341814 -0.00467574  0.70686173 -0.10002561 -0.41424989 -0.04478699
  0.4942722  -0.15560272 -0.40200167  0.00140689  0.70062448 -0.09702296
 -0.40200732 -0.04178434  0.49111492 -0.16177397 -0.39893301  0.00139557
  0.6974672  -0.10634018 -0.39900467 -0.03570171  0.4817977  -0.16178528
 -0.37738454  0.0075442   0.67904207 -0.12161934 -0.35884438 -0.03250106
  0.46651853 -0.17713044 -0.36808995  0.01375882  0.654457   -0.12471062
 -0.36501564 -0.01711253  0.46034728 -0.1832357  -0.34647548  0.0138135
  0.65759165 -0.13396185 -0.35270707 -0.001724    0.44801609 -0.18645898
 -0.35277873  0.03215001  0.63280859 -0.13095919 -0.35586436 -0.00796125
  0.4356189  -0.18345632 -0.35901598  0.03207269  0.62349137 -0.1218626
 -0.35902164  0.00120135  0.42014174 -0.18346764 -0.36518723  0.03822132
  0.59576033 -0.12180791 -0.35903295  0.02274982  0.40473058 -0.18655892
 -0.34671873  0.04744991  0.59266904 -0.12797916 -0.34980436  0.01657856
  0.38931942 -0.1804763  -0.35295598  0.05353254  0.57103195 -0.12196254
 -0.35302764  0.02259519  0.38609614 -0.17747364 -0.34687336  0.05037525
  0.56171473 -0.12197385 -0.34071908  0.0195039   0.37068498 -0.17748495
 -0.3345648   0.05960385  0.54630357 -0.13122507 -0.32841052  0.01647862
  0.36457973 -0.18975015 -0.32835017  0.0628045   0.54635825]",0.7314130434782609,0.3680072463768116,0.0,0.9392279411764706,0.717389705882353,0.0,0.7324615384615385,0.36853846153846154,0.0,0.9420416666666667,0.73675,0.0,0.7328636363636364,0.3710909090909091,0.0,0.0
3.62,0.06,1313,0.60825,0.042202424608749005,0.5631428571428571,0.032050979799726056,0.41941636093996615,2.0,0.4920452017425826,0.42185640730507895,0.008114634822019755,4.0,0.42623751220611417,0.5062709574489395,0.07277875471946747,8,0.8443223028218791,8,0.8696215148487876,0.018143154741577103,407.0,1.1686925585532166,"[ 1.00000000e+00 -3.88408183e-02 -3.86744733e-01 -6.36577059e-02
  6.56679797e-01 -6.23104169e-02 -3.89354509e-01 -5.23609345e-02
  8.69621515e-01 -2.66771864e-02 -3.95440923e-01 -6.88772591e-02
  6.27123785e-01 -4.06307329e-02 -4.17261602e-01 -5.59315684e-02
  8.17377963e-01 -1.98179094e-02 -4.05964831e-01 -6.54946190e-02
  6.09646603e-01 -4.67641449e-02 -4.43340977e-01 -6.81043956e-02
  7.80868677e-01 -1.89980474e-02 -4.19051517e-01 -7.16280311e-02
  5.89606643e-01 -3.55143720e-02 -4.49474389e-01 -7.07611706e-02
  7.64305354e-01 -6.83441558e-03 -4.38177618e-01 -7.68475842e-02
  5.77433816e-01 -2.07879620e-02 -4.59084438e-01 -9.42777677e-02
  7.19928935e-01  9.38720371e-04 -4.47787667e-01 -7.60277223e-02
  5.60870493e-01 -2.58491508e-03 -4.47834665e-01 -9.69345427e-02
  6.82505790e-01  8.71185633e-03 -4.36537894e-01 -8.21611343e-02
  5.37353896e-01  8.66485787e-03 -4.50491440e-01 -1.10021229e-01
  6.48559282e-01  1.64849923e-02 -4.42671306e-01 -9.17711834e-02
  5.13837299e-01  3.38211788e-02 -4.49671578e-01 -9.52948188e-02
  6.42425870e-01  2.42581282e-02 -4.55757992e-01 -9.09513214e-02
  5.00750613e-01  4.94614476e-02 -4.38421805e-01 -1.01428231e-01
  6.15432636e-01  3.89845382e-02 -4.44508219e-01 -1.04038007e-01
  4.98093838e-01  7.02272727e-02 -4.16742122e-01 -1.00608369e-01
  6.02345950e-01  4.32810371e-02 -4.36735083e-01 -1.17124693e-01
  4.78967737e-01  7.89142676e-02 -4.08968986e-01 -1.06741781e-01
  5.78829352e-01  5.01403142e-02 -4.30789665e-01 -1.25085823e-01
  4.52709563e-01  7.69925529e-02 -4.00460789e-01 -1.15616770e-01
  5.63001090e-01  4.21791845e-02 -4.14414336e-01 -1.43476864e-01
  4.38709018e-01  6.99452820e-02 -3.90124875e-01 -1.22664041e-01
  5.59430456e-01  3.86085505e-02 -3.96211289e-01 -1.46133639e-01
  4.39528880e-01  8.21089138e-02 -3.77961243e-01 -1.24406957e-01
  5.43780992e-01  5.77254564e-02 -3.91000931e-01 -1.43486059e-01
  4.21316638e-01  9.51864045e-02 -3.75313664e-01 -1.20845518e-01
  5.19529334e-01  8.21467169e-02 -3.67493529e-01 -1.41752339e-01
  4.05667174e-01  9.34434883e-02 -3.59673395e-01 -1.19111797e-01
  5.08270366e-01  7.43643856e-02 -3.47462765e-01 -1.42581396e-01
  3.95322064e-01  8.65750159e-02 -3.45682045e-01 -1.29456907e-01
  4.90058124e-01  7.00586913e-02 -3.27432000e-01 -1.39933816e-01
  3.83149237e-01  9.17853737e-02 -3.30041776e-01 -1.41629734e-01
  4.67455386e-01  7.87456861e-02 -3.15268368e-01 -1.41676732e-01
  3.70976410e-01  9.69957315e-02 -3.21354782e-01 -1.43372650e-01
  4.58759195e-01  9.43859550e-02 -3.07495232e-01 -1.33903596e-01
  3.67405776e-01  1.03855009e-01 -3.03151735e-01 -1.39076151e-01
  4.38719235e-01]",0.7835869565217392,0.41231884057971013,0.0,0.9714338235294118,0.8513235294117647,0.0,0.7851923076923077,0.41407692307692306,0.0,0.9643333333333334,0.828625,0.0,0.7917727272727273,0.42822727272727273,0.0,0.0
3.62,0.06,2029,0.6524285714285714,0.15293963061366694,0.4474285714285714,0.15399615685636642,1.0203170458535267,2.0,0.964284245840346,0.03454642230741228,0.0001610527328804344,2.0,0.9564437260052535,0.04353856880410293,0.0005123144837518117,4,0.9792713068705884,8,0.9789361831343337,0.006910610715282208,7.0,1.125404240028746,"[ 1.         -0.91470885  0.85180975 -0.91291795  0.96417133 -0.90928113
  0.84926346 -0.90987658  0.97893618 -0.90474926  0.84384805 -0.90386195
  0.95468814 -0.89932929  0.83962968 -0.89903663  0.96673447 -0.89390932
  0.83527621 -0.89360892  0.94235133 -0.889084    0.82985305 -0.88937825
  0.95727453 -0.88484558  0.82670436 -0.88455292  0.93122705 -0.87912441
  0.82070204 -0.88031451  0.94539725 -0.87548839  0.81724442 -0.87459334
  0.92160876 -0.87006842  0.81197186 -0.86976802  0.93396403 -0.86553655
  0.80868032 -0.86493495  0.91110236 -0.86189279  0.80267026 -0.86129893
  0.92465468 -0.85706747  0.79981503 -0.85557776  0.89981974 -0.85194095
  0.79410616 -0.85164055  0.9139822  -0.84711563  0.79094973 -0.84591938
  0.8900431  -0.84169565  0.78325984 -0.8408006   0.90253349 -0.83627568
  0.78130821 -0.83507943  0.87844379 -0.83085571  0.77407012 -0.82996066
  0.89093417 -0.82543574  0.77015295 -0.82394603  0.86864392 -0.81942111
  0.76306545 -0.81882726  0.87978666 -0.8142946   0.76126442 -0.81400194
  0.85599816 -0.80857343  0.75479481 -0.80917662  0.86819509 -0.8037481
  0.75102824 -0.80316199  0.84590484 -0.79773348  0.74379015 -0.79804322
  0.85688923 -0.79231351  0.74107777 -0.7920286   0.83445613 -0.78659234
  0.73399802 -0.78750447  0.84468752 -0.78117237  0.73068325 -0.78148985
  0.82270621 -0.7754512   0.72346065 -0.77725918  0.83445135 -0.77062587
  0.72089887 -0.77124456  0.81096405 -0.7649047   0.71427092 -0.76672043
  0.82270918 -0.75977819  0.7106627  -0.76130046  0.80102907 -0.75465167
  0.7028377  -0.75706979  0.81081641 -0.74923169  0.70209086 -0.75134862
  0.7894375  -0.74381172  0.69290272 -0.7465233   0.80088918 -0.73927985
  0.69155348 -0.74110333  0.77829773 -0.73326523  0.68387134 -0.73627801
  0.78853687 -0.72843991  0.68176136 -0.73026338  0.76654782 -0.72242529
  0.67256548 -0.72514461  0.77723876 -0.71729877  0.67121624 -0.71972464
  0.7558521  -0.71128414  0.66307455 -0.71460586  0.76487871]",0.6950724637681159,0.26615942028985506,0.0,0.9458088235294118,0.7511397058823529,0.0,0.6948076923076923,0.26626923076923076,0.0,0.9496666666666667,0.7651666666666667,0.0,0.695,0.26590909090909093,0.0,0.0
3.62,0.06,3001,0.6666071428571428,0.045179277238981304,0.3613571428571428,0.03310612188285499,1.0602022163180962,4.0,0.3535623793923102,0.5863567079435539,0.01987548323843506,2.0,0.6264242873767536,0.4137015998297381,0.014128363180996771,16,0.6594852224059706,32,0.6974955527344283,0.0034459860727979945,25.0,1.1976799242424243,"[ 1.         -0.47051758  0.37328062 -0.47663078  0.45914718 -0.46067424
  0.42874376 -0.44545785  0.61014656 -0.46860399  0.4182956  -0.45768425
  0.42595679 -0.48986591  0.36696652 -0.45435802  0.69574455 -0.46195154
  0.35251964 -0.45429035  0.38047233 -0.44485092  0.41849862 -0.43467133
  0.57531328 -0.45130036  0.3997551  -0.42008912  0.3886051  -0.43345959
  0.3419089  -0.4207616   0.69749555 -0.43413208  0.32894235 -0.41921362
  0.39599772 -0.41954986  0.38262725 -0.40611172  0.54196031 -0.40718812
  0.37543765 -0.41256116  0.34725471 -0.42845003  0.33714279 -0.41249349
  0.6731781  -0.43489947  0.33469206 -0.41420406  0.36916187 -0.4398686
  0.40466975 -0.40362056  0.53867451 -0.43906077  0.39244335 -0.4176252
  0.36899928 -0.4465483   0.3516301  -0.40778185  0.66811406 -0.45047934
  0.3419221  -0.41349114  0.39846164 -0.43989584  0.41041947 -0.41016491
  0.53064984 -0.43730977  0.38116013 -0.42313147  0.36926997 -0.45783152
  0.35989821 -0.42884075  0.61446959 -0.46354081  0.3386363  -0.41277822
  0.34629749 -0.44895859  0.39883832 -0.398196    0.51403189 -0.4246007
  0.37431785 -0.39664802  0.35013362 -0.43134807  0.35705465 -0.38532436
  0.61162603 -0.41750601  0.31949995 -0.37000198  0.3532296  -0.42247514
  0.38621908 -0.36919415  0.48763827 -0.38508302  0.36169861 -0.38068039
  0.31396433 -0.40560478  0.33066103 -0.38638968  0.5649409  -0.39901999
  0.3054004  -0.37506602  0.33261293 -0.41050623  0.38515376 -0.3604838
  0.46376305 -0.37059572  0.34360035 -0.36619309  0.3179358  -0.40311362
  0.32989363 -0.36108862  0.55439784 -0.40304595  0.29811589 -0.3465064
  0.31155403 -0.41275395  0.36009615 -0.35295584  0.46477389 -0.36632632
  0.33483552 -0.35540657  0.31968681 -0.3998823   0.32986639 -0.35459874
  0.54459492 -0.38352184  0.29157154 -0.36282643  0.30900839 -0.39826664
  0.36480778 -0.35150277  0.44667563 -0.3681318   0.3362886  -0.34743638
  0.29181287 -0.37961804  0.3240622  -0.34085159  0.53153346]",0.6671014492753623,0.18028985507246376,0.0,0.9243014705882353,0.676139705882353,0.0,0.6668846153846154,0.17353846153846153,0.0,0.9267083333333334,0.6898333333333333,0.0,0.6666818181818182,0.17695454545454545,0.0,0.0
3.62,0.06,4099,0.6758571428571429,0.083405084756658,0.3622142857142857,0.054877367923435276,1.4278263165065739,2.0,0.7925319655043543,0.1858237521820152,0.004987451844967998,2.0,0.7995399577786185,0.23223495915780606,0.045450864076719485,16,0.9237310984523363,16,0.8950861135293388,-0.012281561557234193,700.0,1.3376417831706673,"[ 1.         -0.6434663   0.71998132 -0.64360784  0.81054911 -0.64820336
  0.7173264  -0.63914724  0.87045825 -0.63217326  0.70755596 -0.63734818
  0.78212738 -0.63748972  0.70252919 -0.63022604  0.89508611 -0.63453186
  0.6954203  -0.6293232   0.7631659  -0.64103424  0.69276537 -0.62902688
  0.81772485 -0.62650687  0.68476026 -0.63998324  0.74154288 -0.63034772
  0.67825787 -0.6331508   0.84709639 -0.62944488  0.66374375 -0.63846727
  0.70036573 -0.63652667  0.65784788 -0.63458607  0.74812597 -0.62908772
  0.63740416 -0.64583214  0.67521206 -0.6355901   0.63090177 -0.63781378
  0.78432333 -0.63439756  0.61609795 -0.64668801  0.65092749 -0.63586656
  0.61373273 -0.64520576  0.70667236 -0.63467402  0.59950831 -0.64815039
  0.62872507 -0.63909427  0.5977496  -0.64368979  0.73338236 -0.63908765
  0.5782021  -0.6457382   0.60267517 -0.6500169   0.57615369 -0.64275322
  0.65931626 -0.64408068  0.55926773 -0.65252366  0.59588971 -0.64821123
  0.5625424  -0.64540152  0.6949071  -0.64377773  0.54860769 -0.64776674
  0.57958977 -0.64999042  0.55098615 -0.64154081  0.63206658 -0.64257857
  0.54416696 -0.64746379  0.5665579  -0.64997717  0.54269795 -0.63678389
  0.67002927 -0.64522687  0.53321721 -0.63796319  0.55945562 -0.64284841
  0.5370713  -0.6278898   0.61369775 -0.63841492  0.52935589 -0.63589491
  0.55322245 -0.63722237  0.53913957 -0.62344968  0.65756293 -0.63249918
  0.53052794 -0.62167774  0.55023024 -0.63428499  0.53762298 -0.61666484
  0.60742362 -0.62126035  0.53375503 -0.62200841  0.54752772 -0.62038462
  0.54085007 -0.60987999  0.64651801 -0.6079665   0.53489998 -0.61019018
  0.54806616 -0.60442923  0.54020258 -0.60459787  0.60080556 -0.5920111
  0.5345422  -0.60817612  0.542675   -0.59203159  0.53599734 -0.58982839
  0.6369216  -0.58198531  0.53152288 -0.58629112  0.54202751 -0.57726211
  0.53297802 -0.58098852  0.59803497 -0.56631961  0.52939977 -0.58722831
  0.53842878 -0.5666298   0.53293705 -0.56945999  0.62764201]",0.6484057971014493,0.20623188405797102,0.0,0.91625,0.6486029411764705,0.0,0.649,0.2031923076923077,0.0,0.9118333333333334,0.62875,0.0,0.6527272727272727,0.20909090909090908,0.0,0.0
3.62,0.06,5003,0.6377857142857143,0.1399199661905888,0.5054285714285713,0.13258081863296725,0.7027399162592296,2.0,0.9804757255112955,0.02563729689412886,0.00014494739163864437,2.0,0.9836347813260565,0.020389681249561892,4.6464391257654436e-05,4,0.9715884406013405,16,0.97424608012218,0.007007774533854817,3.0,1.0979053529868115,"[ 1.         -0.96597036  0.94452712 -0.96392129  0.97420864 -0.96110362
  0.94494596 -0.95821977  0.97361158 -0.95497369  0.93868192 -0.95272144
  0.96285553 -0.94990377  0.92810699 -0.94701992  0.97424608 -0.94377384
  0.92243044 -0.94131841  0.95150242 -0.9389071   0.92305245 -0.9356169
  0.95070218 -0.93277717  0.91658524 -0.93011856  0.94014931 -0.92707565
  0.90562601 -0.92398863  0.95235258 -0.92137414  0.90053693 -0.91891871
  0.9287962  -0.9165074   0.90115895 -0.9132172   0.92858344 -0.91080589
  0.89507604 -0.90835046  0.91803057 -0.90510437  0.8841168  -0.90222053
  0.92802092 -0.89897444  0.87864343 -0.89651901  0.90608997 -0.89410771
  0.87906227 -0.8908175   0.90587721 -0.88840619  0.87297935 -0.88595076
  0.89532434 -0.88270468  0.8622233  -0.87982083  0.90653377 -0.87657474
  0.85674993 -0.87411932  0.88338375 -0.87170801  0.85696558 -0.8684178
  0.88317099 -0.86600649  0.85088267 -0.86355107  0.87261812 -0.86093658
  0.84091728 -0.85784955  0.88238323 -0.85480664  0.83524072 -0.85214804
  0.86126501 -0.84993991  0.83545638 -0.84644652  0.86084907 -0.84423839
  0.82937347 -0.84157979  0.85049938 -0.83853688  0.81902377 -0.83544985
  0.86089609 -0.83240695  0.81334722 -0.82974834  0.83855879 -0.82754021
  0.8133597  -0.82404682  0.83814285 -0.8218387   0.80727678 -0.81918009
  0.82779316 -0.81613718  0.79713027 -0.81305016  0.83615807 -0.81000725
  0.79145372 -0.80734864  0.81585256 -0.80514051  0.79126302 -0.80164713
  0.81543662 -0.799439    0.7851801  -0.79678039  0.80508693 -0.79373748
  0.77523677 -0.79065046  0.81426456 -0.78760755  0.76956021 -0.78494894
  0.79314634 -0.78274081  0.76916633 -0.77924743  0.7927304  -0.7770393
  0.76308342 -0.77438069  0.78238071 -0.77196938  0.75393075 -0.76867918
  0.79072356 -0.76583945  0.74805101 -0.76297766  0.7710276  -0.76097272
  0.74765713 -0.75727615  0.7702053  -0.7552712   0.74157421 -0.75240941
  0.76026197 -0.74956969  0.73203724 -0.74627948  0.76862688]",0.7245289855072464,0.3594927536231884,0.0,0.9654044117647059,0.8235294117647058,0.0,0.7245769230769231,0.35665384615384615,0.0,0.9655,0.82425,0.0,0.725,0.35959090909090907,0.0,0.0
3.62,0.08,101,0.6219642857142857,0.14744453730685533,0.4077142857142857,0.08471247890147386,0.8161262894631993,2.0,0.8820245237244715,0.10393117270208958,0.0003397567879614028,2.0,0.5451724544531168,0.28466608074923183,0.0038666353909017083,8,0.9494118882116763,8,0.8691698592448805,0.005675977260326112,3.0,1.1161517403206882,"[ 1.         -0.38328536 -0.04265609 -0.38897404  0.72067928 -0.38689327
 -0.04228258 -0.37998646  0.86916986 -0.38188711 -0.04539282 -0.37628279
  0.76928002 -0.37860433 -0.04287503 -0.36905557  0.85820299 -0.3778469
 -0.0482433  -0.35865175  0.71516886 -0.37605715 -0.05334423 -0.36019216
  0.85803143 -0.36863939 -0.04493112 -0.35185583  0.68215065 -0.36122163
 -0.05152508 -0.34344272  0.83810638 -0.37106898 -0.05739102 -0.33793888
  0.69798152 -0.3572582  -0.04691042 -0.32986987  0.78989054 -0.35516132
 -0.05250903 -0.32658709  0.66618902 -0.35984136 -0.05902621 -0.31710184
  0.81012372 -0.35326538 -0.04996185 -0.31110032  0.64235934 -0.34584762
 -0.05356976 -0.30119418  0.76324735 -0.35734157 -0.05958926 -0.30679279
  0.64268545 -0.34031439 -0.04838063 -0.29692362  0.76403418 -0.34254302
 -0.05723263 -0.2885105   0.62555592 -0.34798806 -0.05854269 -0.29927642
  0.74476037 -0.33551675 -0.04928779 -0.28902617  0.61010996 -0.33357343
 -0.05415837 -0.28635482  0.75611216 -0.34299989 -0.05428255 -0.28904416
  0.61051286 -0.33416588 -0.05126709 -0.28197051  0.71777307 -0.33314113
 -0.04293076 -0.2856552   0.61191112 -0.33433744 -0.05434792 -0.28505134
  0.72564113 -0.32860325 -0.04528356 -0.27855215  0.58907679 -0.32822974
 -0.04682398 -0.27852275  0.71333479 -0.32796999 -0.04017122 -0.2819003
  0.5838915  -0.32204526 -0.05208606 -0.27930574  0.71048431 -0.32435068
 -0.04103099 -0.27437636  0.59382704 -0.32290503 -0.04107838 -0.27668178
  0.68232911 -0.32528723 -0.04395826 -0.27324543  0.5730602  -0.31878804
 -0.04186137 -0.27107176  0.7057787  -0.3181074  -0.03635753 -0.26962611
  0.56630509 -0.32121763 -0.04877004 -0.26951993  0.65947679 -0.31613468
 -0.03978247 -0.26011146  0.56984763 -0.30906103 -0.0376088  -0.26524937
  0.67186375 -0.31377804 -0.04795382 -0.25591769  0.54601795 -0.30949991
 -0.04451747 -0.25879756  0.65932706 -0.30981462 -0.03288795 -0.25562854
  0.53367464 -0.30159204 -0.05012366 -0.24955024  0.65904175]",0.7559057971014492,0.2946739130434783,0.0015579710144927536,0.9367647058823529,0.7889705882352941,0.0,0.7561538461538462,0.2935,0.0015769230769230769,0.934125,0.77925,0.0,0.7563181818181818,0.29295454545454547,0.001590909090909091,3.3074911922855003e-09
3.62,0.08,707,0.6034285714285714,0.09083361105867797,0.4962142857142858,0.05046169490872482,0.5410203887671698,2.0,0.8876581092170219,0.1339327317024763,0.0014399723942280808,4.0,0.3460282727241151,0.5132519234531028,0.009801577052007888,16,0.8892841692357139,48,0.680129240673831,0.004321731760761358,3.0,1.06860483002615,"[ 1.         -0.18235755 -0.22573844 -0.14969021  0.42524099 -0.13589318
 -0.28867296 -0.12177757  0.46567038 -0.14876068 -0.20455213 -0.19733504
  0.63156387 -0.15657098 -0.23361307 -0.13814153  0.60250294 -0.1494842
 -0.25306854 -0.13224491  0.48185149 -0.14649887 -0.19969762 -0.18266267
  0.53813371 -0.16325544 -0.23037349 -0.13770705  0.47250029 -0.15455372
 -0.24281621 -0.14874722  0.61132056 -0.13614035 -0.23842834 -0.1512659
  0.56511045 -0.16022825 -0.23025759 -0.14190499  0.43874261 -0.1547564
 -0.24571779 -0.16437794  0.46234141 -0.13083902 -0.21478767 -0.14445583
  0.68012924 -0.1446843  -0.22593403 -0.12916614  0.47942626 -0.15884815
 -0.22466984 -0.13890995  0.39804621 -0.12672786 -0.2134816  -0.1728157
  0.52704863 -0.13798042 -0.21372615 -0.12246226  0.57740207 -0.14761804
 -0.22746523 -0.13318385  0.4879253  -0.1392349  -0.20926424 -0.1614794
  0.45132065 -0.14066961 -0.2008811  -0.12795655  0.49617008 -0.13368903
 -0.23878211 -0.13478908  0.5608676  -0.12077966 -0.20904215 -0.14582925
  0.51164    -0.1547916  -0.21360054 -0.12514174  0.40350531 -0.13518806
 -0.18957697 -0.14599977  0.43443544 -0.11807104 -0.20061714 -0.14010315
  0.59622747 -0.13461522 -0.19622926 -0.12460107  0.45885162 -0.15137179
 -0.21438838 -0.12312449  0.38017048 -0.1248617  -0.19467865 -0.16361821
  0.49686853 -0.12587164 -0.21715161 -0.11207461  0.54851833 -0.13172638
 -0.21988268 -0.117186    0.43541059 -0.13424507 -0.20427441 -0.16501105
  0.44778899 -0.13157832 -0.17485302 -0.12997947  0.41269309 -0.10766094
 -0.22267807 -0.11598613  0.52637366 -0.1104982  -0.184629   -0.15076346
  0.48447739 -0.15940722 -0.19879285 -0.12856721  0.37472776 -0.10646107
 -0.21274432 -0.12709063  0.40317137 -0.10035207 -0.1928222  -0.13662206
  0.61513662 -0.14785854 -0.20537112 -0.12942908  0.41864128 -0.11584444
 -0.21672987 -0.11294922  0.38494793 -0.11166895 -0.1983165  -0.16585351
  0.47640008 -0.13242078 -0.18853081 -0.11560626  0.49859633]",0.7933695652173913,0.42670289855072463,3.6231884057971014e-05,0.9376102941176471,0.7537867647058824,0.0,0.7931153846153847,0.42703846153846153,0.0016923076923076924,0.943375,0.7728333333333334,0.0,0.7926818181818182,0.4244545454545455,9.09090909090909e-05,1.7991635849453057e-09
3.62,0.08,1313,0.5974642857142858,0.03710263962775344,0.5154285714285713,0.04076713362101228,0.2983608229316384,4.0,0.18237128149514323,0.7428217796443218,0.021558274967361884,4.0,0.41758412156923563,0.5868365940433415,0.015197405205663593,12,0.4359728136222568,12,0.6575353125679766,0.0017541969347961688,11.0,1.2228435858329096,"[ 1.          0.02351954 -0.39721162 -0.08730768  0.29499667 -0.02754696
 -0.40827125 -0.02827546  0.42428038 -0.09381558 -0.37998709 -0.00776427
  0.65753531  0.04207455 -0.40229481 -0.0709016   0.36876067 -0.02899539
 -0.39385446 -0.06609601  0.37208044 -0.07576404 -0.36259864  0.01607095
  0.60400918  0.05301622 -0.41714026 -0.06640671  0.33523798 -0.03243311
 -0.35646257 -0.07945563  0.37806116 -0.05903868 -0.37959302  0.03842035
  0.55114614  0.06528408 -0.3812342  -0.08703585  0.3833745  -0.04876439
 -0.36419814 -0.06933669  0.34090371 -0.05751545 -0.3959243   0.05432297
  0.51762344  0.06829314 -0.37111527 -0.11559759  0.39779129 -0.06013472
 -0.35126718 -0.04863276  0.32937374 -0.05185401 -0.39952166  0.03716896
  0.56708616  0.03824556 -0.34247872 -0.09059581  0.36262313 -0.03364711
 -0.35635037 -0.04793226  0.38528324 -0.06685909 -0.37303404  0.03059995
  0.5325811   0.04886796 -0.36326749 -0.08989531  0.38266397 -0.03079768
 -0.34275631 -0.05434164  0.31655498 -0.06682169 -0.36506403  0.02071544
  0.57278501  0.04757917 -0.36307046 -0.04390771  0.31046059 -0.0249766
 -0.32189274 -0.08224029  0.35957092 -0.09042249 -0.37081031  0.03216057
  0.47893273  0.05538954 -0.35526008 -0.05461495  0.34488082 -0.034198
 -0.31524892 -0.08551837  0.3225731  -0.07303404 -0.35127294  0.03450654
  0.49780701  0.03988099 -0.34283258 -0.07375825  0.32937227 -0.03896192
 -0.31438879 -0.09044192  0.31979847 -0.0629151  -0.34033127  0.02329584
  0.50378772  0.04090076 -0.32114628 -0.07785907  0.32808347 -0.03099191
 -0.32212437 -0.07106418  0.345623   -0.0635408  -0.31747841  0.02747146
  0.45209125  0.02210128 -0.35498825 -0.08161606  0.36515609 -0.02978795
 -0.30091697 -0.05415464  0.29525271 -0.06233684 -0.33479205  0.02090244
  0.50850421  0.03123785 -0.3387418  -0.07677735  0.30916176 -0.01619389
 -0.29228386 -0.04618463  0.33545663 -0.04792005 -0.32549585  0.02375187
  0.42324763  0.03408728 -0.33225762 -0.08682148  0.33564938]",0.8049275362318841,0.47231884057971013,0.0,0.9481617647058823,0.7879044117647059,0.0,0.8054230769230769,0.4735,0.0,0.9535416666666666,0.8066666666666666,0.0,0.8048181818181818,0.4727727272727273,0.0,0.0
3.62,0.08,2029,0.6094642857142858,0.15733460298331825,0.42892857142857144,0.1115904273196754,0.8703390533326155,2.0,0.9723036392761163,0.042523581171353825,0.00026408185578263355,2.0,0.9289883055049697,0.09840953184118681,0.0009848529201412239,16,0.9505224127108446,16,0.903121414011639,0.006274448749099603,2.0,1.0097528165461578,"[ 1.         -0.86584421  0.82019169 -0.86316817  0.87035665 -0.86200195
  0.84238953 -0.85858635  0.85244673 -0.85803882  0.84393735 -0.85548364
  0.88750577 -0.85283832  0.81185307 -0.84868318  0.90312141 -0.84558512
  0.80099244 -0.84393543  0.85304417 -0.8419088   0.82651108 -0.83890087
  0.85033496 -0.83704018  0.8185943  -0.83489267  0.86106057 -0.83126607
  0.78983083 -0.82883176  0.88019368 -0.82549197  0.79171052 -0.82470269
  0.8461325  -0.82267606  0.80530418 -0.81909453  0.82585233 -0.81706789
  0.79181722 -0.81508633  0.85034462 -0.81265202  0.77443585 -0.81198361
  0.85906258 -0.80642517  0.7772661  -0.80399086  0.80895461 -0.80093787
  0.78316107 -0.79821676  0.81341555 -0.79635606  0.76176441 -0.79437449
  0.8245939  -0.79012921  0.7602475  -0.78786084  0.82168803 -0.78332875
  0.75516805 -0.78163399  0.79180806 -0.78051284  0.75867844 -0.77795766
  0.81089611 -0.77609697  0.74588596 -0.77440221  0.80027721 -0.77003606
  0.74133505 -0.76891491  0.79682845 -0.76545424  0.74878492 -0.7643331
  0.7817866  -0.76013288  0.73132775 -0.75901173  0.78170371 -0.75407197
  0.7230033  -0.75545628  0.77964392 -0.74949016  0.73066418 -0.74729759
  0.77812701 -0.74400286  0.72578139 -0.74362126  0.74485044 -0.73987379
  0.70225623 -0.73858671  0.7645121  -0.73409969  0.7099929  -0.73474444
  0.77179603 -0.72951787  0.70945728 -0.72823079  0.74704785 -0.72374377
  0.70273279 -0.72410172  0.72978734 -0.72154654  0.69661265 -0.72099901
  0.7610421  -0.71639112  0.68960135 -0.71625126  0.73649058 -0.71090382
  0.68803937 -0.71138264  0.7316078  -0.7075143   0.68213024 -0.70770631
  0.72655908 -0.70321929  0.67564749 -0.70221901  0.7200456  -0.69613203
  0.67298335 -0.69701852  0.71229475 -0.69081067  0.66900606 -0.69124442
  0.72175227 -0.68606292  0.66469689 -0.68682854  0.69597772 -0.68074155
  0.65723285 -0.68253354  0.70141995 -0.67677842  0.65538406 -0.67704624
  0.70198648 -0.67038564  0.65185951 -0.67115126  0.69870367]",0.7808333333333334,0.418731884057971,0.0011231884057971014,0.9242279411764706,0.7500735294117648,0.0006617647058823529,0.7810769230769231,0.41696153846153844,0.0007307692307692308,0.9235,0.7502083333333334,0.0005416666666666666,0.7806363636363637,0.4173181818181818,0.0005909090909090909,1.1288577540045872e-09
3.62,0.08,3001,0.6318928571428573,0.03525148354093393,0.3715714285714286,0.04147755724608239,1.144347650839067,4.0,0.25341625322606376,0.7356025147784641,0.023485872885088098,2.0,0.2835181169379882,0.6130511676599057,0.013770083795995848,48,0.482136310721922,48,0.5525510724580694,0.002231130313637492,4.0,1.0246208390781957,"[ 1.         -0.15904783 -0.12739944 -0.20874766  0.28286467 -0.1745141
 -0.04944824 -0.12456862  0.34689518 -0.17960066 -0.05840198 -0.17919313
  0.53751676 -0.16897528 -0.11449151 -0.18041249  0.45533558 -0.18472626
 -0.08872361 -0.16266366  0.33696773 -0.1657971  -0.08314574 -0.15114267
  0.45851376 -0.16168426 -0.09564045 -0.15207733  0.40360455 -0.16884676
 -0.09360355 -0.16042015  0.42668559 -0.14161383 -0.07854159 -0.17649735
  0.4153712  -0.21105465 -0.09934007 -0.11840996  0.39693336 -0.10404023
 -0.05370835 -0.18072733  0.33164444 -0.1900886  -0.08044996 -0.15675066
  0.55255107 -0.14327655 -0.12497945 -0.15650501  0.33482261 -0.15992315
 -0.09505966 -0.13904088  0.37630245 -0.13505086 -0.06485517 -0.1565831
  0.42519044 -0.17632409 -0.09070116 -0.16907781  0.38660408 -0.16272715
 -0.10498711 -0.12198106  0.34264399 -0.14261767 -0.10771302 -0.13923858
  0.45706656 -0.14265672 -0.07038507 -0.15083766  0.31350269 -0.17383492
 -0.08613605 -0.126861    0.43297277 -0.14155448 -0.10546951 -0.152707
  0.40000332 -0.16740048 -0.09215727 -0.11330311  0.32197403 -0.14342382
 -0.06166808 -0.14301629  0.32547595 -0.14435848 -0.10827351 -0.14305533
  0.50425279 -0.15628379 -0.09646781 -0.12709775  0.28444838 -0.16316159
 -0.07753866 -0.14227932  0.31762444 -0.12937461 -0.08616618 -0.12184362
  0.45280646 -0.15937249 -0.10281278 -0.1375946   0.35076146 -0.13450021
 -0.08921584 -0.135273    0.23772582 -0.14373865 -0.10260617 -0.11662855
  0.47642033 -0.10343914 -0.10590148 -0.14780675  0.29072665 -0.16250023
 -0.07480136 -0.10009909  0.32182676 -0.11804883 -0.11517896 -0.12504946
  0.37250599 -0.12403101 -0.10276234 -0.12093662  0.3226443  -0.10567126
 -0.08025071 -0.12097566  0.29175079 -0.13538444 -0.10760324 -0.11539779
  0.40084116 -0.13631911 -0.10141446 -0.09882929  0.27327391 -0.09927586
 -0.10291852 -0.11576058  0.31446904 -0.13550157 -0.06204961 -0.14873003
  0.3571292  -0.14087283 -0.08105685 -0.0888514   0.32595099]",0.736195652173913,0.22057971014492753,0.0010869565217391304,0.9441911764705883,0.7518014705882353,0.00014705882352941175,0.7360769230769231,0.221,0.0005384615384615384,0.943125,0.7469166666666667,0.000125,0.7363181818181819,0.22095454545454546,0.0007272727272727272,2.601504775238902e-10
3.62,0.08,4099,0.6463214285714286,0.0958134547558165,0.3790714285714286,0.06101400809382605,1.1606479159054266,2.0,0.8770841439832897,0.13470920564982314,0.0019607289205902,2.0,0.5725752495275507,0.4244149461579528,0.009181332661197633,8,0.9014742844614335,32,0.7294123824756142,0.0045160015908173425,3.0,1.1342167129728575,"[ 1.         -0.40003459  0.18717266 -0.42259234  0.49726847 -0.41485204
  0.23870748 -0.41670537  0.67104392 -0.40336513  0.21126208 -0.41017151
  0.58492115 -0.41450137  0.17901986 -0.41059852  0.69169745 -0.38543345
  0.19273797 -0.41910199  0.54065049 -0.40272743  0.18215954 -0.39978394
  0.63903785 -0.38068753  0.21475243 -0.40875613  0.51398277 -0.38950348
  0.16852133 -0.40014731  0.72941238 -0.36786514  0.17672859 -0.3957775
  0.49626179 -0.37708265  0.20124501 -0.39796699  0.60263652 -0.35089282
  0.19945708 -0.38511916  0.51131538 -0.36778523  0.1668133  -0.38458681
  0.65055377 -0.35710145  0.15103649 -0.38253729  0.47976176 -0.33753808
  0.17075611 -0.37392847  0.57759131 -0.32781366  0.17113222 -0.37259299
  0.47627498 -0.33758897  0.16151315 -0.35519366  0.62662416 -0.33210356
  0.1395786  -0.37016735  0.47294444 -0.30390592  0.19479463 -0.35221022
  0.52887451 -0.31145003  0.16311022 -0.35239191  0.46881078 -0.33818139
  0.14940837 -0.34594713  0.60325236 -0.29391991  0.13115504 -0.34445542
  0.40943563 -0.31752786  0.16006671 -0.34376682  0.54827247 -0.30285039
  0.15484289 -0.33243615  0.38691784 -0.32358025  0.12947245 -0.33790529
  0.58331644 -0.28659211  0.13656411 -0.33041208  0.41444315 -0.29261905
  0.16946948 -0.32053141  0.48132777 -0.3079943   0.14409904 -0.32687084
  0.42853738 -0.29266994  0.12624726 -0.3211401   0.55171193 -0.27734558
  0.15596207 -0.32404364  0.38819325 -0.31478617  0.13922589 -0.32199412
  0.52207703 -0.27507618  0.17358127 -0.30986032  0.37727689 -0.2925264
  0.13270479 -0.32755586  0.53802283 -0.27624268  0.1248482  -0.30814873
  0.41464115 -0.29065856  0.17102841 -0.30786169  0.4593042  -0.27341548
  0.15717032 -0.31475892  0.41131061 -0.28479704  0.11877037 -0.30407513
  0.53615857 -0.27426949  0.14944453 -0.32136911  0.36768684 -0.27732926
  0.16421109 -0.31371965  0.47966151 -0.28511869  0.14778739 -0.29672189
  0.37506553 -0.26843341  0.15008224 -0.30306131  0.52757876]",0.7076449275362319,0.24304347826086956,0.00014492753623188405,0.9435294117647058,0.7873897058823529,0.0008088235294117647,0.7073076923076923,0.24046153846153845,0.00011538461538461538,0.9425416666666667,0.7800833333333334,0.0007916666666666666,0.7066363636363636,0.24081818181818182,0.00013636363636363637,2.1455271736494393e-10
3.62,0.08,5003,0.5857142857142857,0.13733895949772726,0.47678571428571437,0.046832038135429965,0.35133579661476655,2.0,0.9549544507189485,0.06457713489695945,0.000924487281966582,2.0,0.4929886064855391,0.43950685259730865,0.020458453935559544,12,0.9434302021164166,48,0.699405973497279,0.00240837699929933,3.0,1.0829007138221933,"[ 1.         -0.32672496  0.09705895 -0.32417023  0.48553982 -0.32423254
  0.08739667 -0.32342251  0.63121339 -0.32261247  0.07924646 -0.31918539
  0.65423504 -0.3192477   0.09476592 -0.31756532  0.63707058 -0.31675529
  0.07457733 -0.31420056  0.51830682 -0.31426287  0.07858181 -0.31258048
  0.69079051 -0.31438749  0.08659909 -0.31357745  0.43663856 -0.31451211
  0.0645495  -0.31282973  0.68652848 -0.31289204  0.09059527 -0.30859261
  0.55886678 -0.31039962  0.0791883  -0.30958958  0.53257176 -0.31052424
  0.04812445 -0.3097142   0.50325261 -0.30977651  0.09609521 -0.30809413
  0.69940597 -0.30902879  0.07404561 -0.30821875  0.43222698 -0.30915341
  0.06089395 -0.30747103  0.59418436 -0.30753334  0.07967017 -0.30585095
  0.512001   -0.30678561  0.07215968 -0.30684792  0.59393511 -0.30778258
  0.0606364  -0.3061002   0.49872471 -0.30616251  0.07528351 -0.30535247
  0.60770157 -0.30628713  0.04910481 -0.30634944  0.41292735 -0.30815644
  0.05537739 -0.30647406  0.66194492 -0.30740872  0.07892244 -0.30572633
  0.48281477 -0.30578864  0.05035932 -0.3067233   0.51764217 -0.30678561
  0.05523616 -0.30335853  0.49408051 -0.30429319  0.08040959 -0.30261081
  0.62835542 -0.30267312  0.06161675 -0.30273543  0.42067046 -0.30279774
  0.06160844 -0.30024301  0.58350019 -0.30030532  0.07724422 -0.2960059
  0.46159598 -0.29694056  0.07636356 -0.29700287  0.57208491 -0.29706518
  0.07147011 -0.29276575  0.47297803 -0.29282806  0.07646326 -0.29027334
  0.53973331 -0.29033565  0.0651726  -0.28865326  0.39404312 -0.28871557
  0.08633324 -0.28441615  0.60095543 -0.28447846  0.08719727 -0.28192373
  0.44311054 -0.28285839  0.07253354 -0.2829207   0.46892369 -0.28298301
  0.07339758 -0.27868359  0.45123582 -0.2787459   0.08327587 -0.27619117
  0.560329   -0.27712583  0.07338097 -0.27544344  0.37957047 -0.27550575
  0.04667885 -0.27120633  0.52297595 -0.27214099  0.06382669 -0.26871391
  0.39281353 -0.26877622  0.05492045 -0.26796619  0.53110123]",0.8286231884057971,0.5302173913043479,0.00039855072463768114,0.9078308823529412,0.6995955882352941,0.0,0.8306923076923077,0.5337307692307692,0.0004230769230769231,0.896875,0.6581666666666667,0.0,0.8373636363636363,0.5430454545454545,0.00045454545454545455,1.765067242059242e-08
3.65,0.04,101,0.6691785714285714,0.136940564159218,0.40135714285714286,0.10420591369485512,1.0499573546783847,2.0,0.9081686850241023,0.1203391172890815,0.0023051772807734065,2.0,0.6713277239998151,0.27446881613151525,0.008442776262724454,8,0.8886888815155919,4,0.8122267820788223,0.006701842238380361,63.0,1.3143859649122807,"[ 1.         -0.51125479  0.19127356 -0.49382384  0.81222678 -0.50070434
  0.19457939 -0.49280242  0.81060812 -0.49609185  0.19688069 -0.48756785
  0.80204695 -0.48819042  0.18307506 -0.47901755  0.80665051 -0.48392468
  0.19227422 -0.49348097  0.78560919 -0.49344575  0.1922911  -0.48162387
  0.78233713 -0.47766869  0.1995169  -0.47441593  0.77672709 -0.48160747
  0.17222657 -0.47208785  0.76358818 -0.47666608  0.18143466 -0.45894195
  0.75668041 -0.48158262  0.17749588 -0.45530722  0.75304375 -0.479006
  0.1909439  -0.46817973  0.75828724 -0.46682     0.19226743 -0.46783395
  0.73723699 -0.45893641  0.18043517 -0.4543413   0.75269409 -0.47242208
  0.18406097 -0.45237782  0.74316409 -0.46813849  0.17484202 -0.44414749
  0.73789188 -0.46682387  0.18600562 -0.45141093  0.72405054 -0.47773194
  0.19318678 -0.45180329  0.73585408 -0.470524    0.19055465 -0.44619519
  0.72635086 -0.46851589  0.19650057 -0.44188481  0.70072287 -0.46026771
  0.19093517 -0.4435124   0.70203748 -0.4503929   0.17712954 -0.43034864
  0.70731668 -0.45104273  0.17615974 -0.4405275   0.71162706 -0.45363915
  0.19919927 -0.43165724  0.68168772 -0.45004906  0.19422917 -0.43594277
  0.70568715 -0.44740101  0.18012143 -0.41288538  0.68597927 -0.44013951
  0.17453817 -0.42141084  0.67909829 -0.43125139  0.18936426 -0.41809607
  0.67054605 -0.42794555  0.18575437 -0.4164615   0.66727398 -0.42530644
  0.18545129 -0.41677351  0.68078449 -0.41508488  0.1653788  -0.40527208
  0.6485161  -0.410837    0.1768713  -0.41709541  0.64854192 -0.41246459
  0.16637247 -0.40586039  0.64695003 -0.40584302  0.17264729 -0.41016377
  0.64990019 -0.40025277  0.16970412 -0.4058534   0.62787219 -0.40025374
  0.17232538 -0.40621005  0.63246682 -0.39435246  0.17328432 -0.40853113
  0.63441244 -0.38252214  0.15553195 -0.4039365   0.63538923 -0.39535001
  0.1686957  -0.39174158  0.62422368 -0.38615085  0.16963678 -0.40361847
  0.63273828 -0.3841963   0.17360041 -0.39210812  0.61269257]",0.6934057971014492,0.11304347826086956,0.0005434782608695652,0.8613970588235295,0.4607720588235294,0.0002941176470588235,0.6973076923076923,0.11323076923076923,0.0005,0.8498333333333333,0.43116666666666664,0.00025,0.7137272727272728,0.12727272727272726,0.0003636363636363636,2.379373127362046e-10
3.65,0.04,707,0.68225,0.0789446573782636,0.4315,0.06832616106378499,0.9370358242139357,2.0,0.7968985380348789,0.24323697291467575,0.004995896995383091,2.0,0.4494409630550971,0.49785944668503135,0.013290924080800199,16,0.7793141961539394,16,0.6073728742244693,0.003816395484864574,17.0,1.2440280065897857,"[ 1.00000000e+00 -2.95552147e-01 -2.84689826e-02 -2.92020701e-01
  5.45646243e-01 -2.95603862e-01  3.89283720e-03 -2.91024350e-01
  6.07361552e-01 -3.08262965e-01  2.05872228e-02 -2.93172196e-01
  5.11316202e-01 -2.79726202e-01  1.16384250e-02 -2.94753934e-01
  6.07372874e-01 -2.71446943e-01 -1.55558956e-02 -2.98997912e-01
  5.43458005e-01 -3.06207226e-01 -2.43273637e-05 -3.03073586e-01
  5.96842339e-01 -2.76905452e-01  1.57061438e-02 -2.74054867e-01
  4.99351117e-01 -2.92739353e-01  6.27538882e-03 -2.67420381e-01
  5.77131666e-01 -2.66581776e-01 -1.79471683e-04 -3.00168685e-01
  5.18089919e-01 -2.70741602e-01 -8.24850632e-03 -2.93702502e-01
  5.67113688e-01 -2.32909951e-01  7.39781360e-03 -2.94404477e-01
  5.35046245e-01 -2.81524591e-01  1.14185607e-03 -2.75415057e-01
  5.22953250e-01 -2.08984371e-01  8.65610441e-03 -2.82152972e-01
  5.18992327e-01 -2.57797915e-01 -1.34075904e-03 -2.61748281e-01
  5.48577155e-01 -2.35381243e-01 -1.45505175e-04 -2.93249616e-01
  5.30562972e-01 -2.76062716e-01 -2.37136715e-02 -2.59724978e-01
  5.51166566e-01 -2.37098847e-01  2.13702885e-02 -3.05876282e-01
  5.03967196e-01 -2.39728650e-01  1.38673623e-02 -2.72833602e-01
  5.25251651e-01 -2.37003374e-01 -3.77961551e-03 -2.73734480e-01
  5.16983713e-01 -2.34561151e-01 -3.63242730e-03 -2.77129295e-01
  5.29654138e-01 -2.40449903e-01  6.74296381e-03 -3.06335595e-01
  4.97387792e-01 -2.40868823e-01 -5.35003098e-03 -2.52071498e-01
  5.10341272e-01 -2.65683958e-01  2.41506461e-02 -2.79464721e-01
  4.50335611e-01 -2.39526381e-01  1.96236144e-02 -2.66878447e-01
  5.25851725e-01 -2.32861296e-01  1.15545797e-02 -2.95885845e-01
  4.44624647e-01 -2.16449964e-01 -1.61216980e-02 -2.65620157e-01
  5.23851068e-01 -2.26163774e-01 -3.93322980e-03 -2.74370051e-01
  4.59255338e-01 -2.16553394e-01 -8.85806743e-03 -2.73656755e-01
  5.05670418e-01 -2.37742375e-01 -9.76613600e-04 -2.79346604e-01
  4.44050583e-01 -2.00874638e-01  2.77590520e-02 -2.60273033e-01
  5.08343980e-01 -2.10871501e-01  1.42201856e-02 -2.63866750e-01
  4.35616178e-01 -2.16676102e-01  1.96077021e-02 -2.67659371e-01
  5.00391533e-01 -1.92813559e-01  1.41167560e-02 -2.58332046e-01
  4.20212520e-01 -2.18309554e-01  3.22264128e-02 -2.52745626e-01
  4.55634386e-01 -2.13572297e-01  2.19464951e-02 -2.66850601e-01
  4.06338885e-01 -2.20708018e-01  5.22963348e-02 -2.73986322e-01
  4.45868862e-01 -1.95514355e-01  1.06509482e-02 -2.70212979e-01
  4.12355547e-01 -2.16787487e-01  3.11703910e-02 -2.76468937e-01
  4.61264564e-01 -1.92924945e-01  4.04977164e-02 -2.57961474e-01
  4.21830060e-01 -2.05017940e-01  4.29399390e-02 -2.35231148e-01
  4.43114515e-01]",0.6611594202898551,0.06786231884057971,7.246376811594203e-05,0.8795955882352942,0.4935294117647059,0.0002941176470588235,0.667923076923077,0.06676923076923078,0.0001923076923076923,0.8672083333333334,0.4649583333333333,0.0003333333333333333,0.6795,0.07795454545454546,0.00027272727272727274,6.076981059545192e-10
3.65,0.04,1313,0.6705,0.05001178432558242,0.4169285714285715,0.05808732869655862,1.1262558654189554,2.0,0.21975970817816531,0.758474786659461,0.023376940858270422,2.0,0.09439958967975424,0.8431603965693362,0.0328652011532059,4,0.3516879185526823,24,0.2883370138618721,0.002814818244335669,16.0,1.1393714620339646,"[ 1.00000000e+00 -1.10799647e-01 -1.44775434e-01  2.37585652e-02
  1.47120027e-01 -5.79864049e-02 -1.34676053e-01 -1.22437463e-01
  2.66958707e-01 -4.01193545e-02 -7.05779924e-02 -3.89285482e-02
  1.98047729e-01 -4.62221468e-02 -1.05976251e-01 -9.65713409e-02
  2.71997135e-01 -7.74197857e-02 -1.00810858e-01 -1.16788524e-02
  1.53321365e-01 -2.14477622e-02 -1.13997849e-01 -7.88312552e-02
  2.88337014e-01 -1.10469698e-01 -5.58922493e-02 -2.84766911e-02
  1.69677877e-01 -1.03836073e-02 -8.42395757e-02 -9.70625667e-02
  2.15423554e-01 -1.33276183e-02 -9.10591044e-02 -8.37545042e-02
  1.81442135e-01 -4.05998401e-02 -8.94108613e-02 -9.12907692e-02
  2.28246283e-01 -1.92172841e-03 -6.30760391e-02 -6.60144185e-02
  1.89297609e-01  4.17070056e-02 -1.26352924e-01 -6.75415898e-02
  2.23775101e-01 -1.30854746e-02 -4.35441124e-02 -8.24705221e-02
  1.10049953e-01  1.85417050e-02 -6.13067241e-02 -5.89527462e-02
  1.46969490e-01  1.45392225e-02 -1.36226795e-01 -4.46028453e-02
  1.44400481e-01 -1.09577914e-02 -8.83475424e-02 -1.13513823e-01
  1.74985822e-01 -3.25959207e-02 -1.10685775e-01 -4.02478875e-02
  1.18059766e-01 -1.71875484e-02 -1.07637325e-01 -5.23597736e-02
  1.83216297e-01 -5.01271289e-02 -6.29334867e-02 -1.11744508e-01
  1.46759567e-01  2.10802155e-04 -8.70469272e-02 -7.23330267e-02
  1.63584779e-01 -3.05831076e-03 -5.64449529e-02 -2.26785658e-02
  8.90563424e-02 -3.17307391e-02 -7.45492996e-02 -8.84307620e-02
  1.51020827e-01  2.42412844e-02 -2.84452545e-02 -7.12471818e-02
  9.87036576e-02  2.80231036e-02 -4.75914395e-02 -6.81820990e-02
  1.46924646e-01 -1.09089375e-02 -8.55495962e-03 -5.87828204e-02
  1.27745194e-01 -2.22639538e-03 -6.97315349e-02 -6.63190855e-02
  1.61831052e-01 -1.32964431e-02 -5.32646911e-02 -5.54863342e-02
  8.94195580e-02  1.73221644e-02 -3.50060063e-02 -1.52959408e-01
  1.25997360e-01 -3.85454204e-02 -1.46636448e-02 -9.76874882e-02
  1.45997986e-01  1.39094536e-02 -9.55761768e-02 -5.72341687e-02
  1.42678974e-01 -2.36223810e-02 -1.63344139e-02 -7.43133101e-02
  1.60562658e-01 -1.77402520e-02 -5.13576711e-02 -7.79241581e-02
  1.27639710e-01 -3.37276557e-02 -2.89149998e-02 -5.51563848e-02
  1.27479479e-01  2.99787701e-02 -1.04193439e-01 -9.37300578e-02
  1.63357178e-01 -1.11250003e-01  6.18596177e-02 -3.84581376e-02
  1.30434230e-01 -1.89315811e-02 -4.97485871e-02 -5.30287016e-02
  1.35957991e-01 -5.22295298e-02 -7.17832458e-03 -5.63477139e-02
  1.55225248e-01  1.39854735e-02 -3.58673861e-02 -6.27922413e-02
  1.28311395e-01 -8.56211769e-02  1.94045342e-02 -7.91380132e-02
  6.01005202e-02 -9.87993045e-03 -3.08123250e-02 -7.39726206e-02
  1.46768217e-01]",0.6889492753623189,0.06471014492753623,0.0,0.8605147058823529,0.45691176470588235,0.0,0.6998461538461539,0.06953846153846154,0.0,0.8490416666666667,0.4442083333333333,0.0,0.7087272727272728,0.0720909090909091,0.0,0.0
3.65,0.04,2029,0.6658214285714286,0.09979731372402072,0.4147857142857143,0.07727010008630078,1.2151382237219148,2.0,0.8575652994273673,0.18499718362882317,0.002650864202198894,2.0,0.7105098454045596,0.34840304874733047,0.013603920100717065,16,0.843283381716524,8,0.6911066917634398,0.008832811805072395,7.0,1.1464955577492597,"[ 1.         -0.5762099   0.47984798 -0.54897594  0.53501868 -0.54352021
  0.53156949 -0.56473739  0.69110669 -0.52824472  0.5160943  -0.51877874
  0.53010119 -0.54017281  0.4933993  -0.52873545  0.68446222 -0.55086269
  0.51740282 -0.52602138  0.51969086 -0.5339021   0.51258518 -0.53072964
  0.67015101 -0.54476888  0.50710187 -0.50665861  0.49239696 -0.5167551
  0.50144167 -0.51830043  0.62927627 -0.50848068  0.47101243 -0.50362311
  0.52115344 -0.50450277  0.47917747 -0.51322605  0.6527168  -0.51178057
  0.47214406 -0.49865811  0.495014   -0.50516563  0.47798396 -0.51167314
  0.63931565 -0.49270407  0.45987173 -0.49717271  0.48351673 -0.48633351
  0.48622604 -0.49541056  0.60012602 -0.5175378   0.47613431 -0.48671487
  0.48063811 -0.49195855  0.46205797 -0.48256007  0.6180062  -0.49026391
  0.46315444 -0.48635828  0.45946086 -0.45817238  0.46318961 -0.48938143
  0.57708959 -0.48853412  0.45872573 -0.47565605  0.47614471 -0.4687596
  0.44715142 -0.45517399  0.57480914 -0.48782376  0.41833978 -0.47536697
  0.46770575 -0.44616163  0.42453345 -0.45924893  0.57150925 -0.48274938
  0.43555429 -0.46473224  0.45399271 -0.45843396  0.4235587  -0.45269196
  0.56550481 -0.48270469  0.4050927  -0.46025602  0.46199039 -0.42495969
  0.4265942  -0.44659814  0.51931412 -0.45975295  0.41512926 -0.46207333
  0.41639786 -0.42167979  0.42209798 -0.43512086  0.5529234  -0.47842818
  0.40380887 -0.44479131  0.42506121 -0.42695106  0.42699548 -0.43560683
  0.51619393 -0.46030361  0.41014708 -0.44228647  0.42439836 -0.41864148
  0.41496754 -0.42754164  0.50990322 -0.46318222  0.41810289 -0.42201364
  0.43408115 -0.42792299  0.40466659 -0.44196222  0.52641019 -0.47323879
  0.40660561 -0.42232272  0.43736104 -0.41524939  0.41853651 -0.42714036
  0.50474415 -0.45028704  0.38349886 -0.43800714  0.42005903 -0.41365461
  0.43807617 -0.42118156  0.49018855 -0.46100928  0.39789944 -0.41744805
  0.40975807 -0.41737578  0.40958595 -0.4159303   0.5068049 ]",0.6940579710144927,0.1361231884057971,0.0011594202898550724,0.8427573529411765,0.42819852941176473,0.001176470588235294,0.6996923076923077,0.13853846153846153,0.0009230769230769231,0.838875,0.4237916666666667,0.00075,0.7104545454545454,0.14586363636363636,0.0007272727272727272,1.3930306241018265e-10
3.65,0.04,3001,0.6692857142857143,0.060099831912563344,0.37300000000000005,0.057628118136895654,1.0067523022995124,2.0,0.46176576991561924,0.577440451253188,0.011655976305496231,2.0,0.19875473891025816,0.7715125791843213,0.03751861765744608,16,0.44589831808138186,8,0.3377072310405642,0.0026307491200322003,21.0,1.2212347988774557,"[ 1.00000000e+00 -8.00227986e-02 -5.13003828e-02 -5.52488493e-02
  2.97751968e-01 -1.31068525e-01 -1.03335484e-01 -1.06208543e-01
  3.37707231e-01 -1.00211210e-01 -6.54450037e-02 -1.65018712e-01
  3.09911817e-01 -1.13617671e-01 -9.98649288e-02 -1.89351314e-01
  2.77148019e-01 -1.32401170e-01 -4.33698972e-02 -1.11348131e-01
  2.74904289e-01 -7.60782036e-02 -3.65156794e-02 -1.31873790e-01
  2.93179335e-01 -8.03006840e-02 -4.79433905e-02 -1.31558051e-01
  3.16164666e-01 -8.84161397e-02 -2.74314965e-02 -1.29822773e-01
  3.01768830e-01 -1.00252506e-01 -2.63629716e-02 -1.39508324e-01
  2.54357982e-01 -1.01334796e-01 -6.45038069e-02 -1.31406633e-01
  2.22669592e-01 -7.66073042e-02 -4.14324429e-02 -1.40683529e-01
  2.57484407e-01 -1.21372650e-01 -7.06473954e-02 -1.45658795e-01
  2.50939046e-01 -8.06000774e-02 -2.23469695e-02 -8.27973502e-02
  2.39597367e-01 -3.32890265e-02 -5.18845442e-02 -1.22013593e-01
  2.55140878e-01 -9.31100787e-02  1.21219942e-03 -1.35183465e-01
  2.92601196e-01 -6.83825870e-02 -2.73360003e-02 -1.44782983e-01
  2.15745688e-01 -1.44743408e-01 -4.76035617e-02 -1.26830559e-01
  2.36429647e-01 -8.05484579e-02 -3.51142083e-02 -9.12629587e-02
  2.11860455e-01 -5.34120532e-02  2.71019917e-02 -1.02174474e-01
  2.58268164e-01 -7.91426851e-02  2.85542221e-03 -1.38250527e-01
  2.58842001e-01 -7.69987525e-02 -1.42719491e-02 -8.06800878e-02
  1.58908246e-01 -8.27913279e-02 -1.32034241e-02 -1.23122553e-01
  1.87442681e-01 -8.97453435e-02 -7.08048350e-03 -1.04094722e-01
  1.80080010e-01 -1.06291995e-01  1.05278100e-02 -1.24706414e-01
  1.82546565e-01 -9.19959565e-02  2.41235428e-03 -9.89035144e-02
  1.95530606e-01 -4.78250957e-02  4.38516798e-02 -7.03690799e-02
  1.92211468e-01 -5.37897363e-02  3.33806513e-04 -8.70017637e-02
  1.83773390e-01 -5.84208715e-02  2.25878608e-02 -1.14216458e-01
  1.95768056e-01 -1.10455973e-01 -3.49103110e-02 -1.22245881e-01
  8.66503205e-02 -7.60498129e-02 -1.16668817e-02 -1.00077860e-01
  1.46457607e-01 -9.51559341e-02  3.35793866e-02 -1.48972771e-01
  1.65722029e-01 -7.01058201e-02 -1.97892201e-02 -3.72232976e-02
  1.84083107e-01 -3.77644427e-02  4.10074418e-02 -3.07777348e-02
  1.23272680e-01 -7.76474384e-02  2.96657633e-02 -6.61870349e-02
  1.91597195e-01 -8.77416441e-02  2.98309459e-02 -1.03833183e-01
  1.40551469e-01 -9.24588119e-02 -2.00533402e-02 -7.46319955e-02
  1.33188799e-01 -1.01563643e-01 -2.32004130e-02 -5.94971394e-02
  1.50388437e-01 -9.13111369e-02  1.38512496e-02 -1.92192541e-02
  1.03644341e-01 -9.34688347e-02 -7.66378457e-03 -7.08457005e-02
  1.32006711e-01 -9.68740052e-02  5.55684604e-03 -4.03325160e-02
  1.44990751e-01]",0.7014492753623188,0.10829710144927536,0.00039855072463768114,0.8483455882352942,0.3824264705882353,0.00022058823529411765,0.7141153846153846,0.11865384615384615,0.0002692307692307692,0.825,0.33866666666666667,0.000125,0.7338636363636364,0.15109090909090908,0.00013636363636363637,1.817686502327695e-10
3.65,0.04,4099,0.6713571428571429,0.0714713800291089,0.39657142857142863,0.07153192522594799,0.9843185069579921,2.0,0.6922542896570821,0.3667186853381194,0.007193291978934956,2.0,0.5979482906616189,0.4334481422479467,0.014279473583615625,8,0.6432739887731752,8,0.5902602748155626,0.0037417730342656002,15.0,1.30666039068016,"[ 1.         -0.4120141   0.25241044 -0.41900045  0.5631001  -0.40141396
  0.25328673 -0.4259455   0.59026027 -0.44693929  0.27820939 -0.41149252
  0.55185832 -0.41763731  0.26767872 -0.41015756  0.57603514 -0.4325473
  0.2702182  -0.41459786  0.5876962  -0.39092101  0.24642594 -0.39562198
  0.58448035 -0.4163286   0.26783078 -0.40088391  0.54841164 -0.39744844
  0.24808281 -0.39341072  0.59013365 -0.42882275  0.23420583 -0.40663758
  0.55940946 -0.41641584  0.23205091 -0.38007966  0.55939633 -0.41139954
  0.25107465 -0.40442631  0.55808297 -0.4322563   0.23784779 -0.39452416
  0.54788733 -0.38382173  0.24491017 -0.37573972  0.56099221 -0.38137798
  0.22865209 -0.39060185  0.54887414 -0.40107809  0.23198527 -0.3877752
  0.50703015 -0.38284805  0.22992607 -0.40737959  0.53856965 -0.3805758
  0.22322032 -0.35889716  0.49393375 -0.37011924  0.24758858 -0.36952355
  0.54357283 -0.38688386  0.22389204 -0.35059553  0.50442504 -0.37149359
  0.23793421 -0.36172846  0.53237892 -0.36098918  0.21967792 -0.35764944
  0.50360508 -0.35476836  0.22510503 -0.35780615  0.53141538 -0.38987187
  0.22080831 -0.33343788  0.4825916  -0.37517958  0.22996463 -0.33824114
  0.53921047 -0.36323135  0.21818159 -0.32987852  0.44417652 -0.36403818
  0.23058849 -0.33752155  0.48180638 -0.37312503  0.22908368 -0.34047018
  0.45257387 -0.3402853   0.2118604  -0.34587569  0.48113001 -0.36123779
  0.20481962 -0.33407104  0.46665077 -0.32835019  0.21890965 -0.32626282
  0.47222148 -0.37508003  0.2098228  -0.32422988  0.46368902 -0.35220345
  0.212458   -0.31182297  0.45181025 -0.35361253  0.21523679 -0.32300376
  0.44825937 -0.35576746  0.22066391 -0.31957485  0.46853549 -0.36271251
  0.2101811  -0.3126082   0.41268407 -0.35434989  0.18104431 -0.32145574
  0.47079461 -0.32969446  0.21881776 -0.32421292  0.43942031 -0.31435206
  0.20364054 -0.32608068  0.43396693 -0.36722012  0.22875465 -0.30166455
  0.41027039 -0.35108401  0.20240978 -0.30158196  0.43138807]",0.6909057971014493,0.07655797101449276,0.0,0.8576470588235294,0.42705882352941177,0.0,0.696923076923077,0.07884615384615384,0.0,0.847125,0.4058333333333333,0.0,0.7035454545454546,0.08286363636363636,0.0,0.0
3.65,0.04,5003,0.6746428571428571,0.1434705580264054,0.4150714285714285,0.09793216623598945,1.142083599916218,2.0,0.930754286106531,0.09651048652178157,0.001265038251365193,2.0,0.7134582611849896,0.26282163690129445,0.006226923913256413,4,0.9084745303588135,16,0.8104050407749298,0.005536336211765144,18.0,1.195679012345679,"[ 1.         -0.55652319  0.30603268 -0.54314938  0.76187552 -0.54116628
  0.308096   -0.55907275  0.80575812 -0.54196978  0.32479456 -0.54538891
  0.76298745 -0.54612474  0.30153576 -0.54913584  0.81040504 -0.53382351
  0.3078432  -0.55027608  0.74208775 -0.53946801  0.31500765 -0.54523369
  0.79204075 -0.52090753  0.30377739 -0.53412089  0.74893334 -0.53139302
  0.31377303 -0.53105266  0.77929786 -0.51108287  0.30987821 -0.53271318
  0.71745899 -0.52786325  0.30698829 -0.5272984   0.75709748 -0.50844576
  0.31806544 -0.52493397  0.72076959 -0.51598782  0.29603604 -0.51702475
  0.74554835 -0.49865674  0.30726108 -0.51499707  0.69816118 -0.51364648
  0.31960327 -0.50313951  0.72554663 -0.49642766  0.31261713 -0.51150294
  0.70094618 -0.50553586  0.29866793 -0.50050239  0.71168659 -0.49341816
  0.3163714  -0.51098789  0.66385043 -0.50088893  0.30729884 -0.49373341
  0.70419273 -0.49022513  0.29994031 -0.49390439  0.67061941 -0.49821618
  0.29206151 -0.49366735  0.68675673 -0.48122184  0.29691505 -0.48154965
  0.65936606 -0.48910065  0.29648394 -0.47226314  0.68023213 -0.47843684
  0.30092946 -0.48349339  0.65321385 -0.480133    0.2814711  -0.46914139
  0.66324513 -0.47419794  0.29012509 -0.46693018  0.64642911 -0.47697561
  0.27881823 -0.46933546  0.67805867 -0.46411315  0.27775459 -0.46146188
  0.63100824 -0.46137634  0.2709573  -0.46922844  0.64267695 -0.45194194
  0.28620196 -0.46530319  0.63442577 -0.45658153  0.28603098 -0.47105993
  0.65000717 -0.44535649  0.26374144 -0.45123441  0.60864943 -0.44511944
  0.28285784 -0.46105174  0.62676092 -0.43706233  0.26845965 -0.44930643
  0.61366874 -0.44594603  0.26467708 -0.45193621  0.63412678 -0.43096151
  0.26424596 -0.45002077  0.59682963 -0.43276992  0.27509861 -0.45998599
  0.62108811 -0.42337116  0.2673677  -0.44477697  0.58877985 -0.42778625
  0.26768135 -0.45042147  0.60052516 -0.41440351  0.26564845 -0.43744675
  0.58296437 -0.43121953  0.27095099 -0.43970415  0.58789452]",0.6864130434782608,0.08909420289855073,0.0008695652173913044,0.8614338235294118,0.4725,0.00040441176470588236,0.6922307692307692,0.09088461538461538,0.00046153846153846153,0.8554583333333333,0.47591666666666665,0.0002916666666666667,0.7035,0.09586363636363636,0.0006818181818181819,1.6651198743829617e-10
3.65,0.06,101,0.6621785714285714,0.14298752532287276,0.3865,0.1213020138803498,1.111979879522798,2.0,0.871122454743045,0.11305534891187771,0.0009556278520467057,2.0,0.7195143176568896,0.17426500460394667,0.002757825776013428,4,0.930675133775567,8,0.9192486353055972,0.006785133254500804,7.0,1.1544698101130788,"[ 1.         -0.56282762  0.2022088  -0.55630956  0.88635558 -0.54685944
  0.21890514 -0.56423962  0.91924864 -0.55838419  0.21521297 -0.55204332
  0.87998825 -0.5415762   0.20708631 -0.55525004  0.91349782 -0.54908635
  0.20842574 -0.54766542  0.87101654 -0.53695558  0.20120443 -0.54559783
  0.89790712 -0.54331767  0.20382299 -0.53746224  0.85489428 -0.52891747
  0.2075435  -0.54144324  0.88458586 -0.53867764  0.20045326 -0.53070326
  0.85351243 -0.52696677  0.19632177 -0.53064297  0.87232771 -0.53467353
  0.1980811  -0.52288116  0.84059165 -0.52212286  0.20493756 -0.52699323
  0.85958412 -0.53236846  0.19879878 -0.51827996  0.83160052 -0.51569155
  0.19358476 -0.52270029  0.85447651 -0.52194198  0.19344845 -0.51142875
  0.81720401 -0.50806605  0.19933402 -0.51008932  0.8445145  -0.51903982
  0.19319524 -0.49978866  0.80991192 -0.49854492  0.18760743 -0.50367743
  0.82890439 -0.50715702  0.18888133 -0.49543019  0.79533822 -0.4924874
  0.18439547 -0.49590145  0.82010986 -0.49732763  0.1817203  -0.4848071
  0.78314561 -0.48581337  0.18687772 -0.48613759  0.80615267 -0.49241817
  0.17553016 -0.48117678  0.77397729 -0.47841118  0.18044486 -0.48109707
  0.79601347 -0.48872232  0.17977699 -0.47333527  0.76749831 -0.47421047
  0.17705571 -0.47418032  0.78187909 -0.48028372  0.18269856 -0.47041369
  0.74961148 -0.46824518  0.18187293 -0.47002573  0.77129329 -0.47745437
  0.17509094 -0.46036828  0.74866895 -0.4639134   0.17285509 -0.46156771
  0.75850358 -0.47307648  0.17781591 -0.45406804  0.73998607 -0.45494324
  0.16743923 -0.45436212  0.74326726 -0.46203349  0.18552635 -0.44993286
  0.72408712 -0.45093913  0.16374182 -0.44598905  0.73743149 -0.45871142
  0.16724631 -0.4405428   0.71838242 -0.44589861  0.16986488 -0.44004318
  0.72336265 -0.44674367  0.16829166 -0.4383955   0.7083937  -0.43993332
  0.16715777 -0.4393522   0.71847106 -0.44047012  0.17116712 -0.43273847
  0.69820839 -0.43451901  0.15953072 -0.43629956  0.71230033]",0.6838768115942029,0.1225,0.0,0.8854044117647059,0.5406985294117647,0.0,0.6853846153846154,0.12134615384615384,3.846153846153846e-05,0.889125,0.5543333333333333,0.0,0.6876818181818182,0.12286363636363637,0.0,0.0
3.65,0.06,707,0.6191785714285715,0.09011423447548139,0.5237857142857143,0.05851090078100046,0.5399008756304894,2.0,0.879305100373569,0.1537975350757124,0.002108310492912835,2.0,0.5381342454412757,0.48147714922890666,0.028036601184718943,8,0.8489322292290279,8,0.6000537951581376,0.0030176671312889744,9.0,1.1023752254960915,"[ 1.         -0.37731336  0.23431386 -0.37828178  0.49096565 -0.3344432
  0.25214717 -0.38285198  0.6000538  -0.39703778  0.26153352 -0.36512001
  0.50154475 -0.36981565  0.24543744 -0.38484197  0.56786162 -0.37811305
  0.26739289 -0.36452732  0.43427864 -0.3687267   0.26113121 -0.36552232
  0.56467642 -0.38179452  0.20737852 -0.36244584  0.43636012 -0.33852943
  0.21775741 -0.38286675  0.52805809 -0.37613783  0.22972643 -0.3275795
  0.43729706 -0.34539117  0.17696627 -0.33443878  0.5634207  -0.35284806
  0.20557585 -0.36479544  0.47886821 -0.33412355  0.21486087 -0.32992664
  0.50901726 -0.35345058  0.18982156 -0.32054028  0.45168936 -0.32001991
  0.17471801 -0.35233507  0.49445818 -0.36021098  0.22116337 -0.31895507
  0.39117873 -0.31535576  0.19508086 -0.32675621  0.50180634 -0.34133693
  0.195676   -0.33609682  0.4047861  -0.30229532  0.20446476 -0.31061683
  0.43185622 -0.33409011  0.21752765 -0.3137489   0.40890332 -0.2944509
  0.18886247 -0.34966583  0.49131381 -0.2981299   0.16218236 -0.31584023
  0.42767603 -0.31273719  0.20654131 -0.33407339  0.50333105 -0.30598417
  0.15124915 -0.30749953  0.44018953 -0.28248925  0.18457848 -0.33775485
  0.46731032 -0.31642111  0.20131792 -0.30174151  0.39219732 -0.31170383
  0.20285493 -0.32101787  0.43134027 -0.30390761  0.19873033 -0.30745871
  0.41315777 -0.2850311   0.20031801 -0.28187739  0.43968096 -0.30182613
  0.19504887 -0.29290947  0.42403047 -0.27828054  0.16638369 -0.32053145
  0.4219416  -0.26949179  0.1924106  -0.28874159  0.37757772 -0.28981136
  0.17780331 -0.30960809  0.43077856 -0.29095836  0.17253417 -0.3149279
  0.40250831 -0.25971543  0.16408476 -0.28681458  0.39723917 -0.31093613
  0.17704632 -0.2973504   0.38461694 -0.27964253  0.15200701 -0.31662676
  0.38044167 -0.28332153  0.1665587  -0.28851344  0.35853197 -0.27701411
  0.16457118 -0.30455885  0.35177403 -0.30528437  0.17907221 -0.26666179
  0.36314545 -0.23752937  0.16491051 -0.30372325  0.37248114]",0.7735144927536232,0.31858695652173913,0.00010869565217391305,0.914889705882353,0.6403676470588235,7.352941176470588e-05,0.7776538461538461,0.32069230769230767,3.846153846153846e-05,0.9144583333333334,0.6570833333333334,0.0,0.7823636363636364,0.32495454545454544,4.545454545454545e-05,8.101203314148792e-10
3.65,0.06,1313,0.6391785714285715,0.03865881305123856,0.5192857142857142,0.04250450156231955,0.6563077678957507,2.0,0.20218341951421606,0.7268341401339359,0.023020012723647745,2.0,0.15753324869398716,0.7893858328105304,0.034491155693459404,8,0.3733576124470651,8,0.320832694557631,-0.0014500402937156643,26.0,1.1138348398958173,"[ 1.         -0.0721947  -0.10852382 -0.09740872  0.06987695 -0.07274983
 -0.02559971 -0.07972042  0.32083269 -0.08516601  0.11298665 -0.0928991
  0.09217816 -0.15917497 -0.10137814 -0.00876064  0.31074192 -0.0636273
 -0.01647719 -0.12032961  0.18061887 -0.07864163 -0.12364062 -0.08758906
  0.22202929 -0.03646871  0.03242668 -0.06077904  0.13661113 -0.10562028
 -0.03870174 -0.08370073  0.24096986 -0.07607092 -0.06374148 -0.01613951
  0.22078751 -0.08120103 -0.07480211 -0.08102675  0.20486949 -0.0568197
 -0.03734538 -0.12781176  0.13679106 -0.0659035  -0.00612983 -0.03805342
  0.20358978 -0.05216888 -0.04972365 -0.11525356  0.16121031 -0.11233994
 -0.06199863 -0.05362287  0.23425021 -0.034132    0.00115706 -0.11774761
  0.13180296 -0.08518135 -0.01233227 -0.1284976   0.23373301 -0.04408158
 -0.00209949 -0.06412757  0.15060233 -0.13161778 -0.03702344 -0.07883124
  0.28978174 -0.06481906 -0.03150684 -0.11878202  0.2125816  -0.05732561
 -0.04697301 -0.08482713  0.177347   -0.13452576 -0.01027878 -0.10272199
  0.20460887 -0.08673296 -0.04596522 -0.0680046   0.18230847 -0.10584218
 -0.07100496 -0.13289184  0.17717836 -0.01410699  0.00536733 -0.10410497
  0.14665994 -0.10864687 -0.06864163 -0.07167507  0.15293904 -0.08655303
  0.01078065 -0.02159479  0.19039577 -0.07327026 -0.05577278 -0.11370597
  0.14375197 -0.04160286 -0.00357445 -0.04781095  0.24446766 -0.06983378
 -0.05628999 -0.10326582  0.11541776 -0.09639852 -0.0208101  -0.05197119
  0.18648082 -0.07049219 -0.01148102 -0.11533344  0.11247186 -0.05235204
 -0.03059023 -0.07635172  0.18110623 -0.05443216 -0.01123573 -0.11873119
  0.14663412 -0.08221124 -0.02288942 -0.05602735  0.15200952 -0.0464207
 -0.02968572 -0.12958446  0.2306693  -0.07922661 -0.04317505 -0.08817404
  0.17795377 -0.06153831 -0.04601767 -0.13998588  0.17084681 -0.0982979
  0.00177512 -0.02938597  0.1655755  -0.11664461  0.00638803 -0.08681769
  0.11924234 -0.09059709 -0.01698552 -0.07429741  0.22543672]",0.7265217391304348,0.23242753623188406,0.0,0.93125,0.665625,0.0,0.7272692307692308,0.228,0.0,0.9314166666666667,0.663125,0.0,0.7284090909090909,0.22863636363636364,0.0,0.0
3.65,0.06,2029,0.6618214285714286,0.15061328284513206,0.4272142857142857,0.14889626233984354,1.0044783443388594,2.0,0.8907326842844214,0.09598512151229795,0.001172116173352758,2.0,0.8526473130805958,0.14520408939981536,0.010201042691646435,16,0.9463890376113449,8,0.920944031557229,0.012842344955108878,3.0,1.075139313320151,"[ 1.         -0.75593788  0.64031627 -0.72093158  0.84080908 -0.71869833
  0.64122241 -0.74846533  0.92094403 -0.74447433  0.63799931 -0.71213318
  0.83116956 -0.70820133  0.63167057 -0.73916939  0.91889011 -0.73249897
  0.62411225 -0.70201751  0.82018216 -0.69695801  0.6147085  -0.72842362
  0.8909595  -0.72362716  0.61180757 -0.69298461  0.80698435 -0.68792511
  0.61479365 -0.7201085   0.8863281  -0.71277944  0.60622389 -0.6836744
  0.79615804 -0.67596401  0.59275003 -0.71018246  0.86933749 -0.70683583
  0.59863577 -0.67344045  0.78818858 -0.6689519   0.59317164 -0.69896768
  0.86107438 -0.69711575  0.58499748 -0.66309027  0.77670364 -0.65731299
  0.57808352 -0.68811996  0.84210579 -0.6839536   0.57682206 -0.65426334
  0.76701924 -0.64517653  0.57039137 -0.67630569  0.83331453 -0.67543458
  0.56262708 -0.64123374  0.75064239 -0.63529537  0.55265237 -0.66400814
  0.80798993 -0.66347349  0.55291415 -0.63291862  0.73987522 -0.62301208
  0.54592678 -0.65357029  0.80335853 -0.65368     0.54233661 -0.62393059
  0.72171209 -0.61412601  0.52871593 -0.64235551  0.78702656 -0.64327068
  0.53082313 -0.61391687  0.7095685  -0.60475665  0.52793647 -0.63508035
  0.77256854 -0.63413583  0.52764156 -0.60340561  0.69598936 -0.59231228
  0.51025661 -0.62199161  0.75535769 -0.62265801  0.51615662 -0.59103465
  0.68300971 -0.58186016  0.50345761 -0.60994283  0.75147261 -0.61244039
  0.50317697 -0.57938147  0.66984043 -0.57249081  0.49721529 -0.5990217
  0.72975118 -0.60138671  0.49296649 -0.56944116  0.65974617 -0.56130663
  0.48028175 -0.58584528  0.72047665 -0.59116909  0.48151008 -0.55698251
  0.64544925 -0.55192301  0.47130087 -0.57411869  0.69657334 -0.58068636
  0.46775558 -0.54818412  0.63113805 -0.54094274  0.45836609 -0.56240637
  0.68630372 -0.5704096   0.4645006  -0.5388005   0.62271386 -0.53068024
  0.44534364 -0.55353456  0.66865447 -0.56238605  0.45473059 -0.53092378
  0.61101075 -0.52192465  0.44144636 -0.54671207  0.66784648]",0.6845652173913044,0.22782608695652173,0.0012681159420289854,0.9018014705882353,0.6101838235294118,0.0006985294117647059,0.6896923076923077,0.22876923076923078,0.0006923076923076923,0.8964166666666666,0.6017916666666666,0.001125,0.6954545454545454,0.2285909090909091,0.0006818181818181819,6.689047146063078e-10
3.65,0.06,3001,0.6553214285714286,0.0517832388570917,0.4224285714285715,0.043717786974630635,0.8625083865427213,2.0,0.5838622324910915,0.4722254527971422,0.008105332057060754,4.0,0.15688737492016178,0.8183470910513171,0.11652310776584635,8,0.49592768406668813,8,0.37827996650176876,0.026383336600380287,75.0,1.2320833333333334,"[ 1.00000000e+00  2.77390219e-02 -4.71903740e-02 -1.88079755e-03
  2.06000455e-01 -9.46134356e-03  2.95962975e-02  4.79066961e-02
  3.78279967e-01  3.65888702e-02  3.62128694e-02 -1.93841115e-02
  2.57636819e-01  3.47004608e-02 -4.91697900e-03  2.46052593e-02
  3.42736269e-01  1.32874334e-02  1.69959287e-03 -1.36255276e-02
  2.28083447e-01  2.46717067e-02 -2.90566343e-02  4.53129629e-02
  3.33737936e-01 -9.62959743e-03 -6.26831839e-03  1.39107202e-02
  2.36741092e-01  2.52087767e-02 -1.71155216e-02 -1.02091656e-02
  2.95871785e-01  2.43507887e-02  1.83688680e-02 -1.66730734e-02
  2.97720656e-01 -2.23849795e-02 -4.04169584e-02  1.33975993e-02
  2.93317591e-01  1.32916131e-02 -1.78208455e-02  7.77190999e-03
  3.09923378e-01 -1.47577556e-02 -9.52783663e-03  1.06512020e-02
  2.83288837e-01  1.92424000e-02 -3.34555195e-02 -1.43069024e-02
  2.76632726e-01 -2.36283039e-03 -8.34475110e-03  1.37029274e-02
  2.77643378e-01  1.54688303e-03 -8.10492757e-02  1.76126409e-02
  2.67634393e-01  5.48794537e-02 -3.97667632e-02 -5.03241823e-02
  2.36878166e-01  3.07595678e-02 -2.65138501e-02  2.06643663e-02
  2.17525982e-01 -6.24859471e-03 -6.64210740e-02  1.31218185e-03
  2.33485753e-01  7.00431847e-03 -7.26927788e-02  1.55955165e-02
  1.93578529e-01 -3.41255299e-02 -4.57133705e-02 -2.28274734e-02
  1.90659699e-01  5.20641226e-04 -7.10558807e-02  4.15193492e-03
  2.65385527e-01  6.94501012e-03 -9.89130465e-02 -3.38866491e-02
  2.06791904e-01 -6.60905154e-03 -4.89333498e-02 -1.19365517e-02
  1.89500562e-01 -1.66891666e-03 -8.13660139e-02 -1.82082565e-02
  1.91541636e-01  1.55134794e-02 -5.40021997e-02 -6.82398327e-03
  2.30117290e-01  6.34271314e-03 -1.04283045e-01 -5.23371271e-02
  1.95815985e-01 -2.25448741e-02 -5.09504742e-02  1.18764654e-03
  2.02624760e-01 -1.65743177e-02 -1.01039116e-01 -4.36794817e-02
  1.74575392e-01 -1.64496756e-03 -9.81598244e-02 -2.10833688e-02
  2.09221563e-01 -3.80071146e-02 -1.13966932e-01 -5.12359719e-03
  1.92576237e-01 -1.27041432e-02 -1.00906222e-01 -2.46679846e-02
  1.26315850e-01  2.19420279e-02 -9.32592284e-02 -2.91009020e-03
  1.57224742e-01 -4.78634352e-02 -1.39802794e-01 -1.51721208e-02
  1.88971851e-01 -1.52781070e-02 -1.33378425e-01 -2.82723699e-02
  1.76709821e-01 -2.27724363e-02 -1.27600071e-01 -4.57559144e-02
  1.66893039e-01 -1.95087384e-02 -1.24528576e-01 -2.21293801e-02
  1.40904513e-01 -2.41040062e-02 -1.23325721e-01 -8.65211263e-02
  1.27996467e-01 -1.27197330e-02 -7.84981321e-02 -5.72886721e-02
  1.63027044e-01 -1.13246750e-02 -9.84963321e-02 -3.34699347e-02
  1.03595202e-01 -5.02014775e-02 -1.20555375e-01 -2.39543015e-02
  7.74144735e-02]",0.7008695652173913,0.1514855072463768,3.6231884057971014e-05,0.9113970588235294,0.5708088235294118,0.00011029411764705883,0.7014230769230769,0.1471923076923077,7.692307692307693e-05,0.9105,0.58025,8.333333333333333e-05,0.7027727272727273,0.14272727272727273,0.0,3.6564977713371436e-10
3.65,0.06,4099,0.6521428571428571,0.10673254768201629,0.3833571428571429,0.08854870100108522,1.2884461568474443,2.0,0.9134000048665353,0.1246777143493294,0.003132183216806617,2.0,0.6892937008424691,0.3507749708629714,0.025975725641018285,8,0.8680019322311511,16,0.6932544786388363,0.013502318252574171,6.0,1.1004716013942997,"[ 1.         -0.51485352  0.41474839 -0.49445811  0.61384762 -0.50397204
  0.48347628 -0.52532998  0.68257551 -0.50781846  0.45624897 -0.49956899
  0.63955706 -0.49967057  0.42264353 -0.495065    0.69325448 -0.50336473
  0.4623724  -0.49997401  0.62913194 -0.49324261  0.43028569 -0.48878931
  0.63727984 -0.50513622  0.44830272 -0.49643125  0.62523462 -0.51019749
  0.40847204 -0.48965047  0.65357498 -0.5044793   0.43817952 -0.49319367
  0.627258   -0.48388095  0.40472633 -0.4765431   0.63525428 -0.50458045
  0.43458673 -0.49951874  0.60013206 -0.48443758  0.41054654 -0.46480154
  0.60478701 -0.48965112  0.40199362 -0.47927581  0.60655806 -0.47603736
  0.41545512 -0.47401246  0.61227755 -0.47198756  0.39824856 -0.48393185
  0.59552584 -0.48691732  0.39622409 -0.46151154  0.61612419 -0.4978993
  0.37749946 -0.45472881  0.57356253 -0.47198604  0.39536488 -0.49015621
  0.61997083 -0.46748271  0.36798466 -0.45619642  0.56920972 -0.46829167
  0.3819036  -0.45639763  0.57508213 -0.47380648  0.38306886 -0.44369355
  0.5722996  -0.46596181  0.37679338 -0.46408917  0.58059976 -0.46009006
  0.37811025 -0.44015014  0.53257094 -0.46044418  0.38686589 -0.46570775
  0.55544739 -0.46155702  0.35538693 -0.43721383  0.55463842 -0.45811497
  0.37947758 -0.43832666  0.5690122  -0.46165752  0.36227037 -0.42972328
  0.53707709 -0.43270875  0.3684447  -0.43098838  0.55767545 -0.44050231
  0.3489607  -0.43377156  0.53272493 -0.43660477  0.35179565 -0.4119577
  0.5422406  -0.42845623  0.35508609 -0.42810102  0.51471007 -0.41651086
  0.35124032 -0.41038721  0.53576391 -0.42050889  0.35088684 -0.43260414
  0.50109652 -0.41797782  0.35068433 -0.40107471  0.52397232 -0.42015455
  0.34911535 -0.39034484  0.50980257 -0.41701573  0.32932748 -0.41256242
  0.51081426 -0.41099301  0.35098907 -0.39257117  0.49725162 -0.41559815
  0.32861988 -0.39429111  0.48991355 -0.41003092  0.35058405 -0.38826969
  0.49107685 -0.39155904  0.31743409 -0.40699563  0.50453835]",0.7085507246376812,0.16771739130434782,0.0006521739130434783,0.8907352941176471,0.5593014705882353,0.0005147058823529412,0.7154230769230769,0.1655,0.0005384615384615384,0.8845,0.5425416666666667,0.0007083333333333334,0.7199545454545454,0.1689090909090909,0.0005454545454545455,8.298646516061163e-11
3.65,0.06,5003,0.6404642857142856,0.15413687844224164,0.48600000000000004,0.13857849761056004,0.7117532642210754,2.0,0.9298530289615851,0.07848071733162432,0.0008013312408037421,2.0,0.8240048989589711,0.1474829404542788,0.00242570614702803,8,0.942561090731405,8,0.9234707055077809,0.007360356596311252,5.0,1.062295081967213,"[ 1.         -0.70305264  0.49101437 -0.69718273  0.87345017 -0.69296426
  0.49961496 -0.69867676  0.92347071 -0.69501622  0.50194454 -0.68747255
  0.86823043 -0.68293421  0.47988931 -0.68851281  0.91586306 -0.68346862
  0.48554408 -0.67573898  0.85756539 -0.67346208  0.47416372 -0.67675693
  0.89860714 -0.67668194  0.47694706 -0.66401285  0.85050823 -0.66378165
  0.47560925 -0.66861636  0.88113548 -0.6660419   0.47340108 -0.65523254
  0.83468801 -0.65494927  0.46068914 -0.65861606  0.87221859 -0.65774511
  0.46137471 -0.64528432  0.82566697 -0.64305948  0.46099652 -0.64858601
  0.84941322 -0.65023686  0.44693814 -0.63442854  0.81280001 -0.63398161
  0.44929747 -0.63642842  0.83986402 -0.63807927  0.44232838 -0.62216681
  0.7988916  -0.62650311  0.44375785 -0.62180111  0.82157408 -0.63083881
  0.43984616 -0.61120689  0.78219359 -0.61841462  0.43542863 -0.61371262
  0.81380278 -0.62112863  0.43170292 -0.60093879  0.7786476  -0.61080221
  0.42500164 -0.5999631   0.80156813 -0.61588181  0.42722707 -0.59131044
  0.76521528 -0.60146398  0.42546523 -0.59354837  0.78864165 -0.60561371
  0.42304133 -0.58444193  0.75311453 -0.59435743  0.41551433 -0.5824843
  0.7781849  -0.60108846  0.41678014 -0.5756393   0.75694796 -0.58930401
  0.40372601 -0.57734906  0.76644866 -0.59568542  0.41623203 -0.56707472
  0.73873241 -0.58320915  0.4039218  -0.56984825  0.75593983 -0.58749278
  0.41108668 -0.56018389  0.73669652 -0.57807391  0.39715476 -0.56104562
  0.75057875 -0.58304936  0.400682   -0.55318892  0.72788377 -0.56964323
  0.39498497 -0.552667    0.73196894 -0.57761657  0.40175559 -0.54329277
  0.71541108 -0.56404678  0.38867914 -0.54202696  0.72331984 -0.56870235
  0.38556342 -0.53586634  0.70899366 -0.55622608  0.39073467 -0.5350543
  0.71174726 -0.56181153  0.38514922 -0.5297194   0.69742107 -0.5501833
  0.38139376 -0.52765763  0.70532984 -0.55502485  0.37774987 -0.52144494
  0.68816199 -0.54084506  0.37630791 -0.51642991  0.69830244]",0.7276449275362319,0.2263768115942029,0.0002536231884057971,0.9101838235294117,0.6329411764705882,0.0002941176470588235,0.7342307692307692,0.23015384615384615,0.00023076923076923076,0.911375,0.649375,0.00016666666666666666,0.7363181818181819,0.23195454545454544,0.00022727272727272727,1.1652206359235503e-09
3.65,0.08,101,0.6417857142857142,0.10990429510093158,0.40621428571428575,0.06059782948898015,0.9383103206601059,2.0,0.8149740805690986,0.17415270052389123,0.002757500424342712,2.0,0.553821949131768,0.32459939482670974,0.01814812169050178,4,0.879406088162041,8,0.8313751903737056,0.00579574235754617,3.0,1.106850914752822,"[ 1.00000000e+00 -3.88625490e-01  2.36148982e-02 -3.90600709e-01
  7.92169225e-01 -3.75679336e-01  1.33398768e-02 -3.82517482e-01
  8.31375190e-01 -3.82305772e-01  9.51031903e-03 -3.81604991e-01
  7.59464641e-01 -3.71546546e-01 -4.04509463e-03 -3.89324891e-01
  7.80801430e-01 -3.77563032e-01  1.32804736e-02 -3.71999322e-01
  7.31991178e-01 -3.64006928e-01  1.23686727e-02 -3.84461272e-01
  7.51503675e-01 -3.69781657e-01  2.68973626e-02 -3.75888974e-01
  7.14364450e-01 -3.61209359e-01  3.14584397e-02 -3.75097361e-01
  7.16128649e-01 -3.74033944e-01  3.82064450e-02 -3.73212283e-01
  7.08046113e-01 -3.62785646e-01  3.48659588e-02 -3.79349648e-01
  7.10903776e-01 -3.71478132e-01  4.47734779e-02 -3.72359886e-01
  7.02332169e-01 -3.62543198e-01  3.42566995e-02 -3.76189443e-01
  7.10173638e-01 -3.70263098e-01  3.33448985e-02 -3.76128659e-01
  7.02453738e-01 -3.55734408e-01  3.23122190e-02 -3.75095289e-01
  7.11267793e-01 -3.69168943e-01  1.58390486e-02 -3.77100554e-01
  6.91755987e-01 -3.52815961e-01  7.02568440e-03 -3.77160648e-01
  7.22818632e-01 -3.60656739e-01  2.42303742e-02 -3.66764057e-01
  7.08900583e-01 -3.58892541e-01 -8.75188091e-04 -3.78374299e-01
  7.27319616e-01 -3.56034878e-01  2.50827720e-02 -3.68829416e-01
  6.96257661e-01 -3.50990287e-01 -6.83088940e-03 -3.71686388e-01
  7.03126545e-01 -3.52874673e-01  1.54784853e-02 -3.58981991e-01
  6.76927519e-01 -3.50017010e-01  7.75858520e-03 -3.62811548e-01
  6.91456209e-01 -3.52994861e-01  1.92486399e-02 -3.52414958e-01
  6.78389867e-01 -3.44422563e-01  4.72064067e-03 -3.60986565e-01
  6.76868116e-01 -3.46065193e-01  1.85185021e-02 -3.49133875e-01
  6.40091526e-01 -3.37372016e-01  2.33213361e-02 -3.53084311e-01
  6.65318658e-01 -3.46916209e-01  2.16787065e-02 -3.45852792e-01
  6.44345195e-01 -3.28986248e-01  4.82410591e-02 -3.46522836e-01
  6.43675151e-01 -3.34640099e-01  3.60208665e-02 -3.34428389e-01
  6.42032521e-01 -3.27529458e-01  5.65059486e-02 -3.50049852e-01
  6.59599847e-01 -3.30265552e-01  3.94228280e-02 -3.30174720e-01
  6.21119843e-01 -3.25100082e-01  4.93303470e-02 -3.43488377e-01
  6.47682196e-01 -3.22731491e-01  3.91762041e-02 -3.25679294e-01
  6.15889413e-01 -3.11851386e-01  3.35223537e-02 -3.31212266e-01
  6.28835567e-01 -3.12642309e-01  3.26105527e-02 -3.21546504e-01
  6.25736838e-01 -3.06987767e-01  2.55006027e-02 -3.35464554e-01
  6.34309136e-01 -3.08872154e-01  2.45888017e-02 -3.19842399e-01
  6.05192353e-01 -2.97140342e-01  1.99075369e-02 -3.20512443e-01
  6.20935385e-01 -3.09602292e-01  1.70505647e-02 -3.17533902e-01
  5.95829823e-01 -2.92034967e-01  1.22484214e-02 -3.16621410e-01
  6.09385927e-01]",0.7186594202898551,0.3247463768115942,0.0,0.934485294117647,0.7148897058823529,0.0,0.7297307692307692,0.32965384615384613,0.0,0.917875,0.672125,0.0,0.7355909090909091,0.3340909090909091,0.0,0.0
3.65,0.08,707,0.6277142857142857,0.08956117507956587,0.5091428571428571,0.08277754797636608,0.7647387821207563,2.0,0.868935023095681,0.1434750926452848,0.002727885437453685,2.0,0.8845567349379578,0.1218522491916923,0.004316421481509689,8,0.8933162466974378,8,0.9262739641863644,0.006548963270523982,25.0,1.079836388425996,"[ 1.         -0.78977421  0.67567415 -0.7901903   0.90549508 -0.79107697
  0.67915763 -0.78912227  0.92627396 -0.78531801  0.66094071 -0.78033133
  0.89919638 -0.78424998  0.668168   -0.77769966  0.9069449  -0.77337418
  0.65161003 -0.77402556  0.88882328 -0.77221084  0.66205993 -0.76817129
  0.88529568 -0.76844144  0.64820334 -0.76283823  0.88281051 -0.76258717
  0.65239865 -0.75594154  0.87762396 -0.75526456  0.64313769 -0.75435229
  0.86471449 -0.75201637  0.63951478 -0.74650847  0.86317644 -0.74782105
  0.64266767 -0.74534514  0.85955353 -0.74310452  0.63748112 -0.7369801
  0.85654715 -0.7356866   0.63040032 -0.73884875  0.84676497 -0.73097007
  0.62000162 -0.73038841  0.83916296 -0.72701005  0.61770706 -0.72808733
  0.83103973 -0.71584832  0.60707307 -0.71735151  0.82656501 -0.71302603
  0.60354547 -0.7168047   0.81678283 -0.704661    0.60285924 -0.71019393
  0.81505417 -0.70672026  0.60037407 -0.70694573  0.81152657 -0.69825992
  0.59841011 -0.70639892  0.80728714 -0.69780841  0.59573433 -0.70272482
  0.80636561 -0.69257067  0.59367506 -0.7020827   0.79032885 -0.6906955
  0.59190172 -0.69039976  0.79315114 -0.68432002  0.58951186 -0.69008824
  0.78919764 -0.68088121  0.58451593 -0.68423397  0.78315927 -0.67919666
  0.58307319 -0.67994334  0.7738983  -0.67561786  0.57736542 -0.67418438
  0.76819054 -0.67383801  0.57393313 -0.67136209  0.77257647 -0.66433523
  0.56770414 -0.66498661  0.7560185  -0.6635978   0.56697323 -0.65894173
  0.75633002 -0.65722232  0.56420214 -0.65972327  0.74825147 -0.65729203
  0.55972742 -0.65595386  0.7460969  -0.65120247  0.56050952 -0.65289628
  0.74048444 -0.65098626  0.55039674 -0.65173294  0.73112816 -0.64418487
  0.5560604  -0.64379382  0.73238681 -0.64292622  0.5522022  -0.63983379
  0.71905143 -0.63394467  0.54962172 -0.63886107  0.71073759 -0.63538741
  0.54306214 -0.6297842   0.71408109 -0.62578932  0.54275714 -0.62852556
  0.70325648 -0.62201991  0.53922954 -0.61693793  0.70285617]",0.7448913043478261,0.3902536231884058,0.0,0.950735294117647,0.7763970588235294,0.0,0.7504615384615385,0.39892307692307694,0.0,0.9385416666666667,0.7407083333333333,0.0,0.7568636363636364,0.3982272727272727,0.0,0.0
3.65,0.08,1313,0.62275,0.06561066169892991,0.48764285714285716,0.05432193340612604,0.4364110952630267,4.0,0.6577478260362416,0.40365722346953853,0.011333941621400256,4.0,0.6133826407084342,0.4195836221254903,0.024757153915627002,8,0.7564832110641667,4,0.7888137149733593,0.005470249251961605,138.0,1.2595940959409595,"[ 1.         -0.06089129 -0.6180004  -0.05831943  0.78881371 -0.0614861
 -0.62888965 -0.03653069  0.77429358 -0.0578518  -0.62676475 -0.05285935
  0.7083428  -0.04876424 -0.62463986 -0.04347268  0.69594414 -0.03756905
 -0.62312703 -0.03773073  0.66325574 -0.03636916 -0.61678685 -0.04772262
  0.67717064 -0.04695929 -0.60710106 -0.04833127  0.65084667 -0.03213321
 -0.57140083 -0.04318755  0.64963979 -0.03091949 -0.5750283  -0.04560472
  0.6623444  -0.01882695 -0.57896872 -0.05317603  0.65235251 -0.01217382
 -0.58713826 -0.03743876  0.64993533 -0.0173107  -0.58380307 -0.05951979
  0.65962112 -0.03153172 -0.59227172 -0.03985252  0.64206833 -0.04061243
 -0.59137095 -0.0546856   0.64116057 -0.0339593  -0.60136285 -0.03684069
  0.64690252 -0.02700706 -0.59016765 -0.05953378  0.64841535 -0.02277452
 -0.58381364 -0.02897385  0.6438767  -0.01792992 -0.58442228 -0.04047515
  0.66717486 -0.02064621 -0.58713857 -0.0377382   0.678683   -0.02304955
 -0.55989658 -0.04771626  0.67929848 -0.0354482  -0.57229524 -0.05194196
  0.66447924 -0.02757095 -0.55231502 -0.04769559  0.64511792 -0.03361901
 -0.5523116  -0.04618276  0.62666779 -0.04027913 -0.5383967  -0.03952963
  0.63907328 -0.03846719 -0.5511083  -0.04225975  0.63785257 -0.03423465
 -0.51026777 -0.0416581   0.62333244 -0.03423123 -0.51298406 -0.05466882
  0.60728906 -0.03454076 -0.49392886 -0.06404865  0.59943248 -0.02575232
 -0.51297723 -0.06252199  0.59671619 -0.03573039 -0.50359056 -0.05888769
  0.59006989 -0.01787165 -0.52325099 -0.03981865  0.57735829 -0.02574207
 -0.52022875 -0.04526848  0.55920727 -0.03421072 -0.50812237 -0.03195181
  0.57010335 -0.03390818 -0.50903013 -0.04133164  0.56737323 -0.01818475
 -0.50026936 -0.04104294  0.57250312 -0.03150842 -0.49452741 -0.05224513
  0.56705329 -0.01759351 -0.48121074 -0.05224171  0.56221552 -0.02636128
 -0.4911888  -0.0537477   0.54981687 -0.01062402 -0.48362449 -0.04618339
  0.56948413 -0.02363474 -0.4990558  -0.062825    0.54466957]",0.7573188405797101,0.4028260869565217,0.0,0.9334558823529412,0.724375,0.0,0.7665,0.4168846153846154,0.0,0.9238333333333333,0.70675,0.0,0.7733181818181818,0.4134090909090909,0.0,0.0
3.65,0.08,2029,0.6634642857142856,0.15325620056038214,0.4567857142857143,0.18097066793561115,1.37303538140448,2.0,0.9517776067757779,0.05290415790596519,0.0003292118633853742,2.0,0.9709389435182095,0.03640536147723027,0.0014800680403309018,4,0.9709247749619424,4,0.9754705200626922,0.007720997916200801,698.0,1.214855623100304,"[ 1.         -0.94110645  0.91024785 -0.93899412  0.97547052 -0.93673769
  0.90579837 -0.93461056  0.96947954 -0.93115457  0.89785928 -0.92849699
  0.96393955 -0.92580436  0.8948921  -0.92303773  0.96142337 -0.92123229
  0.88804352 -0.91955616  0.95345469 -0.91577303  0.88552733 -0.91398785
  0.94733985 -0.91109191  0.8796306  -0.90844913  0.94351507 -0.90588035
  0.87554332 -0.90424862  0.93757394 -0.90155598  0.86758943 -0.8986803
  0.9325644  -0.89578437  0.86484035 -0.89301774  0.92655862 -0.89066705
  0.85959792 -0.88835142  0.92240669 -0.88531684  0.85500978 -0.88486985
  0.91627706 -0.88153772  0.8509225  -0.87956404  0.91329507 -0.87623191
  0.84460437 -0.87433767  0.90708599 -0.87120884  0.84076479 -0.86922036
  0.89933541 -0.86694913  0.8332619  -0.86407345  0.89368637 -0.85952696
  0.82847047 -0.85797468  0.88995584 -0.85509355  0.82322804 -0.85186112
  0.88267106 -0.84840513  0.81986905 -0.84705615  0.87722532 -0.84370922
  0.81300567 -0.84060064  0.87156149 -0.83846805  0.80818463 -0.83626147
  0.86524336 -0.83244874  0.801678   -0.83077261  0.85981242 -0.82709852
  0.79688657 -0.82529854  0.85276054 -0.82140636  0.79221898 -0.81963598
  0.84946621 -0.81583805  0.7862132  -0.81408246  0.84369332 -0.81037878
  0.78045512 -0.807285    0.83728094 -0.80449812  0.77521268 -0.80328778
  0.83202371 -0.7991479   0.7700941  -0.79670842  0.82726187 -0.79432814
  0.76369652 -0.79199771  0.82083469 -0.78810552  0.76074413 -0.78653844
  0.81613751 -0.78330056  0.7542079  -0.78031583  0.81092467 -0.77760839
  0.75017982 -0.77507466  0.80418514 -0.77236723  0.74290983 -0.7696006
  0.7998299  -0.76658082  0.73736985 -0.76356649  0.79201467 -0.7611862
  0.73217181 -0.75729947  0.78672239 -0.75547924  0.72674088 -0.75260356
  0.78260005 -0.74945992  0.7211861  -0.74648999  0.77734282 -0.74390641
  0.71628561 -0.74168503  0.77082139 -0.73997384  0.71108758 -0.73641426
  0.7637547  -0.73516888  0.7068118  -0.73241705  0.75904272]",0.6744202898550725,0.26014492753623186,3.6231884057971014e-05,0.9553308823529412,0.8105514705882353,3.676470588235294e-05,0.6766153846153846,0.25984615384615384,7.692307692307693e-05,0.95175,0.805125,4.1666666666666665e-05,0.6803181818181818,0.25945454545454544,4.545454545454545e-05,4.101808087438783e-12
3.65,0.08,3001,0.6646428571428571,0.06708108860908261,0.3807142857142857,0.0708080186857681,2.018648238980857,2.0,0.5934254330881326,0.3180867492434238,0.005254109408416038,2.0,0.8903843852117497,0.13478973493020013,0.002839544842405856,16,0.7846304357509323,8,0.8886403349372723,0.005995721255164078,3.0,1.055863708399366,"[ 1.         -0.79702263  0.72253151 -0.80665761  0.86204684 -0.79579802
  0.72090683 -0.80000916  0.88864033 -0.7915613   0.72086962 -0.79692233
  0.84400151 -0.78562517  0.71568332 -0.78386297  0.87788106 -0.78221271
  0.70742386 -0.78571152  0.84693919 -0.77885112  0.71390949 -0.77752649
  0.85912341 -0.78091337  0.70444926 -0.77400209  0.83672942 -0.76895303
  0.70616232 -0.76532861  0.84282836 -0.77370175  0.69785198 -0.76322886
  0.83495559 -0.75949251  0.6864176  -0.7547182   0.83064443 -0.75837983
  0.68325633 -0.75716713  0.81794822 -0.75370553  0.68721831 -0.74964355
  0.82262251 -0.75357993  0.68306997 -0.74425693  0.81688671 -0.74506927
  0.66906104 -0.73930788  0.81542485 -0.74411941  0.66688686 -0.73649581
  0.80870197 -0.73347178  0.66926136 -0.72913504  0.80039163 -0.73548314
  0.65601564 -0.72742197  0.8009548  -0.72752199  0.66068994 -0.72203535
  0.79067031 -0.72898385  0.64925555 -0.72136025  0.797044   -0.7130752
  0.65661632 -0.71115018  0.78062336 -0.71979808  0.64277021 -0.71217448
  0.77132594 -0.7060264   0.65013098 -0.70097734  0.75989155 -0.70661312
  0.63129861 -0.69471558  0.76883979 -0.69339095  0.63142421 -0.68932896
  0.74945791 -0.69710172  0.62727587 -0.68849104  0.74087281 -0.69401489
  0.62723866 -0.68310442  0.74099842 -0.69273939  0.61996627 -0.67870488
  0.74780968 -0.68137944  0.61538037 -0.67046897  0.74009973 -0.67955443
  0.61063164 -0.66595749  0.72992717 -0.67361831  0.59207402 -0.6595838
  0.72391661 -0.66280786  0.59888529 -0.6577588   0.72574162 -0.65983297
  0.59731149 -0.65862027  0.71731934 -0.6541716   0.5887264  -0.65394598
  0.71558272 -0.6511967   0.58244109 -0.64472299  0.70414834 -0.64153615
  0.58640306 -0.63961113  0.69616363 -0.64453459  0.57913067 -0.63093765
  0.68516681 -0.63191281  0.5758066  -0.62456396  0.68370495 -0.62893791
  0.56979604 -0.62986219  0.67528268 -0.61998968  0.57447034 -0.61948931
  0.67639535 -0.62342569  0.5610618  -0.61865138  0.66298681]",0.671231884057971,0.15717391304347825,0.0,0.9459191176470588,0.7576838235294118,0.0,0.6721538461538461,0.15692307692307692,0.0,0.944375,0.7512916666666667,0.0,0.6719545454545455,0.15804545454545454,0.0,0.0
3.65,0.08,4099,0.6535357142857143,0.0816405370873953,0.3782857142857143,0.06917826720192712,1.1855680244092262,2.0,0.823757116996741,0.2243794398475005,0.00663875700775241,2.0,0.6733687673433826,0.3534618527426527,0.028909056562093978,8,0.8101986027691191,8,0.7861155596927635,0.018911064868041845,682.0,1.293600390815828,"[ 1.         -0.55208194  0.48267343 -0.53945064  0.69689878 -0.56286687
  0.49554349 -0.54640608  0.78611556 -0.55807797  0.48988445 -0.54418013
  0.67756777 -0.54913548  0.48912527 -0.53342098  0.75101455 -0.53720787
  0.48155149 -0.52532286  0.68841211 -0.54906318  0.47459605 -0.51894331
  0.72198188 -0.53382635  0.47532944 -0.53453003  0.65970353 -0.54899088
  0.46464259 -0.51131012  0.70190458 -0.53748545  0.45119663 -0.51463223
  0.63696521 -0.54859448  0.47548693 -0.50685821  0.67981446 -0.52226151
  0.46408365 -0.50846175  0.64835967 -0.5342149   0.47568716 -0.50026554
  0.65207818 -0.53101665  0.46097466 -0.51231702  0.63000095 -0.52314454
  0.46511536 -0.49185621  0.63404357 -0.51835565  0.46360991 -0.49774127
  0.63305838 -0.51742609  0.46603202 -0.48337865  0.61043103 -0.50955399
  0.46228773 -0.50055601  0.60071648 -0.51511495  0.45789523 -0.4889525
  0.61231999 -0.49978003  0.45148991 -0.49045795  0.62136056 -0.50001893
  0.45465831 -0.47054726  0.60311282 -0.50418541  0.44046607 -0.47610822
  0.59745377 -0.49556703  0.44460677 -0.46226587  0.57258758 -0.49505965
  0.44021427 -0.47081195  0.5879225  -0.47673961  0.43241447 -0.45430857
  0.57457463 -0.48080801  0.43314786 -0.45026596  0.56252315 -0.47154142
  0.42119446 -0.43567732  0.55598989 -0.48703006  0.42692581 -0.45531954
  0.53443292 -0.45560105  0.39832821 -0.44968628  0.55019002 -0.49399839
  0.39714685 -0.44554558  0.5557252  -0.45040286  0.41280587 -0.43777156
  0.53374605 -0.47303021  0.4113985  -0.43726419  0.5441811  -0.45555453
  0.39464332 -0.44581027  0.49618018 -0.46698765  0.3992062  -0.43612151
  0.52942586 -0.4446121   0.40474138 -0.43198081  0.51234658 -0.45124344
  0.40855798 -0.42751601  0.53420186 -0.43685097  0.4050397  -0.43989159
  0.49771927 -0.45723948  0.40895438 -0.41731987  0.51071726 -0.42526035
  0.41182853 -0.43651006  0.46858851 -0.44084707  0.39591771 -0.42289372
  0.51419687 -0.42924356  0.40038251 -0.42216033  0.48293824]",0.6952898550724638,0.25018115942028984,7.246376811594203e-05,0.9184558823529412,0.6449264705882353,0.00011029411764705883,0.7031538461538461,0.255,0.0,0.9015416666666667,0.6032083333333333,0.000125,0.7144545454545455,0.26681818181818184,0.0,3.4286998924169986e-11
3.65,0.08,5003,0.6397857142857143,0.1455321165199473,0.4785000000000001,0.11134839148238418,0.788619540926408,2.0,0.9223853925003627,0.08442904130747801,0.0010295198988682097,2.0,0.9160025408222164,0.10530665440990165,0.004061837532866884,8,0.9428733509032342,8,0.9241498227026964,0.006231586408959546,4.0,1.1249370277078086,"[ 1.         -0.84639656  0.78290808 -0.84497927  0.90860055 -0.84224558
  0.77940546 -0.84181633  0.92414982 -0.83998712  0.764421   -0.83766535
  0.89850736 -0.83464361  0.77667781 -0.83417402  0.89520926 -0.82781949
  0.76103371 -0.82911855  0.87956515 -0.82235211  0.76448471 -0.82562722
  0.8765551  -0.81783242  0.75962248 -0.81909116  0.86724819 -0.81129636
  0.75891686 -0.81374764  0.86913506 -0.81043784  0.75619486 -0.80943248
  0.8573192  -0.80525851  0.75976973 -0.80630985  0.8686312  -0.80448065
  0.7519463  -0.80273499  0.85117811 -0.79814911  0.75552116 -0.80080491
  0.85121567 -0.79769963  0.74806932 -0.79813453  0.84429673 -0.79235611
  0.74275483 -0.79394323  0.84239857 -0.78602457  0.73209119 -0.78921615
  0.83276327 -0.78434221  0.72657218 -0.78695769  0.83815    -0.77977932
  0.72380986 -0.78219028  0.83398773 -0.77587607  0.71561484 -0.77812284
  0.82871358 -0.77003998  0.7129735  -0.77302705  0.83031239 -0.76560095
  0.70469782 -0.76961637  0.8330231  -0.75852911  0.70658469 -0.7645609
  0.81602226 -0.75495424  0.69131217 -0.76024574  0.81864943 -0.74813013
  0.69208715 -0.75605444  0.79938449 -0.74323885  0.69018899 -0.74972289
  0.80411157 -0.73789533  0.68471032 -0.74701219  0.78262573 -0.7349369
  0.68281216 -0.74183286  0.79183781 -0.72914114  0.67992597 -0.73722964
  0.77528922 -0.72494984  0.67489954 -0.73028166  0.77734028 -0.72047048
  0.6793789  -0.72625455  0.77042134 -0.7150031   0.67492858 -0.71930657
  0.77070374 -0.71184015  0.6679693  -0.71531978  0.75530737 -0.70637277
  0.66207871 -0.7105927   0.75670167 -0.70481428  0.66334915 -0.70627753
  0.74274556 -0.69877079  0.65284969 -0.70138626  0.7445921  -0.69560784
  0.6430502  -0.69575469  0.73236432 -0.68808375  0.63905213 -0.68995892
  0.73548694 -0.68467307  0.63250477 -0.68671244  0.73292914 -0.67961761
  0.62879475 -0.68108087  0.72568181 -0.67674271  0.62590857 -0.67746567
  0.72213598 -0.67053503  0.61828965 -0.67051769  0.72126617]",0.7226449275362319,0.3432971014492754,0.0,0.9500367647058824,0.8013970588235294,0.0,0.7311538461538462,0.3476153846153846,0.0,0.9487083333333334,0.7995416666666667,0.0,0.7275909090909091,0.34604545454545454,0.0,0.0
3.7,0.04,101,0.6689285714285714,0.0694025156869221,0.5051428571428572,0.0867384056828817,0.719950975744967,2.0,0.5227581232068936,0.5450264642473854,0.014814720491795923,2.0,0.22838304763827008,0.756525325542037,0.058139920624021506,4,0.46608978554215963,8,0.43901107426320785,0.019363802083445066,11.0,1.2322704303885694,"[ 1.         -0.14393402 -0.08839916 -0.07943371  0.41035387 -0.02342917
 -0.08884512 -0.13983833  0.43901107 -0.04608837 -0.06721076 -0.14004016
  0.35321679 -0.00271547 -0.05883273 -0.18240619  0.37607995 -0.02214943
 -0.01735862 -0.17795867  0.3251205   0.03502504 -0.02464569 -0.19293859
  0.28408092  0.0024324   0.06281191 -0.16372259  0.28984131  0.0169327
  0.02324526 -0.18240245  0.2831266   0.02716071  0.05388535 -0.14449538
  0.23411478  0.01817015  0.03440257 -0.20242885  0.23936521  0.01283071
  0.07515784 -0.17923747  0.22472708  0.02392402  0.07253369 -0.18570805
  0.17448646 -0.02551368  0.11314248 -0.19104749  0.19013147  0.05288936
  0.07054589 -0.18579706  0.17434863 -0.0432154   0.14148664 -0.15278346
  0.19069891  0.01030794  0.10159177 -0.13708963  0.15797335 -0.05949303
  0.14699639 -0.15254424  0.16687491 -0.04736623  0.1249448  -0.13846982
  0.13837283 -0.0647549   0.14653034 -0.20755195  0.1189877  -0.02309906
  0.08417809 -0.11130562  0.13453505 -0.07315794  0.11334526 -0.13820186
  0.0859491  -0.04057021  0.13249491 -0.10419004  0.11711272 -0.08241272
  0.15810861 -0.09329203  0.09800699 -0.07540996  0.15936614 -0.08083701
  0.0845     -0.07500417  0.14045571 -0.09390456  0.11932831 -0.1162255
  0.13996092 -0.04498174  0.10174432 -0.08334482  0.12152519 -0.10581223
  0.09702606 -0.12181559  0.11120819 -0.01487169  0.07683801 -0.07127337
  0.13312194 -0.09526253  0.12893725 -0.11729051  0.11406504 -0.05540783
  0.13124184 -0.10668546  0.11167145 -0.05020623  0.10421268 -0.11002845
  0.11387838 -0.04230289  0.03791636 -0.11831374  0.11788646 -0.07347143
  0.15552418 -0.10936336  0.08705971 -0.07059449  0.10471121 -0.10354057
  0.10033121 -0.10796939  0.14523591 -0.1290968   0.09163361 -0.09920075
  0.12869898 -0.09051972  0.09246527 -0.08939862  0.17182775 -0.07891644
  0.07445541 -0.07882884  0.13065526 -0.05030806  0.09252274 -0.11103086
  0.1737352  -0.05792335  0.08300866 -0.08941006  0.1290445 ]",0.749927536231884,0.1468840579710145,0.0,0.79875,0.26636029411764706,0.0,0.7631923076923077,0.1824230769230769,0.0,0.77975,0.20854166666666665,0.0,0.7741363636363636,0.19868181818181818,0.0,0.0
3.7,0.04,707,0.6600714285714286,0.05547195467172615,0.6012142857142857,0.09423729817512246,0.6064904618836706,2.0,0.11633623166679165,0.7931113916827595,0.018435588811692893,4.046242774566474,0.11569310811316164,0.7850613337435924,0.03733580894365777,8,0.43881603559401816,8,0.5117592024541137,0.014629850997707413,9.0,1.1453258946795482,"[ 1.00000000e+00 -3.59583002e-02 -4.12770473e-01 -4.24323634e-02
  4.38577229e-01  4.52863596e-02 -4.20010259e-01 -5.28601106e-02
  5.11759202e-01  5.33187968e-02 -3.76568417e-01 -4.68579949e-02
  4.06422254e-01  7.50636603e-02 -3.17873885e-01 -7.29698898e-02
  3.87892754e-01  7.90745212e-02 -3.47193274e-01 -1.03113128e-01
  3.39662189e-01  1.28529195e-01 -2.80033898e-01 -1.36061702e-01
  3.45761972e-01  1.43064521e-01 -2.92864824e-01 -1.52943505e-01
  3.34500609e-01  1.88919309e-01 -2.94474403e-01 -1.58967052e-01
  3.45740541e-01  1.80463283e-01 -2.70345894e-01 -1.87521192e-01
  3.47328689e-01  1.88083796e-01 -2.90503558e-01 -1.85942811e-01
  3.01060079e-01  1.85669901e-01 -2.10455604e-01 -2.12486163e-01
  2.91387814e-01  2.31466089e-01 -2.27376474e-01 -2.12487112e-01
  2.52838333e-01  2.15839593e-01 -1.89113847e-01 -2.04415608e-01
  2.06952347e-01  2.64882342e-01 -1.55353088e-01 -1.87496636e-01
  2.02145040e-01  2.29903446e-01 -1.10724306e-01 -2.26565475e-01
  1.96876975e-01  2.03723184e-01 -1.13922983e-01 -1.96757926e-01
  1.68773825e-01  2.05379700e-01 -8.01231571e-02 -2.24086060e-01
  1.54344035e-01  2.48448684e-01 -9.09725953e-02 -2.42586260e-01
  1.43053373e-01  1.90929427e-01 -4.95610745e-02 -2.37780851e-01
  1.05690831e-01  2.62522304e-01 -3.62517546e-02 -2.31710368e-01
  1.12104871e-01  2.15900370e-01 -1.97642404e-02 -2.24472480e-01
  8.88276128e-02  2.23108958e-01 -3.10451363e-02 -2.27298298e-01
  5.01999979e-02  2.02597970e-01  8.76752063e-03 -1.87103017e-01
  6.70603697e-02  2.07815304e-01  3.69566729e-02 -1.77805507e-01
  1.63973258e-02  1.75259120e-01 -1.85810959e-02 -1.59356038e-01
  1.83583318e-02  1.61535979e-01  4.25459155e-02 -1.87900412e-01
  7.11280612e-04  1.89313207e-01  7.91510781e-02 -1.93904425e-01
  1.80031101e-02  1.66801197e-01  4.73699096e-02 -1.60938215e-01
 -2.82068998e-02  1.90174225e-01  7.35580404e-02 -1.94652038e-01
 -1.28965584e-02  1.63248248e-01  5.18503461e-02 -2.05157919e-01
  2.35518283e-03  1.65219020e-01  8.19819198e-02 -1.72162408e-01
 -6.51887149e-02  1.59224774e-01  6.99455421e-02 -1.34341006e-01
 -2.61510732e-02  1.50768748e-01  9.44762090e-02 -1.56882316e-01
 -4.54946551e-02  1.19360437e-01  7.43380785e-02 -1.30379927e-01
 -1.93455910e-02  1.95377048e-01  1.01262158e-01 -1.70577106e-01
 -7.84637119e-02  1.37082776e-01  8.71661585e-02 -1.48106061e-01
 -8.00928245e-02  1.87743922e-01  1.26605958e-01 -1.48842958e-01
 -8.04763976e-02  1.66065528e-01  1.37482799e-01 -1.79427420e-01
 -1.02174325e-01  1.24652109e-01  1.39541471e-01 -1.85382600e-01
 -9.60647759e-02  1.47652279e-01  1.49633530e-01 -1.26649001e-01
 -1.01715465e-01]",0.7217028985507247,0.10054347826086957,0.0,0.8354779411764706,0.34191176470588236,0.0,0.7475,0.14073076923076924,0.0,0.7909583333333333,0.21945833333333334,0.0,0.7868181818181819,0.21072727272727274,0.0,0.0
3.7,0.04,1313,0.6618214285714286,0.052563603357829114,0.5557857142857142,0.07913882790155949,0.609572650962136,4.0,0.029192940161073298,0.9001598621199439,0.036819939201752735,4.0,0.043794113535357476,0.8934590340273754,0.057314175128150145,8,0.19819636426181078,8,0.27706412353730286,0.009432178674792633,8.0,1.1841424440724395,"[ 1.00000000e+00 -1.28316680e-02 -2.45565922e-01  6.64173451e-02
  2.04103095e-01  6.42530589e-02 -2.08026170e-01 -4.64560474e-02
  2.77064124e-01  3.12801828e-02 -1.66866982e-01 -6.88581800e-02
  2.06059055e-01  2.07212584e-02 -1.56897027e-01 -5.62113243e-02
  2.15218445e-01  6.58061874e-02 -1.43745911e-01 -1.68524864e-02
  1.56758802e-01  5.30322621e-02 -8.09409745e-02 -6.87094876e-02
  1.30628885e-01  9.59698924e-03 -1.04525962e-01 -7.28401030e-02
  8.20190316e-02  1.59947563e-02 -5.31446950e-02 -4.84583859e-02
  1.06334763e-01 -2.49615729e-02 -3.83488241e-02 -7.65629850e-02
  3.08337064e-02  1.31484248e-02 -4.18008459e-02 -7.98170497e-02
  1.09322869e-01  5.63482813e-02 -8.92702065e-02 -4.89223013e-02
  7.32348172e-02  2.54584347e-02  7.26889213e-03 -7.43499997e-02
  5.97822985e-02 -5.60574450e-03  3.81687029e-03 -4.50414668e-03
  1.27275886e-02 -4.18917537e-02  1.29762604e-02 -7.83280322e-04
  3.38621584e-02 -1.66994718e-02 -3.83104942e-02  1.12933287e-02
  5.46244385e-02 -3.54161817e-02  4.84024401e-02  5.56032028e-03
  5.02298804e-02 -7.43865223e-03 -1.58680161e-02  1.90413653e-02
  3.32898961e-02 -2.65276518e-02 -2.02625741e-02 -7.49852230e-04
  6.48868625e-02 -3.32691821e-02 -2.00951590e-02  8.42523421e-02
  1.63853555e-02  9.97303548e-03  4.93124187e-02  7.26189101e-02
  6.37512710e-02 -2.39423769e-02  3.30086667e-02  6.90165678e-03
  2.12161732e-02  1.82015166e-03  2.46223821e-02  2.46147466e-02
  1.99520225e-03 -2.90037093e-02  3.75095560e-02  2.45842047e-02
  2.90719655e-03 -4.27201708e-02  5.69993714e-02  4.38760631e-02
 -9.09852500e-03 -7.55187144e-02 -2.30636583e-02  3.43916463e-02
  2.99540090e-02 -2.77805093e-02  1.93066662e-03 -1.27054247e-02
 -1.25810888e-02 -3.66050692e-02 -3.32572104e-02  2.82558064e-02
 -8.88384693e-03 -8.32123576e-03  2.31006801e-02  6.11761651e-03
 -1.67658706e-02 -6.50906640e-03 -2.52688556e-02 -3.78219173e-02
  5.44844185e-02 -5.02682545e-03 -2.82826021e-02  3.45688650e-02
  1.56111188e-02  1.80164413e-02 -2.48256785e-02  2.30014188e-02
  3.04069897e-02  6.51498067e-03  1.19035078e-02 -3.82198471e-02
  5.82101866e-02  2.22110266e-02 -5.36394130e-02  4.67823472e-02
  3.34187206e-02 -1.91175922e-02  8.11464006e-03  2.33855241e-03
  4.72484307e-02  3.55719196e-02 -2.02539017e-02  2.65646736e-02
  7.68707145e-02 -6.02064200e-03  2.64757815e-02  1.73441996e-02
  2.53860029e-02  4.54689714e-02 -3.31007301e-02  2.89825333e-02
  3.46350032e-02  1.55306209e-03  3.08683239e-02  3.93484024e-02
 -7.98970484e-03  2.97049241e-02  2.32266185e-02  2.62411797e-03
  2.70711027e-02  4.01131544e-02 -2.19853800e-02  2.96586562e-03
 -2.65292706e-04]",0.7434420289855073,0.12101449275362319,0.0,0.8139338235294118,0.2710661764705882,0.0,0.7694615384615384,0.18253846153846154,0.0,0.7865833333333333,0.21179166666666666,0.0,0.7682272727272728,0.1809090909090909,0.0,0.0
3.7,0.04,2029,0.6644642857142857,0.05718608855735628,0.5412857142857144,0.08397995387627469,0.6521477092292542,2.0,0.11254672852475524,0.8305365219487836,0.019254280424726752,4.0,0.06853182461103251,0.8192597650161503,0.08953252613747001,4,0.30276152865709666,8,0.43258263460949375,0.024080842673039272,13.0,1.1913221191636536,"[ 1.00000000e+00 -2.04926101e-02 -2.11154704e-01  2.05178927e-02
  4.24012273e-01  1.07917210e-01 -1.94063859e-01 -4.72893608e-02
  4.32582635e-01 -1.19606267e-02 -1.76224994e-01 -2.47395613e-02
  4.11252453e-01  2.19946690e-02 -1.96189352e-01  3.36992823e-02
  3.75831427e-01  4.28719131e-02 -1.77932348e-01 -4.46771898e-02
  3.58046020e-01  4.29869002e-02 -1.40762158e-01 -2.63319282e-02
  3.03976581e-01  4.76594560e-02 -1.15150830e-01 -7.39201249e-03
  3.39056077e-01  3.98486143e-02 -1.14023050e-01 -1.35071493e-02
  3.11913910e-01  4.82424610e-02 -1.10010256e-01 -4.81570061e-02
  2.81073602e-01  7.58142670e-02 -1.15265966e-01 -1.95724071e-02
  2.54702605e-01  2.29341358e-02 -7.10062243e-02 -3.99549038e-02
  2.29344400e-01  6.99023750e-02 -1.15277615e-01  1.81309091e-02
  2.32474617e-01  3.39518026e-02 -5.96586763e-02 -2.89372370e-02
  2.46350568e-01  4.25221647e-02 -5.54693676e-02 -4.84509847e-03
  2.37108794e-01  2.42535116e-02 -7.64233690e-02  1.54837906e-02
  2.07457794e-01  3.17228229e-02 -4.58363335e-02 -1.72287379e-02
  2.35954136e-01  5.15221659e-02 -7.19425577e-02 -2.78131856e-02
  1.91441122e-01  5.23432145e-02 -6.26241757e-02 -5.92481479e-02
  1.77465264e-01  7.80705094e-03 -8.22586525e-02 -4.79041799e-02
  1.88720975e-01  4.04738135e-03 -6.54976886e-02 -5.99427090e-02
  1.69769410e-01 -1.30427072e-04 -5.57611677e-02 -3.44847467e-02
  2.12533111e-01  1.52689916e-03 -5.84848947e-02 -1.18235400e-02
  1.66742531e-01 -7.56150857e-03 -4.06460297e-02 -2.85730036e-02
  1.93696533e-01  3.48491620e-02 -6.49263327e-02 -5.31180797e-02
  1.44691059e-01  5.69808227e-02 -8.10160340e-02 -3.62037500e-02
  1.22018203e-01  4.59550866e-02 -5.93907699e-02 -8.51441163e-02
  1.37566709e-01  1.18767344e-02 -5.33755399e-02 -4.32629918e-02
  1.24427129e-01  5.08077376e-02 -6.97300142e-02 -4.92247627e-02
  1.47989722e-01  6.11157631e-02 -4.43834591e-02 -7.93402005e-02
  1.35180023e-01  4.78879256e-02 -5.30537280e-02 -3.11175448e-02
  1.06518667e-01  3.54312576e-02 -4.21278988e-02 -3.60433732e-02
  1.16013564e-01  5.56487394e-02 -4.09118610e-02 -1.82045081e-02
  1.16216809e-01 -5.34543890e-04 -5.90271482e-02 -4.56114480e-02
  7.92765929e-02  1.72160635e-02 -4.64287637e-02 -4.51665796e-02
  7.60001703e-02  5.83729666e-03  1.78220651e-02 -4.28726407e-02
  5.77966254e-02  2.77273338e-02 -3.81479860e-04 -4.19213758e-02
  5.41020639e-02 -1.93408123e-02  3.74484726e-02 -5.12745566e-02
  6.13717103e-02  4.20250032e-02 -1.76337600e-02 -2.37259002e-02
  5.54981970e-02  2.98331082e-02  1.26002448e-02 -5.56021509e-02
  8.15276639e-02 -2.06264476e-02  1.02483575e-02 -6.69809177e-02
  8.34034641e-02]",0.7421376811594202,0.11880434782608695,0.0,0.8050367647058824,0.2584191176470588,0.0,0.7644615384615384,0.16584615384615384,0.0,0.7776666666666666,0.186375,0.0,0.7702272727272728,0.17854545454545453,0.0,0.0
3.7,0.04,3001,0.6640357142857144,0.06379626172593565,0.5674285714285714,0.08825588955314158,0.6097718735326032,2.0,0.4823177721229994,0.5651416909268921,0.013897328032881745,2.0,0.13166177960750144,0.7696475434868556,0.05523458879784198,12,0.4815594030737077,8,0.46494552080315565,0.010609584273944794,11.0,1.177761304670126,"[ 1.         -0.06793967 -0.24635814 -0.04893228  0.41642679  0.02037301
 -0.22225867 -0.08936568  0.46494552 -0.01744815 -0.22869899 -0.12453268
  0.42638811  0.03340508 -0.21363098 -0.06285586  0.41607792  0.01942675
 -0.18434896 -0.13350939  0.41571621  0.0433664  -0.16682854 -0.14395845
  0.37686011  0.06012961 -0.17237279 -0.14416033  0.34886954  0.03500804
 -0.13575452 -0.14956572  0.29908503  0.07254334 -0.11105767 -0.17424974
  0.27595735  0.07878164 -0.09720538 -0.19187523  0.3051005   0.06569939
 -0.0590727  -0.19835747  0.23779544  0.10215783 -0.08648685 -0.18005888
  0.26265212  0.09769044 -0.03350087 -0.19039004  0.20373922  0.13277334
 -0.07070369 -0.16353947  0.22137754  0.1291601  -0.04281819 -0.1906759
  0.17223234  0.11807173 -0.04232574 -0.20134767  0.19565059  0.12665764
  0.00463665 -0.20892773  0.1965046   0.09635352 -0.02580633 -0.20163353
  0.19139791  0.10791323 -0.0501707  -0.17845109  0.12257844  0.07988073
  0.004031   -0.19550016  0.16098885  0.10591121 -0.00203464 -0.16791335
  0.10849518  0.10738357 -0.00927409 -0.19195807  0.11730379  0.0961773
  0.03683415 -0.21893467  0.07828787  0.09856669  0.00284094 -0.19866315
  0.08601962  0.11837969  0.03640943 -0.19473839  0.05525699  0.10089306
  0.10711771 -0.20716038  0.05182453  0.07732782  0.09120838 -0.19402338
  0.03087152  0.07026916  0.12725023 -0.20520868  0.03039191  0.08428128
  0.11709986 -0.19394766  0.0168721   0.07397108  0.13936526 -0.17186304
  0.00156015  0.07624256  0.15995643 -0.17784485 -0.02278326  0.07055945
  0.11256931 -0.16546505 -0.00109427  0.05385099  0.15471074 -0.18341019
 -0.05585957  0.08638454  0.14808963 -0.16632733 -0.03831819  0.04629175
  0.16349826 -0.15731697 -0.02089471  0.02474136  0.11473559 -0.15903326
 -0.03881889  0.03231329  0.16112156 -0.12913291 -0.00614648  0.02571315
  0.14198166 -0.10913912 -0.02544621 -0.0152757   0.15418067 -0.1200467
 -0.06384379  0.01235303  0.13579797 -0.12511147 -0.03775043]",0.727427536231884,0.10217391304347827,0.0,0.8216176470588236,0.2930514705882353,0.0,0.7536923076923077,0.14626923076923076,0.0,0.78525,0.20558333333333334,0.0,0.7818181818181819,0.19368181818181818,0.0,0.0
3.7,0.04,4099,0.6626785714285715,0.06629859596198559,0.5527142857142857,0.08211353513922795,0.6315653230889282,2.0,0.5260447275380693,0.5402954115641513,0.013322527841575992,2.0,0.1661254780499448,0.8040975183631489,0.0681526118179155,16,0.4951370555113943,8,0.4568656168507859,0.014270002064004677,13.0,1.1956118665018542,"[ 1.00000000e+00 -8.59003045e-02 -1.46843664e-01 -5.00002940e-02
  3.64178097e-01 -1.98404867e-02 -1.01884731e-01 -7.01343265e-02
  4.56865617e-01 -8.39953553e-02 -1.03681288e-01 -7.51664639e-02
  3.24180924e-01 -5.24221578e-02 -3.65046052e-02 -7.53452316e-02
  3.33536372e-01 -4.52716862e-02 -4.57454178e-02 -8.44997823e-02
  1.85663523e-01 -6.80253580e-02  1.87828720e-02 -9.67748970e-02
  1.91368729e-01 -7.17606475e-03  3.46669878e-02 -8.35391744e-02
  1.36304659e-01 -4.56266920e-03  3.77813080e-02 -9.04599946e-02
  1.33621268e-01 -6.55394658e-02  1.12459754e-01 -7.71667640e-02
  1.08305465e-01 -4.31554363e-02  1.12010094e-01 -5.23356191e-02
  1.12951313e-01 -5.34268522e-02  9.95337012e-02 -3.76258765e-02
  1.09623228e-01 -6.30535736e-02  1.07858546e-01 -8.01501823e-02
  1.07469515e-01 -8.53925827e-02  1.34952175e-01 -1.17679895e-03
  1.08465121e-01 -8.81334816e-02  9.56059416e-02 -9.61967992e-02
  1.51691249e-01 -8.92565906e-02  8.55358035e-02 -5.80374260e-02
  9.87746479e-02 -9.34715096e-02  1.08806666e-01 -2.62054427e-02
  1.18953701e-01 -7.81170724e-02  8.87876499e-02 -4.47216852e-02
  1.11589464e-01 -9.29255644e-02  1.16739359e-01 -2.84516607e-02
  7.53925481e-02 -7.60971072e-02  7.85674981e-02 -3.54012348e-02
  9.66022044e-02 -6.60107025e-02  9.43941060e-02 -2.84929021e-02
  6.68189403e-02 -7.93451745e-02  8.16468207e-02 -4.81835179e-02
  2.76739843e-02 -6.23441934e-02  1.45789202e-01 -5.17537422e-02
  2.03385014e-02 -1.03521602e-01  1.90477243e-01 -4.74650488e-02
  1.13852286e-02 -1.03614108e-01  1.87621328e-01 -3.32849848e-02
  7.27903861e-04 -7.13099537e-02  1.97736486e-01 -9.41467655e-02
  2.87658747e-02 -3.63574064e-02  1.97701489e-01 -8.79118814e-02
 -9.40598593e-03 -4.96056164e-02  2.09376929e-01 -8.72734305e-02
 -2.73350419e-02 -2.68356781e-02  1.92392215e-01 -1.17972282e-01
  3.14817987e-02 -2.84022038e-02  1.48981076e-01 -9.88813403e-02
  9.20029766e-03 -6.74913079e-03  1.20343431e-01 -7.34917627e-02
  3.55629706e-02 -8.09966477e-02  9.33235757e-02 -5.49304997e-02
 -1.34825485e-03 -1.45917821e-02  1.21090654e-01 -8.76042959e-02
  2.25385487e-02 -7.49526381e-02  8.88602742e-02 -3.02902293e-02
 -6.01031771e-04 -3.07655219e-02  1.14364868e-01 -4.88639798e-02
  2.62913198e-02 -6.99967398e-02  9.84682645e-02 -2.23287830e-02
  3.03672338e-03 -2.12725476e-02  1.42396595e-01 -6.58836921e-02
  3.19615276e-02 -7.13561244e-02  8.59856282e-02 -1.67160832e-02
  1.91854883e-02 -5.60304412e-02  1.70670461e-01 -6.76864934e-02
  5.67576748e-02 -6.45115433e-02  9.44767532e-02 -1.99641505e-02
  4.29510322e-02 -7.03730062e-02  8.69112384e-02 -7.15217473e-02
  3.12055962e-02]",0.7452536231884058,0.1236231884057971,0.0,0.8074632352941177,0.2651102941176471,0.0,0.7637692307692308,0.16853846153846153,0.0,0.7835833333333333,0.19779166666666667,0.0,0.7809090909090909,0.20345454545454544,0.0,0.0
3.7,0.04,5003,0.6610714285714285,0.05280281957530337,0.5818571428571427,0.0856036190346923,0.6079167663126891,4.046242774566474,0.08012941297793123,0.8600755093156349,0.034195997422485025,4.046242774566474,0.13290565302809984,0.8203998726426822,0.05470669163271973,8,0.26267062275754355,8,0.46656836272332913,-0.004271394142756605,14.0,1.1771676300578036,"[ 1.         -0.03293232 -0.33906409  0.02821413  0.26629645  0.14004693
 -0.30839652 -0.05356682  0.46656836  0.0318144  -0.26231    -0.09179509
  0.26826311  0.11378937 -0.28357088 -0.0212538   0.32905703  0.0546474
 -0.18741905 -0.13710739  0.20868344  0.14140554 -0.20495783 -0.07228084
  0.24231839  0.0803141  -0.23051451 -0.13027122  0.21875434  0.09232798
 -0.18642481 -0.11192155  0.2021903   0.1654398  -0.21313308 -0.14053613
  0.14238412  0.14214311 -0.12105705 -0.15541388  0.1630843   0.18007804
 -0.17674009 -0.10511788  0.10323495  0.16586451 -0.12188093 -0.18982304
  0.16575834  0.13188887 -0.09218809 -0.14045861  0.04693736  0.18089961
 -0.09953529 -0.13548791  0.13897023  0.08888392 -0.05074457 -0.12794669
  0.08102719  0.20165364 -0.09761181 -0.1425139   0.09215684  0.10733478
 -0.06375267 -0.16807059  0.0924307   0.1864287  -0.05541355 -0.15321884
  0.03860662  0.12950357 -0.07202076 -0.16118708  0.06408998  0.17111326
 -0.03865317 -0.18763218  0.0594428   0.11135025 -0.05198247 -0.14473722
  0.0598935   0.17484837 -0.05574124 -0.20445289  0.02605154  0.15288011
 -0.06464106 -0.12075264  0.02003278  0.16307819 -0.0304714  -0.19269569
  0.00400345  0.13730148  0.00688984 -0.13012497  0.01194571  0.16686481
 -0.04440689 -0.14938903 -0.01737625  0.125846    0.03655018 -0.1647973
 -0.03872347  0.17308411 -0.03149811 -0.13001077 -0.014038    0.16445165
  0.05468634 -0.19313803 -0.02417574  0.15511181  0.01322332 -0.13211992
 -0.06311139  0.19145096  0.0273677  -0.1902398  -0.05100701  0.15428793
  0.05657316 -0.15093327 -0.04714472  0.12385755  0.03070594 -0.1641289
 -0.06862562  0.13768723  0.01914927 -0.13704976 -0.08425808  0.12263264
  0.03138734 -0.16083381 -0.07348212  0.11772228  0.03263593 -0.11106835
 -0.10364514  0.08716241  0.06848771 -0.1434482  -0.08600286  0.08353731
  0.05892786 -0.08096799 -0.12994588  0.08248274  0.0855628  -0.13722891
 -0.06759934  0.06800186  0.05008189  0.00473559 -0.13276658]",0.7285869565217391,0.10630434782608696,0.0,0.8268014705882353,0.30422794117647056,0.0,0.752,0.14423076923076922,0.0,0.7865416666666667,0.20179166666666667,0.0,0.7818636363636363,0.1948181818181818,0.0,0.0
3.7,0.06,101,0.6713928571428571,0.0880463917025379,0.46435714285714286,0.0803848841004124,0.7281028540685194,2.0,0.8029026812920151,0.2625440131027846,0.0073431218350369296,2.0,0.5429711677177836,0.5057385711277325,0.04687406529853278,8,0.7231174852757362,8,0.5492576577523663,0.0205512840022331,25.0,1.3504362276692978,"[ 1.         -0.34896255  0.27902317 -0.32607538  0.51051532 -0.28392567
  0.26210104 -0.35934336  0.54925766 -0.35469546  0.34111424 -0.35147037
  0.52254555 -0.30561043  0.26876293 -0.32638694  0.49267591 -0.31850492
  0.32732605 -0.34836001  0.53836812 -0.35113808  0.27084447 -0.31940764
  0.47067927 -0.34105427  0.27303724 -0.32519356  0.48305049 -0.32094518
  0.30103737 -0.31432728  0.49541618 -0.321921    0.28750806 -0.32288225
  0.47525994 -0.2898877   0.2885133  -0.34445579  0.48629045 -0.33507436
  0.27648892 -0.31716154  0.45160518 -0.30138295  0.26738677 -0.31284007
  0.46571663 -0.29500937  0.28733715 -0.30157426  0.45432155 -0.31414232
  0.23685874 -0.32181262  0.45611479 -0.33627409  0.24670725 -0.28117134
  0.46848601 -0.2937394   0.25899636 -0.32383531  0.45764363 -0.2942391
  0.28345049 -0.32812182  0.45469782 -0.26994367  0.24702499 -0.32475258
  0.44385544 -0.29420967  0.26705748 -0.34435612  0.45386266 -0.27954551
  0.27256095 -0.31856128  0.42643914 -0.29709694  0.28256818 -0.31037088
  0.43218343 -0.29814381  0.25712018 -0.33036841  0.42789692 -0.27069086
  0.24256757 -0.31957872  0.41042208 -0.25634411  0.24751833 -0.32204841
  0.4340061  -0.26797449  0.26068308 -0.28851571  0.42182302 -0.25489186
  0.25323904 -0.33670119  0.40908723 -0.27575952  0.23686962 -0.31374646
  0.38593217 -0.22461685  0.25966564 -0.27610953  0.43446449 -0.27730608
  0.24621844 -0.32287772  0.40190792 -0.27780578  0.22132315 -0.28018433
  0.38783143 -0.26456444  0.21711323 -0.32276617  0.38591444 -0.28108705
  0.19348205 -0.31560459  0.34649012 -0.21692029  0.23238309 -0.31381135
  0.36044286 -0.24750133  0.21175074 -0.30641447  0.35441612 -0.25676219
  0.23138923 -0.28251304  0.3472895  -0.26254811  0.20183701 -0.27061241
  0.35373967 -0.27015085  0.22423903 -0.2733174   0.35750843 -0.22690475
  0.18607882 -0.29434376  0.35377463 -0.22898044  0.19284641 -0.32160857
  0.35169893 -0.2394233   0.20893338 -0.31870992  0.36257074]",0.7032608695652174,0.09960144927536232,0.0,0.8376102941176471,0.3629044117647059,0.0,0.7233846153846154,0.13273076923076924,0.0,0.8269166666666666,0.33125,0.0,0.7275909090909091,0.13136363636363638,0.0,0.0
3.7,0.06,707,0.6683928571428571,0.0600602907119851,0.5177857142857144,0.08502997670689738,0.6737517072817503,4.0,0.11376108832088634,0.7822445004660864,0.03736303993309969,4.0,0.16687359724941506,0.7018734492909018,0.04022940107750922,4,0.4921684992694427,4,0.6669920087244636,0.003201683661809336,19.0,1.2650959860383943,"[ 1.00000000e+00 -1.14693873e-01 -4.10609383e-01 -5.72766748e-02
  6.66992009e-01 -1.20059265e-01 -3.99531322e-01 -4.14346563e-02
  6.49771411e-01 -1.53547604e-01 -3.92020408e-01  2.71524421e-02
  5.18762716e-01 -1.51679203e-01 -3.55925747e-01  9.15789279e-02
  4.49357338e-01 -1.89788955e-01 -3.50357534e-01  1.86412605e-01
  3.56274715e-01 -1.93924369e-01 -3.25173190e-01  2.64275696e-01
  3.00766743e-01 -2.25052252e-01 -3.04292004e-01  3.27001524e-01
  2.17739170e-01 -2.00076786e-01 -3.10754708e-01  3.60023006e-01
  1.90178434e-01 -2.26473877e-01 -2.67502466e-01  3.73955489e-01
  1.51892971e-01 -2.13880749e-01 -2.42417621e-01  3.40927951e-01
  1.47164091e-01 -2.27325322e-01 -1.93095232e-01  3.17637206e-01
  8.34343926e-02 -2.09374771e-01 -1.26132579e-01  2.58286877e-01
  1.06049403e-01 -2.19537287e-01 -7.23644875e-02  2.08673342e-01
  4.64139848e-02 -2.08184016e-01  9.13208302e-03  1.50695536e-01
  3.78660348e-02 -2.31408429e-01  5.55570036e-02  1.26625734e-01
  2.16665375e-02 -2.13348499e-01  1.25307747e-01  5.98659021e-02
 -1.41533009e-03 -2.19141525e-01  1.46013222e-01  6.45887257e-02
 -1.71208605e-02 -1.93705258e-01  1.77058836e-01  2.94427751e-02
  1.11366632e-02 -1.78609129e-01  1.77160247e-01  2.36165827e-02
 -1.20115371e-02 -1.49078582e-01  1.56975848e-01  1.44420004e-02
 -6.01569020e-03 -8.85706654e-02  1.00446776e-01 -7.36396782e-04
 -2.92732688e-02 -3.16630615e-02  6.11733791e-02 -2.97790335e-02
 -4.15210309e-02  2.75718321e-02  3.50945438e-02 -2.15984416e-02
 -5.01353137e-02  8.34915022e-02  2.24271658e-03 -5.26501123e-02
 -3.24599723e-02  1.25546933e-01 -2.89846652e-02 -4.84544219e-02
 -6.01964194e-02  1.52783356e-01 -4.14081383e-02 -7.98243484e-02
 -1.20376750e-02  1.77264856e-01 -6.71687178e-02 -5.83066502e-02
 -2.21338584e-02  1.72744853e-01 -6.06457377e-02 -9.70860802e-02
  3.26221668e-02  1.47796496e-01 -8.28060042e-02 -8.89386547e-02
  3.15267660e-02  1.11980868e-01 -7.56133461e-02 -1.12196233e-01
  9.51741954e-02  9.93485171e-02 -7.12751110e-02 -1.15585758e-01
  1.20292207e-01  7.28088813e-02 -7.63984591e-02 -1.25012263e-01
  1.69999184e-01  4.36236998e-02 -1.18920747e-01 -1.27171810e-01
  1.75215975e-01  5.40984151e-02 -9.78638492e-02 -1.51593033e-01
  2.30993100e-01  3.41228937e-02 -1.31209643e-01 -1.23017254e-01
  2.27636742e-01  6.38954845e-02 -1.40284727e-01 -1.29622502e-01
  2.57266788e-01  3.58739479e-02 -1.49041554e-01 -1.22078422e-01
  2.29245252e-01  6.71284394e-02 -1.58501226e-01 -8.03412475e-02
  2.31146819e-01  4.66257847e-02 -1.83767838e-01 -4.01953518e-02
  2.07856074e-01  5.05363856e-02 -1.66662676e-01 -3.00388923e-02
  1.88056263e-01]",0.701340579710145,0.09521739130434782,0.0,0.8539705882352941,0.4127941176470588,0.0,0.7196923076923077,0.12138461538461538,0.0,0.81125,0.28008333333333335,0.0,0.7342727272727273,0.14581818181818182,0.0,0.0
3.7,0.06,1313,0.6818928571428571,0.04707314922066527,0.49207142857142866,0.06610053412980033,0.737469256621617,4.022988505747127,0.039729548223170104,0.8858717488985929,0.030527627695078587,700.0,0.11094994265472433,0.8393394938645654,0.1930568762700816,8,0.2805848418811426,8,0.4206515906758909,0.08803692389156727,10.0,1.318468899521531,"[ 1.00000000e+00  1.10225027e-01  3.03589849e-02  1.42750109e-01
  3.08531146e-01  1.72394457e-01 -8.69896223e-03  9.48304314e-02
  4.20651591e-01  1.64527139e-01  7.67463771e-02  1.26327694e-01
  2.69092053e-01  1.75888458e-01  7.47701427e-02  9.85836628e-02
  2.97319735e-01  1.45004461e-01  1.54069335e-02  1.84587166e-01
  2.28018169e-01  1.44623315e-01  5.80884965e-02  1.74008432e-01
  3.05329259e-01  1.04229511e-01 -2.99734547e-02  1.63040852e-01
  2.26777116e-01  1.35078696e-01  2.18290700e-02  1.47687362e-01
  3.23277140e-01  1.12069718e-01  3.28914551e-02  1.27130570e-01
  2.18528652e-01  1.14828536e-01  2.33893471e-02  8.48030420e-02
  3.04532156e-01  9.68932464e-02 -1.26582506e-02  1.33206371e-01
  2.02794017e-01  8.90259286e-02  5.19236626e-02  1.13596588e-01
  2.29775755e-01  8.19363039e-02 -5.80475634e-03  1.62817312e-01
  1.84736811e-01  1.05688164e-01  9.58588696e-02  9.52801522e-02
  1.94981801e-01  8.97765108e-02 -2.29149510e-02  1.54568848e-01
  1.18712526e-01  7.87692282e-02  7.81905108e-02  1.50918122e-01
  2.13278827e-01  9.51248304e-02 -1.42103304e-04  1.35913777e-01
  1.72805619e-01  5.26279853e-02  2.70988663e-02  1.21078750e-01
  1.80339192e-01  7.32398806e-02  2.55114783e-02  1.40743634e-01
  1.30914340e-01  5.01012869e-02  4.90940210e-02  8.81788170e-02
  1.39394924e-01  8.95132696e-02  2.78891505e-02  1.31677775e-01
  9.71970121e-02  7.11494310e-02  9.49629511e-02  1.39470580e-01
  1.03225411e-01  5.67429524e-02  1.73578187e-02  1.25492650e-01
  8.05153659e-02  3.56676975e-02  9.78987875e-02  1.32338444e-01
  9.54054955e-02  9.60727218e-02  2.39520820e-02  1.27441774e-01
  9.40376365e-02  3.14665069e-02  9.02984009e-02  1.28825033e-01
  1.09745161e-01  6.62730520e-02  2.68879183e-02  5.42302499e-02
  1.22870885e-01  3.53890559e-02  6.04088177e-02  1.19240712e-01
  1.39525420e-01  6.26697275e-02  4.58727236e-02  9.09385164e-02
  1.44866040e-01  5.76434416e-02  9.69874687e-02  9.69669153e-02
  1.10024684e-01  1.17490302e-01  5.41017770e-02  7.13761364e-02
  1.03233992e-01  6.03200469e-02  1.03621434e-01  5.55041851e-02
  7.72940686e-02  8.73414875e-02  8.68923856e-02  5.60700494e-02
  7.97539541e-02  1.24002352e-01  1.19894823e-01  6.57965774e-02
  4.67167057e-02  1.02966799e-01  7.64906693e-02  1.61124939e-02
  1.01529580e-01  4.86375759e-02  8.52701866e-02  7.20416962e-02
  2.59877861e-02  7.10932810e-02  5.73066264e-02  1.64163180e-02
  6.51802398e-02  6.37841273e-02  9.80941683e-02  4.02977937e-02
  4.50519955e-02  1.07841250e-01  6.23058015e-02  4.33555454e-02
  7.69778067e-02  4.69728657e-02  5.90836234e-02  3.45412170e-02
  2.86692824e-02]",0.6770289855072463,0.07065217391304347,0.0,0.8484191176470588,0.37948529411764703,0.0,0.6882307692307692,0.081,0.0,0.8384166666666667,0.35175,0.0,0.6878181818181818,0.08559090909090909,0.0,0.0
3.7,0.06,2029,0.6821785714285714,0.09824933790086926,0.47942857142857137,0.0922633763323503,0.8005251901174649,2.0,0.849134725724524,0.19485200410281303,0.004847755127657585,2.0,0.6711776933553151,0.3667921978883345,0.07961478898878974,8,0.848881211850966,8,0.7702331188664421,0.05991400548545803,15.0,1.2915143351933809,"[ 1.         -0.45203379  0.5805793  -0.40257068  0.66049691 -0.40831551
  0.55934172 -0.43170539  0.77023312 -0.46035282  0.57467928 -0.39479819
  0.64721761 -0.43729076  0.55729196 -0.42074911  0.74686065 -0.43858655
  0.54829564 -0.39751443  0.63921984 -0.42448367  0.58009392 -0.42563742
  0.71336865 -0.46134287  0.5549821  -0.40509265  0.6119971  -0.42803901
  0.55094606 -0.41803754  0.71307141 -0.44586984  0.56894955 -0.39751675
  0.6271249  -0.43364175  0.55548682 -0.40836388  0.67980237 -0.47099483
  0.51882421 -0.35835235  0.5874883  -0.43139772  0.55647221 -0.40982147
  0.66324099 -0.46860216  0.53103913 -0.36871878  0.57016214 -0.41970064
  0.54946218 -0.39676745  0.63937466 -0.47936416  0.52370785 -0.35892286
  0.545555   -0.44161787  0.54516603 -0.3968681   0.61368148 -0.45673482
  0.53315854 -0.37649595  0.53444777 -0.42209798  0.52154663 -0.40723453
  0.59492406 -0.46542305  0.52303905 -0.38913274  0.5093971  -0.40494675
  0.51142713 -0.39361231  0.58033816 -0.44938183  0.5063554  -0.39498242
  0.51302445 -0.40778526  0.51456061 -0.40516307  0.56728182 -0.42828204
  0.47508581 -0.37565912  0.48326044 -0.41380756  0.49871606 -0.40195527
  0.56923097 -0.430701    0.50129451 -0.37647421  0.48192752 -0.41395616
  0.52021143 -0.40856973  0.54852444 -0.41969438  0.48964546 -0.37872056
  0.47575658 -0.40166691  0.49271778 -0.38764256  0.51557665 -0.41261234
  0.480612   -0.37684573  0.45648132 -0.38730389  0.49752946 -0.40691782
  0.53440608 -0.41266264  0.47930305 -0.39626963  0.45576453 -0.37022698
  0.47181231 -0.39788668  0.5228793  -0.40254546  0.47809239 -0.38439993
  0.46486999 -0.37077116  0.46053246 -0.39909733  0.50621962 -0.39847459
  0.4546456  -0.39476636  0.44317573 -0.367712    0.46568937 -0.3936935
  0.47596175 -0.36083976  0.44612999 -0.36944711  0.43920084 -0.34416923
  0.45650727 -0.39339857  0.49254479 -0.36089006  0.4581723  -0.37687669
  0.43261035 -0.32691971  0.4384403  -0.39870643  0.46727116]",0.6783695652173913,0.07851449275362318,7.246376811594203e-05,0.8444852941176471,0.39544117647058824,3.676470588235294e-05,0.6821923076923077,0.08065384615384616,3.846153846153846e-05,0.8332916666666667,0.356125,4.1666666666666665e-05,0.6794545454545454,0.077,9.09090909090909e-05,2.776883725153949e-10
3.7,0.06,3001,0.6710714285714285,0.0520877889250642,0.43642857142857144,0.05472099921512801,0.7640193437940218,2.0,0.13474783011306735,0.8444510404311569,0.028362433952137642,3.977272727272727,0.050676018539576914,0.8933034871088609,0.037408694030063416,8,0.20574571683781404,8,0.22413942506632908,-0.000730329631025136,15.0,1.3305749128919862,"[ 1.         -0.07558625 -0.23691113  0.02149478  0.19912032  0.09439793
 -0.23900056 -0.0322048   0.22413943  0.03657498 -0.14632086 -0.01911277
  0.10874279  0.0418633  -0.13713069 -0.0632707   0.1770231  -0.02246842
 -0.08902417 -0.0507239   0.0830952   0.0681496  -0.14130954  0.03686123
  0.14737142 -0.04170947 -0.09308376  0.05559307  0.12652241 -0.01159579
 -0.1297617   0.03799844  0.12172383 -0.07602974 -0.13217487  0.07310445
  0.12907383 -0.04363289 -0.09522868  0.00487087  0.11267191 -0.06773629
 -0.1226887   0.01915561  0.124026   -0.02721199 -0.13280335 -0.00527152
  0.10230801 -0.02301414 -0.13163839  0.06149234  0.06833922 -0.05285958
 -0.11551347 -0.01238103  0.116122   -0.04671932 -0.0745632   0.06521943
  0.10958547 -0.02820899 -0.10636808  0.0518504   0.0624969  -0.03626196
 -0.09837062  0.0756768   0.06843269 -0.05147117 -0.1043619   0.02816226
  0.14202906 -0.03989558 -0.08682277  0.00905119  0.04897013 -0.03786165
 -0.09139985  0.03081591  0.02834262 -0.0545873  -0.08449286  0.01170484
  0.06474357 -0.02924446 -0.08961517  0.04301122  0.05788331 -0.06082784
 -0.07815885  0.00372636  0.06717572 -0.03873938 -0.05378721  0.07873695
  0.02465351 -0.04244748 -0.05001533  0.00627778  0.07027238 -0.00257065
 -0.07606114  0.03596548  0.02752866 -0.06104106 -0.04768542 -0.01914831
  0.07086435 -0.06519217 -0.03817151  0.0756953  -0.01265292 -0.03388579
 -0.04622447  0.04346445  0.05920551 -0.04074605 -0.03042329  0.04072755
  0.05830879 -0.08013315  0.04620597  0.07864494  0.02672541 -0.06249178
 -0.05683762  0.06646861  0.03482511 -0.03411606 -0.00113186  0.03369252
  0.07567315 -0.10267337 -0.04757296  0.03756663  0.07390746 -0.03558577
 -0.03090281  0.04295718  0.04373829 -0.03258063 -0.06877346  0.05724192
  0.06637198 -0.02013607  0.01197916  0.00148066  0.06850814 -0.05085047
 -0.06731251  0.06044081  0.05384417  0.00311735 -0.00922133  0.02267239
  0.02410097 -0.01589149 -0.0174958   0.04953168  0.05009128]",0.7115579710144928,0.09115942028985508,0.0,0.8265441176470588,0.31338235294117645,0.0,0.7365,0.127,0.0,0.8084583333333333,0.24775,0.0,0.7584090909090909,0.15545454545454546,0.0,0.0
3.7,0.06,4099,0.6791428571428572,0.05164073301302421,0.4819285714285715,0.0664282258055525,0.7198898820143456,4.0,0.14709137098760663,0.8075069969745542,0.03276594140682277,4.0,0.32671064223913965,0.672498293536655,0.04419249862633225,8,0.4155736987134041,8,0.5835769693191724,0.0036999810188254605,15.0,1.3622047244094488,"[ 1.00000000e+00 -7.24951947e-02 -3.82582178e-01  5.17090312e-02
  3.68576195e-01  3.61199190e-02 -3.54902119e-01 -4.33396694e-02
  5.83576969e-01 -7.29120466e-02 -3.55412895e-01  6.35006542e-02
  4.03253939e-01  5.24026892e-03 -3.74606950e-01 -2.18358399e-02
  5.36510308e-01 -7.09008468e-02 -3.79300913e-01  3.96126366e-02
  4.04524005e-01 -2.32113295e-02 -3.52430204e-01 -4.03509261e-02
  5.14240992e-01 -5.07914127e-02 -3.65217672e-01  6.50267854e-02
  3.64088238e-01 -6.18320855e-03 -3.40482492e-01 -1.38349044e-02
  5.16183975e-01 -7.36457740e-02 -3.22963250e-01  3.25966509e-02
  3.55646097e-01 -2.48509102e-03 -3.54882609e-01 -3.07312895e-02
  5.35776581e-01 -1.26377889e-01 -3.46334440e-01  3.96882596e-02
  3.87535050e-01 -1.85721256e-02 -3.40506845e-01 -2.98219627e-02
  4.99163260e-01 -1.13103998e-01 -3.44908285e-01  4.19237651e-02
  3.50697424e-01 -2.11245067e-02 -3.45779800e-01 -2.56070170e-02
  5.00657632e-01 -1.10800276e-01 -3.49079367e-01  5.11509031e-02
  3.63161964e-01 -2.03516133e-02 -3.67893028e-01 -3.07238831e-02
  4.97676295e-01 -9.99544369e-02 -3.58242986e-01  1.66731117e-02
  3.68342349e-01 -6.47659168e-02 -3.36813425e-01  7.34735195e-03
  4.55397521e-01 -1.07499355e-01 -3.60346756e-01  3.10488754e-02
  3.39822534e-01 -6.22378889e-02 -3.52539721e-01 -1.64724490e-02
  4.75799477e-01 -1.09759213e-01 -3.57233683e-01  1.01562349e-01
  3.33740229e-01 -4.62434242e-02 -3.29397534e-01 -1.45976826e-02
  4.69288216e-01 -1.21126578e-01 -3.10035286e-01  8.08435167e-02
  3.11627001e-01 -7.04921809e-02 -3.19653568e-01  3.75661706e-03
  4.73366728e-01 -1.38159396e-01 -3.38691535e-01  7.08023307e-02
  3.16670953e-01 -3.95490117e-02 -3.19173197e-01  1.07117924e-02
  4.39561854e-01 -1.44670658e-01 -3.27397084e-01  7.90836847e-02
  3.26346702e-01 -9.05745530e-02 -2.97288973e-01  4.85379248e-03
  4.35322555e-01 -1.48100606e-01 -3.38628015e-01  9.89005964e-02
  3.15408293e-01 -4.16210218e-02 -3.05575025e-01  2.94487976e-05
  4.03272815e-01 -1.19965883e-01 -3.24544774e-01  9.06145448e-02
  2.93948327e-01 -8.46409300e-02 -2.92749745e-01  4.51605330e-02
  4.10071902e-01 -1.20226646e-01 -3.14576502e-01  6.98274960e-02
  2.86335193e-01 -8.82073117e-02 -2.93078725e-01  2.44417009e-02
  4.06125125e-01 -1.34919285e-01 -3.15217660e-01  6.51395857e-02
  2.85469730e-01 -8.28904931e-02 -2.95046061e-01  1.40883368e-02
  3.80394101e-01 -1.43137120e-01 -2.78111864e-01  8.52490198e-02
  2.65852771e-01 -1.04935504e-01 -2.59334661e-01  1.66163647e-02
  3.54302337e-01 -1.52232522e-01 -2.99123219e-01  6.99031191e-02
  2.73978036e-01 -9.22466580e-02 -2.78210486e-01  3.73987160e-02
  3.66991183e-01]",0.6753260869565217,0.06804347826086957,0.0,0.8602573529411764,0.41143382352941177,0.0,0.6833076923076923,0.07626923076923077,0.0,0.8446666666666667,0.36595833333333333,0.0,0.6967272727272728,0.09213636363636364,0.0,0.0
3.7,0.06,5003,0.6805714285714286,0.10017499993633591,0.4774285714285714,0.08753261782714755,0.740310085320815,2.0,0.8623292835396407,0.19308606188867222,0.005718531101554071,2.0,0.7068311963419991,0.36346287653480075,0.01961468231744395,8,0.8092144907540362,8,0.6858684226948324,0.008751267145386404,15.0,1.2950978492540206,"[ 1.         -0.55881605  0.4565643  -0.50027432  0.62434436 -0.51568127
  0.46749119 -0.52363023  0.68586842 -0.56742552  0.48193666 -0.53083692
  0.594714   -0.51424642  0.51626035 -0.52965337  0.63691653 -0.55023298
  0.49358098 -0.49863784  0.58610454 -0.5387494   0.50625251 -0.49605591
  0.60572266 -0.54803101  0.49578294 -0.47173126  0.56847356 -0.52964613
  0.49009449 -0.48797544  0.59893241 -0.53037235  0.50339728 -0.4798453
  0.54667676 -0.52503896  0.50220493 -0.47591028  0.58345094 -0.52203618
  0.47351122 -0.47192998  0.53081973 -0.50665847  0.48325016 -0.48948197
  0.56775904 -0.52705249  0.46849492 -0.46342867  0.52580342 -0.49421774
  0.51132871 -0.48606276  0.54651893 -0.49701889  0.48598844 -0.47203813
  0.50269881 -0.47672422  0.48775797 -0.48259826  0.5194749  -0.52287497
  0.49106173 -0.47980591  0.49684081 -0.50770767  0.48105829 -0.45811287
  0.49916703 -0.49869056  0.48774478 -0.46019219  0.46984206 -0.4951311
  0.50181468 -0.47676665  0.46699563 -0.4751827   0.46070075 -0.46465181
  0.47563718 -0.48425389  0.48141626 -0.47267089  0.50600547 -0.48782214
  0.46836037 -0.44720357  0.47232023 -0.47591772  0.46131882 -0.45289203
  0.47777348 -0.48885375  0.46635123 -0.43480812  0.45420715 -0.46704085
  0.4518064  -0.43511351  0.47538878 -0.48196124  0.46252287 -0.42507358
  0.43317746 -0.44551735  0.45421879 -0.42410045  0.45377311 -0.47022636
  0.46493526 -0.42617977  0.42817713 -0.43497042  0.43167086 -0.43105584
  0.44325386 -0.47079184  0.42453875 -0.41674621  0.4109963  -0.43516034
  0.43940507 -0.41255549  0.45506332 -0.45511754  0.44415247 -0.41479995
  0.43909082 -0.42130526  0.42664576 -0.4138721   0.43904115 -0.45139734
  0.42524299 -0.4080273   0.44276574 -0.43466653  0.44689075 -0.41994052
  0.44928709 -0.4161458   0.41786675 -0.41612536  0.44030646 -0.42568311
  0.42422296 -0.41561835  0.44521901 -0.4339872   0.41142277 -0.40091718
  0.44707911 -0.43128541  0.41925193 -0.40711704  0.42130201]",0.6821014492753623,0.08565217391304347,0.0,0.8471323529411765,0.4106985294117647,0.0,0.7034615384615385,0.10826923076923077,0.0,0.8369583333333334,0.378375,0.0,0.7028181818181818,0.11559090909090909,0.0,0.0
3.7,0.08,101,0.6354285714285716,0.11267127551656904,0.44692857142857145,0.07588427682588637,0.568744427167174,2.0,0.8882814405877731,0.15889688737151914,0.004183573299732889,2.0,0.5630297999332856,0.49099832822993394,0.032411724842531936,12,0.8233131403694999,12,0.5303590772144294,0.0031898221734020234,70.0,1.2717479674796748,"[ 1.         -0.37070329  0.25132633 -0.36020251  0.52983379 -0.33985458
  0.29702198 -0.38521074  0.51595123 -0.36908998  0.25983815 -0.35537385
  0.53035908 -0.3734789   0.29999001 -0.33995418  0.52651416 -0.37162764
  0.29517136 -0.40621165  0.47580002 -0.34722024  0.30395923 -0.36455269
  0.48768894 -0.36145632  0.31208879 -0.36394184  0.46085817 -0.38580624
  0.31681251 -0.34673773  0.473253   -0.36585461  0.28288212 -0.35779656
  0.49258443 -0.36950903  0.28108833 -0.31916245  0.43687051 -0.40413582
  0.30786227 -0.36805406  0.42829252 -0.37739998  0.29606893 -0.33209127
  0.47619168 -0.35376519  0.28935156 -0.31287414  0.43629842 -0.39226563
  0.25836983 -0.3191237   0.43501054 -0.38862993  0.25444872 -0.33719533
  0.43736772 -0.38503233  0.28905679 -0.32247206  0.4267005  -0.37092927
  0.27900978 -0.34240432  0.40052805 -0.35430727  0.25977392 -0.32264317
  0.43711104 -0.35803789  0.27278896 -0.33560074  0.42958297 -0.35199755
  0.29611897 -0.3233964   0.44383843 -0.36491702  0.26521343 -0.31348241
  0.40533798 -0.34639629  0.27322869 -0.30225181  0.39470886 -0.36198709
  0.27864882 -0.29504725  0.41198917 -0.36017392  0.29286618 -0.2944364
  0.39093079 -0.36890431  0.28909746 -0.31433056  0.40693257 -0.34352318
  0.23388946 -0.33724957  0.39513923 -0.32876181  0.24368916 -0.32570355
  0.39125622 -0.34435261  0.28577784 -0.32939607  0.39120876 -0.33253989
  0.26665628 -0.34173342  0.38763054 -0.35410419  0.26610291 -0.35034951
  0.37905254 -0.34221528  0.29966105 -0.33361322  0.37648614 -0.33303579
  0.29403171 -0.30082768  0.37574228 -0.33502008  0.26983418 -0.30568442
  0.35293756 -0.32115624  0.26815468 -0.31674326  0.36982625 -0.33907548
  0.28175183 -0.31927155  0.36722175 -0.33354105  0.2575162  -0.31928092
  0.38705909 -0.34161314  0.26564576 -0.31363219  0.33386412 -0.31119414
  0.27059807 -0.32658976  0.36366291 -0.3439603   0.25085631 -0.32714313
  0.36493206 -0.32416106  0.2806551  -0.29668603  0.36197405]",0.7623913043478261,0.23833333333333334,0.0,0.8659558823529412,0.4852941176470588,0.0,0.7722692307692308,0.2505,0.0,0.8542916666666667,0.45158333333333334,0.0,0.7728181818181818,0.252,0.0,0.0
3.7,0.08,707,0.6146785714285714,0.10104668425019786,0.5096428571428572,0.06264880245447307,0.4482764255296444,2.0,0.8381227090782261,0.21326998354546087,0.004116368066455882,2.0,0.40943864364726557,0.6091685353443548,0.10411159597251682,8,0.8122490357920632,8,0.5328935871901652,0.06158764229970591,63.0,1.1502498790907625,"[ 1.         -0.16914112  0.29108307 -0.1537397   0.48389179 -0.17585412
  0.32804756 -0.19083195  0.53289359 -0.17325966  0.30278463 -0.19226076
  0.42409096 -0.20328031  0.30625654 -0.18004034  0.49398905 -0.21853382
  0.29100303 -0.19931712  0.42084987 -0.18338923  0.28082573 -0.19563722
  0.51370465 -0.18425907  0.34001244 -0.17869158  0.42072211 -0.15495764
  0.34148897 -0.17921043  0.4698994  -0.15582747  0.33694685 -0.16793247
  0.40036751 -0.18549715  0.3067507  -0.15172129  0.43040339 -0.20368849
  0.31638426 -0.20014889  0.37598964 -0.17711691  0.2532545  -0.20938374
  0.40388715 -0.22964577  0.27369694 -0.220263    0.38954359 -0.1731889
  0.28374648 -0.19092908  0.39413344 -0.18718148  0.2801143  -0.17562784
  0.41779969 -0.1709703   0.27941995 -0.18724156  0.43274995 -0.20459825
  0.28436078 -0.1879359   0.3920179  -0.17291796  0.26637743 -0.20427485
  0.38824273 -0.19415763  0.30827514 -0.20006848  0.34604177 -0.20615482
  0.2795479  -0.19383422  0.37211939 -0.22575008  0.27503828 -0.17632961
  0.35287511 -0.18602325  0.2367176  -0.17643249  0.3864078  -0.19343821
  0.25331226 -0.17677586  0.36933439 -0.19031727  0.24334294 -0.19346579
  0.38284823 -0.21211591  0.29231224 -0.15541586  0.33574655 -0.17294804
  0.26904469 -0.18760739  0.35923732 -0.15491697  0.23923202 -0.19047262
  0.3441593  -0.16089551  0.20178879 -0.18861261  0.38042183 -0.14556178
  0.20746408 -0.20204622  0.31074695 -0.17411352  0.22094542 -0.21313347
  0.3448061  -0.14733395  0.2162278  -0.19930115  0.31097016 -0.18207983
  0.23282246 -0.19453581  0.33974512 -0.14091659  0.2097304  -0.15701235
  0.31010794 -0.166563    0.2223018  -0.14916619  0.37492983 -0.13904897
  0.21653124 -0.17733446  0.30452049 -0.15976216  0.22983709 -0.17620891
  0.34862157 -0.14859469  0.21790489 -0.19615515  0.28443887 -0.19587186
  0.20555672 -0.19356068  0.32290478 -0.19033956  0.16706054 -0.20969164
  0.27891642 -0.17336142  0.18785396 -0.18634387  0.34611717]",0.8134782608695652,0.4017391304347826,0.00032608695652173916,0.8707720588235294,0.5452573529411765,0.00022058823529411765,0.8201153846153846,0.4108846153846154,0.0003076923076923077,0.8574583333333333,0.506875,0.0002916666666666667,0.8190454545454545,0.40645454545454546,0.0004090909090909091,3.950661737807667e-08
3.7,0.08,1313,0.6286428571428572,0.04599240176820693,0.5849285714285714,0.04437657729303711,0.40637108083460016,2.0,0.35867379255740306,0.660914970899269,0.012285519643857733,4.0,0.04220387096774193,0.8815030104055224,0.16338337730432714,16,0.4043956897422053,4,0.3237989483513719,0.03386551549181222,63.0,1.1742185259535418,"[ 1.00000000e+00  1.03931557e-01 -5.89078754e-02  9.98012734e-02
  3.23798948e-01  1.17433832e-01  3.80186265e-02  9.40745222e-02
  3.10817916e-01  7.30754449e-02  5.63498458e-03  4.28349322e-02
  2.29467880e-01  1.10154131e-01  2.22177372e-02  1.89724793e-02
  2.56385392e-01  2.40836308e-02  2.37452667e-02  3.13814297e-02
  2.14933899e-01  7.25904000e-02 -1.96933808e-02  4.70703513e-02
  2.16660921e-01  5.21815028e-02  2.77200647e-02  3.53562277e-02
  9.32256936e-02  3.66666543e-02  1.87045705e-03 -3.73503296e-03
  1.62401981e-01  6.61179827e-02  1.49996539e-02  2.02755849e-02
  8.72129017e-02 -1.70456239e-02  2.01543237e-02  1.27352635e-02
  1.40067058e-01  4.55966294e-02 -4.97503750e-03  5.16275201e-02
  6.05305914e-02  3.73360616e-02  4.49722246e-02  8.59728971e-02
  8.88885961e-02 -5.03517031e-03  2.90842988e-02  3.19999978e-02
  1.36995166e-02  2.62297283e-02  6.39763377e-02  1.48451637e-02
  8.90367611e-02 -2.35693689e-02  1.43508252e-02  5.58981595e-02
  2.67162573e-02  2.47379077e-02 -2.63042438e-03  5.70526117e-02
  7.44768720e-02  3.85873510e-02  2.93547206e-02  6.78215765e-02
  7.30975075e-02  3.72079865e-02 -5.93581516e-03  1.14884452e-02
  7.42519597e-02 -6.25656910e-03  6.82030444e-03  2.82447824e-02
  3.35207134e-02 -1.10189933e-03  2.04961632e-02  3.72001771e-02
  6.60525203e-02 -2.47907677e-02  1.00489479e-02  5.08760358e-02
 -1.63908399e-02  3.24107751e-02  7.01573846e-02  4.15221442e-02
  8.85101891e-02 -3.60000711e-03  5.22823040e-02  1.63927830e-02
  7.48089108e-02  3.16651091e-02  5.32631716e-02 -1.76308445e-02
  8.61245375e-02  1.88576618e-02  6.20449817e-02  8.01975903e-03
  1.51092602e-02  2.94530420e-02  6.73732361e-02  1.91993051e-03
  5.07215455e-02 -1.47317600e-02  9.99050429e-02  3.44517374e-02
  5.26983518e-03  4.80840779e-02  1.15568056e-01  3.43392812e-02
  7.09925670e-02  1.35137885e-02  8.51715693e-02  8.06594030e-02
  4.65834522e-02  3.24567732e-02  5.56948213e-02  3.50341081e-02
  9.45435595e-02 -3.55400904e-03  4.52476060e-02  3.47480673e-02
  3.87570900e-02  9.57518784e-03  6.01903731e-02 -6.52984082e-03
  8.27169798e-02  4.02202118e-03  5.28236362e-02 -1.02694373e-02
  5.77612031e-02  7.99059275e-02  4.45630684e-02  1.04871175e-02
  9.24796575e-02  5.26350989e-03 -1.97445901e-02  2.70698702e-02
  7.64181471e-02  4.25722273e-03  2.27887305e-03 -9.66384922e-04
  7.06913959e-02 -1.34442732e-02  1.72216401e-02 -3.49900124e-02
  9.41553519e-02  2.21874025e-03 -3.85648294e-02 -8.44557791e-03
  5.48645985e-02  1.66148454e-02 -2.10882457e-02  5.09816781e-04
  7.28878440e-02  1.88626213e-02 -4.47771141e-02 -5.40097444e-02
  8.90975194e-02]",0.7621739130434783,0.3207608695652174,0.0,0.9103676470588236,0.6308823529411764,0.0,0.7668461538461538,0.32569230769230767,0.0,0.9019166666666667,0.5995416666666666,0.0,0.768090909090909,0.3225909090909091,0.0,0.0
3.7,0.08,2029,0.6228214285714286,0.09825115541720783,0.5319999999999999,0.057236352085016734,0.4076998585582277,2.0,0.8565408156019261,0.18495574920797564,0.003770488377575107,4.0,0.26876960421647333,0.7372621440719903,0.08420138188267633,16,0.8340571686493449,8,0.5378109192394904,0.018105631741995285,7.0,1.1536555142503098,"[ 1.00000000e+00 -1.06506192e-02 -2.50326182e-01  4.20931450e-02
  3.67523112e-01  5.48927263e-02 -2.23331589e-01 -2.86412001e-03
  5.37810919e-01 -4.91522763e-02 -2.33228676e-01 -4.03976975e-03
  3.92644340e-01  2.76853305e-02 -2.43997907e-01 -9.75056689e-03
  4.41834990e-01 -2.73888017e-02 -2.01261120e-01 -3.38217338e-03
  3.79827316e-01  1.19902320e-02 -2.34139194e-01  2.73626374e-02
  4.09569161e-01 -3.34903192e-02 -1.97856271e-01  5.47357405e-03
  3.26848073e-01  2.99598814e-02 -2.30036630e-01  1.36298622e-02
  3.68189430e-01 -4.29495901e-02 -1.92445491e-01 -1.27071341e-02
  3.55632304e-01 -3.78859236e-03 -2.35440433e-01  3.33001919e-02
  3.91828013e-01 -2.10989011e-02 -1.98154544e-01  1.93476365e-02
  2.82026862e-01 -1.45560788e-02 -1.76828885e-01  5.27524856e-02
  3.37933019e-01 -4.96145125e-02 -1.99110413e-01  3.52171638e-03
  2.97423687e-01  1.23321123e-03 -1.83540904e-01 -1.22972266e-03
  3.63141462e-01 -4.39037153e-03 -1.98191174e-01  2.84249084e-02
  3.37196930e-01 -7.35391593e-03 -2.03029827e-01 -6.93877551e-03
  3.76750392e-01  9.61102390e-03 -1.92300715e-01  4.88051631e-03
  2.67167277e-01 -5.82417582e-03 -1.46598639e-01 -2.31571603e-02
  3.66985871e-01 -9.96511425e-03 -2.33985697e-01 -2.61643119e-03
  2.76023025e-01 -2.20425606e-02 -1.72323391e-01 -3.11337868e-02
  3.45534624e-01 -2.12122798e-02 -1.86755625e-01  2.21524507e-04
  2.46853305e-01 -9.08773766e-03 -1.68090005e-01 -5.09680795e-03
  3.08035932e-01 -1.68916797e-02 -2.01273330e-01  7.89987790e-03
  2.83181580e-01  5.52415838e-03 -2.08684807e-01 -1.25937555e-02
  3.22342578e-01 -2.08128380e-02 -2.15703820e-01  1.20024420e-02
  2.96790511e-01 -1.97278912e-03 -2.26691087e-01 -2.34257806e-03
  3.62333857e-01 -5.26862027e-02 -2.51937903e-01  1.57125414e-02
  2.29638932e-01 -1.90633176e-02 -2.27123670e-01 -5.56602128e-03
  3.74067678e-01 -5.95726496e-02 -2.89741845e-01  2.15157858e-02
  2.97189953e-01 -7.02424560e-03 -2.10331415e-01  1.71986743e-03
  3.20695971e-01 -8.03261818e-02 -2.49140066e-01  1.67224839e-02
  2.87338217e-01  2.04953776e-03 -2.13947323e-01  2.24803768e-02
  3.21440781e-01 -7.62236177e-02 -2.42159428e-01  1.45892203e-02
  2.93533926e-01 -3.17861504e-02 -2.19438339e-01 -1.35356707e-02
  3.12679226e-01 -8.17146346e-02 -2.31603000e-01 -4.68166754e-03
  2.50279086e-01 -6.07814408e-02 -2.17908599e-01 -6.83900227e-02
  3.07580673e-01 -8.23652538e-02 -2.78738880e-01  6.04918891e-03
  2.08376068e-01 -7.29443572e-02 -1.90127333e-01 -4.63649049e-02
  3.27512646e-01 -6.71864643e-02 -2.53050759e-01  1.93528694e-02
  2.62016396e-01 -5.05267748e-02 -1.94266527e-01 -4.83237398e-02
  2.71044828e-01]",0.7782608695652173,0.31431159420289856,0.0,0.8908823529411765,0.5844117647058824,3.676470588235294e-05,0.7831153846153847,0.31434615384615383,0.00023076923076923076,0.88775,0.574125,0.0,0.7776363636363637,0.3025,4.545454545454545e-05,1.965953049555176e-09
3.7,0.08,3001,0.6450714285714286,0.05516852659379814,0.3964285714285714,0.062060701029273746,0.7684280212713689,2.0,0.21492512302446432,0.7885293301019343,0.023274342742390437,2.0,0.03867058811302911,0.8845499889353269,0.09390878834517,16,0.3257945870141889,16,0.27929905569328006,0.024559497391540147,41.0,1.2871057513914657,"[ 1.          0.01887194 -0.05524857  0.03184433  0.20987643 -0.00737562
 -0.02036221  0.02884488  0.24853812  0.01009121 -0.0093863   0.02332854
  0.18844502 -0.02860833 -0.01013379 -0.02398142  0.27929906 -0.06863255
 -0.07426717  0.01110365  0.19847473 -0.0862697  -0.00825086  0.0336705
  0.22475068 -0.01720663 -0.04032701  0.01802036  0.15631209 -0.01702685
  0.02747762  0.04429631  0.17967375 -0.02552372  0.0495146   0.04772155
  0.18402627 -0.00322181  0.01459039  0.02571296  0.19082944 -0.03913953
  0.02092992  0.01271219  0.21041576 -0.03438961  0.01117461  0.03806086
  0.18012793 -0.06944628  0.00651931  0.02611983  0.10963609 -0.08337434
  0.00484454  0.01795413  0.19784077 -0.08412183  0.03728025  0.03078459
  0.155962   -0.07586151  0.04832239  0.05196052  0.17263403 -0.05541415
  0.04300475  0.03193895  0.10154609 -0.07755521  0.03000397  0.04099408
  0.19968586 -0.06373124  0.05223965  0.07535057  0.11892777 -0.0638164
  0.00751282  0.02426528  0.17169729 -0.08628863 -0.00562042  0.02146453
  0.04378063 -0.02411388  0.0213841  -0.03074674  0.11039305 -0.05744848
  0.02123271  0.03420983  0.07215714 -0.06144144  0.00167477 -0.00753648
  0.12413186 -0.05967205 -0.01715459  0.02463429  0.10265314 -0.03816494
 -0.00558257 -0.00658081  0.14270575 -0.09282686  0.08613251  0.0340679
  0.08711655 -0.02051833  0.03796151 -0.01383816  0.0770963  -0.06564256
  0.05039457  0.01608065  0.08376701 -0.0674498  -0.01360634 -0.01818122
  0.13574173 -0.06548171  0.03095017  0.00504797  0.09677725 -0.07013701
 -0.03675984 -0.00232292  0.08092841 -0.05929357  0.05296823  0.05660636
  0.08057832 -0.06229302  0.06394414 -0.02322446  0.12579717 -0.05323789
 -0.00310353  0.03769184  0.10623924 -0.0692192  -0.0219329   0.01131181
  0.064228   -0.0155224   0.0206366   0.03838257  0.06904415 -0.07111159
  0.0151865   0.01783112  0.07915902 -0.09980981  0.0078156   0.04490188
  0.08112711 -0.07658063  0.02283178  0.03388812  0.04706394]",0.7615942028985507,0.23565217391304347,0.00010869565217391305,0.8376470588235294,0.40352941176470586,0.00022058823529411765,0.7731153846153846,0.24811538461538463,0.0002692307692307692,0.8250833333333333,0.36741666666666667,0.0005,0.7765454545454545,0.24613636363636363,0.00013636363636363637,3.9426625555877e-09
3.7,0.08,4099,0.632357142857143,0.06502319052555365,0.4504285714285715,0.05528977467555343,0.5970396278336193,2.0,0.23603950701377205,0.6435523734734638,0.014253631051249273,4.0,0.11301644069606064,0.8473327957274237,0.08058497056308751,24,0.5144646953534463,16,0.3374354553058216,0.01605161751662843,22.0,1.1889140271493213,"[ 1.00000000e+00  1.27810559e-02 -1.22741191e-01  1.08792537e-03
  2.31231840e-01  2.79384991e-02 -9.70791112e-02 -4.79908005e-02
  3.23536776e-01 -5.38424586e-02 -7.25352563e-02  4.19475040e-02
  2.44052351e-01  3.25809485e-02 -7.37840057e-02 -2.53815554e-03
  3.37435455e-01 -5.39532987e-02 -3.87555422e-02  3.71634859e-02
  2.03071232e-01 -2.53867055e-03 -9.83389046e-02  1.73121502e-02
  3.03564242e-01 -4.10927321e-02 -1.12338754e-01  3.95094021e-02
  2.08912017e-01 -2.82618639e-02 -1.00706222e-01 -2.01140160e-02
  2.62603151e-01 -7.85489401e-02 -5.04999442e-02  1.95776115e-02
  1.81950432e-01 -1.90163342e-02 -5.98967132e-02 -4.11940733e-02
  2.69572175e-01 -9.14309080e-02 -2.94913580e-02  3.20077403e-03
  1.51564075e-01 -4.00363077e-02 -6.45605639e-02  2.65563065e-02
  2.41522407e-01 -1.07777704e-01 -7.38972492e-02 -2.48489944e-02
  1.45731929e-01 -4.23335276e-02 -5.98380029e-02  4.18035320e-02
  2.10027839e-01 -7.73827056e-02 -4.35122652e-02  4.05948383e-02
  1.51602757e-01 -2.71563998e-02 -9.14026687e-02  1.37537636e-02
  2.18195200e-01 -9.60761041e-02  2.77730400e-02  1.72382758e-02
  9.78705377e-02 -3.88300174e-02  1.13965459e-02  1.83962130e-02
  1.56274905e-01 -7.38791955e-02  1.95942919e-02  6.39793827e-02
  1.03721337e-01 -3.06226008e-02 -4.34639121e-02 -3.76201317e-03
  1.94837950e-01 -9.60674635e-02 -4.58108584e-02 -9.60382895e-03
  1.00215767e-01 -3.18116099e-02 -5.16727021e-02  3.25708106e-03
  1.41105731e-01 -1.31192414e-02 -1.77925052e-02  2.54042633e-02
  1.06026511e-01 -1.31195847e-02 -3.88121354e-02 -1.54363175e-02
  1.43451647e-01 -5.16536183e-02 -6.10023299e-03 -5.05255513e-02
  2.42652381e-02 -2.01300383e-02 -2.59615827e-02  1.95918027e-02
  1.25896502e-01 -5.28626553e-02 -5.75359191e-02 -4.23982463e-02
  1.22331191e-01 -3.65269037e-02 -6.80709407e-02  1.95410462e-02
  1.04826458e-01 -6.92194648e-02  7.90791360e-03 -3.06559044e-02
  9.78463898e-02 -3.53492819e-02 -5.40120377e-02 -4.93189177e-02
  1.36469862e-01 -1.42402128e-02 -2.24283740e-02 -1.66070153e-02
  5.69954518e-02  7.92699733e-03 -2.71319372e-02 -2.71263675e-04
  9.55388127e-02  4.43178448e-03 -1.65976022e-02 -3.41421333e-02
  9.67267917e-02  2.10486611e-03 -2.24193901e-02 -3.17758458e-02
  1.46973125e-01 -2.82711340e-02 -3.72702155e-03 -8.44034116e-03
  7.92016877e-02  3.36481307e-02 -9.01811572e-02  2.77964726e-02
  1.28289741e-01  6.78702802e-03 -3.76082484e-02 -3.64800956e-02
  1.44625492e-01  2.42910741e-02 -6.45194209e-02 -1.54311102e-02
  1.20090965e-01 -6.07491200e-03 -7.50043728e-02 -2.47878234e-02
  9.08932732e-02  1.84689429e-02 -5.27870929e-02 -2.47581249e-02
  1.51664271e-01]",0.7791666666666667,0.2555072463768116,0.0,0.8588602941176471,0.4804044117647059,0.0,0.7878076923076923,0.2632307692307692,0.0,0.8435416666666666,0.4300833333333333,0.0,0.7926363636363636,0.2727272727272727,0.0,0.0
3.7,0.08,5003,0.6323214285714286,0.13277587280059275,0.4950714285714286,0.09312431344768153,0.4747753448665466,2.0,0.9158506738186739,0.12057774981508708,0.0027667736472669568,2.0,0.7529006848360253,0.3155247457944023,0.023666355110147128,4,0.8758348770404645,4,0.6903299825948073,0.007364527435229184,231.0,1.2590372388737512,"[ 1.         -0.57771682  0.56884875 -0.57319471  0.69032998 -0.56035486
  0.57793355 -0.60076259  0.6542355  -0.55320741  0.56251165 -0.60704309
  0.6285179  -0.59251533  0.54544244 -0.58704779  0.65180782 -0.60250228
  0.56667322 -0.59715652  0.62386871 -0.60083038  0.56286958 -0.57872146
  0.64316802 -0.59561441  0.57652508 -0.57218881  0.65369716 -0.57359468
  0.54459535 -0.57483816  0.61249836 -0.56537412  0.54742155 -0.58675658
  0.60918773 -0.55748421  0.55078135 -0.57437716  0.59681689 -0.59040586
  0.54751132 -0.56405687  0.59811756 -0.5524931   0.55532004 -0.56901481
  0.60617573 -0.55851826  0.5646137  -0.55193702  0.59462854 -0.53703803
  0.56958023 -0.52794522  0.5839862  -0.54846343  0.54831154 -0.51181875
  0.58874387 -0.53633345  0.54681061 -0.54610354  0.59230665 -0.54397122
  0.51648171 -0.5389155   0.58998205 -0.53624956  0.49537541 -0.53905917
  0.57208918 -0.53396286  0.50927448 -0.5372249   0.55740975 -0.51499419
  0.54006438 -0.52747881  0.55331606 -0.50838035  0.52859838 -0.5178604
  0.54255193 -0.52412701  0.49053183 -0.50074201  0.54130044 -0.53975188
  0.49842174 -0.50145989  0.52950381 -0.53256384  0.49325494 -0.51247347
  0.52005635 -0.51557312  0.47849432 -0.49713005  0.54322449 -0.50866924
  0.48667428 -0.49516811  0.53225739 -0.48590704  0.50610126 -0.48348467
  0.52841315 -0.48641606  0.47886402 -0.5033902   0.51625117 -0.48321864
  0.46188188 -0.47210728  0.49564376 -0.48323464  0.4622777  -0.50342221
  0.50233879 -0.48201516  0.44702406 -0.47741187  0.51550128 -0.47573197
  0.4616656  -0.47524695  0.48525357 -0.48291731  0.44776922 -0.48494386
  0.49038247 -0.46506234  0.44009087 -0.4818741   0.49790115 -0.47438801
  0.44851439 -0.45878714  0.48758945 -0.46402713  0.44993684 -0.4693077
  0.4718775  -0.46915333  0.41993859 -0.47080864  0.46370613 -0.45380992
  0.43853603 -0.47321443  0.46867265 -0.45716114  0.42526034 -0.46021432
  0.45531577 -0.47043683  0.44262229 -0.44742306  0.48499197]",0.7720652173913043,0.28355072463768116,0.0,0.8668382352941176,0.49481617647058823,0.0,0.7801153846153847,0.2976923076923077,0.0,0.8600833333333333,0.4745,0.0,0.7805,0.2921818181818182,0.0,0.0
