r,epsilon,seed,motif_size,frame_even,frame_odd,motif_even,motif_odd,comp_even,comp_odd,parity,smooth,resonance,wall_spectral_entropy,max_cluster_lifetime,atlas_score,class,motif_25,frame_25,comp_25,motif_50,frame_50,comp_50,motif_75,frame_75,comp_75,motif_100,frame_100,comp_100,motif_125,frame_125,comp_125,motif_150,frame_150,comp_150,motif_175,frame_175,comp_175,motif_200,frame_200,comp_200,motif_225,frame_225,comp_225,motif_250,frame_250,comp_250
3.855,0.122,101,4,0.8917340633157165,0.16593420312726356,0.688661430974939,0.00027660026190888114,0.0,0.46634511998585804,0.6883848307130301,2.038006783073256e-93,0.7089950372208438,0.6644436201739027,3,0.02334360284826318,resonant phase-memory,7.462686567164179e-05,0.1653731343283582,0.46738805970149255,0.5626612903225806,0.8405645161290323,0.0,0.0005263157894736842,0.16710526315789473,0.46596491228070175,0.8761538461538462,0.9641346153846154,0.0,0.00010638297872340425,0.16670212765957446,0.46202127659574466,0.5797619047619048,0.8489285714285715,0.0,0.0006756756756756757,0.16567567567567568,0.46635135135135136,0.83609375,0.95140625,0.0,0.0,0.1648148148148148,0.47,0.5886363636363636,0.8536363636363636,0.0
3.855,0.122,101,6,0.8917340633157165,0.16593420312726356,0.5862400509436799,0.0,0.0,0.3154804343378327,0.5862400509436799,2.3661654152734604e-148,0.7612923904052935,0.6644436201739027,3,0.015689357916371705,resonant phase-memory,0.0,0.1653731343283582,0.31708955223880597,0.4325806451612903,0.8405645161290323,0.0,0.0,0.16710526315789473,0.3154385964912281,0.8245192307692307,0.9641346153846154,0.0,0.0,0.16670212765957446,0.31159574468085105,0.4483333333333333,0.8489285714285715,0.0,0.0,0.16567567567567568,0.31364864864864866,0.7703125,0.95140625,0.0,0.0,0.1648148148148148,0.31962962962962965,0.45545454545454545,0.8536363636363636,0.0
3.855,0.122,707,4,0.9333418161139935,0.10382538924410196,0.823977902809556,0.0,0.0,0.6281065857186097,0.823977902809556,6.223923983872741e-56,0.6585547785547785,0.5176336222258224,0,0.0,resonant phase-memory,0.0,0.10380597014925373,0.6271641791044776,0.7355645161290323,0.8960483870967741,0.0,0.0,0.10394736842105264,0.6244736842105263,0.9719230769230769,0.9929807692307693,0.0,0.0,0.10393617021276595,0.6296808510638298,0.7344047619047619,0.8958333333333334,0.0,0.0,0.10391891891891891,0.6266216216216216,0.94390625,0.9859375,0.0,0.0,0.10351851851851852,0.6325925925925926,0.7340909090909091,0.8959090909090909,0.0
3.855,0.122,707,6,0.9333418161139935,0.10382538924410196,0.7654147206959706,0.0,0.0,0.49584851820448755,0.7654147206959706,2.8169478927896016e-93,0.7052564102564103,0.5176336222258224,0,0.0,resonant phase-memory,0.0,0.10380597014925373,0.49507462686567166,0.6525,0.8960483870967741,0.0,0.0,0.10394736842105264,0.4921052631578947,0.9578846153846153,0.9929807692307693,0.0,0.0,0.10393617021276595,0.4975531914893617,0.6505952380952381,0.8958333333333334,0.0,0.0,0.10391891891891891,0.4943243243243243,0.91609375,0.9859375,0.0,0.0,0.10351851851851852,0.5001851851851852,0.65,0.8959090909090909,0.0
3.855,0.1245,101,4,0.9013066771937739,0.16254206958876777,0.7813840192065997,0.0,0.0,0.45213789546261,0.7813840192065997,5.92328979791329e-135,0.7298221670802316,0.28692515767359394,0,0.0,resonant phase-memory,0.0,0.1626865671641791,0.4512686567164179,0.6441129032258065,0.8369354838709677,0.0,0.0,0.16289473684210526,0.4506140350877193,0.9888461538461538,0.9972115384615384,0.0,0.0,0.1626595744680851,0.45191489361702125,0.6446428571428572,0.8375,0.0,0.0,0.16243243243243244,0.4518918918918919,0.985,0.99625,0.0,0.0,0.16203703703703703,0.455,0.6443181818181818,0.8386363636363636,0.0
3.855,0.1245,101,6,0.9013066771937739,0.16254206958876777,0.7187686345912152,0.0,0.0,0.31050618805866087,0.7187686345912152,4.007963197731828e-221,0.7927708850289497,0.28692515767359394,0,0.0,resonant phase-memory,0.0,0.1626865671641791,0.30977611940298505,0.5441129032258064,0.8369354838709677,0.0,0.0,0.16289473684210526,0.308859649122807,0.9832692307692308,0.9972115384615384,0.0,0.0,0.1626595744680851,0.3101063829787234,0.5446428571428571,0.8375,0.0,0.0,0.16243243243243244,0.31027027027027027,0.9775,0.99625,0.0,0.0,0.16203703703703703,0.31351851851851853,0.5443181818181818,0.8386363636363636,0.0
3.855,0.1245,707,4,0.9400000000000001,0.1,0.85,0.0,0.0,0.6,0.85,1.3847109278119065e-70,0.6666666666666667,0.0,0,0.0,resonant phase-memory,0.0,0.1,0.6,0.75,0.9,0.0,0.0,0.1,0.6,1.0,1.0,0.0,0.0,0.1,0.6,0.75,0.9,0.0,0.0,0.1,0.6,1.0,1.0,0.0,0.0,0.1,0.6,0.75,0.9,0.0
3.855,0.1245,707,6,0.9400000000000001,0.1,0.805,0.0,0.0,0.42502866811923995,0.805,3.837465853151656e-121,0.7166666666666666,0.0,0,0.0,resonant phase-memory,0.0,0.1,0.42507462686567166,0.675,0.9,0.0,0.0,0.1,0.4249122807017544,1.0,1.0,0.0,0.0,0.1,0.4251063829787234,0.675,0.9,0.0,0.0,0.1,0.42486486486486486,1.0,1.0,0.0,0.0,0.1,0.42518518518518517,0.675,0.9,0.0
3.855,0.127,101,4,0.9080361758537162,0.12312498783485396,0.733923128954379,0.0007675822937309458,1.6129032258064517e-05,0.5871371081599559,0.733155546660648,2.0774794730284016e-16,0.6053962703962705,0.615277744907858,32,0.16821217863191748,resonant phase-memory,0.0013432835820895521,0.11380597014925373,0.6153731343283582,0.7,0.8958064516129032,8.064516129032258e-05,0.0013157894736842105,0.12026315789473684,0.5954385964912281,0.8267307692307693,0.9450961538461539,0.0,0.0006382978723404255,0.1270212765957447,0.5757446808510638,0.6769047619047619,0.8863095238095238,0.0,0.0005405405405405405,0.12675675675675677,0.5763513513513514,0.79734375,0.93296875,0.0,0.0,0.12777777777777777,0.5727777777777778,0.6686363636363636,0.88,0.0
3.855,0.127,101,6,0.9080361758537162,0.12312498783485396,0.6258847580510887,0.0,0.0,0.40688838730927274,0.6258847580510887,1.7446698536786618e-33,0.6466200466200467,0.615277744907858,32,0.1362039685306928,resonant phase-memory,0.0,0.11380597014925373,0.4463432835820896,0.5766129032258065,0.8958064516129032,0.0,0.0,0.12026315789473684,0.4185964912280702,0.7553846153846154,0.9450961538461539,0.0,0.0,0.1270212765957447,0.39063829787234045,0.5461904761904762,0.8863095238095238,0.0,0.0,0.12675675675675677,0.39256756756756755,0.71578125,0.93296875,0.0,0.0,0.12777777777777777,0.3862962962962963,0.5354545454545454,0.88,0.0
3.855,0.127,707,4,0.8921538192989807,0.14773181427989135,0.724431608378181,0.001217521795499767,5.148883374689827e-05,0.5757822544678689,0.7232140865826813,1.2476842274958525e-46,0.6867890442890443,0.43824130286320195,3,0.02068430645641075,resonant phase-memory,0.001791044776119403,0.1341044776119403,0.6067164179104477,0.6689516129032258,0.8707258064516129,0.00016129032258064516,0.0012280701754385965,0.13921052631578948,0.5933333333333334,0.8733653846153846,0.95625,9.615384615384615e-05,0.001702127659574468,0.1448936170212766,0.5806382978723404,0.6411904761904762,0.858452380952381,0.0,0.0008108108108108108,0.1537837837837838,0.5622972972972973,0.84546875,0.94375,0.0,0.0005555555555555556,0.16666666666666666,0.5359259259259259,0.5931818181818181,0.831590909090909,0.0
3.855,0.127,707,6,0.8921538192989807,0.14773181427989135,0.6437226026661511,1.4925373134328359e-05,0.0,0.47080041927906746,0.6437076772930168,1.6607604686822376e-76,0.7289568764568763,0.43824130286320195,3,0.01831481624055616,resonant phase-memory,7.462686567164179e-05,0.1341044776119403,0.5041044776119403,0.5684677419354839,0.8707258064516129,0.0,0.0,0.13921052631578948,0.48947368421052634,0.8304807692307692,0.95625,0.0,0.0,0.1448936170212766,0.47404255319148936,0.5376190476190477,0.858452380952381,0.0,0.0,0.1537837837837838,0.4552702702702703,0.795,0.94375,0.0,0.0,0.16666666666666666,0.4311111111111111,0.48704545454545456,0.831590909090909,0.0
3.855,0.1295,101,4,0.8962718393837346,0.1535983476414858,0.7084710491121781,0.00073481577715169,0.0,0.5062070777969894,0.7077362333350263,5.135084049196786e-63,0.6733508158508159,0.7288155730296463,0,0.0,resonant phase-memory,0.0007462686567164179,0.15029850746268655,0.5138805970149254,0.6225806451612903,0.8579032258064516,0.0,0.0007017543859649122,0.1513157894736842,0.5097368421052632,0.8679807692307693,0.9601923076923077,0.0,0.00031914893617021275,0.15425531914893617,0.507127659574468,0.6082142857142857,0.8552380952380952,0.0,0.0013513513513513514,0.15527027027027027,0.5012162162162163,0.835625,0.94984375,0.0,0.0005555555555555556,0.15685185185185185,0.49907407407407406,0.6079545454545454,0.8581818181818182,0.0
3.855,0.1295,101,6,0.8962718393837346,0.1535983476414858,0.6274119002637147,1.4925373134328359e-05,0.0,0.3650585277159294,0.6273969748905804,2.87345493635969e-85,0.7018822843822843,0.7288155730296463,0,0.0,resonant phase-memory,7.462686567164179e-05,0.15029850746268655,0.3724626865671642,0.5262903225806451,0.8579032258064516,0.0,0.0,0.1513157894736842,0.3686842105263158,0.8150961538461539,0.9601923076923077,0.0,0.0,0.15425531914893617,0.36638297872340425,0.5126190476190476,0.8552380952380952,0.0,0.0,0.15527027027027027,0.3605405405405405,0.77078125,0.94984375,0.0,0.0,0.15685185185185185,0.3572222222222222,0.5122727272727273,0.8581818181818182,0.0
3.855,0.1295,707,4,0.9015860282190926,0.1553716182797094,0.7466253568340262,0.0005956003470502642,0.0,0.525396298054669,0.7460297564869759,2.210291231354081e-92,0.6929261363636363,0.34684623082208377,1,0.006354155098982291,resonant phase-memory,0.0005970149253731343,0.15567164179104478,0.5256716417910448,0.6308870967741935,0.8512903225806452,0.0,0.0007017543859649122,0.15517543859649122,0.5249122807017544,0.9163461538461538,0.9751923076923077,0.0,0.0002127659574468085,0.155,0.5246808510638298,0.6355952380952381,0.8530952380952381,0.0,0.0005405405405405405,0.15527027027027027,0.5248648648648648,0.91984375,0.975625,0.0,0.000925925925925926,0.15574074074074074,0.5268518518518519,0.6304545454545455,0.8527272727272728,0.0
3.855,0.1295,707,6,0.9015860282190926,0.1553716182797094,0.6635214949700836,1.7543859649122806e-05,0.0,0.41957174218894727,0.6635039511104345,9.659319958554486e-155,0.7485047043010753,0.34684623082208377,1,0.006083311049704423,resonant phase-memory,0.0,0.15567164179104478,0.4205223880597015,0.5142741935483871,0.8512903225806452,0.0,8.771929824561403e-05,0.15517543859649122,0.41850877192982455,0.880576923076923,0.9751923076923077,0.0,0.0,0.155,0.4198936170212766,0.520952380952381,0.8530952380952381,0.0,0.0,0.15527027027027027,0.4183783783783784,0.88703125,0.975625,0.0,0.0,0.15574074074074074,0.42055555555555557,0.5147727272727273,0.8527272727272728,0.0
3.855,0.132,101,4,0.857166420608961,0.20704956531802146,0.5907402691394628,0.0034508678255899595,3.125e-05,0.39608356256174276,0.5872894013138727,3.5082167335215314e-30,0.6087570207570208,0.891437967219483,5,0.02892371885044394,resonant phase-memory,0.0033582089552238806,0.2064179104477612,0.39186567164179104,0.5288709677419355,0.8258064516129032,0.0,0.0033333333333333335,0.20692982456140352,0.39342105263157895,0.7070192307692308,0.9105769230769231,0.0,0.003936170212765958,0.2077659574468085,0.39382978723404255,0.518095238095238,0.8238095238095238,0.0,0.003108108108108108,0.20783783783783782,0.4014864864864865,0.670625,0.89609375,0.00015625,0.0035185185185185185,0.20629629629629628,0.3998148148148148,0.5290909090909091,0.8295454545454546,0.0
3.855,0.132,101,6,0.857166420608961,0.20704956531802146,0.4698349627523014,0.00022073374539487422,0.0,0.24524116182168026,0.4696142290069065,7.593976677514972e-40,0.5837973137973138,0.891437967219483,5,0.0120122374742896,resonant phase-memory,0.00029850746268656717,0.2064179104477612,0.24037313432835822,0.3992741935483871,0.8258064516129032,0.0,0.0003508771929824561,0.20692982456140352,0.24289473684210527,0.6019230769230769,0.9105769230769231,0.0,0.00031914893617021275,0.2077659574468085,0.245,0.3873809523809524,0.8238095238095238,0.0,0.00013513513513513514,0.20783783783783782,0.24756756756756756,0.5621875,0.89609375,0.0,0.0,0.20629629629629628,0.25037037037037035,0.39840909090909093,0.8295454545454546,0.0
3.855,0.132,707,4,0.8887248393407668,0.15493879614434178,0.7192268568125423,0.000831407362971268,0.00016813193526903203,0.5137633164076145,0.718395449449571,3.8449627994026795e-53,0.6735198135198135,0.5626032352091308,3,0.022214208979482335,resonant phase-memory,0.0008208955223880597,0.13902985074626867,0.5397761194029851,0.6537096774193548,0.8635483870967742,0.00024193548387096774,0.0008771929824561404,0.14780701754385964,0.5225438596491228,0.8684615384615385,0.9556730769230769,9.615384615384615e-05,0.0009574468085106382,0.1570212765957447,0.5104255319148936,0.6225,0.846547619047619,0.00011904761904761905,0.0009459459459459459,0.16324324324324324,0.5031081081081081,0.84328125,0.94171875,0.00015625,0.0005555555555555556,0.1675925925925926,0.49296296296296294,0.6081818181818182,0.8361363636363637,0.00022727272727272727
3.855,0.132,707,6,0.8887248393407668,0.15493879614434178,0.6433032622619317,4.4570886676149836e-05,0.0,0.3860795274557872,0.6432586913752555,7.298588609957149e-71,0.7032400932400933,0.5626032352091308,3,0.01942627367438349,resonant phase-memory,0.0,0.13902985074626867,0.41,0.5658870967741936,0.8635483870967742,0.0,8.771929824561403e-05,0.14780701754385964,0.39131578947368423,0.8182692307692307,0.9556730769230769,0.0,0.0,0.1570212765957447,0.381063829787234,0.5353571428571429,0.846547619047619,0.0,0.00013513513513513514,0.16324324324324324,0.37635135135135134,0.78359375,0.94171875,0.0,0.0,0.1675925925925926,0.37166666666666665,0.5134090909090909,0.8361363636363637,0.0
3.855,0.1345,101,4,0.8940507939641004,0.1523449093157271,0.6773908718969203,0.0027474620247096054,0.0,0.5242472285091162,0.6746434098722106,5.354612184367358e-19,0.592944582299421,0.9027290420245639,5,0.0380795246660027,resonant phase-memory,0.0027611940298507462,0.15253731343283583,0.5232089552238806,0.6234677419354838,0.8686290322580645,0.0,0.0028947368421052633,0.1524561403508772,0.5226315789473684,0.7628846153846154,0.9264423076923077,0.0,0.0031914893617021275,0.1524468085106383,0.5258510638297872,0.6251190476190476,0.8721428571428571,0.0,0.0022972972972972973,0.15243243243243243,0.5197297297297298,0.7509375,0.9253125,0.0,0.0025925925925925925,0.15185185185185185,0.5298148148148148,0.6245454545454545,0.8777272727272727,0.0
3.855,0.1345,101,6,0.8940507939641004,0.1523449093157271,0.5674064836373305,0.00015199416628441714,0.0,0.3602740920124885,0.5672544894710461,1.2783006257984126e-30,0.5952657342657343,0.9027290420245639,5,0.022526104197173446,resonant phase-memory,0.00014925373134328358,0.15253731343283583,0.3585074626865672,0.5019354838709678,0.8686290322580645,0.0,0.0,0.1524561403508772,0.3599122807017544,0.6789423076923077,0.9264423076923077,0.0,0.000425531914893617,0.1524468085106383,0.36106382978723406,0.5032142857142857,0.8721428571428571,0.0,0.0,0.15243243243243243,0.3554054054054054,0.65953125,0.9253125,0.0,0.00018518518518518518,0.15185185185185185,0.36648148148148146,0.4934090909090909,0.8777272727272727,0.0
3.855,0.1345,707,4,0.8658276944829364,0.2072122535699444,0.633344726845735,0.0018532997907402481,0.0,0.3577959634351472,0.6314914270549947,1.7698884404869412e-156,0.7499966397849462,0.693700442045966,2,0.014678325024337038,resonant phase-memory,0.001791044776119403,0.20723880597014926,0.35388059701492536,0.48016129032258065,0.8048387096774193,0.0,0.0016666666666666668,0.20692982456140352,0.358421052631579,0.8517307692307692,0.9542307692307692,0.0,0.0019148936170212765,0.20797872340425533,0.35595744680851066,0.4903571428571429,0.8096428571428571,0.0,0.0014864864864864865,0.20743243243243242,0.35905405405405405,0.85515625,0.9540625,0.0,0.0024074074074074076,0.2064814814814815,0.3616666666666667,0.4893181818181818,0.8063636363636364,0.0
3.855,0.1345,707,6,0.8658276944829364,0.2072122535699444,0.520193849497277,9.078286556516906e-05,0.0,0.19947760672039055,0.5201030666317118,5.652399260602287e-244,0.8031227744030163,0.693700442045966,2,0.007728612619533238,resonant phase-memory,7.462686567164179e-05,0.20723880597014926,0.1957462686567164,0.3310483870967742,0.8048387096774193,0.0,8.771929824561403e-05,0.20692982456140352,0.2006140350877193,0.7925,0.9542307692307692,0.0,0.00010638297872340425,0.20797872340425533,0.19680851063829788,0.3435714285714286,0.8096428571428571,0.0,0.0,0.20743243243243242,0.20310810810810812,0.79703125,0.9540625,0.0,0.00018518518518518518,0.2064814814814815,0.2011111111111111,0.3368181818181818,0.8063636363636364,0.0
3.855,0.137,101,4,0.9376273407372198,0.08650414458181335,0.8027730975341862,0.0006019909030054272,0.0,0.713185473016263,0.8021711066311809,0.0003621854319741346,0.5646386946386945,0.8499731382414586,0,0.0,resonant phase-memory,0.0007462686567164179,0.08477611940298507,0.7169402985074627,0.7842741935483871,0.9275806451612904,0.0,0.0008771929824561404,0.08517543859649122,0.7170175438596491,0.8517307692307692,0.9556730769230769,0.0,0.000425531914893617,0.08638297872340425,0.7152127659574468,0.7826190476190477,0.9302380952380952,0.0,0.0004054054054054054,0.0872972972972973,0.7117567567567568,0.84046875,0.95328125,0.0,0.0005555555555555556,0.08888888888888889,0.705,0.7547727272727273,0.9213636363636364,0.0
3.855,0.137,101,6,0.9376273407372198,0.08650414458181335,0.7252452812644345,0.0,0.0,0.5930097860893435,0.7252452812644345,3.925920868839599e-08,0.5857167832167831,0.8499731382414586,0,0.0,resonant phase-memory,0.0,0.08477611940298507,0.5955970149253731,0.6980645161290323,0.9275806451612904,0.0,0.0,0.08517543859649122,0.5956140350877193,0.7922115384615385,0.9556730769230769,0.0,0.0,0.08638297872340425,0.5961702127659575,0.695595238095238,0.9302380952380952,0.0,0.0,0.0872972972972973,0.5922972972972973,0.77671875,0.95328125,0.0,0.0,0.08888888888888889,0.5853703703703703,0.6636363636363637,0.9213636363636364,0.0
3.855,0.137,707,4,0.8932569960281654,0.14636227876018287,0.6517504014802402,0.001624234118626658,0.0,0.550628920006567,0.6501261673616135,3.8162298928686834e-08,0.5451505376344086,0.8860009129050587,6,0.04057809642302469,resonant phase-memory,0.0015671641791044776,0.14604477611940297,0.5448507462686567,0.6092741935483871,0.8733870967741936,0.0,0.0013157894736842105,0.14666666666666667,0.546578947368421,0.69625,0.9107692307692308,0.0,0.0019148936170212765,0.14840425531914894,0.5427659574468086,0.6147619047619047,0.8796428571428572,0.0,0.002027027027027027,0.14662162162162162,0.5528378378378378,0.704375,0.91453125,0.0,0.0012962962962962963,0.14407407407407408,0.5661111111111111,0.634090909090909,0.8879545454545454,0.0
3.855,0.137,707,6,0.8932569960281654,0.14636227876018287,0.5240456905325857,4.8303622771707876e-05,0.0,0.39974287951436926,0.5239973869098139,3.154626873392124e-14,0.5175793650793651,0.8860009129050587,6,0.018650670127530942,resonant phase-memory,0.0,0.14604477611940297,0.3925373134328358,0.4729032258064516,0.8733870967741936,0.0,0.0,0.14666666666666667,0.3931578947368421,0.5828846153846153,0.9107692307692308,0.0,0.00010638297872340425,0.14840425531914894,0.38968085106382977,0.4723809523809524,0.8796428571428572,0.0,0.00013513513513513514,0.14662162162162162,0.4014864864864865,0.59296875,0.91453125,0.0,0.0,0.14407407407407408,0.42185185185185187,0.4990909090909091,0.8879545454545454,0.0
3.8575,0.122,101,4,0.9308005019174374,0.10954062223544599,0.8133273497335998,8.914177335229967e-05,0.0,0.6344799299642274,0.8132382079602475,1.1035495086310924e-60,0.658653846153846,0.4578444823474626,0,0.0,resonant phase-memory,0.0,0.10970149253731343,0.6347014925373134,0.7175,0.8912096774193549,0.0,0.00017543859649122806,0.11,0.6328947368421053,0.9554807692307692,0.9880769230769231,0.0,0.0,0.10946808510638298,0.634468085106383,0.7201190476190477,0.8925,0.0,0.0002702702702702703,0.10945945945945947,0.6345945945945946,0.94671875,0.985625,0.0,0.0,0.10907407407407407,0.6357407407407407,0.7268181818181818,0.8965909090909091,0.0
3.8575,0.122,101,6,0.9308005019174374,0.10954062223544599,0.744643069631981,0.0,0.0,0.48676058808553674,0.744643069631981,1.3044559838586253e-112,0.7143238213399503,0.4578444823474626,0,0.0,resonant phase-memory,0.0,0.10970149253731343,0.4873880597014925,0.6157258064516129,0.8912096774193549,0.0,0.0,0.11,0.48447368421052633,0.9372115384615385,0.9880769230769231,0.0,0.0,0.10946808510638298,0.4870212765957447,0.6189285714285714,0.8925,0.0,0.0,0.10945945945945947,0.4862162162162162,0.92453125,0.985625,0.0,0.0,0.10907407407407407,0.4887037037037037,0.6268181818181818,0.8965909090909091,0.0
3.8575,0.122,707,4,0.9579756990321506,0.0611809877768996,0.886006345469047,2.9850746268656717e-05,0.0,0.7712570958751032,0.8859764947227783,4.134023184237326e-16,0.6056351981351982,0.6094389346255349,0,0.0,resonant phase-memory,0.00014925373134328358,0.05865671641791045,0.7800746268656716,0.8465322580645162,0.9415322580645161,0.0,0.0,0.05894736842105263,0.7774561403508772,0.9741346153846154,0.9919230769230769,0.0,0.0,0.06021276595744681,0.7738297872340425,0.8382142857142857,0.9388095238095238,0.0,0.0,0.062162162162162166,0.7677027027027027,0.95546875,0.98625,0.0,0.0,0.06592592592592593,0.7572222222222222,0.8156818181818182,0.9313636363636364,0.0
3.8575,0.122,707,6,0.9579756990321506,0.0611809877768996,0.8406536712615342,0.0,0.0,0.6628046343547338,0.8406536712615342,1.2301412213446492e-32,0.6474533799533799,0.6094389346255349,0,0.0,resonant phase-memory,0.0,0.05865671641791045,0.6748507462686567,0.7847580645161291,0.9415322580645161,0.0,0.0,0.05894736842105263,0.671140350877193,0.9641346153846154,0.9919230769230769,0.0,0.0,0.06021276595744681,0.6661702127659574,0.773452380952381,0.9388095238095238,0.0,0.0,0.062162162162162166,0.657972972972973,0.93796875,0.98625,0.0,0.0,0.06592592592592593,0.6438888888888888,0.7429545454545454,0.9313636363636364,0.0
3.8575,0.1245,101,4,0.8528826858625246,0.21020540653973158,0.6312170907049939,0.000671463511111854,0.00012531017369727047,0.3206793571663288,0.6305456271938821,6.721157550962562e-160,0.8097610722610722,0.41444604199058555,3,0.020322242440582745,resonant phase-memory,0.0007462686567164179,0.19402985074626866,0.3582089552238806,0.5155645161290323,0.8067741935483871,0.00024193548387096774,0.0012280701754385965,0.20008771929824562,0.3443859649122807,0.9000961538461538,0.9636538461538462,0.0003846153846153846,0.0013829787234042553,0.2102127659574468,0.3242553191489362,0.47309523809523807,0.7864285714285715,0.0,0.0,0.21891891891891893,0.2943243243243243,0.831875,0.936875,0.0,0.0,0.22777777777777777,0.2822222222222222,0.4354545454545454,0.7706818181818181,0.0
3.8575,0.1245,101,6,0.8528826858625246,0.21020540653973158,0.5528835129923839,2.1276595744680852e-05,0.0,0.14152130514629888,0.5528622363966392,8.56409734823519e-220,0.8477372627372628,0.41444604199058555,3,0.013329448500501025,resonant phase-memory,0.0,0.19402985074626866,0.17492537313432835,0.4124193548387097,0.8067741935483871,0.0,0.0,0.20008771929824562,0.1624561403508772,0.8688461538461538,0.9636538461538462,0.0,0.00010638297872340425,0.2102127659574468,0.14414893617021277,0.3705952380952381,0.7864285714285715,0.0,0.0,0.21891891891891893,0.1195945945945946,0.781875,0.936875,0.0,0.0,0.22777777777777777,0.10648148148148148,0.3306818181818182,0.7706818181818181,0.0
3.8575,0.1245,707,4,0.9324999999999999,0.11251433405961994,0.835,0.0,0.0,0.59997133188076,0.835,6.459549606389633e-86,0.6833333333333333,0.16104477175644444,0,0.0,resonant phase-memory,0.0,0.11253731343283582,0.5999253731343284,0.725,0.8875,0.0,0.0,0.1124561403508772,0.6000877192982456,1.0,1.0,0.0,0.0,0.1125531914893617,0.5998936170212766,0.725,0.8875,0.0,0.0,0.11243243243243244,0.6001351351351352,1.0,1.0,0.0,0.0,0.11259259259259259,0.5998148148148148,0.725,0.8875,0.0
3.8575,0.1245,707,6,0.9324999999999999,0.11251433405961994,0.775,0.0,0.0,0.45622849891057005,0.775,1.86943806269413e-162,0.75,0.16104477175644444,0,0.0,resonant phase-memory,0.0,0.11253731343283582,0.45619402985074625,0.625,0.8875,0.0,0.0,0.1124561403508772,0.45631578947368423,1.0,1.0,0.0,0.0,0.1125531914893617,0.45617021276595743,0.625,0.8875,0.0,0.0,0.11243243243243244,0.45635135135135135,1.0,1.0,0.0,0.0,0.11259259259259259,0.45611111111111113,0.625,0.8875,0.0
3.8575,0.127,101,4,0.8670511776529922,0.17692520243330023,0.6482639991057331,0.00015539972122680085,1.923076923076923e-05,0.42592178421338894,0.6481085993845063,1.5245723971511473e-67,0.7490617715617716,0.45098277488137234,3,0.0207211533259485,resonant phase-memory,0.00044776119402985075,0.15641791044776118,0.4803731343283582,0.6071774193548387,0.8487903225806451,0.0,8.771929824561403e-05,0.16333333333333333,0.4594736842105263,0.8533653846153846,0.9523076923076923,9.615384615384615e-05,0.00010638297872340425,0.17457446808510638,0.42936170212765956,0.5292857142857142,0.8192857142857143,0.0,0.00013513513513513514,0.1891891891891892,0.3939189189189189,0.77171875,0.91828125,0.0,0.0,0.2011111111111111,0.36648148148148146,0.4797727272727273,0.7965909090909091,0.0
3.8575,0.127,101,6,0.8670511776529922,0.17692520243330023,0.5320442088153782,0.0,0.0,0.24975393156523343,0.5320442088153782,2.1698090026461543e-110,0.7982775557775558,0.45098277488137234,3,0.010938277805894884,resonant phase-memory,0.0,0.15641791044776118,0.31656716417910447,0.47588709677419355,0.8487903225806451,0.0,0.0,0.16333333333333333,0.28842105263157897,0.7939423076923077,0.9523076923076923,0.0,0.0,0.17457446808510638,0.25063829787234043,0.38142857142857145,0.8192857142857143,0.0,0.0,0.1891891891891892,0.20851351351351352,0.68328125,0.91828125,0.0,0.0,0.2011111111111111,0.18462962962962962,0.3256818181818182,0.7965909090909091,0.0
3.8575,0.127,707,4,0.8945105344923894,0.14707008290234377,0.7355781963332367,0.00017878134523351884,0.0,0.5234482218341756,0.7353994149880032,9.686865442382185e-66,0.7101689976689975,0.4369767486735605,3,0.02093413642915703,resonant phase-memory,0.00022388059701492538,0.13111940298507463,0.557089552238806,0.6683064516129033,0.8695967741935484,0.0,0.0003508771929824561,0.13675438596491227,0.5419298245614035,0.9179807692307692,0.9725,0.0,0.00031914893617021275,0.14659574468085107,0.5240425531914894,0.628095238095238,0.8494047619047619,0.0,0.0,0.15662162162162163,0.5012162162162163,0.86078125,0.9471875,0.0,0.0,0.16425925925925927,0.49296296296296294,0.6027272727272728,0.8338636363636364,0.0
3.8575,0.127,707,6,0.8945105344923894,0.14707008290234377,0.6560629998361853,0.0,0.0,0.3812248401231704,0.6560629998361853,1.6064138475907535e-106,0.7612645687645687,0.4369767486735605,3,0.01956647628620115,resonant phase-memory,0.0,0.13111940298507463,0.4111194029850746,0.5662096774193548,0.8695967741935484,0.0,0.0,0.13675438596491227,0.3979824561403509,0.8864423076923077,0.9725,0.0,0.0,0.14659574468085107,0.38127659574468087,0.5220238095238096,0.8494047619047619,0.0,0.0,0.15662162162162163,0.3614864864864865,0.81109375,0.9471875,0.0,0.0,0.16425925925925927,0.3542592592592593,0.49454545454545457,0.8338636363636364,0.0
3.8575,0.1295,101,4,0.9400698246645828,0.0997643802148156,0.8497669400491983,0.0,0.0,0.6009424791407376,0.8497669400491983,6.985957660661794e-70,0.6660463192721258,0.0,0,0.0,resonant phase-memory,0.0,0.09985074626865671,0.6005970149253731,0.7501612903225806,0.9001612903225806,0.0,0.0,0.09982456140350877,0.600701754385965,0.9992307692307693,0.9998076923076923,0.0,0.0,0.09978723404255319,0.6008510638297873,0.7502380952380953,0.9002380952380953,0.0,0.0,0.09972972972972972,0.601081081081081,0.99875,0.9996875,0.0,0.0,0.09962962962962962,0.6014814814814815,0.7504545454545455,0.9004545454545455,0.0
3.8575,0.1295,101,6,0.9400698246645828,0.0997643802148156,0.789565016972275,0.0,0.0,0.4076708857409163,0.789565016972275,1.2618767969529405e-139,0.7324565756823822,0.0,0,0.0,resonant phase-memory,0.0,0.09985074626865671,0.4071641791044776,0.6501612903225806,0.9001612903225806,0.0,0.0,0.09982456140350877,0.40728070175438597,0.9988461538461538,0.9998076923076923,0.0,0.0,0.09978723404255319,0.4075531914893617,0.6502380952380953,0.9002380952380953,0.0,0.0,0.09972972972972972,0.40783783783783784,0.998125,0.9996875,0.0,0.0,0.09962962962962962,0.4085185185185185,0.6504545454545455,0.9004545454545455,0.0
3.8575,0.1295,707,4,0.8638519296563653,0.18245995988467284,0.6499220487174117,0.0016635028503457915,7.692307692307693e-05,0.42292949687833614,0.6482585458670659,2.349209790895222e-38,0.6689801864801865,0.5859956017517179,54,0.1766831138016666,resonant phase-memory,0.0013432835820895521,0.1635820895522388,0.45917910447761195,0.6022580645161291,0.8462096774193548,0.0,0.0019298245614035089,0.1731578947368421,0.4342105263157895,0.7852884615384615,0.9281730769230769,0.0003846153846153846,0.0024468085106382977,0.1870212765957447,0.41638297872340424,0.5707142857142857,0.8266666666666667,0.0,0.0014864864864864865,0.19094594594594594,0.41283783783783784,0.75953125,0.9134375,0.0,0.0011111111111111111,0.1975925925925926,0.392037037037037,0.5318181818181819,0.8047727272727273,0.0
3.8575,0.1295,707,6,0.8638519296563653,0.18245995988467284,0.5317289481351982,2.1276595744680852e-05,0.0,0.23497427788303754,0.5317076715394535,1.9013735460364836e-61,0.692104895104895,0.5859956017517179,54,0.09080148375858574,resonant phase-memory,0.0,0.1635820895522388,0.2752985074626866,0.47,0.8462096774193548,0.0,0.0,0.1731578947368421,0.24596491228070175,0.7021153846153846,0.9281730769230769,0.0,0.00010638297872340425,0.1870212765957447,0.2274468085106383,0.43333333333333335,0.8266666666666667,0.0,0.0,0.19094594594594594,0.22486486486486487,0.66796875,0.9134375,0.0,0.0,0.1975925925925926,0.2012962962962963,0.38522727272727275,0.8047727272727273,0.0
3.8575,0.132,101,4,0.9194766332457865,0.12414753283476856,0.7908013965201464,1.4925373134328359e-05,0.0,0.5614365852038129,0.7907864711470121,4.8656642605413623e-82,0.7112179487179486,0.4617300092598466,0,0.0,resonant phase-memory,7.462686567164179e-05,0.12268656716417911,0.5717910447761194,0.695,0.8780645161290322,0.0,0.0,0.12078947368421053,0.5716666666666667,0.969326923076923,0.9910576923076924,0.0,0.0,0.1224468085106383,0.5659574468085107,0.6870238095238095,0.8764285714285714,0.0,0.0,0.125,0.557027027027027,0.95015625,0.98546875,0.0,0.0,0.12981481481481483,0.5407407407407407,0.6525,0.8663636363636363,0.0
3.8575,0.132,101,6,0.9194766332457865,0.12414753283476856,0.7269217700981814,0.0,0.0,0.4204229455843502,0.7269217700981814,2.0039373347244637e-133,0.7732808857808857,0.4617300092598466,0,0.0,resonant phase-memory,0.0,0.12268656716417911,0.4367910447761194,0.608225806451613,0.8780645161290322,0.0,0.0,0.12078947368421053,0.4344736842105263,0.9560576923076923,0.9910576923076924,0.0,0.0,0.1224468085106383,0.42659574468085104,0.5955952380952381,0.8764285714285714,0.0,0.0,0.125,0.4135135135135135,0.92859375,0.98546875,0.0,0.0,0.12981481481481483,0.3907407407407407,0.5461363636363636,0.8663636363636363,0.0
3.8575,0.132,707,4,0.9320061850112253,0.11076117136005822,0.8245156278533294,0.0002861463358697234,0.0,0.6377836212639575,0.8242294815174597,1.3612621866668097e-51,0.6480409946236558,0.5246923706218035,0,0.0,resonant phase-memory,0.00037313432835820896,0.11074626865671641,0.6375373134328358,0.7365322580645162,0.8958064516129032,0.0,0.00017543859649122806,0.11087719298245614,0.6368421052631579,0.9470192307692308,0.9827884615384616,0.0,0.00010638297872340425,0.11085106382978724,0.6365957446808511,0.7395238095238095,0.8969047619047619,0.0,0.0004054054054054054,0.1104054054054054,0.639054054054054,0.95859375,0.98703125,0.0,0.00037037037037037035,0.11092592592592593,0.6388888888888888,0.740909090909091,0.8975,0.0
3.8575,0.132,707,6,0.9320061850112253,0.11076117136005822,0.7664937008555961,0.0,0.0,0.5299424001394385,0.7664937008555961,3.5925313596293148e-87,0.6912936827956988,0.5246923706218035,0,0.0,resonant phase-memory,0.0,0.11074626865671641,0.5294029850746269,0.6529032258064517,0.8958064516129032,0.0,0.0,0.11087719298245614,0.5293859649122807,0.9239423076923077,0.9827884615384616,0.0,0.0,0.11085106382978724,0.5285106382978724,0.6571428571428571,0.8969047619047619,0.0,0.0,0.1104054054054054,0.5314864864864864,0.93984375,0.98703125,0.0,0.0,0.11092592592592593,0.5309259259259259,0.6586363636363637,0.8975,0.0
3.8575,0.1345,101,4,0.8240845132689891,0.25742458204222174,0.49230323742118093,0.0034779434044530733,0.001294783173815432,0.2475043900513306,0.48882529401672786,4.5853214291347877e-225,0.8092044067044066,0.5154276228393708,2,0.0063042050451855534,resonant phase-memory,0.0016417910447761193,0.24902985074626866,0.25223880597014925,0.31637096774193546,0.762016129032258,0.0006451612903225806,0.0035087719298245615,0.2537719298245614,0.2523684210526316,0.8010576923076923,0.9356730769230769,0.0007692307692307692,0.0026595744680851063,0.2572340425531915,0.2422340425531915,0.31523809523809526,0.7610714285714286,0.0013095238095238095,0.005135135135135135,0.2598648648648649,0.25216216216216214,0.70453125,0.90234375,0.00125,0.0044444444444444444,0.26722222222222225,0.23851851851851852,0.32431818181818184,0.7593181818181818,0.0025
3.8575,0.1345,101,6,0.8240845132689891,0.25742458204222174,0.37917325349381803,0.00015669872543399647,6.926406926406926e-05,0.10646510647968085,0.37901655476838403,3.939510808872748e-297,0.6555673178875157,0.5154276228393708,2,0.0016033643519766036,resonant phase-memory,7.462686567164179e-05,0.24902985074626866,0.10686567164179105,0.17629032258064517,0.762016129032258,0.0,0.0004385964912280702,0.2537719298245614,0.10921052631578948,0.7356730769230769,0.9356730769230769,0.0,0.0,0.2572340425531915,0.1023404255319149,0.17523809523809525,0.7610714285714286,0.00011904761904761905,0.0002702702702702703,0.2598648648648649,0.11094594594594595,0.6159375,0.90234375,0.0,0.0,0.26722222222222225,0.10296296296296296,0.19272727272727272,0.7593181818181818,0.00022727272727272727
3.8575,0.1345,707,4,0.9063274081429323,0.1404560058713257,0.7296016084050359,0.0014186781255692022,0.0,0.5660193207196601,0.7281829302794667,6.403345059637058e-28,0.618548951048951,0.7588144628192577,4,0.02954422219048004,resonant phase-memory,0.0017164179104477613,0.14007462686567165,0.5653731343283582,0.6660483870967742,0.8754838709677419,0.0,0.0016666666666666668,0.1413157894736842,0.5635964912280702,0.8375961538461538,0.9511538461538461,0.0,0.0013829787234042553,0.1398936170212766,0.568404255319149,0.6688095238095239,0.8790476190476191,0.0,0.0012162162162162162,0.14081081081081082,0.5686486486486486,0.81578125,0.94640625,0.0,0.0011111111111111111,0.1401851851851852,0.5640740740740741,0.6597727272727273,0.8795454545454545,0.0
3.8575,0.1345,707,6,0.9063274081429323,0.1404560058713257,0.6311374388380437,1.4925373134328359e-05,0.0,0.43171709174702605,0.6311225134649094,8.563890395983951e-47,0.6518123543123544,0.7588144628192577,4,0.024397553054074313,resonant phase-memory,7.462686567164179e-05,0.14007462686567165,0.4314179104477612,0.5495967741935484,0.8754838709677419,0.0,0.0,0.1413157894736842,0.42780701754385964,0.770673076923077,0.9511538461538461,0.0,0.0,0.1398936170212766,0.4346808510638298,0.5526190476190476,0.8790476190476191,0.0,0.0,0.14081081081081082,0.43486486486486486,0.73984375,0.94640625,0.0,0.0,0.1401851851851852,0.4298148148148148,0.5429545454545455,0.8795454545454545,0.0
3.8575,0.137,101,4,0.8493973617108697,0.19620874967327476,0.5683851813509072,0.008251813796715269,0.0015743134553618423,0.4918777960156677,0.560133367554192,0.013459317791835245,0.5048041958041958,0.8514468035731965,14,0.06323755273246746,resonant phase-memory,0.004626865671641791,0.17761194029850746,0.5199253731343284,0.5620161290322581,0.8551612903225806,0.000967741935483871,0.009210526315789473,0.18842105263157893,0.5053508771929824,0.6128846153846154,0.8686538461538461,0.0016346153846153845,0.007021276595744681,0.19797872340425532,0.484468085106383,0.5489285714285714,0.8432142857142857,0.0015476190476190477,0.00891891891891892,0.20351351351351352,0.48445945945945945,0.5946875,0.85359375,0.0028125,0.011481481481481481,0.21351851851851852,0.4651851851851852,0.5234090909090909,0.8263636363636364,0.0009090909090909091
3.8575,0.137,101,6,0.8493973617108697,0.19620874967327476,0.4345700378250781,0.000827843621395459,2.380952380952381e-05,0.3460597477690289,0.4337421942036826,0.00012976949913656513,0.44803596875628565,0.8514468035731965,14,0.02069715494681228,resonant phase-memory,0.00022388059701492538,0.17761194029850746,0.37350746268656715,0.4208064516129032,0.8551612903225806,0.0,0.0008771929824561404,0.18842105263157893,0.3589473684210526,0.48778846153846156,0.8686538461538461,0.0,0.000425531914893617,0.19797872340425532,0.3392553191489362,0.4089285714285714,0.8432142857142857,0.00011904761904761905,0.0009459459459459459,0.20351351351351352,0.3408108108108108,0.47078125,0.85359375,0.0,0.0016666666666666668,0.21351851851851852,0.31777777777777777,0.3845454545454545,0.8263636363636364,0.0
3.8575,0.137,707,4,0.9119602054531489,0.13240383392869562,0.7423463945328864,0.0017931501222604497,0.0,0.5952469219231766,0.740553244410626,5.6682887225443844e-27,0.6126075268817204,0.715539604363707,3,0.02115052475736974,resonant phase-memory,0.0019402985074626865,0.1326865671641791,0.5919402985074627,0.6723387096774194,0.8813709677419355,0.0,0.0019298245614035089,0.1317543859649123,0.597280701754386,0.84125,0.95125,0.0,0.002127659574468085,0.1325531914893617,0.5963829787234043,0.6832142857142857,0.8870238095238095,0.0,0.0014864864864864865,0.13243243243243244,0.5972972972972973,0.82765625,0.95015625,0.0,0.0014814814814814814,0.1325925925925926,0.5933333333333334,0.6872727272727273,0.89,0.0
3.8575,0.137,707,6,0.9119602054531489,0.13240383392869562,0.6538147135122941,0.00024688637091906297,0.0,0.47940511382670126,0.6535678271413751,1.4554267470669011e-49,0.6505272952853598,0.715539604363707,3,0.019493617295231448,resonant phase-memory,0.00014925373134328358,0.1326865671641791,0.4747014925373134,0.5641129032258064,0.8813709677419355,0.0,0.00017543859649122806,0.1317543859649123,0.48017543859649126,0.7899038461538461,0.95125,0.0,0.00031914893617021275,0.1325531914893617,0.48095744680851066,0.5725,0.8870238095238095,0.0,0.0004054054054054054,0.13243243243243244,0.4837837837837838,0.766875,0.95015625,0.0,0.00018518518518518518,0.1325925925925926,0.4774074074074074,0.5756818181818182,0.89,0.0
3.86,0.122,101,4,0.9255925844988345,0.09993986361551671,0.7689458595839644,0.0,0.0,0.6622033285479157,0.7689458595839644,9.711377616213779e-22,0.6025284090909091,0.6486755517712247,0,0.0,resonant phase-memory,0.0,0.09977611940298507,0.6495522388059701,0.7070967741935484,0.9,0.0,0.0,0.09973684210526315,0.6757894736842105,0.854326923076923,0.9633653846153846,0.0,0.0,0.09968085106382979,0.6570212765957447,0.7217857142857143,0.9008333333333334,0.0,0.0,0.10013513513513514,0.6551351351351351,0.85765625,0.96421875,0.0,0.0,0.10037037037037037,0.6735185185185185,0.7038636363636364,0.8995454545454545,0.0
3.86,0.122,101,6,0.9255925844988345,0.09993986361551671,0.6730424404224807,0.0,0.0,0.5330667332606461,0.6730424404224807,6.024356995584755e-36,0.6355587121212121,0.6486755517712247,0,0.0,resonant phase-memory,0.0,0.09977611940298507,0.5155223880597015,0.5908064516129032,0.9,0.0,0.0,0.09973684210526315,0.5547368421052632,0.7827884615384615,0.9633653846153846,0.0,0.0,0.09968085106382979,0.5224468085106383,0.6196428571428572,0.9008333333333334,0.0,0.0,0.10013513513513514,0.5204054054054054,0.78765625,0.96421875,0.0,0.0,0.10037037037037037,0.5522222222222222,0.5843181818181818,0.8995454545454545,0.0
3.86,0.122,707,4,0.8016859863926395,0.2740141054460554,0.4704133890303245,0.00674435141129664,0.0029220315974348232,0.26974186539667644,0.46366903761902784,6.23886809166438e-185,0.7658235098235098,0.8313869218699064,14,0.04364740623403446,resonant phase-memory,0.0027611940298507462,0.2564179104477612,0.29328358208955224,0.33120967741935486,0.7530645161290322,0.0005645161290322581,0.003245614035087719,0.2649122807017544,0.27666666666666667,0.7433653846153846,0.9095192307692308,0.0019230769230769232,0.008936170212765958,0.28138297872340423,0.2712765957446808,0.30357142857142855,0.7364285714285714,0.0035714285714285713,0.007297297297297297,0.27513513513513516,0.2572972972972973,0.689375,0.89078125,0.0021875,0.011481481481481481,0.2922222222222222,0.2501851851851852,0.28454545454545455,0.7186363636363636,0.006363636363636364
3.86,0.122,707,6,0.8016859863926395,0.2740141054460554,0.34631713246430984,0.000905027121018831,0.00017915417915417915,0.12293250339473867,0.34541210534329103,6.676981785753954e-264,0.5403159763536207,0.8313869218699064,14,0.006834386969377175,resonant phase-memory,7.462686567164179e-05,0.2564179104477612,0.14201492537313432,0.1735483870967742,0.7530645161290322,0.0,0.0003508771929824561,0.2649122807017544,0.12517543859649122,0.6701923076923076,0.9095192307692308,0.0001923076923076923,0.002127659574468085,0.28138297872340423,0.12872340425531914,0.15071428571428572,0.7364285714285714,0.0004761904761904762,0.0006756756756756757,0.27513513513513516,0.10837837837837838,0.6028125,0.89078125,0.0,0.0012962962962962963,0.2922222222222222,0.11037037037037037,0.1343181818181818,0.7186363636363636,0.00022727272727272727
3.86,0.1245,101,4,0.9248990384615384,0.125,0.8043399745415876,0.0,0.0,0.5753088587911004,0.8043399745415876,1.3364401331549973e-120,0.7166083916083916,0.011929134764090368,1,0.004711821154477595,resonant phase-memory,0.0,0.125,0.5752238805970149,0.6747580645161291,0.875,0.0,0.0,0.125,0.5751754385964912,0.9992307692307693,0.9998076923076923,0.0,0.0,0.125,0.5753191489361702,0.6746428571428571,0.875,0.0,0.0,0.125,0.5752702702702702,0.99875,0.9996875,0.0,0.0,0.125,0.5755555555555556,0.6743181818181818,0.875,0.0
3.86,0.1245,101,6,0.9248990384615384,0.125,0.74396726526162,0.0,0.0,0.42554447857628486,0.74396726526162,7.806644056351695e-209,0.7833216783216783,0.011929134764090368,1,0.004980224043348866,resonant phase-memory,0.0,0.125,0.4253731343283582,0.5745967741935484,0.875,0.0,0.0,0.125,0.4253508771929825,0.9988461538461538,0.9998076923076923,0.0,0.0,0.125,0.425531914893617,0.5744047619047619,0.875,0.0,0.0,0.125,0.4255405405405405,0.998125,0.9996875,0.0,0.0,0.125,0.42592592592592593,0.5738636363636364,0.875,0.0
3.86,0.1245,707,4,0.8826549394825605,0.17147159221530367,0.708525242902259,0.0025535003506456434,0.0,0.4961221127195956,0.7059717425516134,1.41449595307234e-64,0.6644345238095237,0.5125892235271239,6,0.04365222245632856,resonant phase-memory,0.0013432835820895521,0.1617910447761194,0.5040298507462686,0.6178225806451613,0.8449193548387097,0.0,0.0015789473684210526,0.16710526315789473,0.5010526315789474,0.8498076923076923,0.9497115384615384,0.0,0.001702127659574468,0.1727659574468085,0.4952127659574468,0.6092857142857143,0.8354761904761905,0.0,0.0035135135135135136,0.17662162162162162,0.49364864864864866,0.8559375,0.94953125,0.0,0.004629629629629629,0.17907407407407408,0.4866666666666667,0.6097727272727272,0.8336363636363636,0.0
3.86,0.1245,707,6,0.8826549394825605,0.17147159221530367,0.6329527468499242,0.000311532270683881,0.0,0.3807116353538275,0.6326412145792403,1.1221176410509181e-92,0.6940178571428572,0.5125892235271239,6,0.0362010889514171,resonant phase-memory,0.00029850746268656717,0.1617910447761194,0.38470149253731345,0.5210483870967741,0.8449193548387097,0.0,0.0002631578947368421,0.16710526315789473,0.38280701754385965,0.8004807692307693,0.9497115384615384,0.0,0.0,0.1727659574468085,0.37946808510638297,0.5167857142857143,0.8354761904761905,0.0,0.0008108108108108108,0.17662162162162162,0.37972972972972974,0.8078125,0.94953125,0.0,0.00018518518518518518,0.17907407407407408,0.3768518518518518,0.5186363636363637,0.8336363636363636,0.0
3.86,0.127,101,4,0.8787385628484419,0.18210026859270562,0.689478998488071,0.0021420354686387346,0.00046405912635751344,0.45468706257025016,0.6873369630194323,4.521905697825912e-103,0.7194172494172495,0.5834417258322692,2,0.015678134151034914,resonant phase-memory,0.00208955223880597,0.17328358208955225,0.47082089552238804,0.5839516129032258,0.8350806451612903,0.000967741935483871,0.002719298245614035,0.1792982456140351,0.46035087719298246,0.8848076923076923,0.9607692307692308,0.0003846153846153846,0.001702127659574468,0.18138297872340425,0.4551063829787234,0.5615476190476191,0.8253571428571429,0.00035714285714285714,0.002162162162162162,0.19135135135135134,0.44067567567567567,0.86140625,0.94953125,0.00015625,0.002037037037037037,0.18518518518518517,0.4464814814814815,0.5556818181818182,0.8229545454545455,0.00045454545454545455
3.86,0.127,101,6,0.8787385628484419,0.18210026859270562,0.5977393879641864,1.4925373134328359e-05,0.0,0.32126694361624414,0.597724462591052,1.2550494986131346e-165,0.7766783216783217,0.5834417258322692,2,0.011276810490513859,resonant phase-memory,7.462686567164179e-05,0.17328358208955225,0.34067164179104475,0.46346774193548385,0.8350806451612903,0.0,0.0,0.1792982456140351,0.3287719298245614,0.8436538461538462,0.9607692307692308,0.0,0.0,0.18138297872340425,0.3220212765957447,0.4380952380952381,0.8253571428571429,0.0,0.0,0.19135135135135134,0.30635135135135133,0.81484375,0.94953125,0.0,0.0,0.18518518518518517,0.3085185185185185,0.42863636363636365,0.8229545454545455,0.0
3.86,0.127,707,4,0.9324999999999999,0.11248566594038005,0.835,0.0,0.0,0.6250286681192398,0.835,6.459549606389633e-86,0.6833333333333333,0.16104477175644444,0,0.0,resonant phase-memory,0.0,0.11246268656716418,0.6250746268656716,0.725,0.8875,0.0,0.0,0.11254385964912281,0.6249122807017544,1.0,1.0,0.0,0.0,0.1124468085106383,0.6251063829787235,0.725,0.8875,0.0,0.0,0.11256756756756757,0.6248648648648648,1.0,1.0,0.0,0.0,0.11240740740740741,0.6251851851851852,0.725,0.8875,0.0
3.86,0.127,707,6,0.9324999999999999,0.11248566594038005,0.775,0.0,0.0,0.47502866811923994,0.775,1.86943806269413e-162,0.75,0.16104477175644444,0,0.0,resonant phase-memory,0.0,0.11246268656716418,0.47507462686567165,0.625,0.8875,0.0,0.0,0.11254385964912281,0.4749122807017544,1.0,1.0,0.0,0.0,0.1124468085106383,0.47510638297872343,0.625,0.8875,0.0,0.0,0.11256756756756757,0.47486486486486484,1.0,1.0,0.0,0.0,0.11240740740740741,0.4751851851851852,0.625,0.8875,0.0
3.86,0.1295,101,4,0.9401434247875781,0.09917533075185463,0.8635242647137809,0.0,0.0,0.6286075357836819,0.8635242647137809,3.15782118671734e-54,0.6474772539288669,0.9999999999999999,0,0.0,resonant phase-memory,0.0,0.09947761194029851,0.6273134328358209,0.7753225806451612,0.9005645161290322,0.0,0.0,0.0993859649122807,0.6276315789473684,0.9965384615384615,0.9991346153846153,0.0,0.0,0.09925531914893616,0.6282978723404256,0.7754761904761904,0.9008333333333334,0.0,0.0,0.09905405405405406,0.629054054054054,0.994375,0.99859375,0.0,0.0,0.09870370370370371,0.6307407407407407,0.7759090909090909,0.9015909090909091,0.0
3.86,0.1295,101,6,0.9401434247875781,0.09917533075185463,0.8174448246645827,0.0,0.0,0.48049249406515704,0.8174448246645827,6.840820625468324e-98,0.696430934656741,0.9999999999999999,0,0.0,resonant phase-memory,0.0,0.09947761194029851,0.4785074626865672,0.7001612903225807,0.9005645161290322,0.0,0.0,0.0993859649122807,0.47903508771929826,0.9948076923076923,0.9991346153846153,0.0,0.0,0.09925531914893616,0.48,0.7002380952380952,0.9008333333333334,0.0,0.0,0.09905405405405406,0.48121621621621624,0.9915625,0.99859375,0.0,0.0,0.09870370370370371,0.4837037037037037,0.7004545454545454,0.9015909090909091,0.0
3.86,0.1295,707,4,0.9089463684836667,0.14954983179264905,0.7868063018970276,0.00016346041349801942,0.0,0.47096504230994707,0.7866428414835296,1.6460371971511365e-82,0.6864346764346765,0.8532173715610367,0,0.0,resonant phase-memory,0.00044776119402985075,0.14947761194029852,0.47,0.6820161290322581,0.8559677419354839,0.0,0.0002631578947368421,0.14973684210526317,0.47078947368421054,0.9559615384615384,0.9874038461538461,0.0,0.00010638297872340425,0.14968085106382978,0.4718085106382979,0.6763095238095238,0.8577380952380952,0.0,0.0,0.1495945945945946,0.4714864864864865,0.9415625,0.98453125,0.0,0.0,0.14925925925925926,0.47074074074074074,0.6781818181818182,0.8590909090909091,0.0
3.86,0.1295,707,6,0.9089463684836667,0.14954983179264905,0.7169588194064002,0.0,0.0,0.2857947338289469,0.7169588194064002,2.4536271231959148e-138,0.7419963369963369,0.8532173715610367,0,0.0,resonant phase-memory,0.0,0.14947761194029852,0.28402985074626863,0.5841129032258064,0.8559677419354839,0.0,0.0,0.14973684210526317,0.2855263157894737,0.936923076923077,0.9874038461538461,0.0,0.0,0.14968085106382978,0.2873404255319149,0.5739285714285715,0.8577380952380952,0.0,0.0,0.1495945945945946,0.2868918918918919,0.914375,0.98453125,0.0,0.0,0.14925925925925926,0.2851851851851852,0.5754545454545454,0.8590909090909091,0.0
3.86,0.132,101,4,0.9278026889105518,0.11596067169106228,0.8105618027805528,0.0,0.0,0.6191712104208636,0.8105618027805528,1.56959815732552e-70,0.683420745920746,0.5302877637747613,0,0.0,resonant phase-memory,0.0,0.11485074626865671,0.6225373134328358,0.7175,0.887258064516129,0.0,0.0,0.115,0.6203508771929824,0.9724038461538461,0.9925961538461539,0.0,0.0,0.11563829787234042,0.6195744680851064,0.7104761904761905,0.8861904761904762,0.0,0.0,0.11635135135135136,0.6178378378378379,0.95515625,0.98796875,0.0,0.0,0.11796296296296296,0.6155555555555555,0.6972727272727273,0.885,0.0
3.86,0.132,101,6,0.9278026889105518,0.11596067169106228,0.7382164552517375,0.0,0.0,0.46846753725027523,0.7382164552517375,2.603666433699193e-132,0.7518006993006994,0.5302877637747613,0,0.0,resonant phase-memory,0.0,0.11485074626865671,0.47313432835820896,0.6131451612903226,0.887258064516129,0.0,0.0,0.115,0.46964912280701754,0.9595192307692307,0.9925961538461539,0.0,0.0,0.11563829787234042,0.46872340425531916,0.6023809523809524,0.8861904761904762,0.0,0.0,0.11635135135135136,0.46675675675675676,0.93421875,0.98796875,0.0,0.0,0.11796296296296296,0.4640740740740741,0.5818181818181818,0.885,0.0
3.86,0.132,707,4,0.883881286052657,0.1501194588648584,0.7010743386317984,0.00015710919088766692,0.0,0.5258449044722548,0.7009172294409107,1.1214976783701645e-19,0.6778962703962703,0.509161512648611,135,0.18301440243272457,resonant phase-memory,0.0005223880597014925,0.13022388059701492,0.5729850746268657,0.6941935483870968,0.8724193548387097,0.0,0.0002631578947368421,0.13614035087719298,0.5539473684210526,0.8429807692307693,0.9498076923076924,0.0,0.0,0.1503191489361702,0.5191489361702127,0.6369047619047619,0.8510714285714286,0.0,0.0,0.16243243243243244,0.49851351351351353,0.75515625,0.9140625,0.0,0.0,0.17148148148148148,0.48462962962962963,0.5761363636363637,0.8320454545454545,0.0
3.86,0.132,707,6,0.883881286052657,0.1501194588648584,0.6033309858823971,0.0,0.0,0.3804443683040564,0.6033309858823971,8.81047908909217e-27,0.7204836829836829,0.509161512648611,135,0.13102831371622647,resonant phase-memory,0.0,0.13022388059701492,0.4426865671641791,0.603225806451613,0.8724193548387097,0.0,0.0,0.13614035087719298,0.4170175438596491,0.7791346153846154,0.9498076923076924,0.0,0.0,0.1503191489361702,0.3708510638297872,0.5266666666666666,0.8510714285714286,0.0,0.0,0.16243243243243244,0.345,0.65921875,0.9140625,0.0,0.0,0.17148148148148148,0.32666666666666666,0.4484090909090909,0.8320454545454545,0.0
3.86,0.1345,101,4,0.8884154105303299,0.1739480207757021,0.6817857656456446,1.4925373134328359e-05,0.0,0.4379943507211646,0.6817708402725103,2.1680863663295647e-179,0.8016550116550116,0.5498553189473546,1,0.007839500203266857,resonant phase-memory,7.462686567164179e-05,0.16992537313432834,0.45059701492537313,0.5400806451612903,0.8333870967741935,0.0,0.0,0.17026315789473684,0.44719298245614036,0.9438461538461539,0.9832692307692308,0.0,0.0,0.17308510638297872,0.43829787234042555,0.5253571428571429,0.8298809523809524,0.0,0.0,0.17554054054054055,0.4335135135135135,0.90828125,0.9728125,0.0,0.0,0.18092592592592593,0.4203703703703704,0.4913636363636364,0.8227272727272728,0.0
3.86,0.1345,101,6,0.8884154105303299,0.1739480207757021,0.5858288180233744,0.0,0.0,0.28401309216488635,0.5858288180233744,2.0569944939935566e-286,0.8798568098568099,0.5498553189473546,1,0.0054347829478380875,resonant phase-memory,0.0,0.16992537313432834,0.29902985074626864,0.4086290322580645,0.8333870967741935,0.0,0.0,0.17026315789473684,0.29333333333333333,0.9190384615384616,0.9832692307692308,0.0,0.0,0.17308510638297872,0.2832978723404255,0.38904761904761903,0.8298809523809524,0.0,0.0,0.17554054054054055,0.2781081081081081,0.86765625,0.9728125,0.0,0.0,0.18092592592592593,0.2662962962962963,0.3447727272727273,0.8227272727272728,0.0
3.86,0.1345,707,4,0.8724999999999999,0.2124569978211402,0.685,0.0,0.0,0.3000573362384798,0.685,6.4e-323,0.8500000000000001,0.07552928832436395,1,0.006309864534740822,resonant phase-memory,0.0,0.21238805970149255,0.30014925373134327,0.475,0.7875,0.0,0.0,0.21263157894736842,0.29982456140350877,1.0,1.0,0.0,0.0,0.2123404255319149,0.3002127659574468,0.475,0.7875,0.0,0.0,0.2127027027027027,0.2997297297297297,1.0,1.0,0.0,0.0,0.21222222222222223,0.30037037037037034,0.475,0.7875,0.0
3.86,0.1345,707,6,0.8724999999999999,0.2124569978211402,0.595,0.0,0.0,0.15,0.595,0.0,0.9357142857142857,0.07552928832436395,1,0.004590889910704725,resonant phase-memory,0.0,0.21238805970149255,0.15,0.325,0.7875,0.0,0.0,0.21263157894736842,0.15,1.0,1.0,0.0,0.0,0.2123404255319149,0.15,0.325,0.7875,0.0,0.0,0.2127027027027027,0.15,1.0,1.0,0.0,0.0,0.21222222222222223,0.15,0.325,0.7875,0.0
3.86,0.137,101,4,0.9452800267608735,0.0824108385599753,0.8430892746366536,0.00023649418668723042,0.0,0.7032946541500636,0.8428527804499664,1.746414689442384e-20,0.600651364764268,0.8818137763759237,0,0.0,resonant phase-memory,0.00029850746268656717,0.08238805970149254,0.7050746268656717,0.7825806451612903,0.9219354838709677,0.0,0.0003508771929824561,0.08307017543859649,0.7009649122807018,0.9335576923076923,0.9797115384615385,0.0,0.0002127659574468085,0.08244680851063829,0.7031914893617022,0.7907142857142857,0.9248809523809524,0.0,0.00013513513513513514,0.0822972972972973,0.700945945945946,0.91359375,0.97328125,0.0,0.00018518518518518518,0.08185185185185186,0.7062962962962963,0.795,0.9265909090909091,0.0
3.86,0.137,101,6,0.9452800267608735,0.0824108385599753,0.7787321599771195,0.0,0.0,0.565831220215887,0.7787321599771195,5.93699383165965e-41,0.6411145574855253,0.8818137763759237,0,0.0,resonant phase-memory,0.0,0.08238805970149254,0.5684328358208955,0.6941935483870968,0.9219354838709677,0.0,0.0,0.08307017543859649,0.5623684210526316,0.9058653846153846,0.9797115384615385,0.0,0.0,0.08244680851063829,0.5659574468085107,0.7064285714285714,0.9248809523809524,0.0,0.0,0.0822972972972973,0.562027027027027,0.87671875,0.97328125,0.0,0.0,0.08185185185185186,0.5703703703703704,0.7104545454545454,0.9265909090909091,0.0
3.86,0.137,707,4,0.8656366785096624,0.16660760797567806,0.6299943487292278,0.0046125866971081,0.0005246809641970933,0.5565422989301079,0.6253817620321197,0.00641512228419762,0.5681212121212121,0.7546213435498365,5,0.03140762173493551,resonant phase-memory,0.004701492537313433,0.14582089552238806,0.5941791044776119,0.6375806451612903,0.8746774193548387,0.0003225806451612903,0.0036842105263157894,0.1562280701754386,0.5699122807017544,0.7025,0.8957692307692308,0.0009615384615384616,0.005212765957446809,0.1673404255319149,0.5609574468085107,0.6041666666666666,0.8533333333333334,0.0007142857142857143,0.005945945945945946,0.17864864864864866,0.5308108108108108,0.63390625,0.8653125,0.000625,0.0035185185185185185,0.185,0.5268518518518519,0.5718181818181818,0.8390909090909091,0.0
3.86,0.137,707,6,0.8656366785096624,0.16660760797567806,0.5301843274333193,0.0003092063499711709,3.846153846153846e-05,0.4407242357766166,0.5298751210833481,0.0001179907565961115,0.5321818181818182,0.7546213435498365,5,0.016798397290417804,resonant phase-memory,0.00037313432835820896,0.14582089552238806,0.4670149253731343,0.5248387096774193,0.8746774193548387,0.0,0.0002631578947368421,0.1562280701754386,0.4454385964912281,0.61,0.8957692307692308,0.0001923076923076923,0.00031914893617021275,0.1673404255319149,0.4459574468085106,0.5022619047619048,0.8533333333333334,0.0,0.0004054054054054054,0.17864864864864866,0.42243243243243245,0.53609375,0.8653125,0.0,0.00018518518518518518,0.185,0.42277777777777775,0.4777272727272727,0.8390909090909091,0.0
3.8625,0.122,101,4,0.8771237465491497,0.18883726990516111,0.6723180616426584,0.0,0.0,0.4227400322386199,0.6723180616426584,1.8062858905797833e-154,0.7641899766899767,0.7354848785540438,1,0.008495075428232671,resonant phase-memory,0.0,0.18835820895522387,0.4248507462686567,0.5319354838709678,0.8130645161290323,0.0,0.0,0.18842105263157893,0.42289473684210527,0.9135576923076923,0.9775961538461538,0.0,0.0,0.18872340425531914,0.4248936170212766,0.5247619047619048,0.8134523809523809,0.0,0.0,0.18905405405405407,0.4201351351351351,0.8740625,0.9671875,0.0,0.0,0.18962962962962962,0.4209259259259259,0.5172727272727272,0.8143181818181818,0.0
3.8625,0.122,101,6,0.8771237465491497,0.18883726990516111,0.581196600778254,0.0,0.0,0.3079731625794369,0.581196600778254,7.429173867147838e-222,0.8170687645687646,0.7354848785540438,1,0.005764497387090104,resonant phase-memory,0.0,0.18835820895522387,0.3103731343283582,0.4130645161290323,0.8130645161290323,0.0,0.0,0.18842105263157893,0.3086842105263158,0.8735576923076923,0.9775961538461538,0.0,0.0,0.18872340425531914,0.31063829787234043,0.405,0.8134523809523809,0.0,0.0,0.18905405405405407,0.30554054054054053,0.81640625,0.9671875,0.0,0.0,0.18962962962962962,0.30462962962962964,0.39795454545454545,0.8143181818181818,0.0
3.8625,0.122,707,4,0.8983955691485933,0.13840459953192483,0.7145313705112092,0.0001966483372610631,0.0,0.5527913630733907,0.7143347221739481,4.381511763383413e-54,0.7142482517482518,0.5546335715905315,3,0.02221756387938071,resonant phase-memory,0.0008955223880597015,0.1326865671641791,0.5763432835820895,0.6567741935483871,0.8704838709677419,0.0,8.771929824561403e-05,0.13210526315789473,0.5707894736842105,0.8918269230769231,0.9685576923076923,0.0,0.0,0.13574468085106384,0.558936170212766,0.6254761904761905,0.8617857142857143,0.0,0.0,0.14148648648648648,0.5427027027027027,0.828125,0.94796875,0.0,0.0,0.15,0.5151851851851852,0.5704545454545454,0.8431818181818181,0.0
3.8625,0.122,707,6,0.8983955691485933,0.13840459953192483,0.6149858320442998,0.0,0.0,0.41782605566908015,0.6149858320442998,1.8459504479102598e-85,0.7763578088578089,0.5546335715905315,3,0.017209981408885175,resonant phase-memory,0.0,0.1326865671641791,0.4526119402985075,0.5468548387096774,0.8704838709677419,0.0,0.0,0.13210526315789473,0.44263157894736843,0.843173076923077,0.9685576923076923,0.0,0.0,0.13574468085106384,0.42648936170212765,0.503452380952381,0.8617857142857143,0.0,0.0,0.14148648648648648,0.40202702702702703,0.7528125,0.94796875,0.0,0.0,0.15,0.36537037037037035,0.42863636363636365,0.8431818181818181,0.0
3.8625,0.1245,101,4,0.909860266078008,0.13570325318549487,0.7619164541775428,0.0,0.0,0.5211831482499532,0.7619164541775428,6.0542835259630476e-83,0.6990246212121212,0.26604549263097915,0,0.0,resonant phase-memory,0.0,0.13522388059701493,0.5220895522388059,0.6542741935483871,0.8648387096774194,0.0,0.0,0.13517543859649123,0.5202631578947369,0.8952884615384615,0.9697115384615385,0.0,0.0,0.13531914893617022,0.5228723404255319,0.6551190476190476,0.8645238095238095,0.0,0.0,0.13594594594594595,0.5201351351351351,0.95171875,0.9875,0.0,0.0,0.13685185185185186,0.5205555555555555,0.6531818181818182,0.8627272727272727,0.0
3.8625,0.1245,101,6,0.909860266078008,0.13570325318549487,0.7001769608080092,0.0,0.0,0.37436014266343026,0.7001769608080092,5.113999766173095e-125,0.7417234848484848,0.26604549263097915,0,0.0,resonant phase-memory,0.0,0.13522388059701493,0.3744776119402985,0.5684677419354839,0.8648387096774194,0.0,0.0,0.13517543859649123,0.3728947368421053,0.8646153846153846,0.9697115384615385,0.0,0.0,0.13531914893617022,0.37574468085106383,0.5697619047619048,0.8645238095238095,0.0,0.0,0.13594594594594595,0.37405405405405406,0.9303125,0.9875,0.0,0.0,0.13685185185185186,0.37462962962962965,0.5677272727272727,0.8627272727272727,0.0
3.8625,0.1245,707,4,0.893502855679267,0.14703764100715516,0.735754861066353,0.0002510720009508263,0.0,0.5422372928827943,0.7355037890654021,1.808359615555784e-58,0.7017890442890442,0.47229085292956363,3,0.021294286519152567,resonant phase-memory,0.00022388059701492538,0.13201492537313433,0.5691044776119403,0.6698387096774193,0.8707258064516129,0.0,0.0002631578947368421,0.13666666666666666,0.5592982456140351,0.9108653846153846,0.9694230769230769,0.0,0.0002127659574468085,0.14542553191489363,0.5438297872340425,0.6378571428571429,0.8504761904761905,0.0,0.0,0.15608108108108107,0.5243243243243243,0.85203125,0.94484375,0.0,0.0005555555555555556,0.165,0.5146296296296297,0.6081818181818182,0.8320454545454545,0.0
3.8625,0.1245,707,6,0.893502855679267,0.14703764100715516,0.6597824997583063,0.0,0.0,0.421649305587448,0.6597824997583063,2.8400755305776864e-95,0.7441608391608392,0.47229085292956363,3,0.019960805107736384,resonant phase-memory,0.0,0.13201492537313433,0.4351492537313433,0.5661290322580645,0.8707258064516129,0.0,0.0,0.13666666666666666,0.4299122807017544,0.879423076923077,0.9694230769230769,0.0,0.0,0.14542553191489363,0.42223404255319147,0.5389285714285714,0.8504761904761905,0.0,0.0,0.15608108108108107,0.41243243243243244,0.80125,0.94484375,0.0,0.0,0.165,0.4085185185185185,0.5131818181818182,0.8320454545454545,0.0
3.8625,0.127,101,4,0.9400000000000001,0.1,0.865,0.0,0.0,0.625,0.865,8.941249609089966e-57,0.6499999999999999,0.0,0,0.0,resonant phase-memory,0.0,0.1,0.625,0.775,0.9,0.0,0.0,0.1,0.625,1.0,1.0,0.0,0.0,0.1,0.625,0.775,0.9,0.0,0.0,0.1,0.625,1.0,1.0,0.0,0.0,0.1,0.625,0.775,0.9,0.0
3.8625,0.127,101,6,0.9400000000000001,0.1,0.82,0.0,0.0,0.48125716702981,0.82,9.074233870640824e-103,0.7,0.0,0,0.0,resonant phase-memory,0.0,0.1,0.4812686567164179,0.7,0.9,0.0,0.0,0.1,0.4812280701754386,1.0,1.0,0.0,0.0,0.1,0.48127659574468085,0.7,0.9,0.0,0.0,0.1,0.48121621621621624,1.0,1.0,0.0,0.0,0.1,0.4812962962962963,0.7,0.9,0.0
3.8625,0.127,707,4,0.8771045073877735,0.17760922012417057,0.7008467372681082,0.0032102185252558804,0.001632351183762474,0.48662238379510353,0.6976365187428524,1.03054072711668e-67,0.6859615384615385,0.4640264562947704,3,0.021993139082866306,resonant phase-memory,0.001044776119402985,0.16634328358208955,0.4948507462686567,0.6149193548387096,0.8378225806451612,0.0007258064516129033,0.0028947368421052633,0.17517543859649123,0.48587719298245613,0.8714423076923077,0.9528846153846153,0.0014423076923076924,0.002872340425531915,0.17840425531914894,0.48638297872340425,0.5963095238095238,0.83,0.0015476190476190477,0.004054054054054054,0.18256756756756756,0.4822972972972973,0.8290625,0.93640625,0.00171875,0.005185185185185185,0.18555555555555556,0.4837037037037037,0.5925,0.8284090909090909,0.0027272727272727275
3.8625,0.127,707,6,0.8771045073877735,0.17760922012417057,0.6197562659115079,0.00011272863008585291,0.0,0.37640900332733995,0.6196435372814221,1.887824015995045e-106,0.7302447552447553,0.4640264562947704,3,0.017235224109471512,resonant phase-memory,0.0,0.16634328358208955,0.3843283582089552,0.5098387096774194,0.8378225806451612,0.0,0.0003508771929824561,0.17517543859649123,0.3763157894736842,0.8317307692307693,0.9528846153846153,0.0,0.0002127659574468085,0.17840425531914894,0.3778723404255319,0.49178571428571427,0.83,0.0,0.0,0.18256756756756756,0.372972972972973,0.7790625,0.93640625,0.0,0.0,0.18555555555555556,0.3705555555555556,0.4863636363636364,0.8284090909090909,0.0
3.8625,0.1295,101,4,0.9202170296101748,0.12946616469890357,0.7844487545384723,0.0,0.0,0.5897217023812935,0.7844487545384723,9.061452805763643e-96,0.7007539682539683,0.45902559929405967,3,0.019310751394317715,resonant phase-memory,0.0,0.1294776119402985,0.591865671641791,0.6668548387096774,0.8704032258064516,0.0,0.0,0.13087719298245615,0.5862280701754385,0.96625,0.9913461538461539,0.0,0.0,0.13117021276595744,0.5870212765957447,0.6651190476190476,0.8722619047619048,0.0,0.0,0.12932432432432434,0.5875675675675676,0.94515625,0.9859375,0.0,0.0,0.12648148148148147,0.595925925925926,0.6788636363636363,0.8811363636363636,0.0
3.8625,0.1295,101,6,0.9202170296101748,0.12946616469890357,0.7197708091639543,0.0,0.0,0.48472240855787846,0.7197708091639543,6.34326441018032e-149,0.751855921855922,0.45902559929405967,3,0.02016491707837918,resonant phase-memory,0.0,0.1294776119402985,0.4893283582089552,0.5779032258064516,0.8704032258064516,0.0,0.0,0.13087719298245615,0.48254385964912283,0.9498076923076924,0.9913461538461539,0.0,0.0,0.13117021276595744,0.4823404255319149,0.5720238095238095,0.8722619047619048,0.0,0.0,0.12932432432432434,0.48162162162162164,0.9184375,0.9859375,0.0,0.0,0.12648148148148147,0.48777777777777775,0.5806818181818182,0.8811363636363636,0.0
3.8625,0.1295,707,4,0.910466348167961,0.12723377096740401,0.7806298872498469,0.0001097145849698874,1.923076923076923e-05,0.5472878509704235,0.780520172664877,5.396495119468761e-47,0.6901981351981352,0.4346540052909276,0,0.0,resonant phase-memory,0.00037313432835820896,0.1167910447761194,0.5771641791044776,0.7266935483870968,0.884758064516129,0.0,0.00017543859649122806,0.11991228070175439,0.5664912280701755,0.9371153846153846,0.979326923076923,9.615384615384615e-05,0.0,0.12425531914893617,0.5542553191489362,0.6939285714285715,0.8714285714285714,0.0,0.0,0.13243243243243244,0.532972972972973,0.89359375,0.9625,0.0,0.0,0.14277777777777778,0.5055555555555555,0.6518181818181819,0.8543181818181819,0.0
3.8625,0.1295,707,6,0.910466348167961,0.12723377096740401,0.7015858741393017,0.0,0.0,0.3661806323714365,0.7015858741393017,1.9114787381247676e-84,0.755011655011655,0.4346540052909276,0,0.0,resonant phase-memory,0.0,0.1167910447761194,0.4085074626865672,0.6310483870967742,0.884758064516129,0.0,0.0,0.11991228070175439,0.3929824561403509,0.9111538461538462,0.979326923076923,0.0,0.0,0.12425531914893617,0.3753191489361702,0.5863095238095238,0.8714285714285714,0.0,0.0,0.13243243243243244,0.34594594594594597,0.85078125,0.9625,0.0,0.0,0.14277777777777778,0.30814814814814817,0.5286363636363637,0.8543181818181819,0.0
3.8625,0.132,101,4,0.9040078214795957,0.13088440602525275,0.7496187075693124,0.00044282383033197826,8.064516129032258e-05,0.5658700867637372,0.7491758837389804,2.249850329026337e-20,0.6501806526806526,0.6748234076830993,61,0.18343851316161347,resonant phase-memory,0.0005970149253731343,0.11701492537313433,0.6037313432835821,0.7245967741935484,0.8879838709677419,0.0004032258064516129,0.0011403508771929824,0.12728070175438597,0.5824561403508772,0.8666346153846154,0.9552884615384616,0.0,0.00010638297872340425,0.1301063829787234,0.5691489361702128,0.6919047619047619,0.8776190476190476,0.0,0.0,0.13594594594594595,0.5471621621621622,0.82359375,0.941875,0.0,0.00037037037037037035,0.14407407407407408,0.5268518518518519,0.6413636363636364,0.8572727272727273,0.0
3.8625,0.132,101,6,0.9040078214795957,0.13088440602525275,0.6590509117898231,0.0,0.0,0.4096999159578091,0.6590509117898231,3.627004239443811e-32,0.696567599067599,0.6748234076830993,61,0.17250517903310286,resonant phase-memory,0.0,0.11701492537313433,0.4623134328358209,0.6332258064516129,0.8879838709677419,0.0,0.0,0.12728070175438597,0.43412280701754385,0.8114423076923077,0.9552884615384616,0.0,0.0,0.1301063829787234,0.41510638297872343,0.5857142857142857,0.8776190476190476,0.0,0.0,0.13594594594594595,0.3812162162162162,0.74828125,0.941875,0.0,0.0,0.14407407407407408,0.35574074074074075,0.5165909090909091,0.8572727272727273,0.0
3.8625,0.132,707,4,0.9400000000000001,0.1,0.865,0.0,0.0,0.625,0.865,8.941249609089966e-57,0.6499999999999999,0.0,0,0.0,resonant phase-memory,0.0,0.1,0.625,0.775,0.9,0.0,0.0,0.1,0.625,1.0,1.0,0.0,0.0,0.1,0.625,0.775,0.9,0.0,0.0,0.1,0.625,1.0,1.0,0.0,0.0,0.1,0.625,0.775,0.9,0.0
3.8625,0.132,707,6,0.9400000000000001,0.1,0.82,0.0,0.0,0.48125716702981,0.82,9.074233870640824e-103,0.7,0.0,0,0.0,resonant phase-memory,0.0,0.1,0.4812686567164179,0.7,0.9,0.0,0.0,0.1,0.4812280701754386,1.0,1.0,0.0,0.0,0.1,0.48127659574468085,0.7,0.9,0.0,0.0,0.1,0.48121621621621624,1.0,1.0,0.0,0.0,0.1,0.4812962962962963,0.7,0.9,0.0
3.8625,0.1345,101,4,0.9098774750115476,0.09764013246921774,0.7361367929785269,0.0015946459404198705,0.0002166882176962822,0.7326042285370058,0.7345421470381069,0.6032431612054316,0.6153910068426196,0.6087525553777879,6,0.040356911339631596,resonant phase-memory,0.0020149253731343284,0.07664179104477611,0.7862686567164179,0.8021774193548387,0.9364516129032258,0.00016129032258064516,0.0013157894736842105,0.08508771929824561,0.7657017543859649,0.770673076923077,0.9232692307692307,0.0001923076923076923,0.0014893617021276596,0.09372340425531915,0.7437234042553191,0.7670238095238096,0.9204761904761904,0.00011904761904761905,0.0014864864864864865,0.10608108108108108,0.7112162162162162,0.71171875,0.90078125,0.00015625,0.0016666666666666668,0.12666666666666668,0.6561111111111111,0.6290909090909091,0.8684090909090909,0.00045454545454545455
3.8625,0.1345,101,6,0.9098774750115476,0.09764013246921774,0.6456782297004071,0.00012293048844334967,0.0,0.6430226914919466,0.6455552992119638,0.5021202180186574,0.6349970674486802,0.6087525553777879,6,0.0354277060214657,resonant phase-memory,0.00037313432835820896,0.07664179104477611,0.7105970149253731,0.7285483870967742,0.9364516129032258,0.0,0.0,0.08508771929824561,0.6859649122807018,0.6909615384615385,0.9232692307692307,0.0,0.00010638297872340425,0.09372340425531915,0.6569148936170213,0.6847619047619048,0.9204761904761904,0.0,0.00013513513513513514,0.10608108108108108,0.6160810810810811,0.6109375,0.90078125,0.0,0.0,0.12666666666666668,0.5455555555555556,0.5131818181818182,0.8684090909090909,0.0
3.8625,0.1345,707,4,0.8918190458734813,0.17398608884494127,0.7219700826727037,0.0001810388884982323,0.0,0.4304079718936064,0.7217890437842055,8.161968042613663e-151,0.7446691480562448,0.36500579051214305,0,0.0,resonant phase-memory,0.00014925373134328358,0.17440298507462687,0.42895522388059704,0.5749193548387097,0.8312096774193548,0.0,8.771929824561403e-05,0.17394736842105263,0.431140350877193,0.941923076923077,0.9825,0.0,0.0002127659574468085,0.17404255319148937,0.42936170212765956,0.5802380952380952,0.8328571428571429,0.0,0.0002702702702702703,0.17364864864864865,0.432027027027027,0.93640625,0.9809375,0.0,0.00018518518518518518,0.1738888888888889,0.4305555555555556,0.5763636363636364,0.831590909090909,0.0
3.8625,0.1345,707,6,0.8918190458734813,0.17398608884494127,0.6204168032907952,0.0,0.0,0.2533450680879271,0.6204168032907952,5.5181382547400685e-276,0.8294665012406948,0.36500579051214305,0,0.0,resonant phase-memory,0.0,0.17440298507462687,0.25164179104477613,0.4223387096774194,0.8312096774193548,0.0,0.0,0.17394736842105263,0.2544736842105263,0.9165384615384615,0.9825,0.0,0.0,0.17404255319148937,0.2520212765957447,0.43023809523809525,0.8328571428571429,0.0,0.0,0.17364864864864865,0.2558108108108108,0.90796875,0.9809375,0.0,0.0,0.1738888888888889,0.25277777777777777,0.425,0.831590909090909,0.0
3.8625,0.137,101,4,0.9451949696808567,0.0699041937426387,0.8389356728620841,0.0001097145849698874,0.0,0.7572017510816963,0.8388259582771143,0.000424717544012294,0.6028438228438229,0.5321149601021445,0,0.0,resonant phase-memory,0.00037313432835820896,0.061417910447761195,0.7788805970149254,0.8407258064516129,0.942741935483871,0.0,0.00017543859649122806,0.06447368421052632,0.770438596491228,0.9165384615384615,0.9734615384615385,0.0,0.0,0.06797872340425531,0.7614893617021277,0.8165476190476191,0.9355952380952381,0.0,0.0,0.07324324324324324,0.7494594594594595,0.85859375,0.9553125,0.0,0.0,0.0824074074074074,0.7257407407407407,0.7622727272727273,0.9188636363636363,0.0
3.8625,0.137,101,6,0.9451949696808567,0.0699041937426387,0.7733956711970824,0.0,0.0,0.6479178869665407,0.7733956711970824,4.540288904718898e-08,0.6445629370629371,0.5321149601021445,0,0.0,resonant phase-memory,0.0,0.061417910447761195,0.6759701492537313,0.7757258064516129,0.942741935483871,0.0,0.0,0.06447368421052632,0.6649122807017543,0.8829807692307692,0.9734615384615385,0.0,0.0,0.06797872340425531,0.6531914893617021,0.7416666666666667,0.9355952380952381,0.0,0.0,0.07324324324324324,0.6381081081081081,0.80046875,0.9553125,0.0,0.0,0.0824074074074074,0.6074074074074074,0.6661363636363636,0.9188636363636363,0.0
3.8625,0.137,707,4,0.8918734162343034,0.16223471408096435,0.6900238511488512,0.001263504868040978,0.0,0.4866928649831158,0.6887603462808103,1.761296335800123e-37,0.6361888111888112,0.8501289799801044,4,0.032141489309950415,resonant phase-memory,0.0013432835820895521,0.1626865671641791,0.4842537313432836,0.6175,0.860241935483871,0.0,0.0009649122807017544,0.16131578947368422,0.49,0.8126923076923077,0.9428846153846154,0.0,0.001276595744680851,0.16117021276595744,0.490531914893617,0.6196428571428572,0.8616666666666667,0.0,0.0016216216216216215,0.1622972972972973,0.4875675675675676,0.791875,0.9359375,0.0,0.0011111111111111111,0.1637037037037037,0.4811111111111111,0.6084090909090909,0.8586363636363636,0.0
3.8625,0.137,707,6,0.8918734162343034,0.16223471408096435,0.571289783469219,0.0,0.0,0.3100998400583398,0.571289783469219,5.626507851523107e-67,0.6754615384615383,0.8501289799801044,4,0.019518425814753753,resonant phase-memory,0.0,0.1626865671641791,0.3075373134328358,0.4762096774193548,0.860241935483871,0.0,0.0,0.16131578947368422,0.3140350877192982,0.7348076923076923,0.9428846153846154,0.0,0.0,0.16117021276595744,0.31648936170212766,0.4776190476190476,0.8616666666666667,0.0,0.0,0.1622972972972973,0.3089189189189189,0.7053125,0.9359375,0.0,0.0,0.1637037037037037,0.3035185185185185,0.4625,0.8586363636363636,0.0
3.865,0.122,101,4,0.9100436915235303,0.13831299300838504,0.7276820276497695,0.0,0.0,0.5825590111848072,0.7276820276497695,5.15543021524523e-126,0.7433333333333334,0.3371961460702155,1,0.006410013383092196,resonant phase-memory,0.0,0.13813432835820896,0.5844776119402985,0.6023387096774193,0.8617741935483871,0.0,0.0,0.13842105263157894,0.5847368421052631,0.95,0.9875,0.0,0.0,0.13829787234042554,0.5830851063829787,0.5935714285714285,0.8620238095238095,0.0,0.0,0.13837837837837838,0.5821621621621622,0.9075,0.976875,0.0,0.0,0.13833333333333334,0.5783333333333334,0.585,0.8620454545454546,0.0
3.865,0.122,101,6,0.9100436915235303,0.13831299300838504,0.6434611111334901,0.0,0.0,0.46290978476596295,0.6434611111334901,7.97712203944043e-196,0.8078554778554778,0.3371961460702155,1,0.005760962589428691,resonant phase-memory,0.0,0.13813432835820896,0.4658955223880597,0.4900806451612903,0.8617741935483871,0.0,0.0,0.13842105263157894,0.46578947368421053,0.9251923076923076,0.9875,0.0,0.0,0.13829787234042554,0.4642553191489362,0.4769047619047619,0.8620238095238095,0.0,0.0,0.13837837837837838,0.46175675675675676,0.86171875,0.976875,0.0,0.0,0.13833333333333334,0.45685185185185184,0.4634090909090909,0.8620454545454546,0.0
3.865,0.122,707,4,0.9145803903757533,0.1251424370502106,0.7411411746855295,0.0,0.0,0.627136908113676,0.7411411746855295,1.0290327900524947e-80,0.6898863636363637,0.42699551557621396,3,0.019133295063536525,resonant phase-memory,0.0,0.12522388059701492,0.6267164179104477,0.6345967741935484,0.874758064516129,0.0,0.0,0.12517543859649122,0.6296491228070176,0.8823076923076923,0.9705769230769231,0.0,0.0,0.12521276595744682,0.6287234042553191,0.6348809523809524,0.8742857142857143,0.0,0.0,0.12472972972972973,0.6268918918918919,0.919375,0.97828125,0.0,0.0,0.12537037037037038,0.6237037037037036,0.6345454545454545,0.875,0.0
3.865,0.122,707,6,0.9145803903757533,0.1251424370502106,0.6563186584920457,0.0,0.0,0.5056348036626154,0.6563186584920457,2.8282039296816525e-128,0.7460984848484848,0.42699551557621396,3,0.017985418162783613,resonant phase-memory,0.0,0.12522388059701492,0.5044776119402985,0.525241935483871,0.874758064516129,0.0,0.0,0.12517543859649122,0.5101754385964913,0.8236538461538462,0.9705769230769231,0.0,0.0,0.12521276595744682,0.5097872340425532,0.5230952380952381,0.8742857142857143,0.0,0.0,0.12472972972972973,0.5039189189189189,0.889375,0.97828125,0.0,0.0,0.12537037037037038,0.4998148148148148,0.5202272727272728,0.875,0.0
3.865,0.1245,101,4,0.9161925319304352,0.10045957531799321,0.7620865468536839,0.00014218381775333856,0.0,0.6700120772608613,0.7619443630359306,9.268175804640265e-12,0.6773426573426573,0.5478428888759908,0,0.0,resonant phase-memory,0.00044776119402985075,0.0858955223880597,0.7155223880597015,0.770241935483871,0.9180645161290323,0.0,0.0002631578947368421,0.0886842105263158,0.7014912280701754,0.8869230769230769,0.9628846153846153,0.0,0.0,0.09670212765957446,0.6798936170212766,0.7209523809523809,0.8990476190476191,0.0,0.0,0.10675675675675676,0.6514864864864864,0.81140625,0.936875,0.0,0.0,0.12425925925925926,0.6016666666666667,0.6209090909090909,0.8640909090909091,0.0
3.865,0.1245,101,6,0.9161925319304352,0.10045957531799321,0.6782584324277874,0.0,0.0,0.5360274900429001,0.6782584324277874,1.6767676448555374e-23,0.7382226107226106,0.5478428888759908,0,0.0,resonant phase-memory,0.0,0.0858955223880597,0.5951492537313433,0.6845967741935484,0.9180645161290323,0.0,0.0,0.0886842105263158,0.5756140350877192,0.8477884615384615,0.9628846153846153,0.0,0.0,0.09670212765957446,0.5491489361702128,0.6209523809523809,0.8990476190476191,0.0,0.0,0.10675675675675676,0.5118918918918919,0.7475,0.936875,0.0,0.0,0.12425925925925926,0.4483333333333333,0.4904545454545455,0.8640909090909091,0.0
3.865,0.1245,707,4,0.8755408204027155,0.19958207136621336,0.6558771483892452,0.0,0.0,0.3465345663224355,0.6558771483892452,2.5280322342565107e-285,0.8408741258741259,0.4723486286631114,3,0.02257289441338045,resonant phase-memory,0.0,0.1998507462686567,0.3458955223880597,0.4594354838709677,0.8004032258064516,0.0,0.0,0.1994736842105263,0.3466666666666667,0.9665384615384616,0.9916346153846154,0.0,0.0,0.19936170212765958,0.34712765957446806,0.45880952380952383,0.8005952380952381,0.0,0.0,0.19959459459459458,0.34594594594594597,0.939375,0.98484375,0.0,0.0,0.19962962962962963,0.34703703703703703,0.4552272727272727,0.8002272727272727,0.0
3.865,0.1245,707,6,0.8755408204027155,0.19958207136621336,0.545555367347706,0.0,0.0,0.14081169091740536,0.545555367347706,0.0,0.9066000666000665,0.4723486286631114,3,0.01286754337826218,resonant phase-memory,0.0,0.1998507462686567,0.1403731343283582,0.2942741935483871,0.8004032258064516,0.0,0.0,0.1994736842105263,0.14087719298245613,0.9501923076923077,0.9916346153846154,0.0,0.0,0.19936170212765958,0.14127659574468085,0.29095238095238096,0.8005952380952381,0.0,0.0,0.19959459459459458,0.13986486486486485,0.9103125,0.98484375,0.0,0.0,0.19962962962962963,0.14166666666666666,0.28204545454545454,0.8002272727272727,0.0
3.865,0.127,101,4,0.8883827842184697,0.18365554299264247,0.7483336085957054,0.0,0.0,0.4605253911463569,0.7483336085957054,7.0234679190219265e-183,0.7658712121212121,0.16104477175644444,1,0.006215270663450512,resonant phase-memory,0.0,0.1837313432835821,0.4602985074626866,0.5894354838709678,0.8162096774193548,0.0,0.0,0.18394736842105264,0.45982456140350875,0.9853846153846154,0.9963461538461539,0.0,0.0,0.18361702127659574,0.460531914893617,0.5894047619047619,0.8161904761904762,0.0,0.0,0.18364864864864866,0.4606756756756757,0.988125,0.99703125,0.0,0.0,0.18333333333333332,0.4612962962962963,0.5893181818181819,0.8161363636363637,0.0
3.865,0.127,101,6,0.8883827842184697,0.18365554299264247,0.6931845701341669,0.0,0.0,0.3567489746938026,0.6931845701341669,5.336880438584667e-267,0.8202462121212122,0.16104477175644444,1,0.006386838528758344,resonant phase-memory,0.0,0.1837313432835821,0.3564179104477612,0.5019354838709678,0.8162096774193548,0.0,0.0,0.18394736842105264,0.356140350877193,0.9780769230769231,0.9963461538461539,0.0,0.0,0.18361702127659574,0.3567021276595745,0.5019047619047619,0.8161904761904762,0.0,0.0,0.18364864864864866,0.3568918918918919,0.9821875,0.99703125,0.0,0.0,0.18333333333333332,0.3575925925925926,0.5018181818181818,0.8161363636363637,0.0
3.865,0.127,707,4,0.8956032381596897,0.14263739859262248,0.7330530279532296,0.001029692174834325,0.0003204131218244122,0.5206804294224193,0.7320233357783953,1.014928811230016e-43,0.6638869463869463,0.5228927237794713,95,0.17557757863334475,resonant phase-memory,0.0014925373134328358,0.12686567164179105,0.5496268656716418,0.6815322580645161,0.8790322580645161,0.0007258064516129033,0.0012280701754385965,0.135,0.5356140350877193,0.8735576923076923,0.9561538461538461,0.0002884615384615385,0.001702127659574468,0.145,0.5173404255319148,0.6391666666666667,0.8572619047619048,0.00011904761904761905,0.0005405405405405405,0.15243243243243243,0.5037837837837837,0.84328125,0.93875,0.00046875,0.00018518518518518518,0.15388888888888888,0.49703703703703705,0.6277272727272727,0.8468181818181818,0.0
3.865,0.127,707,6,0.8956032381596897,0.14263739859262248,0.654423707341046,3.620196887900921e-05,1.6129032258064517e-05,0.3501583877504554,0.654387505372167,4.6629876053551445e-70,0.701888111888112,0.5228927237794713,95,0.16184304951727918,resonant phase-memory,7.462686567164179e-05,0.12686567164179105,0.37955223880597017,0.5867741935483871,0.8790322580645161,8.064516129032258e-05,0.0,0.135,0.3648245614035088,0.8294230769230769,0.9561538461538461,0.0,0.00010638297872340425,0.145,0.3448936170212766,0.5371428571428571,0.8572619047619048,0.0,0.0,0.15243243243243243,0.3318918918918919,0.7921875,0.93875,0.0,0.0,0.15388888888888888,0.3296296296296296,0.5265909090909091,0.8468181818181818,0.0
3.865,0.1295,101,4,0.8764439025356363,0.1446688812962651,0.7163202207738498,0.007494770865197567,0.005365596433136756,0.6191967311698388,0.7088254499086523,3.648785126012794e-08,0.6356934731934731,0.6549645514982598,11,0.08598776517799726,resonant phase-memory,0.003880597014925373,0.11171641791044776,0.668134328358209,0.7200806451612903,0.8921774193548387,0.0008064516129032258,0.002719298245614035,0.12640350877192982,0.6423684210526316,0.8199038461538461,0.9270192307692308,0.003269230769230769,0.0073404255319148935,0.14202127659574468,0.6267021276595744,0.6761904761904762,0.8586904761904762,0.005238095238095238,0.00945945945945946,0.16135135135135134,0.5972972972972973,0.7490625,0.88546875,0.00796875,0.014074074074074074,0.18185185185185185,0.5614814814814815,0.6163636363636363,0.8188636363636363,0.009545454545454546
3.865,0.1295,101,6,0.8764439025356363,0.1446688812962651,0.6490590175953079,0.0018422132416382887,0.0011371232933732934,0.512846466646821,0.6472168043536697,1.3724684923429174e-15,0.6590909090909092,0.6549645514982598,11,0.07670267526948005,resonant phase-memory,0.0008208955223880597,0.11171641791044776,0.5595522388059702,0.6383064516129032,0.8921774193548387,0.0,8.771929824561403e-05,0.12640350877192982,0.5357017543859649,0.775,0.9270192307692308,0.0003846153846153846,0.0015957446808510637,0.14202127659574468,0.5224468085106383,0.5975,0.8586904761904762,0.0013095238095238095,0.0018918918918918919,0.16135135135135134,0.48986486486486486,0.698125,0.88546875,0.00171875,0.004814814814814815,0.18185185185185185,0.45666666666666667,0.5363636363636364,0.8188636363636363,0.0022727272727272726
3.865,0.1295,707,4,0.9398853397946141,0.10022776432564,0.8557077972430795,5.9701492537313435e-05,0.0,0.6327673976060264,0.8556480957505422,1.2530228693165484e-42,0.6353937728937729,0.8356661371942917,0,0.0,resonant phase-memory,0.00029850746268656717,0.1003731343283582,0.6319402985074627,0.7781451612903226,0.9029838709677419,0.0,0.0,0.09991228070175438,0.6313157894736842,0.9795192307692308,0.994423076923077,0.0,0.0,0.10021276595744681,0.6312765957446809,0.7764285714285715,0.9038095238095238,0.0,0.0,0.10027027027027027,0.6333783783783784,0.96671875,0.9909375,0.0,0.0,0.10037037037037037,0.6359259259259259,0.7777272727272727,0.9072727272727272,0.0
3.865,0.1295,707,6,0.9398853397946141,0.10022776432564,0.805335601562416,0.0,0.0,0.48906685182951665,0.805335601562416,8.805522517244369e-76,0.6797466422466423,0.8356661371942917,0,0.0,resonant phase-memory,0.0,0.1003731343283582,0.4874626865671642,0.7037903225806451,0.9029838709677419,0.0,0.0,0.09991228070175438,0.48640350877192984,0.9700961538461539,0.994423076923077,0.0,0.0,0.10021276595744681,0.48638297872340425,0.7004761904761905,0.9038095238095238,0.0,0.0,0.10027027027027027,0.49027027027027026,0.95140625,0.9909375,0.0,0.0,0.10037037037037037,0.4948148148148148,0.7009090909090909,0.9072727272727272,0.0
3.865,0.132,101,4,0.932766237123092,0.10416623594897398,0.817266043432374,8.248232521602513e-05,0.0,0.6072229687861718,0.817183561107158,1.3062036236766003e-41,0.6469638694638695,0.757374051981682,0,0.0,resonant phase-memory,0.00014925373134328358,0.10313432835820896,0.6075373134328358,0.7466129032258064,0.9020967741935484,0.0,0.0002631578947368421,0.10298245614035088,0.6089473684210527,0.948173076923077,0.9838461538461538,0.0,0.0,0.10372340425531915,0.6071276595744681,0.7392857142857143,0.9016666666666666,0.0,0.0,0.10432432432432433,0.6082432432432432,0.92453125,0.9778125,0.0,0.0,0.10666666666666667,0.6042592592592593,0.7277272727272728,0.8984090909090909,0.0
3.865,0.132,101,6,0.932766237123092,0.10416623594897398,0.7454863681345536,0.0,0.0,0.42040898156099304,0.7454863681345536,1.0776001292674239e-82,0.7026631701631703,0.757374051981682,0,0.0,resonant phase-memory,0.0,0.10313432835820896,0.41828358208955224,0.6462096774193549,0.9020967741935484,0.0,0.0,0.10298245614035088,0.42096491228070176,0.9274038461538462,0.9838461538461538,0.0,0.0,0.10372340425531915,0.419468085106383,0.6361904761904762,0.9016666666666666,0.0,0.0,0.10432432432432433,0.4235135135135135,0.89421875,0.9778125,0.0,0.0,0.10666666666666667,0.4198148148148148,0.6234090909090909,0.8984090909090909,0.0
3.865,0.132,707,4,0.8991929595941693,0.14978610498650277,0.7137156573265445,0.0006677220082478226,0.0,0.5119822047817068,0.7130479353182967,5.146082646450306e-60,0.6691976840363938,0.7277408720622415,7,0.054557383381605616,resonant phase-memory,0.0011940298507462687,0.14940298507462688,0.5144029850746269,0.620241935483871,0.8566935483870968,0.0,0.0007017543859649122,0.14956140350877192,0.5147368421052632,0.8740384615384615,0.9641346153846154,0.0,0.0005319148936170213,0.14968085106382978,0.5117021276595745,0.6214285714285714,0.8598809523809524,0.0,0.0005405405405405405,0.14972972972972973,0.5135135135135135,0.8271875,0.9509375,0.0,0.00037037037037037035,0.15055555555555555,0.5055555555555555,0.6256818181818182,0.8643181818181818,0.0
3.865,0.132,707,6,0.8991929595941693,0.14978610498650277,0.6178383907758908,2.9850746268656717e-05,0.0,0.35516464836081757,0.617808540029622,1.7985966802117526e-97,0.7161072261072261,0.7277408720622415,7,0.04244622308529984,resonant phase-memory,0.00014925373134328358,0.14940298507462688,0.3573880597014925,0.5025,0.8566935483870968,0.0,0.0,0.14956140350877192,0.35885964912280705,0.8246153846153846,0.9641346153846154,0.0,0.0,0.14968085106382978,0.35382978723404257,0.5013095238095238,0.8598809523809524,0.0,0.0,0.14972972972972973,0.3564864864864865,0.7603125,0.9509375,0.0,0.0,0.15055555555555555,0.34925925925925927,0.5004545454545455,0.8643181818181818,0.0
3.865,0.1345,101,4,0.938544075212422,0.10110506515273274,0.8302670672741236,4.4570886676149836e-05,0.0,0.6427100294290715,0.8302224963874474,8.665517172047492e-82,0.6817424242424241,0.2741465259652949,0,0.0,resonant phase-memory,0.0,0.1008955223880597,0.6430597014925373,0.7236290322580645,0.8994354838709677,0.0,8.771929824561403e-05,0.10078947368421053,0.6428070175438596,0.99375,0.9983653846153846,0.0,0.0,0.10095744680851064,0.6429787234042553,0.7229761904761904,0.8991666666666667,0.0,0.00013513513513513514,0.10121621621621621,0.6422972972972973,0.98984375,0.99734375,0.0,0.0,0.10166666666666667,0.6424074074074074,0.7211363636363637,0.8984090909090909,0.0
3.865,0.1345,101,6,0.938544075212422,0.10110506515273274,0.7836516826587391,0.0,0.0,0.51823860523792,0.7836516826587391,1.779359612765273e-132,0.7296911421911423,0.2741465259652949,0,0.0,resonant phase-memory,0.0,0.1008955223880597,0.5185074626865671,0.6486290322580646,0.8994354838709677,0.0,0.0,0.10078947368421053,0.5179824561403509,0.9906730769230769,0.9983653846153846,0.0,0.0,0.10095744680851064,0.5186170212765957,0.6479761904761905,0.8991666666666667,0.0,0.0,0.10121621621621621,0.5175675675675676,0.98484375,0.99734375,0.0,0.0,0.10166666666666667,0.5185185185185185,0.6461363636363636,0.8984090909090909,0.0
3.865,0.1345,707,4,0.9475,0.08754300217885984,0.835,0.0,0.0,0.6748566594038005,0.835,6.459549606389633e-86,0.6833333333333333,0.16104477175644444,0,0.0,resonant phase-memory,0.0,0.08761194029850747,0.6746268656716418,0.725,0.9125,0.0,0.0,0.08736842105263158,0.6754385964912281,1.0,1.0,0.0,0.0,0.0876595744680851,0.674468085106383,0.725,0.9125,0.0,0.0,0.0872972972972973,0.6756756756756757,1.0,1.0,0.0,0.0,0.08777777777777777,0.674074074074074,0.725,0.9125,0.0
3.865,0.1345,707,6,0.9475,0.08754300217885984,0.775,0.0,0.0,0.5373136572249406,0.775,1.86943806269413e-162,0.75,0.16104477175644444,0,0.0,resonant phase-memory,0.0,0.08761194029850747,0.5370149253731343,0.625,0.9125,0.0,0.0,0.08736842105263158,0.5380701754385965,1.0,1.0,0.0,0.0,0.0876595744680851,0.5368085106382978,0.625,0.9125,0.0,0.0,0.0872972972972973,0.5383783783783784,1.0,1.0,0.0,0.0,0.08777777777777777,0.5362962962962963,0.625,0.9125,0.0
3.865,0.137,101,4,0.8999713492153008,0.1290034229211746,0.698021012589561,0.0014557207338541428,0.0,0.6281056203200576,0.6965652918557068,0.3834938540809989,0.5528648018648019,0.6762889369743913,13,0.08779597599044164,resonant phase-memory,0.0016417910447761193,0.11402985074626866,0.6615671641791044,0.7184677419354839,0.9090322580645162,0.0,0.0013157894736842105,0.12166666666666667,0.6428070175438596,0.7428846153846154,0.9180769230769231,0.0,0.0018085106382978724,0.1301063829787234,0.6210638297872341,0.6713095238095238,0.8885714285714286,0.0,0.0012162162162162162,0.13662162162162161,0.6117567567567568,0.698125,0.9003125,0.0,0.0012962962962962963,0.1425925925925926,0.6033333333333334,0.6593181818181818,0.8838636363636364,0.0
3.865,0.137,101,6,0.8999713492153008,0.1290034229211746,0.5980248185953831,0.0,0.0,0.5178143106754363,0.5980248185953831,0.2991144800223062,0.5272913752913753,0.6762889369743913,13,0.057579528185208353,resonant phase-memory,0.0,0.11402985074626866,0.558134328358209,0.6262903225806452,0.9090322580645162,0.0,0.0,0.12166666666666667,0.5359649122807018,0.6511538461538462,0.9180769230769231,0.0,0.0,0.1301063829787234,0.5043617021276596,0.5658333333333333,0.8885714285714286,0.0,0.0,0.13662162162162161,0.5013513513513513,0.5959375,0.9003125,0.0,0.0,0.1425925925925926,0.4892592592592593,0.5509090909090909,0.8838636363636364,0.0
3.865,0.137,707,4,0.8570952125831159,0.22602357051106026,0.6398618159394369,0.0004970493550159609,0.0,0.2862004113053235,0.639364766584421,6.77473098284102e-174,0.7677808302808302,0.4927975475447395,3,0.02127090022098172,resonant phase-memory,0.0005223880597014925,0.226044776119403,0.28582089552238804,0.4849193548387097,0.7830645161290323,0.0,0.0005263157894736842,0.22578947368421054,0.28526315789473683,0.8829807692307692,0.9657692307692308,0.0,0.000425531914893617,0.22627659574468084,0.2823404255319149,0.4813095238095238,0.7848809523809523,0.0,0.0002702702702702703,0.22608108108108108,0.2905405405405405,0.85828125,0.958125,0.0,0.0007407407407407407,0.22592592592592592,0.28703703703703703,0.4918181818181818,0.7936363636363636,0.0
3.865,0.137,707,6,0.8570952125831159,0.22602357051106026,0.5321827836142352,0.0,0.0,0.12057289759549457,0.5321827836142352,1.6228113431515192e-267,0.8298132423132423,0.4927975475447395,3,0.011841769689390217,resonant phase-memory,0.0,0.226044776119403,0.12238805970149254,0.34153225806451615,0.7830645161290323,0.0,0.0,0.22578947368421054,0.1186842105263158,0.8349038461538462,0.9657692307692308,0.0,0.0,0.22627659574468084,0.11670212765957447,0.33726190476190476,0.7848809523809523,0.0,0.0,0.22608108108108108,0.12175675675675676,0.800625,0.958125,0.0,0.0,0.22592592592592592,0.12333333333333334,0.3465909090909091,0.7936363636363636,0.0
3.8675,0.122,101,4,0.9178107369780758,0.12093679708690322,0.7485459903000227,0.0,0.0,0.6371787695837101,0.7485459903000227,3.020623300608898e-75,0.6986742424242425,0.4363967359965772,2,0.012784016013988514,resonant phase-memory,0.0,0.12059701492537313,0.6314925373134328,0.6481451612903226,0.8792741935483871,0.0,0.0,0.12096491228070176,0.6470175438596492,0.8663461538461539,0.96625,0.0,0.0,0.12074468085106382,0.645531914893617,0.6475,0.8795238095238095,0.0,0.0,0.12108108108108108,0.63,0.939375,0.9846875,0.0,0.0,0.12129629629629629,0.6318518518518519,0.6413636363636364,0.8793181818181818,0.0
3.8675,0.122,101,6,0.9178107369780758,0.12093679708690322,0.6585169393778265,0.0,0.0,0.5061640867689905,0.6585169393778265,2.1782477423439671e-128,0.7618371212121211,0.4363967359965772,2,0.01215238372165615,resonant phase-memory,0.0,0.12059701492537313,0.4973880597014925,0.530241935483871,0.8792741935483871,0.0,0.0,0.12096491228070176,0.5213157894736842,0.8059615384615385,0.96625,0.0,0.0,0.12074468085106382,0.5178723404255319,0.5272619047619047,0.8795238095238095,0.0,0.0,0.12108108108108108,0.49554054054054053,0.9109375,0.9846875,0.0,0.0,0.12129629629629629,0.4987037037037037,0.5181818181818182,0.8793181818181818,0.0
3.8675,0.122,707,4,0.9355128732154941,0.0838866087762145,0.800828579015071,0.00010899589399029489,1.923076923076923e-05,0.7486258394243552,0.8007195831210807,8.705865581573999e-12,0.6180069930069929,0.5361077211978319,4,0.02366674839373076,resonant phase-memory,0.0,0.07723880597014926,0.7693283582089552,0.7773387096774194,0.9249193548387097,0.0,0.0004385964912280702,0.08026315789473684,0.7606140350877193,0.9026923076923077,0.9708653846153846,9.615384615384615e-05,0.00010638297872340425,0.08159574468085107,0.754468085106383,0.7595238095238095,0.9207142857142857,0.0,0.0,0.0895945945945946,0.7344594594594595,0.83890625,0.95015625,0.0,0.0,0.09074074074074075,0.7242592592592593,0.7256818181818182,0.9109090909090909,0.0
3.8675,0.122,707,6,0.9355128732154941,0.0838866087762145,0.7329596351229417,0.0,0.0,0.6579595950515875,0.7329596351229417,4.5517329736551565e-21,0.6539801864801864,0.5361077211978319,4,0.02446052637707496,resonant phase-memory,0.0,0.07723880597014926,0.6836567164179105,0.7011290322580646,0.9249193548387097,0.0,0.0,0.08026315789473684,0.6726315789473685,0.8677884615384616,0.9708653846153846,0.0,0.0,0.08159574468085107,0.6646808510638298,0.6775,0.9207142857142857,0.0,0.0,0.0895945945945946,0.6421621621621622,0.7815625,0.95015625,0.0,0.0,0.09074074074074075,0.6266666666666667,0.6368181818181818,0.9109090909090909,0.0
3.8675,0.1245,101,4,0.9133850232428861,0.11125101280853315,0.7533747848253898,0.0010367282259445185,0.00021185971286777735,0.6719691553799124,0.7523380565994453,1.8820728121191785e-17,0.630413752913753,0.5409431350929363,5,0.032452480657334096,resonant phase-memory,0.0012686567164179104,0.0982089552238806,0.7057462686567164,0.7345967741935484,0.907258064516129,0.00016129032258064516,0.0013157894736842105,0.10473684210526316,0.6910526315789474,0.8697115384615385,0.9579807692307692,0.0003846153846153846,0.0013829787234042553,0.11382978723404255,0.6653191489361702,0.6848809523809524,0.8867857142857143,0.00035714285714285714,0.0012162162162162162,0.12040540540540541,0.6501351351351351,0.80359375,0.93171875,0.00015625,0.0,0.11907407407407407,0.6475925925925926,0.6740909090909091,0.8831818181818182,0.0
3.8675,0.1245,101,6,0.9133850232428861,0.11125101280853315,0.6737304026618542,2.9850746268656717e-05,0.0,0.5628828445031752,0.6737005519155855,3.417160364558957e-27,0.6655419580419581,0.5409431350929363,5,0.03140769517325986,resonant phase-memory,0.00014925373134328358,0.0982089552238806,0.6044029850746269,0.6515322580645161,0.907258064516129,0.0,0.0,0.10473684210526316,0.5848245614035088,0.8199038461538461,0.9579807692307692,0.0,0.0,0.11382978723404255,0.5559574468085107,0.59,0.8867857142857143,0.0,0.0,0.12040540540540541,0.5360810810810811,0.735625,0.93171875,0.0,0.0,0.11907407407407407,0.5331481481481481,0.571590909090909,0.8831818181818182,0.0
3.8675,0.1245,707,4,0.878929498592805,0.16183999558382403,0.6649060271046159,0.0017319900502531578,0.00019215999054708735,0.5189033721927039,0.6631740370543627,1.3810356854045224e-48,0.6802738927738927,0.6767516185121488,3,0.02246004525182058,resonant phase-memory,0.001119402985074627,0.1448507462686567,0.5516417910447761,0.6092741935483871,0.8611290322580645,0.00024193548387096774,0.0015789473684210526,0.15570175438596492,0.5307894736842105,0.8108653846153846,0.9348076923076923,0.0004807692307692308,0.002553191489361702,0.16531914893617022,0.5140425531914894,0.5744047619047619,0.8447619047619047,0.0002380952380952381,0.0022972972972972973,0.1685135135135135,0.5037837837837837,0.78953125,0.9253125,0.0,0.0011111111111111111,0.1748148148148148,0.49425925925925923,0.5404545454545454,0.8286363636363636,0.0
3.8675,0.1245,707,6,0.878929498592805,0.16183999558382403,0.5811477151880378,0.0002018020259901559,1.923076923076923e-05,0.4038276938669211,0.5809459131620476,2.0878185137153735e-68,0.7062995337995337,0.6767516185121488,3,0.015217166489103326,resonant phase-memory,0.0,0.1448507462686567,0.4337313432835821,0.5089516129032258,0.8611290322580645,0.0,0.0002631578947368421,0.15570175438596492,0.4139473684210526,0.7524038461538461,0.9348076923076923,9.615384615384615e-05,0.000425531914893617,0.16531914893617022,0.3981914893617021,0.4764285714285714,0.8447619047619047,0.0,0.00013513513513513514,0.1685135135135135,0.3906756756756757,0.725,0.9253125,0.0,0.00018518518518518518,0.1748148148148148,0.3825925925925926,0.44295454545454543,0.8286363636363636,0.0
3.8675,0.127,101,4,0.9098691839074903,0.13199017407539743,0.7743753330003329,0.0,0.0,0.5726696676285519,0.7743753330003329,2.442457010787676e-77,0.7228438228438228,0.4505793398227773,0,0.0,resonant phase-memory,0.0,0.12305970149253731,0.5954477611940299,0.6925,0.8761290322580645,0.0,0.0,0.1269298245614035,0.5856140350877193,0.9565384615384616,0.9836538461538461,0.0,0.0,0.130531914893617,0.5770212765957446,0.6711904761904762,0.8672619047619048,0.0,0.0,0.13554054054054054,0.5637837837837838,0.929375,0.9734375,0.0,0.0,0.1438888888888889,0.5414814814814815,0.6222727272727273,0.8488636363636364,0.0
3.8675,0.127,101,6,0.9098691839074903,0.13199017407539743,0.7064703233594363,0.0,0.0,0.4278521237387879,0.7064703233594363,4.1358570124338033e-126,0.7877039627039626,0.4505793398227773,0,0.0,resonant phase-memory,0.0,0.12305970149253731,0.4588805970149254,0.604758064516129,0.8761290322580645,0.0,0.0,0.1269298245614035,0.4457894736842105,0.9401923076923077,0.9836538461538461,0.0,0.0,0.130531914893617,0.43382978723404253,0.575952380952381,0.8672619047619048,0.0,0.0,0.13554054054054054,0.41594594594594597,0.9028125,0.9734375,0.0,0.0,0.1438888888888889,0.38481481481481483,0.5086363636363637,0.8488636363636364,0.0
3.8675,0.127,707,4,0.9057806756415628,0.14978962382348587,0.7614949271158948,0.0,0.0,0.4326823823204796,0.7614949271158948,2.52810234571613e-120,0.720558312655087,0.4937692375290422,0,0.0,resonant phase-memory,0.0,0.14985074626865671,0.43261194029850747,0.6318548387096774,0.850241935483871,0.0,0.0,0.14973684210526317,0.43026315789473685,0.9626923076923077,0.9906730769230769,0.0,0.0,0.14968085106382978,0.4351063829787234,0.6319047619047619,0.8501190476190477,0.0,0.0,0.14986486486486486,0.43283783783783786,0.94875,0.9871875,0.0,0.0,0.14981481481481482,0.4325925925925926,0.6322727272727273,0.8506818181818182,0.0
3.8675,0.127,707,6,0.9057806756415628,0.14978962382348587,0.6926391578851255,0.0,0.0,0.22235823945487834,0.6926391578851255,3.708708985983239e-187,0.774789081885856,0.4937692375290422,0,0.0,resonant phase-memory,0.0,0.14985074626865671,0.2223134328358209,0.5318548387096774,0.850241935483871,0.0,0.0,0.14973684210526317,0.2207017543859649,0.9440384615384615,0.9906730769230769,0.0,0.0,0.14968085106382978,0.22393617021276596,0.5319047619047619,0.8501190476190477,0.0,0.0,0.14986486486486486,0.22243243243243244,0.923125,0.9871875,0.0,0.0,0.14981481481481482,0.22240740740740741,0.5322727272727272,0.8506818181818182,0.0
3.8675,0.1295,101,4,0.8894535575311785,0.18380052233878846,0.7260531561852127,0.0,0.0,0.40759375733474446,0.7260531561852127,9.481229756747716e-197,0.7795678246484699,0.18306134090160753,3,0.019090830341117127,resonant phase-memory,0.0,0.183955223880597,0.4076865671641791,0.5586290322580645,0.8174193548387096,0.0,0.0,0.185,0.4052631578947368,0.9779807692307693,0.994326923076923,0.0,0.0,0.18436170212765957,0.40617021276595744,0.5601190476190476,0.8192857142857143,0.0,0.0,0.18364864864864866,0.4081081081081081,0.96421875,0.99078125,0.0,0.0,0.18203703703703702,0.41074074074074074,0.5693181818181818,0.8254545454545454,0.0
3.8675,0.1295,101,6,0.8894535575311785,0.18380052233878846,0.6595358831356816,0.0,0.0,0.2855316524092076,0.6595358831356816,1.3466272194027897e-290,0.8391625310173698,0.18306134090160753,3,0.01808462899465321,resonant phase-memory,0.0,0.183955223880597,0.28708955223880595,0.4584677419354839,0.8174193548387096,0.0,0.0,0.185,0.28482456140350876,0.9672115384615385,0.994326923076923,0.0,0.0,0.18436170212765957,0.28361702127659577,0.4586904761904762,0.8192857142857143,0.0,0.0,0.18364864864864866,0.28675675675675677,0.94671875,0.99078125,0.0,0.0,0.18203703703703702,0.2853703703703704,0.4665909090909091,0.8254545454545454,0.0
3.8675,0.1295,707,4,0.8897054826893536,0.16426888261128036,0.7078079111748468,0.0007736465217871179,3.535980148883375e-05,0.5109251499163416,0.7070342646530596,1.0171506078177931e-79,0.6859324009324008,0.6602812660395463,2,0.015743188119103347,resonant phase-memory,0.0011940298507462687,0.16014925373134328,0.5167910447761194,0.6087096774193549,0.8474193548387097,8.064516129032258e-05,0.0008771929824561404,0.16324561403508772,0.5128070175438596,0.8698076923076923,0.9588461538461538,9.615384615384615e-05,0.000851063829787234,0.16638297872340427,0.5106382978723404,0.6002380952380952,0.8447619047619047,0.0,0.0009459459459459459,0.16527027027027028,0.5086486486486487,0.869375,0.96,0.0,0.0,0.1662962962962963,0.5057407407407407,0.5909090909090909,0.8375,0.0
3.8675,0.1295,707,6,0.8897054826893536,0.16426888261128036,0.6256663141965562,3.246923278345116e-05,0.0,0.3977007293934639,0.6256338449637727,3.253538038369177e-122,0.7270571095571094,0.6602812660395463,2,0.012697220499367102,resonant phase-memory,7.462686567164179e-05,0.16014925373134328,0.4014925373134328,0.5023387096774193,0.8474193548387097,0.0,8.771929824561403e-05,0.16324561403508772,0.39982456140350875,0.8249038461538462,0.9588461538461538,0.0,0.0,0.16638297872340427,0.3974468085106383,0.49333333333333335,0.8447619047619047,0.0,0.0,0.16527027027027028,0.3977027027027027,0.8234375,0.96,0.0,0.0,0.1662962962962963,0.392037037037037,0.4843181818181818,0.8375,0.0
3.8675,0.132,101,4,0.9525138161569615,0.06548915354156784,0.87074283008658,4.739460591777952e-05,1.6129032258064517e-05,0.7521424090433968,0.8706954354806623,1.065040103593857e-13,0.6185606060606061,0.503061537927147,0,0.0,resonant phase-memory,0.00014925373134328358,0.060746268656716416,0.7677611940298508,0.845,0.9404032258064516,8.064516129032258e-05,8.771929824561403e-05,0.0612280701754386,0.7649122807017544,0.96125,0.9875,0.0,0.0,0.06382978723404255,0.757127659574468,0.8270238095238095,0.9345238095238095,0.0,0.0,0.06756756756756757,0.7455405405405405,0.93703125,0.9796875,0.0,0.0,0.07407407407407407,0.7253703703703703,0.7834090909090909,0.9204545454545454,0.0
3.8675,0.132,101,6,0.9525138161569615,0.06548915354156784,0.8175983307686936,0.0,0.0,0.6318488463058168,0.8175983307686936,2.0031368674177487e-27,0.6669289044289044,0.503061537927147,0,0.0,resonant phase-memory,0.0,0.060746268656716416,0.6543283582089552,0.782258064516129,0.9404032258064516,0.0,0.0,0.0612280701754386,0.65,0.9447115384615384,0.9875,0.0,0.0,0.06382978723404255,0.6388297872340426,0.756547619047619,0.9345238095238095,0.0,0.0,0.06756756756756757,0.6225675675675676,0.91015625,0.9796875,0.0,0.0,0.07407407407407407,0.5935185185185186,0.6943181818181818,0.9204545454545454,0.0
3.8675,0.132,707,4,0.9324999999999999,0.11251433405961994,0.835,0.0,0.0,0.6249713318807602,0.835,6.459549606389633e-86,0.6833333333333333,0.16104477175644444,0,0.0,resonant phase-memory,0.0,0.11253731343283582,0.6249253731343284,0.725,0.8875,0.0,0.0,0.1124561403508772,0.6250877192982456,1.0,1.0,0.0,0.0,0.1125531914893617,0.6248936170212765,0.725,0.8875,0.0,0.0,0.11243243243243244,0.6251351351351352,1.0,1.0,0.0,0.0,0.11259259259259259,0.6248148148148148,0.725,0.8875,0.0
3.8675,0.132,707,6,0.9324999999999999,0.11251433405961994,0.775,0.0,0.0,0.4749713318807601,0.775,1.86943806269413e-162,0.75,0.16104477175644444,0,0.0,resonant phase-memory,0.0,0.11253731343283582,0.47492537313432837,0.625,0.8875,0.0,0.0,0.1124561403508772,0.4750877192982456,1.0,1.0,0.0,0.0,0.1125531914893617,0.4748936170212766,0.625,0.8875,0.0,0.0,0.11243243243243244,0.4751351351351351,1.0,1.0,0.0,0.0,0.11259259259259259,0.4748148148148148,0.625,0.8875,0.0
3.8675,0.1345,101,4,0.9394285321533304,0.09956658763023356,0.8492085525361736,6.493846556690233e-05,0.0,0.6422580949353693,0.8491436140706067,6.892284681750242e-36,0.6277389277389278,0.8546559453025928,0,0.0,resonant phase-memory,0.00014925373134328358,0.09947761194029851,0.6407462686567165,0.7774193548387097,0.9034677419354838,0.0,0.00017543859649122806,0.09982456140350877,0.6405263157894737,0.9686538461538462,0.99125,0.0,0.0,0.09893617021276596,0.6414893617021277,0.7771428571428571,0.9067857142857143,0.0,0.0,0.09959459459459459,0.642972972972973,0.94578125,0.98609375,0.0,0.0,0.1,0.6455555555555555,0.7770454545454546,0.9095454545454545,0.0
3.8675,0.1345,101,6,0.9394285321533304,0.09956658763023356,0.8068256585484408,0.0,0.0,0.5260006313411738,0.8068256585484408,5.7438831864773044e-52,0.6581468531468531,0.8546559453025928,0,0.0,resonant phase-memory,0.0,0.09947761194029851,0.5230597014925373,0.7231451612903226,0.9034677419354838,0.0,0.0,0.09982456140350877,0.5235964912280702,0.9540384615384615,0.99125,0.0,0.0,0.09893617021276596,0.524468085106383,0.7205952380952381,0.9067857142857143,0.0,0.0,0.09959459459459459,0.527027027027027,0.91953125,0.98609375,0.0,0.0,0.1,0.5318518518518518,0.7168181818181818,0.9095454545454545,0.0
3.8675,0.1345,707,4,0.929559225720516,0.11180403281053446,0.8062486263736263,5.3745828528132015e-05,0.0,0.6106447175225902,0.8061948805450981,1.8617153755714137e-47,0.6474358974358974,0.7066761371757664,0,0.0,resonant phase-memory,7.462686567164179e-05,0.11074626865671641,0.6125373134328358,0.725,0.8933064516129032,0.0,8.771929824561403e-05,0.11105263157894738,0.6131578947368421,0.9386538461538462,0.9822115384615384,0.0,0.00010638297872340425,0.11117021276595744,0.6134042553191489,0.7257142857142858,0.8976190476190476,0.0,0.0,0.11216216216216217,0.6098648648648649,0.924375,0.97875,0.0,0.0,0.11388888888888889,0.6042592592592593,0.7175,0.8959090909090909,0.0
3.8675,0.1345,707,6,0.929559225720516,0.11180403281053446,0.7338929756399515,0.0,0.0,0.46570003124750664,0.7338929756399515,2.0030826123239836e-88,0.6997552447552446,0.7066761371757664,0,0.0,resonant phase-memory,0.0,0.11074626865671641,0.46694029850746266,0.6245161290322581,0.8933064516129032,0.0,0.0,0.11105263157894738,0.4683333333333333,0.9132692307692307,0.9822115384615384,0.0,0.0,0.11117021276595744,0.46819148936170213,0.6247619047619047,0.8976190476190476,0.0,0.0,0.11216216216216217,0.4654054054054054,0.89328125,0.97875,0.0,0.0,0.11388888888888889,0.4596296296296296,0.6136363636363636,0.8959090909090909,0.0
3.8675,0.137,101,4,0.9324438001514614,0.09543031241366554,0.7964956216498555,0.0017823756634239493,0.00032222851073657524,0.7149374248142946,0.7947132459864316,1.0945539819260553e-06,0.5867016317016316,0.750964862051555,0,0.0,resonant phase-memory,0.0020149253731343284,0.09179104477611941,0.7205970149253731,0.7771774193548387,0.9232258064516129,0.00016129032258064516,0.0014912280701754386,0.09184210526315789,0.7194736842105263,0.8659615384615384,0.9584615384615385,0.0002884615384615385,0.001276595744680851,0.09457446808510639,0.7122340425531914,0.7670238095238096,0.9210714285714285,0.0002380952380952381,0.0013513513513513514,0.09635135135135135,0.7125675675675676,0.83640625,0.9471875,0.00046875,0.002777777777777778,0.1025925925925926,0.7098148148148148,0.735909090909091,0.9122727272727272,0.00045454545454545455
3.8675,0.137,101,6,0.9324438001514614,0.09543031241366554,0.7249044581090952,3.7037037037037037e-05,0.0,0.6111094028125834,0.7248674210720581,4.933937658687455e-11,0.6102214452214452,0.750964862051555,0,0.0,resonant phase-memory,0.0,0.09179104477611941,0.6175373134328358,0.7002419354838709,0.9232258064516129,0.0,0.0,0.09184210526315789,0.6157017543859649,0.8144230769230769,0.9584615384615385,0.0,0.0,0.09457446808510639,0.6075531914893617,0.6865476190476191,0.9210714285714285,0.0,0.0,0.09635135135135135,0.6071621621621621,0.77421875,0.9471875,0.0,0.00018518518518518518,0.1025925925925926,0.6075925925925926,0.649090909090909,0.9122727272727272,0.0
3.8675,0.137,707,4,0.9199697949899562,0.11451890211483065,0.7719237986475889,0.0005731231222865994,0.0,0.6177783995993118,0.7713506755253022,7.885551194925934e-25,0.6322377622377622,0.7684055889966387,0,0.0,resonant phase-memory,0.00037313432835820896,0.11052238805970149,0.6243283582089553,0.7258064516129032,0.8982258064516129,0.0,0.0007017543859649122,0.1118421052631579,0.6212280701754386,0.8865384615384615,0.9648076923076923,0.0,0.0007446808510638298,0.11414893617021277,0.6189361702127659,0.7094047619047619,0.8936904761904761,0.0,0.0006756756756756757,0.11608108108108108,0.6166216216216216,0.8496875,0.953125,0.0,0.00037037037037037035,0.12,0.6077777777777778,0.6881818181818182,0.89,0.0
3.8675,0.137,707,6,0.9199697949899562,0.11451890211483065,0.6957771687318057,0.0,0.0,0.4869031552486451,0.6957771687318057,2.0696299905219787e-37,0.6690034965034966,0.7684055889966387,0,0.0,resonant phase-memory,0.0,0.11052238805970149,0.49529850746268655,0.6427419354838709,0.8982258064516129,0.0,0.0,0.1118421052631579,0.49043859649122806,0.8400961538461539,0.9648076923076923,0.0,0.0,0.11414893617021277,0.4895744680851064,0.6202380952380953,0.8936904761904761,0.0,0.0,0.11608108108108108,0.48364864864864865,0.78921875,0.953125,0.0,0.0,0.12,0.47555555555555556,0.586590909090909,0.89,0.0
3.87,0.122,101,4,0.9178203782104992,0.13111453503611414,0.7501140002470649,0.0,0.0,0.5956545240063817,0.7501140002470649,2.5959503777246586e-133,0.7371911421911421,0.5215744088274519,2,0.013888977292505895,resonant phase-memory,0.0,0.1312686567164179,0.5961194029850746,0.6162903225806452,0.8699193548387096,0.0,0.0,0.1312280701754386,0.595,0.9669230769230769,0.9915384615384616,0.0,0.0,0.13148936170212766,0.5942553191489361,0.6130952380952381,0.8703571428571428,0.0,0.0,0.1312162162162162,0.5956756756756757,0.943125,0.98546875,0.0,0.0,0.13037037037037036,0.5972222222222222,0.6111363636363636,0.8718181818181818,0.0
3.87,0.122,101,6,0.9178203782104992,0.13111453503611414,0.6693464935602031,0.0,0.0,0.4518105890818364,0.6693464935602031,2.018900187148687e-222,0.808974358974359,0.5215744088274519,2,0.013650828976652471,resonant phase-memory,0.0,0.1312686567164179,0.45298507462686566,0.4991935483870968,0.8699193548387096,0.0,0.0,0.1312280701754386,0.45035087719298245,0.9509615384615384,0.9915384615384616,0.0,0.0,0.13148936170212766,0.4501063829787234,0.493452380952381,0.8703571428571428,0.0,0.0,0.1312162162162162,0.45135135135135135,0.915625,0.98546875,0.0,0.0,0.13037037037037036,0.45425925925925925,0.4875,0.8718181818181818,0.0
3.87,0.122,707,4,0.8718841034637406,0.18142411884231344,0.6278314306661081,0.0,0.0,0.4952724339221139,0.6278314306661081,1.2530505930121096e-109,0.7197727272727272,0.3730666395640324,2,0.011423440655956959,resonant phase-memory,0.0,0.18097014925373134,0.4955223880597015,0.5085483870967742,0.8202419354838709,0.0,0.0,0.18087719298245614,0.49798245614035086,0.82875,0.9553846153846154,0.0,0.0,0.1819148936170213,0.4978723404255319,0.5021428571428571,0.8169047619047619,0.0,0.0,0.18243243243243243,0.49554054054054053,0.800625,0.94734375,0.0,0.0,0.18092592592592593,0.48944444444444446,0.4990909090909091,0.8195454545454546,0.0
3.87,0.122,707,6,0.8718841034637406,0.18142411884231344,0.5363181784613236,0.0,0.0,0.39765802136143596,0.5363181784613236,2.2402237375128685e-130,0.743951048951049,0.3730666395640324,2,0.006753612777909004,resonant phase-memory,0.0,0.18097014925373134,0.39865671641791045,0.4079032258064516,0.8202419354838709,0.0,0.0,0.18087719298245614,0.4012280701754386,0.7586538461538461,0.9553846153846154,0.0,0.0,0.1819148936170213,0.4026595744680851,0.4001190476190476,0.8169047619047619,0.0,0.0,0.18243243243243243,0.3964864864864865,0.7221875,0.94734375,0.0,0.0,0.18092592592592593,0.38925925925925925,0.3927272727272727,0.8195454545454546,0.0
3.87,0.1245,101,4,0.8833783655860268,0.15873930456337568,0.6732631783539041,0.000415291191644587,0.0,0.5373027000693261,0.6728478871622595,6.4279559754922e-88,0.7535780885780885,0.3725373409926887,3,0.020238252618393793,resonant phase-memory,0.00044776119402985075,0.14694029850746268,0.5646268656716418,0.5920161290322581,0.853225806451613,0.0,0.0005263157894736842,0.15166666666666667,0.5557894736842105,0.8892307692307693,0.9649038461538462,0.0,0.00010638297872340425,0.15787234042553192,0.5392553191489362,0.5596428571428571,0.8396428571428571,0.0,0.0008108108108108108,0.1635135135135135,0.527027027027027,0.8165625,0.9409375,0.0,0.00018518518518518518,0.1737037037037037,0.4998148148148148,0.5088636363636364,0.8181818181818182,0.0
3.87,0.1245,101,6,0.8833783655860268,0.15873930456337568,0.5858136426745298,0.0,0.0,0.42009224263289885,0.5858136426745298,4.936153440344786e-132,0.7998659673659674,0.3725373409926887,3,0.014010069912124775,resonant phase-memory,0.0,0.14694029850746268,0.4457462686567164,0.48024193548387095,0.853225806451613,0.0,0.0,0.15166666666666667,0.437280701754386,0.8479807692307693,0.9649038461538462,0.0,0.0,0.15787234042553192,0.42223404255319147,0.4479761904761905,0.8396428571428571,0.0,0.0,0.1635135135135135,0.40945945945945944,0.7546875,0.9409375,0.0,0.0,0.1737037037037037,0.3857407407407407,0.3981818181818182,0.8181818181818182,0.0
3.87,0.1245,707,4,0.8884416192006919,0.16859505904928845,0.67964638285102,0.0,0.0,0.45469974286432313,0.67964638285102,1.8328375919724905e-150,0.7493276515151515,0.3599221875853452,3,0.020014300645581882,resonant phase-memory,0.0,0.16835820895522388,0.4562686567164179,0.535241935483871,0.8314516129032258,0.0,0.0,0.1685964912280702,0.45780701754385966,0.8871153846153846,0.9708653846153846,0.0,0.0,0.16829787234042554,0.459468085106383,0.5364285714285715,0.8316666666666667,0.0,0.0,0.16864864864864865,0.4516216216216216,0.90671875,0.97640625,0.0,0.0,0.16907407407407407,0.4483333333333333,0.5327272727272727,0.8318181818181818,0.0
3.87,0.1245,707,6,0.8884416192006919,0.16859505904928845,0.5834880270938739,0.0,0.0,0.3190957592949203,0.5834880270938739,1.1414085413960242e-228,0.8080587121212122,0.3599221875853452,3,0.013584132099200738,resonant phase-memory,0.0,0.16835820895522388,0.3213432835820896,0.40693548387096773,0.8314516129032258,0.0,0.0,0.1685964912280702,0.32035087719298244,0.8369230769230769,0.9708653846153846,0.0,0.0,0.16829787234042554,0.32340425531914896,0.40785714285714286,0.8316666666666667,0.0,0.0,0.16864864864864865,0.317972972972973,0.86390625,0.97640625,0.0,0.0,0.16907407407407407,0.3124074074074074,0.4018181818181818,0.8318181818181818,0.0
3.87,0.127,101,4,0.9440741036517245,0.07293513700560214,0.8485733325813971,8.248232521602513e-05,6.761786600496277e-05,0.7352514545934346,0.8484908502561811,2.1505535072890607e-13,0.6298892773892775,0.5017090872382203,0,0.0,resonant phase-memory,0.00014925373134328358,0.06567164179104477,0.7585074626865672,0.8262903225806452,0.9324193548387096,0.00024193548387096774,0.0002631578947368421,0.06921052631578947,0.7475438596491228,0.9452884615384616,0.98125,9.615384615384615e-05,0.0,0.0698936170212766,0.7429787234042553,0.8083333333333333,0.9277380952380953,0.0,0.0,0.07527027027027026,0.7264864864864865,0.9125,0.97078125,0.0,0.0,0.08462962962962962,0.7007407407407408,0.7504545454545455,0.9081818181818182,0.0
3.87,0.127,101,6,0.9440741036517245,0.07293513700560214,0.7907379018830631,0.0,0.0,0.6134026796430901,0.7907379018830631,3.0710892750396537e-26,0.6795046620046621,0.5017090872382203,0,0.0,resonant phase-memory,0.0,0.06567164179104477,0.6458208955223881,0.7607258064516129,0.9324193548387096,0.0,0.0,0.06921052631578947,0.6312280701754386,0.9247115384615384,0.98125,0.0,0.0,0.0698936170212766,0.622872340425532,0.7340476190476191,0.9277380952380953,0.0,0.0,0.07527027027027026,0.6013513513513513,0.87875,0.97078125,0.0,0.0,0.08462962962962962,0.5657407407407408,0.6554545454545454,0.9081818181818182,0.0
3.87,0.127,707,4,0.9247617748514927,0.12299291253614264,0.8040470994059703,0.0,0.0,0.584267309528445,0.8040470994059703,5.6907326280209535e-105,0.7052991452991453,0.256273152220514,0,0.0,resonant phase-memory,0.0,0.12305970149253731,0.5842537313432836,0.6824193548387096,0.8768548387096774,0.0,0.0,0.1230701754385965,0.5840350877192982,0.9896153846153846,0.9974038461538461,0.0,0.0,0.12340425531914893,0.5837234042553191,0.6816666666666666,0.8766666666666667,0.0,0.0,0.12283783783783783,0.5843243243243244,0.980625,0.99515625,0.0,0.0,0.12259259259259259,0.585,0.6859090909090909,0.8777272727272727,0.0
3.87,0.127,707,6,0.9247617748514927,0.12299291253614264,0.7297091228663809,0.0,0.0,0.4387624180982641,0.7297091228663809,5.316926547279175e-201,0.7819658119658119,0.256273152220514,0,0.0,resonant phase-memory,0.0,0.12305970149253731,0.4388059701492537,0.5626612903225806,0.8768548387096774,0.0,0.0,0.1230701754385965,0.43850877192982457,0.9846153846153847,0.9974038461538461,0.0,0.0,0.12340425531914893,0.43840425531914895,0.5616666666666666,0.8766666666666667,0.0,0.0,0.12283783783783783,0.43864864864864866,0.971875,0.99515625,0.0,0.0,0.12259259259259259,0.43944444444444447,0.5677272727272727,0.8777272727272727,0.0
3.87,0.1295,101,4,0.925,0.125,0.805,0.0,0.0,0.575,0.805,3.837465853151656e-121,0.7166666666666666,1.3947074832087748e-32,1,0.004664840277777777,resonant phase-memory,0.0,0.125,0.575,0.675,0.875,0.0,0.0,0.125,0.575,1.0,1.0,0.0,0.0,0.125,0.575,0.675,0.875,0.0,0.0,0.125,0.575,1.0,1.0,0.0,0.0,0.125,0.575,0.675,0.875,0.0
3.87,0.1295,101,6,0.925,0.125,0.7449999999999999,0.0,0.0,0.425,0.7449999999999999,7.438145109686853e-210,0.7833333333333334,1.3947074832087748e-32,1,0.004930368055555556,resonant phase-memory,0.0,0.125,0.425,0.575,0.875,0.0,0.0,0.125,0.425,1.0,1.0,0.0,0.0,0.125,0.425,0.575,0.875,0.0,0.0,0.125,0.425,1.0,1.0,0.0,0.0,0.125,0.425,0.575,0.875,0.0
3.87,0.1295,707,4,0.9175269371085903,0.13167357394331705,0.7787607745077503,0.0,0.0,0.5528786099866978,0.7787607745077503,4.512579009818554e-117,0.7332575757575757,0.2755303317576183,1,0.005950985787809431,resonant phase-memory,0.0,0.13007462686567164,0.5602985074626866,0.6595161290322581,0.8705645161290323,0.0,0.0,0.12982456140350876,0.5585964912280702,0.98125,0.9947115384615385,0.0,0.0,0.13085106382978723,0.5552127659574468,0.6521428571428571,0.868452380952381,0.0,0.0,0.13243243243243244,0.5497297297297298,0.96953125,0.99140625,0.0,0.0,0.13518518518518519,0.5405555555555556,0.6313636363636363,0.8625,0.0
3.87,0.1295,707,6,0.9175269371085903,0.13167357394331705,0.7097034638748349,0.0,0.0,0.39663509614476505,0.7097034638748349,9.060673071165396e-200,0.8032400932400932,0.2755303317576183,1,0.006301603656520659,resonant phase-memory,0.0,0.13007462686567164,0.4067910447761194,0.5549193548387097,0.8705645161290323,0.0,0.0,0.12982456140350876,0.4037719298245614,0.9732692307692308,0.9947115384615385,0.0,0.0,0.13085106382978723,0.3995744680851064,0.5453571428571429,0.868452380952381,0.0,0.0,0.13243243243243244,0.3922972972972973,0.9565625,0.99140625,0.0,0.0,0.13518518518518519,0.38074074074074077,0.5184090909090909,0.8625,0.0
3.87,0.132,101,4,0.9324999999999999,0.11251433405961994,0.835,0.0,0.0,0.59997133188076,0.835,6.459549606389633e-86,0.6833333333333333,0.16104477175644444,0,0.0,resonant phase-memory,0.0,0.11253731343283582,0.5999253731343284,0.725,0.8875,0.0,0.0,0.1124561403508772,0.6000877192982456,1.0,1.0,0.0,0.0,0.1125531914893617,0.5998936170212766,0.725,0.8875,0.0,0.0,0.11243243243243244,0.6001351351351352,1.0,1.0,0.0,0.0,0.11259259259259259,0.5998148148148148,0.725,0.8875,0.0
3.87,0.132,101,6,0.9324999999999999,0.11251433405961994,0.775,0.0,0.0,0.44997133188076005,0.775,1.86943806269413e-162,0.75,0.16104477175644444,0,0.0,resonant phase-memory,0.0,0.11253731343283582,0.44992537313432834,0.625,0.8875,0.0,0.0,0.1124561403508772,0.4500877192982456,1.0,1.0,0.0,0.0,0.1125531914893617,0.4498936170212766,0.625,0.8875,0.0,0.0,0.11243243243243244,0.45013513513513514,1.0,1.0,0.0,0.0,0.11259259259259259,0.44981481481481483,0.625,0.8875,0.0
3.87,0.132,707,4,0.9027149705133576,0.1606560403394486,0.7641927793308841,4.4570886676149836e-05,0.0,0.458284870386256,0.7641482084442079,1.5821250038479894e-140,0.7373368298368299,0.37459617691884983,0,0.0,resonant phase-memory,0.0,0.16044776119402984,0.4571641791044776,0.6245967741935484,0.8402419354838709,0.0,8.771929824561403e-05,0.1612280701754386,0.45614035087719296,0.9800961538461539,0.9946153846153846,0.0,0.0,0.16106382978723405,0.45680851063829786,0.6245238095238095,0.8417857142857142,0.0,0.00013513513513513514,0.16054054054054054,0.4594594594594595,0.96765625,0.99125,0.0,0.0,0.16,0.46185185185185185,0.6240909090909091,0.8456818181818182,0.0
3.87,0.132,707,6,0.9027149705133576,0.1606560403394486,0.6984228698049263,0.0,0.0,0.2836956363025124,0.6984228698049263,5.762779604640269e-224,0.7997960372960373,0.37459617691884983,0,0.0,resonant phase-memory,0.0,0.16044776119402984,0.28253731343283583,0.5236290322580646,0.8402419354838709,0.0,0.0,0.1612280701754386,0.2812280701754386,0.9710576923076923,0.9946153846153846,0.0,0.0,0.16106382978723405,0.2823404255319149,0.5230952380952381,0.8417857142857142,0.0,0.0,0.16054054054054054,0.2845945945945946,0.95296875,0.99125,0.0,0.0,0.16,0.2877777777777778,0.5213636363636364,0.8456818181818182,0.0
3.87,0.1345,101,4,0.9311620973112908,0.10960476581945386,0.8125686255948352,0.00012063361183382577,0.0,0.6161809617944731,0.8124479919830014,4.428648463292199e-52,0.6538986013986015,0.6481667952475976,0,0.0,resonant phase-memory,0.00022388059701492538,0.10955223880597015,0.6132089552238806,0.7291935483870968,0.8938709677419355,0.0,8.771929824561403e-05,0.10956140350877193,0.6137719298245614,0.9547115384615384,0.9871153846153846,0.0,0.00010638297872340425,0.11010638297872341,0.615,0.7247619047619047,0.8948809523809523,0.0,0.0,0.10972972972972973,0.6154054054054054,0.9303125,0.980625,0.0,0.00018518518518518518,0.10907407407407407,0.6235185185185185,0.7238636363636364,0.8993181818181818,0.0
3.87,0.1345,101,6,0.9311620973112908,0.10960476581945386,0.7415096788292352,0.0,0.0,0.46608656814123883,0.7415096788292352,5.1497804866665116e-98,0.7107284382284382,0.6481667952475976,0,0.0,resonant phase-memory,0.0,0.10955223880597015,0.46261194029850744,0.6286290322580645,0.8938709677419355,0.0,0.0,0.10956140350877193,0.4636842105263158,0.9358653846153846,0.9871153846153846,0.0,0.0,0.11010638297872341,0.4652127659574468,0.6225,0.8948809523809523,0.0,0.0,0.10972972972972973,0.4654054054054054,0.90078125,0.980625,0.0,0.0,0.10907407407407407,0.4735185185185185,0.6197727272727273,0.8993181818181818,0.0
3.87,0.1345,707,4,0.7958605497325255,0.26801821353033933,0.5547722197157682,0.017068144308838934,0.01647673965819127,0.2692970548058044,0.5377040754069292,1.0202848862446846e-140,0.7768531468531468,0.7810309701873831,5,0.028765626366406893,resonant phase-memory,0.002537313432835821,0.226044776119403,0.31417910447761194,0.4484677419354839,0.7745161290322581,0.001532258064516129,0.0037719298245614034,0.24596491228070175,0.28289473684210525,0.8034615384615384,0.9184615384615384,0.002980769230769231,0.00978723404255319,0.2681914893617021,0.2630851063829787,0.395,0.7257142857142858,0.011904761904761904,0.03054054054054054,0.2972972972972973,0.23891891891891892,0.73875,0.86015625,0.029375,0.038703703703703705,0.3025925925925926,0.2474074074074074,0.3881818181818182,0.7004545454545454,0.03659090909090909
3.87,0.1345,707,6,0.7958605497325255,0.26801821353033933,0.44060037308121985,0.004780370549553749,0.004346903096903098,0.10598018760516463,0.4358200025316661,6.264142782143526e-245,0.7625441492227012,0.7810309701873831,5,0.011604215824241476,resonant phase-memory,7.462686567164179e-05,0.226044776119403,0.1430597014925373,0.28443548387096773,0.7745161290322581,0.0,0.0003508771929824561,0.24596491228070175,0.1162280701754386,0.7522115384615384,0.9184615384615384,0.0001923076923076923,0.0014893617021276596,0.2681914893617021,0.10021276595744681,0.24011904761904762,0.7257142857142858,0.0014285714285714286,0.010135135135135136,0.2972972972972973,0.08391891891891892,0.68828125,0.86015625,0.00875,0.011851851851851851,0.3025925925925926,0.08648148148148148,0.23795454545454545,0.7004545454545454,0.011363636363636364
3.87,0.137,101,4,0.9222503155446702,0.10185551731471072,0.7638455439050197,0.001215815420976625,6.660980148883374e-05,0.6921597840758309,0.7626297284840431,0.0037841554430582103,0.5542715617715617,0.8781196899372727,10,0.06972129768735719,resonant phase-memory,0.001119402985074627,0.09746268656716418,0.6987313432835821,0.7445161290322581,0.9145967741935483,8.064516129032258e-05,0.0012280701754385965,0.10166666666666667,0.6964035087719298,0.8041346153846154,0.9390384615384615,9.615384615384615e-05,0.0014893617021276596,0.1023404255319149,0.6936170212765957,0.7498809523809524,0.9163095238095238,0.0,0.0009459459459459459,0.10391891891891891,0.687972972972973,0.79796875,0.935625,0.00015625,0.0012962962962962963,0.10388888888888889,0.6840740740740741,0.7227272727272728,0.9056818181818181,0.0
3.87,0.137,101,6,0.9222503155446702,0.10185551731471072,0.6806485789076515,0.0,0.0,0.5889628498816879,0.6806485789076515,0.0007096012753892548,0.5542750582750583,0.8781196899372727,10,0.06650913251146993,resonant phase-memory,0.0,0.09746268656716418,0.5952985074626865,0.6614516129032258,0.9145967741935483,0.0,0.0,0.10166666666666667,0.5981578947368421,0.7270192307692308,0.9390384615384615,0.0,0.0,0.1023404255319149,0.5909574468085106,0.664047619047619,0.9163095238095238,0.0,0.0,0.10391891891891891,0.5839189189189189,0.71890625,0.935625,0.0,0.0,0.10388888888888889,0.5764814814814815,0.6318181818181818,0.9056818181818181,0.0
3.87,0.137,707,4,0.9468904553108184,0.08781042749891674,0.8337728931015222,0.0,0.0,0.6745605659645038,0.8337728931015222,9.357979506849889e-84,0.6816129032258065,0.17004720756389247,0,0.0,resonant phase-memory,0.0,0.08761194029850747,0.6745522388059702,0.7250806451612903,0.912258064516129,0.0,0.0,0.08789473684210526,0.675,0.9975,0.9993269230769231,0.0,0.0,0.0876595744680851,0.6743617021276596,0.7251190476190477,0.9121428571428571,0.0,0.0,0.08810810810810811,0.675,0.9959375,0.99890625,0.0,0.0,0.08777777777777777,0.6738888888888889,0.7252272727272727,0.9118181818181819,0.0
3.87,0.137,707,6,0.9468904553108184,0.08781042749891674,0.7877401583631423,0.0,0.0,0.5614285143226828,0.7877401583631423,1.968236788273337e-137,0.7315034965034966,0.17004720756389247,0,0.0,resonant phase-memory,0.0,0.08761194029850747,0.5615671641791045,0.6496774193548387,0.912258064516129,0.0,0.0,0.08789473684210526,0.5621929824561404,0.9963461538461539,0.9993269230769231,0.0,0.0,0.0876595744680851,0.5611702127659575,0.6495238095238095,0.9121428571428571,0.0,0.0,0.08810810810810811,0.562027027027027,0.9940625,0.99890625,0.0,0.0,0.08777777777777777,0.5601851851851852,0.649090909090909,0.9118181818181819,0.0
3.8725,0.122,101,4,0.9530157352727917,0.07361025589109692,0.8553312695369147,0.0,0.0,0.7795458446362327,0.8553312695369147,1.4854668050303347e-42,0.6333516483516484,0.6337884850321046,4,0.02398748621585167,resonant phase-memory,0.0,0.07388059701492537,0.7795522388059701,0.7779032258064517,0.9261290322580645,0.0,0.0,0.07359649122807017,0.7797368421052632,0.9753846153846154,0.9938461538461538,0.0,0.0,0.07446808510638298,0.7768085106382979,0.7753571428571429,0.9257142857142857,0.0,0.0,0.07351351351351351,0.7795945945945946,0.969375,0.99234375,0.0,0.0,0.0725925925925926,0.7820370370370371,0.7786363636363637,0.9270454545454545,0.0
3.8725,0.122,101,6,0.9530157352727917,0.07361025589109692,0.8007950819341948,0.0,0.0,0.6914117294409952,0.8007950819341948,1.3803344393864976e-78,0.6799084249084248,0.6337884850321046,4,0.025014035540173007,resonant phase-memory,0.0,0.07388059701492537,0.6917910447761194,0.697258064516129,0.9261290322580645,0.0,0.0,0.07359649122807017,0.6920175438596491,0.963076923076923,0.9938461538461538,0.0,0.0,0.07446808510638298,0.6872340425531915,0.6932142857142857,0.9257142857142857,0.0,0.0,0.07351351351351351,0.6917567567567567,0.9540625,0.99234375,0.0,0.0,0.0725925925925926,0.6942592592592592,0.6963636363636364,0.9270454545454545,0.0
3.8725,0.122,707,4,0.9043852555374734,0.13465667890818733,0.7098315159303062,0.0017555508576384041,0.00015465717078620304,0.6098946771143123,0.7080759650726678,3.681013567302224e-22,0.6204239040529362,0.7758811411133886,3,0.022532653124177952,resonant phase-memory,0.0005223880597014925,0.12962686567164178,0.6217910447761194,0.6458064516129032,0.8793548387096775,8.064516129032258e-05,0.0010526315789473684,0.13333333333333333,0.6147368421052631,0.8264423076923076,0.9466346153846154,0.0,0.002127659574468085,0.13148936170212766,0.6152127659574468,0.6576190476190477,0.886547619047619,0.0002380952380952381,0.0022972972972972973,0.13864864864864865,0.6016216216216216,0.7465625,0.91734375,0.0,0.002777777777777778,0.1401851851851852,0.5961111111111111,0.6727272727272727,0.8920454545454546,0.00045454545454545455
3.8725,0.122,707,6,0.9043852555374734,0.13465667890818733,0.6058825572948556,0.0002651969212782169,0.0,0.4785370664073844,0.6056173603735774,1.5327274967255904e-39,0.6577522746071134,0.7758811411133886,3,0.016306214183511886,resonant phase-memory,7.462686567164179e-05,0.12962686567164178,0.4942537313432836,0.5234677419354838,0.8793548387096775,0.0,0.0,0.13333333333333333,0.48473684210526313,0.7600961538461538,0.9466346153846154,0.0,0.000425531914893617,0.13148936170212766,0.48425531914893616,0.5352380952380953,0.886547619047619,0.0,0.0002702702702702703,0.13864864864864865,0.4685135135135135,0.65765625,0.91734375,0.0,0.0005555555555555556,0.1401851851851852,0.4609259259259259,0.5529545454545455,0.8920454545454546,0.0
3.8725,0.1245,101,4,0.9434187865226171,0.08048986204368865,0.8366996655897866,0.00010447761194029849,0.0,0.7549711414210419,0.8365951879778463,6.123918136332055e-34,0.6547610722610722,0.5590707556626081,0,0.0,resonant phase-memory,0.0005223880597014925,0.0758955223880597,0.7701492537313432,0.7824193548387097,0.9241129032258064,0.0,0.0,0.07666666666666666,0.7655263157894737,0.9625961538461538,0.9875961538461538,0.0,0.0,0.07893617021276596,0.7588297872340426,0.7688095238095238,0.919404761904762,0.0,0.0,0.08243243243243244,0.749054054054054,0.93921875,0.97984375,0.0,0.0,0.08851851851851852,0.7312962962962963,0.7304545454545455,0.9061363636363636,0.0
3.8725,0.1245,101,6,0.9434187865226171,0.08048986204368865,0.7805293825797858,0.0,0.0,0.6598636303064442,0.7805293825797858,7.615781704621307e-61,0.7046503496503498,0.5590707556626081,0,0.0,resonant phase-memory,0.0,0.0758955223880597,0.6791044776119403,0.7080645161290322,0.9241129032258064,0.0,0.0,0.07666666666666666,0.6731578947368421,0.9478846153846154,0.9875961538461538,0.0,0.0,0.07893617021276596,0.6648936170212766,0.6904761904761905,0.919404761904762,0.0,0.0,0.08243243243243244,0.6521621621621622,0.9153125,0.97984375,0.0,0.0,0.08851851851851852,0.63,0.6409090909090909,0.9061363636363636,0.0
3.8725,0.1245,707,4,0.9550000000000001,0.06248939867647561,0.8649163873760648,0.0,0.0,0.8262735356071085,0.8649163873760648,1.0423676525909078e-12,0.5918010752688172,0.1736094408148837,0,0.0,resonant phase-memory,0.0,0.06246268656716418,0.8250746268656717,0.8185483870967742,0.9375,0.0,0.0,0.062456140350877196,0.8281578947368421,0.9,0.975,0.0,0.0,0.0625531914893617,0.8280851063829787,0.8252380952380952,0.9375,0.0,0.0,0.06256756756756757,0.8248648648648649,0.95625,0.9875,0.0,0.0,0.062407407407407404,0.8251851851851851,0.8245454545454546,0.9375,0.0
3.8725,0.1245,707,6,0.9550000000000001,0.06248939867647561,0.8224163873760648,0.0,0.0,0.7743954186842155,0.8224163873760648,4.46765228175658e-19,0.6168010752688171,0.1736094408148837,0,0.0,resonant phase-memory,0.0,0.06246268656716418,0.7719402985074627,0.7685483870967742,0.9375,0.0,0.0,0.062456140350877196,0.7781578947368422,0.85,0.975,0.0,0.0,0.0625531914893617,0.7780851063829787,0.7752380952380953,0.9375,0.0,0.0,0.06256756756756757,0.7717567567567568,0.94375,0.9875,0.0,0.0,0.062407407407407404,0.7720370370370371,0.7745454545454545,0.9375,0.0
3.8725,0.127,101,4,0.8860900648410729,0.17303606984832437,0.6799357376494474,0.0003163926407395512,8.539310152213379e-05,0.4656654597971809,0.6796193450087078,2.6267191424994694e-117,0.7185504549214226,0.37505710737009357,3,0.019848834276343486,resonant phase-memory,0.00022388059701492538,0.17291044776119402,0.4633582089552239,0.5466935483870968,0.8301612903225807,8.064516129032258e-05,0.0002631578947368421,0.17342105263157895,0.4650877192982456,0.8745192307692308,0.9651923076923077,0.0,0.00031914893617021275,0.175,0.46095744680851064,0.5525,0.8336904761904762,0.00011904761904761905,0.0004054054054054054,0.17310810810810812,0.4654054054054054,0.864375,0.96140625,0.0,0.00037037037037037035,0.17074074074074075,0.4735185185185185,0.5615909090909091,0.84,0.00022727272727272727
3.8725,0.127,101,6,0.8860900648410729,0.17303606984832437,0.5883150069017005,0.0,0.0,0.34146484225530205,0.5883150069017005,2.15915026322598e-174,0.7639578163771712,0.37505710737009357,3,0.013715267923408828,resonant phase-memory,0.0,0.17291044776119402,0.34007462686567164,0.4288709677419355,0.8301612903225807,0.0,0.0,0.17342105263157895,0.3420175438596491,0.8248076923076924,0.9651923076923077,0.0,0.0,0.175,0.3372340425531915,0.4330952380952381,0.8336904761904762,0.0,0.0,0.17310810810810812,0.3404054054054054,0.8134375,0.96140625,0.0,0.0,0.17074074074074075,0.3475925925925926,0.44136363636363635,0.84,0.0
3.8725,0.127,707,4,0.8816219667429344,0.16638528232566438,0.6838483502384712,7.764091078760732e-05,0.0,0.48446649798667984,0.6837707093276836,4.328833385536035e-107,0.7711946386946387,0.45448879862045427,3,0.022289880346918246,resonant phase-memory,0.0,0.15014925373134327,0.5202985074626866,0.5949193548387097,0.8493548387096774,0.0,0.00017543859649122806,0.156140350877193,0.5078947368421053,0.9145192307692308,0.9708653846153846,0.0,0.0002127659574468085,0.1646808510638298,0.49042553191489363,0.5553571428571429,0.8310714285714286,0.0,0.0,0.17391891891891892,0.46797297297297297,0.84671875,0.945,0.0,0.0,0.18703703703703703,0.43574074074074076,0.5077272727272727,0.8118181818181818,0.0
3.8725,0.127,707,6,0.8816219667429344,0.16638528232566438,0.5696348916540448,0.0,0.0,0.30242526121582125,0.5696348916540448,3.3921785906850722e-192,0.8547860472860473,0.45448879862045427,3,0.014026585850483098,resonant phase-memory,0.0,0.15014925373134327,0.35126865671641794,0.45306451612903226,0.8493548387096774,0.0,0.0,0.156140350877193,0.3343859649122807,0.8797115384615385,0.9708653846153846,0.0,0.0,0.1646808510638298,0.3108510638297872,0.39845238095238095,0.8310714285714286,0.0,0.0,0.17391891891891892,0.2793243243243243,0.78421875,0.945,0.0,0.0,0.18703703703703703,0.2362962962962963,0.3327272727272727,0.8118181818181818,0.0
3.8725,0.1295,101,4,0.8942622263489198,0.1754712395703688,0.7374091013153513,0.0,0.0,0.42843377751236555,0.7374091013153513,2.113860904224316e-191,0.7739335664335665,0.22772744672529815,2,0.012873935528481846,resonant phase-memory,0.0,0.17529850746268658,0.4273880597014925,0.575,0.8263709677419355,0.0,0.0,0.17535087719298245,0.42771929824561405,0.9856730769230769,0.9959615384615385,0.0,0.0,0.17542553191489363,0.4278723404255319,0.5748809523809524,0.8269047619047619,0.0,0.0,0.17554054054054055,0.4291891891891892,0.97671875,0.9934375,0.0,0.0,0.17574074074074075,0.43,0.5747727272727273,0.8286363636363636,0.0
3.8725,0.1295,101,6,0.8942622263489198,0.1754712395703688,0.6721321125111448,0.0,0.0,0.28103954312822627,0.6721321125111448,1.7455911035637083e-292,0.8396386946386947,0.22772744672529815,2,0.012662596864674483,resonant phase-memory,0.0,0.17529850746268658,0.2792537313432836,0.4731451612903226,0.8263709677419355,0.0,0.0,0.17535087719298245,0.2794736842105263,0.9792307692307692,0.9959615384615385,0.0,0.0,0.17542553191489363,0.2803191489361702,0.47226190476190477,0.8269047619047619,0.0,0.0,0.17554054054054055,0.2818918918918919,0.96625,0.9934375,0.0,0.0,0.17574074074074075,0.28425925925925927,0.4697727272727273,0.8286363636363636,0.0
3.8725,0.1295,707,4,0.8467869764643959,0.24398678705782045,0.6221288922770778,0.0,0.0,0.27211473396145214,0.6221288922770778,2.0615954958940673e-306,0.8470060483870967,0.23993056216737169,2,0.012105165528646525,resonant phase-memory,0.0,0.2441044776119403,0.26992537313432835,0.41620967741935483,0.7558870967741935,0.0,0.0,0.2442982456140351,0.2707017543859649,0.9208653846153846,0.9799038461538462,0.0,0.0,0.24372340425531916,0.2763829787234043,0.4182142857142857,0.7566666666666667,0.0,0.0,0.24391891891891893,0.27337837837837836,0.93671875,0.98375,0.0,0.0,0.24388888888888888,0.2701851851851852,0.41863636363636364,0.7577272727272727,0.0
3.8725,0.1295,707,6,0.8467869764643959,0.24398678705782045,0.5244065658803562,0.0,0.0,0.15526143008847626,0.5244065658803562,0.0,0.8796977552017875,0.23993056216737169,2,0.0068125868329381,resonant phase-memory,0.0,0.2441044776119403,0.15402985074626865,0.27580645161290324,0.7558870967741935,0.0,0.0,0.2442982456140351,0.15359649122807018,0.8819230769230769,0.9799038461538462,0.0,0.0,0.24372340425531916,0.15851063829787235,0.27904761904761904,0.7566666666666667,0.0,0.0,0.24391891891891893,0.15554054054054053,0.9059375,0.98375,0.0,0.0,0.24388888888888888,0.15462962962962962,0.2793181818181818,0.7577272727272727,0.0
3.8725,0.132,101,4,0.8785155341969858,0.1924511213424653,0.6978722534186244,0.0009928138430754132,0.00034362378213184663,0.4257307517609368,0.696879439575549,1.3254222788608524e-140,0.7413694638694639,0.2605701774936774,1,0.0066966952041833385,resonant phase-memory,0.00044776119402985075,0.1912686567164179,0.42440298507462687,0.5574193548387096,0.8140322580645162,0.00016129032258064516,0.0010526315789473684,0.19131578947368422,0.4245614035087719,0.9193269230769231,0.9747115384615385,0.0003846153846153846,0.000851063829787234,0.19095744680851065,0.42872340425531913,0.559404761904762,0.8180952380952381,0.0004761904761904762,0.0009459459459459459,0.19297297297297297,0.4268918918918919,0.8959375,0.966875,0.00046875,0.0016666666666666668,0.19574074074074074,0.42407407407407405,0.5572727272727273,0.8188636363636363,0.00022727272727272727
3.8725,0.132,101,6,0.8785155341969858,0.1924511213424653,0.6204710860376184,0.00013535375224131888,4.304029304029304e-05,0.3081644692109,0.6203357322853771,2.7858830110901087e-207,0.7914288668320926,0.2605701774936774,1,0.005309942751564545,resonant phase-memory,7.462686567164179e-05,0.1912686567164179,0.30783582089552236,0.45064516129032256,0.8140322580645162,0.0,0.00017543859649122806,0.19131578947368422,0.30657894736842106,0.8877884615384616,0.9747115384615385,9.615384615384615e-05,0.00010638297872340425,0.19095744680851065,0.3096808510638298,0.4519047619047619,0.8180952380952381,0.00011904761904761905,0.00013513513513513514,0.19297297297297297,0.30783783783783786,0.8590625,0.966875,0.0,0.00018518518518518518,0.19574074074074074,0.3088888888888889,0.45295454545454544,0.8188636363636363,0.0
3.8725,0.132,707,4,0.8949999999999999,0.175,0.7449999999999999,0.0,0.0,0.4,0.7449999999999999,7.438145109686853e-210,0.7833333333333334,1.3947074832087808e-32,1,0.005454609722222225,resonant phase-memory,0.0,0.175,0.4,0.575,0.825,0.0,0.0,0.175,0.4,1.0,1.0,0.0,0.0,0.175,0.4,0.575,0.825,0.0,0.0,0.175,0.4,1.0,1.0,0.0,0.0,0.175,0.4,0.575,0.825,0.0
3.8725,0.132,707,6,0.8949999999999999,0.175,0.67,0.0,0.0,0.20625716702980998,0.67,0.0,0.8666666666666667,1.3947074832087808e-32,1,0.005405967460317463,resonant phase-memory,0.0,0.175,0.20626865671641792,0.45,0.825,0.0,0.0,0.175,0.2062280701754386,1.0,1.0,0.0,0.0,0.175,0.20627659574468085,0.45,0.825,0.0,0.0,0.175,0.20621621621621622,1.0,1.0,0.0,0.0,0.175,0.20629629629629628,0.45,0.825,0.0
3.8725,0.1345,101,4,0.8636991224501305,0.15576883828388902,0.6636813542640155,0.00845438480549042,0.00646456903311742,0.572928607118258,0.6552269694585251,0.0008612469690381693,0.6311713286713287,0.5359075496291995,57,0.17292846023144115,resonant phase-memory,0.002164179104477612,0.11253731343283582,0.6447761194029851,0.7057258064516129,0.8926612903225807,0.000967741935483871,0.0030701754385964912,0.13087719298245615,0.6132456140350877,0.7647115384615385,0.9127884615384615,0.0021153846153846153,0.007127659574468085,0.1570212765957447,0.5687234042553192,0.6109523809523809,0.8410714285714286,0.007023809523809524,0.013243243243243243,0.1822972972972973,0.5256756756756756,0.6690625,0.86015625,0.010625,0.016666666666666666,0.19611111111111112,0.5122222222222222,0.5679545454545455,0.8118181818181818,0.011590909090909091
3.8725,0.1345,101,6,0.8636991224501305,0.15576883828388902,0.5584733482243563,0.0002616984620126804,2.380952380952381e-05,0.42964248611232614,0.5582116497623437,8.386402291392672e-07,0.6377529137529139,0.5359075496291995,57,0.10051510773105428,resonant phase-memory,7.462686567164179e-05,0.11253731343283582,0.5108955223880597,0.6051612903225806,0.8926612903225807,0.0,8.771929824561403e-05,0.13087719298245615,0.4739473684210526,0.6859615384615385,0.9127884615384615,0.0,0.0,0.1570212765957447,0.4246808510638298,0.49142857142857144,0.8410714285714286,0.00011904761904761905,0.0004054054054054054,0.1822972972972973,0.37554054054054054,0.56890625,0.86015625,0.0,0.0007407407407407407,0.19611111111111112,0.36314814814814816,0.4409090909090909,0.8118181818181818,0.0
3.8725,0.1345,707,4,0.8876665834165834,0.18818990680941844,0.7197631696260729,2.9850746268656717e-05,0.0,0.4068496148536095,0.7197333188798042,6.966378168798603e-207,0.7857775020678246,0.4948914496883363,1,0.007858767177647087,resonant phase-memory,0.00014925373134328358,0.18798507462686567,0.4058955223880597,0.5505645161290322,0.815,0.0,0.0,0.1879824561403509,0.40517543859649124,0.9792307692307692,0.9946153846153846,0.0,0.0,0.18808510638297873,0.40574468085106385,0.550952380952381,0.8167857142857143,0.0,0.0,0.18837837837837837,0.40743243243243243,0.96625,0.99125,0.0,0.0,0.18851851851851853,0.41,0.5518181818181818,0.8206818181818182,0.0
3.8725,0.1345,707,6,0.8876665834165834,0.18818990680941844,0.661153930075301,0.0,0.0,0.2862470600165106,0.661153930075301,1.055022046036176e-289,0.8385547785547784,0.4948914496883363,1,0.007435376122361146,resonant phase-memory,0.0,0.18798507462686567,0.28492537313432836,0.46241935483870966,0.815,0.0,0.0,0.1879824561403509,0.2833333333333333,0.9694230769230769,0.9946153846153846,0.0,0.0,0.18808510638297873,0.284468085106383,0.4620238095238095,0.8167857142857143,0.0,0.0,0.18837837837837837,0.28702702702702704,0.9503125,0.99125,0.0,0.0,0.18851851851851853,0.2914814814814815,0.4615909090909091,0.8206818181818182,0.0
3.8725,0.137,101,4,0.9487081121163783,0.06778737283856703,0.863944576592762,5.9701492537313435e-05,0.0,0.7540781807362678,0.8638848751002247,2.8439594420598538e-11,0.6157634032634032,0.5007961720285234,0,0.0,resonant phase-memory,0.00029850746268656717,0.05955223880597015,0.773955223880597,0.8437096774193549,0.9403225806451613,0.0,0.0,0.06324561403508772,0.7657017543859649,0.9518269230769231,0.9827884615384616,0.0,0.0,0.06648936170212766,0.7577659574468085,0.8242857142857143,0.9322619047619047,0.0,0.0,0.07094594594594594,0.7464864864864865,0.92171875,0.97203125,0.0,0.0,0.0787037037037037,0.7264814814814815,0.7781818181818182,0.9161363636363636,0.0
3.8725,0.137,101,6,0.9487081121163783,0.06778737283856703,0.8097323754874157,0.0,0.0,0.6373523621731406,0.8097323754874157,9.277713237943464e-23,0.6618589743589745,0.5007961720285234,0,0.0,resonant phase-memory,0.0,0.05955223880597015,0.6644029850746269,0.7808064516129032,0.9403225806451613,0.0,0.0,0.06324561403508772,0.6530701754385965,0.9327884615384615,0.9827884615384616,0.0,0.0,0.06648936170212766,0.6424468085106383,0.7542857142857143,0.9322619047619047,0.0,0.0,0.07094594594594594,0.6270270270270271,0.89078125,0.97203125,0.0,0.0,0.0787037037037037,0.5998148148148148,0.69,0.9161363636363636,0.0
3.8725,0.137,707,4,0.930497484706154,0.10661333456603468,0.808288901622571,0.0007959720848022898,0.0,0.6120684716572968,0.8074929295377687,1.9544838024413284e-33,0.6439335664335664,0.8618415679307354,0,0.0,resonant phase-memory,0.0006716417910447761,0.10514925373134329,0.6176119402985074,0.7433870967741936,0.9033870967741936,0.0,0.0006140350877192983,0.10456140350877192,0.6182456140350877,0.9231730769230769,0.9755769230769231,0.0,0.0009574468085106382,0.10563829787234043,0.6162765957446809,0.7496428571428572,0.905952380952381,0.0,0.0008108108108108108,0.10716216216216216,0.6078378378378378,0.91796875,0.97484375,0.0,0.000925925925925926,0.11055555555555556,0.6003703703703703,0.7072727272727273,0.8927272727272727,0.0
3.8725,0.137,707,6,0.930497484706154,0.10661333456603468,0.7488802484477888,0.0,0.0,0.46062391791266455,0.7488802484477888,5.683156299698824e-52,0.6801107226107226,0.8618415679307354,0,0.0,resonant phase-memory,0.0,0.10514925373134329,0.46634328358208954,0.6683064516129033,0.9033870967741936,0.0,0.0,0.10456140350877192,0.46780701754385967,0.8922115384615384,0.9755769230769231,0.0,0.0,0.10563829787234043,0.46627659574468083,0.6776190476190476,0.905952380952381,0.0,0.0,0.10716216216216216,0.45472972972972975,0.88421875,0.97484375,0.0,0.0,0.11055555555555556,0.44796296296296295,0.6220454545454546,0.8927272727272727,0.0
3.875,0.122,101,4,0.8066204044611303,0.2186607198865393,0.4734273397972995,0.005007362479392029,0.002444732350982351,0.4277791484218755,0.46841997731790747,0.0010019936180792409,0.4857216117216117,0.6309149473359397,13,0.028786037416982973,resonant phase-memory,0.005298507462686567,0.18208955223880596,0.5194029850746269,0.5066935483870968,0.8270161290322581,0.0025,0.004824561403508772,0.2074561403508772,0.44377192982456143,0.5263461538461538,0.8333653846153846,0.0015384615384615385,0.005319148936170213,0.23159574468085106,0.3854255319148936,0.4135714285714286,0.7879761904761905,0.002261904761904762,0.0045945945945945945,0.23716216216216215,0.3877027027027027,0.48984375,0.8065625,0.00296875,0.005,0.235,0.4025925925925926,0.43068181818181817,0.7781818181818182,0.0029545454545454545
3.875,0.122,101,6,0.8066204044611303,0.2186607198865393,0.3375629266566767,0.00027649726910979435,0.00011213517665130568,0.28409729863238914,0.3372864293875669,1.5681351394734566e-06,0.3212850837043466,0.6309149473359397,13,0.0036152248462709173,resonant phase-memory,0.00037313432835820896,0.18208955223880596,0.3794776119402985,0.3675,0.8270161290322581,0.0003225806451612903,0.0005263157894736842,0.2074561403508772,0.30333333333333334,0.40509615384615383,0.8333653846153846,0.0,0.0002127659574468085,0.23159574468085106,0.23648936170212767,0.26011904761904764,0.7879761904761905,0.0002380952380952381,0.0002702702702702703,0.23716216216216215,0.2372972972972973,0.35828125,0.8065625,0.0,0.0,0.235,0.2638888888888889,0.2968181818181818,0.7781818181818182,0.0
3.875,0.122,707,4,0.9053740248326942,0.13921518913240596,0.7180470030641402,0.0,0.0,0.5898040299161623,0.7180470030641402,4.326322807467394e-76,0.6776592224979321,0.48809056782609633,2,0.013498541632309664,resonant phase-memory,0.0,0.13932835820895523,0.5967910447761194,0.612741935483871,0.8608870967741935,0.0,0.0,0.1407017543859649,0.5874561403508772,0.8792307692307693,0.9689423076923077,0.0,0.0,0.13914893617021276,0.5877659574468085,0.6133333333333333,0.8633333333333333,0.0,0.0,0.13837837837837838,0.591081081081081,0.86515625,0.96484375,0.0,0.0,0.1385185185185185,0.585925925925926,0.6197727272727273,0.8688636363636364,0.0
3.875,0.122,707,6,0.9053740248326942,0.13921518913240596,0.6220534240624966,0.0,0.0,0.48406368361308105,0.6220534240624966,9.498358461146416e-119,0.7223565323565324,0.48809056782609633,2,0.010717704227610416,resonant phase-memory,0.0,0.13932835820895523,0.49649253731343285,0.4939516129032258,0.8608870967741935,0.0,0.0,0.1407017543859649,0.48289473684210527,0.8236538461538462,0.9689423076923077,0.0,0.0,0.13914893617021276,0.4808510638297872,0.4901190476190476,0.8633333333333333,0.0,0.0,0.13837837837837838,0.4837837837837838,0.80390625,0.96484375,0.0,0.0,0.1385185185185185,0.4762962962962963,0.49863636363636366,0.8688636363636364,0.0
3.875,0.1245,101,4,0.9143602036404456,0.1332437839219775,0.746937388216622,0.0,0.0,0.6006417731431688,0.746937388216622,1.1929845760436721e-113,0.7199725274725275,0.5461472999374938,2,0.014047208023694531,resonant phase-memory,0.0,0.13335820895522388,0.6032835820895522,0.6246774193548387,0.8673387096774193,0.0,0.0,0.13307017543859648,0.6025438596491228,0.948173076923077,0.9869230769230769,0.0,0.0,0.13297872340425532,0.6011702127659575,0.6182142857142857,0.8677380952380952,0.0,0.0,0.1331081081081081,0.5997297297297297,0.92453125,0.9809375,0.0,0.0,0.1337037037037037,0.5964814814814815,0.6190909090909091,0.8688636363636364,0.0
3.875,0.1245,101,6,0.9143602036404456,0.1332437839219775,0.6588626329987217,0.0,0.0,0.46773331036908444,0.6588626329987217,1.1829247740005104e-194,0.7884382284382285,0.5461472999374938,2,0.013409983823716833,resonant phase-memory,0.0,0.13335820895522388,0.47328358208955223,0.5017741935483871,0.8673387096774193,0.0,0.0,0.13307017543859648,0.4712280701754386,0.9228846153846154,0.9869230769230769,0.0,0.0,0.13297872340425532,0.46797872340425534,0.49083333333333334,0.8677380952380952,0.0,0.0,0.1331081081081081,0.4643243243243243,0.88859375,0.9809375,0.0,0.0,0.1337037037037037,0.46185185185185185,0.49022727272727273,0.8688636363636364,0.0
3.875,0.1245,707,4,0.8718925026586317,0.15093869765204024,0.644006356882365,0.005230380419696995,0.0016566179116582341,0.6080203371461582,0.6387759764626679,0.009137410406756,0.5871468531468531,0.7352143566159789,7,0.04670532862662172,resonant phase-memory,0.0024626865671641793,0.13186567164179105,0.6397761194029851,0.6676612903225806,0.8850806451612904,0.0008064516129032258,0.0036842105263157894,0.1357017543859649,0.6399122807017544,0.7047115384615384,0.9038461538461539,0.0015384615384615385,0.005,0.14574468085106382,0.6264893617021277,0.6213095238095238,0.8617857142857143,0.0009523809523809524,0.006486486486486486,0.16027027027027027,0.5854054054054054,0.67953125,0.88125,0.00203125,0.008518518518518519,0.1811111111111111,0.5485185185185185,0.5468181818181819,0.8275,0.0029545454545454545
3.875,0.1245,707,6,0.8718925026586317,0.15093869765204024,0.5323218760406261,0.0005186821760170024,8.173076923076923e-05,0.49292455735640706,0.5318031938646091,0.000777256309947239,0.5636899766899767,0.7352143566159789,7,0.0239308892945245,resonant phase-memory,0.0,0.13186567164179105,0.530223880597015,0.56,0.8850806451612904,0.0,0.0004385964912280702,0.1357017543859649,0.5308771929824562,0.6001923076923077,0.9038461538461539,9.615384615384615e-05,0.0006382978723404255,0.14574468085106382,0.5177659574468085,0.5077380952380952,0.8617857142857143,0.0,0.0004054054054054054,0.16027027027027027,0.46445945945945943,0.57890625,0.88125,0.0003125,0.0011111111111111111,0.1811111111111111,0.4212962962962963,0.4147727272727273,0.8275,0.0
3.875,0.127,101,4,0.916517870234604,0.1280988014806938,0.7615698283571267,0.0,0.0,0.6186371791055316,0.7615698283571267,1.7347966698633762e-93,0.7003804797353184,0.5093421626063125,4,0.026851447624318566,resonant phase-memory,0.0,0.1287313432835821,0.6198507462686568,0.6434677419354838,0.8721774193548387,0.0,0.0,0.12850877192982457,0.6146491228070176,0.9440384615384615,0.985,0.0,0.0,0.1275531914893617,0.6243617021276596,0.6478571428571429,0.8725,0.0,0.0,0.1281081081081081,0.6143243243243244,0.91953125,0.97859375,0.0,0.0,0.1275925925925926,0.62,0.6529545454545455,0.8743181818181818,0.0
3.875,0.127,101,6,0.916517870234604,0.1280988014806938,0.6825106153926719,0.0,0.0,0.47926256724207617,0.6825106153926719,1.9052219017116727e-161,0.7627088502894954,0.5093421626063125,4,0.027122076587368475,resonant phase-memory,0.0,0.1287313432835821,0.4826865671641791,0.5286290322580646,0.8721774193548387,0.0,0.0,0.12850877192982457,0.47271929824561404,0.9226923076923077,0.985,0.0,0.0,0.1275531914893617,0.48925531914893616,0.5342857142857143,0.8725,0.0,0.0,0.1281081081081081,0.47054054054054056,0.88671875,0.97859375,0.0,0.0,0.1275925925925926,0.4811111111111111,0.5402272727272728,0.8743181818181818,0.0
3.875,0.127,707,4,0.916786678375388,0.1299574899898645,0.7634683763816827,0.0,0.0,0.5852325014924838,0.7634683763816827,5.1745877010501965e-110,0.7261305361305361,0.37492088731909173,2,0.012647876496005149,resonant phase-memory,0.0,0.12880597014925374,0.5905223880597015,0.6461290322580645,0.8716935483870968,0.0,0.0,0.1287719298245614,0.5909649122807018,0.9644230769230769,0.9908653846153846,0.0,0.0,0.12936170212765957,0.5871276595744681,0.64,0.8702380952380953,0.0,0.0,0.1308108108108108,0.5816216216216217,0.9415625,0.985,0.0,0.0,0.13203703703703704,0.575925925925926,0.6252272727272727,0.8661363636363636,0.0
3.875,0.127,707,6,0.916786678375388,0.1299574899898645,0.6919914594813789,0.0,0.0,0.47054838544315575,0.6919914594813789,4.6942880753172904e-175,0.7873193473193474,0.37492088731909173,2,0.013049687904249064,resonant phase-memory,0.0,0.12880597014925374,0.4787313432835821,0.5458870967741936,0.8716935483870968,0.0,0.0,0.1287719298245614,0.4797368421052632,0.9471153846153846,0.9908653846153846,0.0,0.0,0.12936170212765957,0.4728723404255319,0.5373809523809524,0.8702380952380953,0.0,0.0,0.1308108108108108,0.46621621621621623,0.9134375,0.985,0.0,0.0,0.13203703703703704,0.4551851851851852,0.5161363636363636,0.8661363636363636,0.0
3.875,0.1295,101,4,0.9240790446113026,0.12508052828948352,0.8016733192882386,0.0,0.0,0.5789344071386658,0.8016733192882386,2.0460623649098415e-115,0.7145687645687646,0.21795677200240035,0,0.0,resonant phase-memory,0.0,0.12462686567164179,0.5803731343283582,0.6758870967741936,0.8751612903225806,0.0,0.0,0.125,0.5799122807017544,0.9948076923076923,0.9986538461538461,0.0,0.0,0.125,0.578936170212766,0.674404761904762,0.8747619047619047,0.0,0.0,0.1254054054054054,0.5787837837837838,0.9903125,0.9975,0.0,0.0,0.12537037037037038,0.5766666666666667,0.6729545454545455,0.8743181818181818,0.0
3.875,0.1295,101,6,0.9240790446113026,0.12508052828948352,0.7393120636084346,0.0,0.0,0.45111810264242946,0.7393120636084346,3.5690423445218216e-200,0.7815151515151515,0.21795677200240035,0,0.0,resonant phase-memory,0.0,0.12462686567164179,0.45298507462686566,0.5749193548387097,0.8751612903225806,0.0,0.0,0.125,0.45245614035087717,0.9925,0.9986538461538461,0.0,0.0,0.125,0.45159574468085106,0.5729761904761905,0.8747619047619047,0.0,0.0,0.1254054054054054,0.4504054054054054,0.9859375,0.9975,0.0,0.0,0.12537037037037038,0.44814814814814813,0.5702272727272727,0.8743181818181818,0.0
3.875,0.1295,707,4,0.8415656742451099,0.22240655423687633,0.56993725427798,0.0004147635961411429,0.0,0.3709587902823182,0.5695224906818389,3.210609366731835e-140,0.8010198135198134,0.31597787450046666,1,0.004622706155194016,resonant phase-memory,0.0012686567164179104,0.20470149253731343,0.40380597014925373,0.4595161290322581,0.8037096774193548,0.0,0.0003508771929824561,0.21096491228070174,0.3917543859649123,0.8297115384615384,0.9444230769230769,0.0,0.00031914893617021275,0.22,0.3774468085106383,0.4282142857142857,0.7839285714285714,0.0,0.00013513513513513514,0.2308108108108108,0.3506756756756757,0.7540625,0.9153125,0.0,0.0,0.24555555555555555,0.33111111111111113,0.3781818181818182,0.7604545454545455,0.0
3.875,0.1295,707,6,0.8415656742451099,0.22240655423687633,0.4736611305361305,0.0,0.0,0.2705752673165887,0.4736611305361305,1.473026857351324e-169,0.7835114885114884,0.31597787450046666,1,0.0022548014004204944,resonant phase-memory,0.0,0.20470149253731343,0.29,0.345,0.8037096774193548,0.0,0.0,0.21096491228070174,0.28649122807017546,0.7644230769230769,0.9444230769230769,0.0,0.0,0.22,0.27489361702127657,0.32166666666666666,0.7839285714285714,0.0,0.0,0.2308108108108108,0.25797297297297295,0.663125,0.9153125,0.0,0.0,0.24555555555555555,0.24351851851851852,0.2740909090909091,0.7604545454545455,0.0
3.875,0.132,101,4,0.964429171299131,0.05483020559628003,0.9044830455163118,0.0,0.0,0.7825195650096789,0.9044830455163118,1.0979110085701314e-15,0.596532634032634,0.6165207906589035,0,0.0,resonant phase-memory,0.0,0.05305970149253731,0.788955223880597,0.8628225806451613,0.9466935483870967,0.0,0.0,0.05359649122807018,0.7869298245614035,0.9854807692307692,0.9960576923076923,0.0,0.0,0.054361702127659575,0.7842553191489362,0.8570238095238095,0.9451190476190476,0.0,0.0,0.05554054054054054,0.7798648648648648,0.97640625,0.99359375,0.0,0.0,0.05759259259259259,0.7725925925925926,0.8406818181818182,0.9406818181818182,0.0
3.875,0.132,101,6,0.964429171299131,0.05483020559628003,0.865554057837324,0.0,0.0,0.6758330692511636,0.865554057837324,4.487073777878106e-31,0.634644522144522,0.6165207906589035,0,0.0,resonant phase-memory,0.0,0.05305970149253731,0.6847761194029851,0.8078225806451613,0.9466935483870967,0.0,0.0,0.05359649122807018,0.6818421052631579,0.9785576923076923,0.9960576923076923,0.0,0.0,0.054361702127659575,0.6782978723404255,0.7996428571428571,0.9451190476190476,0.0,0.0,0.05554054054054054,0.672027027027027,0.96515625,0.99359375,0.0,0.0,0.05759259259259259,0.6622222222222223,0.7765909090909091,0.9406818181818182,0.0
3.875,0.132,707,4,0.8676156360440634,0.19822376112469875,0.655018319046545,0.000942435005746667,3.846153846153846e-05,0.3666187362505826,0.6540758840407983,2.0730038795681384e-153,0.797062937062937,0.5157410540790244,2,0.015233469696791369,resonant phase-memory,0.002164179104477612,0.1921641791044776,0.38985074626865673,0.532016129032258,0.8135483870967742,0.0,0.0019298245614035089,0.19456140350877194,0.3792982456140351,0.9117307692307692,0.9711538461538461,0.0001923076923076923,0.0002127659574468085,0.19531914893617022,0.3729787234042553,0.5083333333333333,0.8058333333333333,0.0,0.0004054054054054054,0.2,0.3568918918918919,0.856875,0.95390625,0.0,0.0,0.20907407407407408,0.3340740740740741,0.4661363636363636,0.7936363636363636,0.0
3.875,0.132,707,6,0.8676156360440634,0.19822376112469875,0.5489834829149346,4.477611940298508e-05,0.0,0.18048521997286016,0.5489387067955316,1.7877349377962616e-270,0.8597693972693973,0.5157410540790244,2,0.008896917132204689,resonant phase-memory,0.00022388059701492538,0.1921641791044776,0.20283582089552238,0.3815322580645161,0.8135483870967742,0.0,0.0,0.19456140350877194,0.19350877192982457,0.8841346153846154,0.9711538461538461,0.0,0.0,0.19531914893617022,0.18670212765957447,0.3547619047619048,0.8058333333333333,0.0,0.0,0.2,0.17067567567567568,0.813125,0.95390625,0.0,0.0,0.20907407407407408,0.1487037037037037,0.31136363636363634,0.7936363636363636,0.0
3.875,0.1345,101,4,0.900943374837528,0.1630880625908454,0.7570714171581108,0.0001720345640219953,0.0,0.46309719172465913,0.7568993825940887,9.841211448004328e-128,0.7312062937062938,0.5327526973656902,0,0.0,resonant phase-memory,0.0005970149253731343,0.16313432835820896,0.461044776119403,0.6263709677419355,0.8405645161290323,0.0,0.0002631578947368421,0.16280701754385965,0.46087719298245616,0.968173076923077,0.9911538461538462,0.0,0.0,0.16287234042553192,0.46170212765957447,0.6222619047619048,0.8419047619047619,0.0,0.0,0.1631081081081081,0.46297297297297296,0.9471875,0.98609375,0.0,0.0,0.1635185185185185,0.4688888888888889,0.6213636363636363,0.845,0.0
3.875,0.1345,101,6,0.900943374837528,0.1630880625908454,0.6727523001192356,0.0,0.0,0.275101859460035,0.6727523001192356,1.3874054097809608e-226,0.808513986013986,0.5327526973656902,0,0.0,resonant phase-memory,0.0,0.16313432835820896,0.27134328358208953,0.5012096774193548,0.8405645161290323,0.0,0.0,0.16280701754385965,0.27087719298245616,0.9541346153846154,0.9911538461538462,0.0,0.0,0.16287234042553192,0.2721276595744681,0.49392857142857144,0.8419047619047619,0.0,0.0,0.1631081081081081,0.2748648648648649,0.923125,0.98609375,0.0,0.0,0.1635185185185185,0.28629629629629627,0.4913636363636364,0.845,0.0
3.875,0.1345,707,4,0.7988116836120869,0.2730918232501024,0.4865313110948192,0.0010235414669570874,3.125e-05,0.20769816497984167,0.4855077696278621,7.021923183279105e-188,0.7920887445887447,0.42617657325307917,131,0.07559235651820417,resonant phase-memory,0.0012686567164179104,0.24291044776119403,0.2721641791044776,0.3876612903225806,0.7655645161290323,0.0,0.0007017543859649122,0.2548245614035088,0.24333333333333335,0.77625,0.9246153846153846,0.0,0.0015957446808510637,0.275531914893617,0.20127659574468085,0.29333333333333333,0.7209523809523809,0.0,0.0008108108108108108,0.2910810810810811,0.16486486486486487,0.70859375,0.8865625,0.00015625,0.0007407407407407407,0.3011111111111111,0.15685185185185185,0.26681818181818184,0.6963636363636364,0.0
3.875,0.1345,707,6,0.7988116836120869,0.2730918232501024,0.37459860838086645,3.7037037037037037e-05,0.0,0.061850307896772115,0.3745615713438294,1.4583708426479059e-229,0.6081689558314045,0.42617657325307917,131,0.018046167081744783,resonant phase-memory,0.0,0.24291044776119403,0.11656716417910448,0.25516129032258067,0.7655645161290323,0.0,0.0,0.2548245614035088,0.09070175438596491,0.6977884615384615,0.9246153846153846,0.0,0.0,0.275531914893617,0.0525531914893617,0.16595238095238096,0.7209523809523809,0.0,0.0,0.2910810810810811,0.03054054054054054,0.61,0.8865625,0.0,0.00018518518518518518,0.3011111111111111,0.01888888888888889,0.1440909090909091,0.6963636363636364,0.0
3.875,0.137,101,4,0.9579032489687732,0.05974837033888362,0.8774838316925011,3.246923278345116e-05,0.0,0.7802776737895154,0.8774513624597177,3.930537430739963e-08,0.5894696969696971,0.6301061002529029,0,0.0,resonant phase-memory,7.462686567164179e-05,0.056044776119402985,0.7893283582089552,0.8533870967741936,0.9454838709677419,0.0,8.771929824561403e-05,0.05728070175438597,0.7867543859649123,0.95125,0.9852884615384615,0.0,0.0,0.05882978723404255,0.7812765957446809,0.8446428571428571,0.9439285714285715,0.0,0.0,0.061216216216216215,0.7766216216216216,0.92109375,0.97640625,0.0,0.0,0.06537037037037037,0.7674074074074074,0.8170454545454545,0.9384090909090909,0.0
3.875,0.137,101,6,0.9579032489687732,0.05974837033888362,0.8261361988146263,0.0,0.0,0.6763893850227356,0.8261361988146263,4.908386558491301e-16,0.6264510489510489,0.6301061002529029,0,0.0,resonant phase-memory,0.0,0.056044776119402985,0.6877611940298507,0.7935483870967742,0.9454838709677419,0.0,0.0,0.05728070175438597,0.6848245614035088,0.9299038461538461,0.9852884615384615,0.0,0.0,0.05882978723404255,0.6772340425531915,0.7805952380952381,0.9439285714285715,0.0,0.0,0.061216216216216215,0.6717567567567567,0.88640625,0.97640625,0.0,0.0,0.06537037037037037,0.6603703703703704,0.7402272727272727,0.9384090909090909,0.0
3.875,0.137,707,4,0.901773458732128,0.16186676573115039,0.7662833285665946,0.0,0.0,0.4309767042200564,0.7662833285665946,7.21122713894301e-151,0.7459498834498834,0.3798371401711505,0,0.0,resonant phase-memory,0.0,0.1619402985074627,0.42917910447761193,0.6228225806451613,0.8383870967741935,0.0,0.0,0.16210526315789472,0.42903508771929827,0.9877884615384616,0.9968269230769231,0.0,0.0,0.16191489361702127,0.4306382978723404,0.6217857142857143,0.8388095238095238,0.0,0.0,0.1618918918918919,0.4312162162162162,0.98015625,0.99484375,0.0,0.0,0.16148148148148148,0.4348148148148148,0.6188636363636364,0.84,0.0
3.875,0.137,707,6,0.901773458732128,0.16186676573115039,0.6876722991390329,0.0,0.0,0.24010706218578393,0.6876722991390329,3.0072775297349495e-269,0.8267773892773893,0.3798371401711505,0,0.0,resonant phase-memory,0.0,0.1619402985074627,0.2373134328358209,0.4971774193548387,0.8383870967741935,0.0,0.0,0.16210526315789472,0.2375438596491228,0.9822115384615384,0.9968269230769231,0.0,0.0,0.16191489361702127,0.2393617021276596,0.49583333333333335,0.8388095238095238,0.0,0.0,0.1618918918918919,0.24094594594594596,0.97109375,0.99484375,0.0,0.0,0.16148148148148148,0.24537037037037038,0.49204545454545456,0.84,0.0
