r,epsilon,seed,global_activity_mean,global_activity_std,wall_density_mean,wall_density_std,mean_wall_velocity,global_period,global_period_power,global_spectral_entropy,global_lowfreq_power,wall_period,wall_period_power,wall_spectral_entropy,wall_lowfreq_power,global_ac_peak_lag,global_ac_peak_value,wall_ac_peak_lag,wall_ac_peak_value,wall_ac_late_mean,max_cluster_lifetime,mean_cluster_lifetime,wall_ac,frame_25,motif_25,comp_25,frame_50,motif_50,comp_50,frame_100,motif_100,comp_100,frame_150,motif_150,comp_150,long_memory_score
3.86,0.09,101,0.6403,0.049050076452539816,0.6895,0.08862702748033469,0.44736370467391323,3.937007874015748,0.0962836973020833,0.8561291046119446,0.04923883089652314,3.937007874015748,0.11363612422386485,0.8273082916812641,0.095749520378051,8,0.3531572502712072,8,0.43726229351666196,-0.008574887666838405,7.0,1.0974056979150089,"[ 1.00000000e+00 -1.30554187e-01 -1.40028772e-01  1.16845030e-01
  2.89324040e-01  4.98484993e-02 -1.55787644e-01 -3.22217130e-02
  4.37262294e-01 -8.49784525e-02 -1.68160031e-01  8.57983386e-02
  2.96604475e-01 -8.62301792e-02 -1.73097425e-01  1.04547248e-01
  2.80711926e-01 -7.27074063e-02 -1.60847767e-01  1.08757185e-01
  2.42406187e-01 -6.87329960e-02 -1.82201980e-01  1.76922054e-01
  1.43926669e-01 -9.64527833e-02 -2.00106050e-01  1.44612687e-01
  1.23711894e-01 -1.15127089e-01 -1.64437442e-01  1.94419237e-01
  1.04903912e-01 -1.36748655e-01 -1.10677870e-01  2.18394284e-01
  4.73995990e-02 -6.83482606e-02 -1.63592603e-01  2.24278367e-01
  5.80069385e-02 -1.01930743e-01 -5.81700245e-02  2.12205162e-01
 -3.22609886e-02 -7.49384131e-02 -8.05618256e-02  1.83950667e-01
 -3.26088036e-02 -1.02053471e-01 -2.88774309e-02  1.36733123e-01
  9.89643210e-03 -8.47113530e-02 -2.32607021e-02  1.85871288e-01
 -9.81632770e-02 -3.40327191e-02 -5.91858430e-03  9.33563131e-02
 -3.80381298e-02 -1.28826570e-01  2.44220376e-02  8.39948439e-02
 -1.09782234e-01 -7.42967631e-02  2.97013909e-02  3.07109074e-02
 -1.06915433e-01 -5.92016932e-02  2.27524746e-02  3.16362074e-02
 -8.52510901e-02 -1.00053662e-01  9.80213247e-02  2.18737070e-02
 -8.59999363e-02 -4.20737134e-02  7.17401572e-02 -1.01046501e-02
 -6.52458703e-02 -1.33888475e-01  1.34105987e-01 -3.40751138e-02
 -6.72041758e-02 -6.23753143e-02  4.57095388e-02  1.14728667e-02
 -1.70666157e-02 -4.58734524e-02  9.66873548e-02 -5.58471625e-02
  3.32461250e-03 -2.94034183e-02  9.31885802e-02 -6.11063369e-03
 -1.07282854e-02  1.32991502e-02  7.55518635e-02 -5.92374041e-03
  2.47366243e-02 -2.11235876e-02  5.11803686e-02 -2.82141379e-03
 -2.60329100e-02  2.16808301e-02  9.55816544e-03 -4.54493778e-02
  1.52310385e-02 -1.35757981e-02  5.74550431e-02  4.04150355e-04
 -4.50868583e-02  2.66823896e-02 -1.34169770e-02  1.90012413e-04
 -3.88017442e-02 -2.03696489e-02  2.10103441e-02  5.49871734e-02
 -6.61205003e-02 -7.16827397e-04 -6.04105796e-03 -3.37084567e-02
 -1.03657023e-03 -6.14039276e-02 -3.77456953e-02  3.22475572e-02
 -1.38800089e-02 -1.03560903e-02 -7.30322416e-03  4.28230688e-02
  1.15140520e-03 -2.73880773e-02 -1.21069417e-02  3.99290238e-02
 -4.05726471e-02  3.10947516e-02 -4.86366848e-02  1.09042936e-02
  4.37098571e-02 -9.35791082e-02 -2.44578122e-03  2.52673223e-02
 -7.81504185e-02  4.90311595e-02 -4.11525510e-02  1.68479582e-02
 -2.16409179e-02 -4.84044050e-02  8.72402050e-03]",0.307,0.0019473684210526317,0.0,0.7332222222222222,0.13872222222222222,0.0,0.7530625,0.174375,0.0,0.7492142857142857,0.1725,0.0,6.804369239971722e-06
3.86,0.09,707,0.6103999999999999,0.055401624524918036,0.7726,0.11112713440019949,0.4358038811734904,3.90625,0.28044756899940004,0.6815896679582221,0.04093645222421938,3.90625,0.2740645948327537,0.6857821699829192,0.07328255064108086,8,0.6243848644985567,8,0.6342890607033308,0.02266493206985091,9.0,1.0295842217484008,"[ 1.00000000e+00 -7.93183645e-02 -4.04378167e-01  1.13645491e-01
  4.89777016e-01  1.85543726e-02 -4.12612365e-01  7.64038402e-02
  6.34289061e-01 -1.51893856e-01 -3.68849840e-01  1.87049833e-01
  4.58016992e-01 -8.63065063e-02 -3.96712776e-01  2.09131671e-01
  4.76088867e-01 -2.24702560e-01 -2.97520119e-01  2.75606525e-01
  3.81930354e-01 -1.82010546e-01 -3.25604931e-01  3.53445640e-01
  3.38199235e-01 -2.79668870e-01 -1.89501501e-01  3.23075668e-01
  2.57362999e-01 -2.50704017e-01 -2.06027707e-01  4.26394894e-01
  2.16360793e-01 -3.44784793e-01 -1.26674328e-01  4.13396031e-01
  1.38175732e-01 -3.19685765e-01 -1.27892709e-01  5.11152162e-01
  6.56590365e-02 -3.55945979e-01 -3.42242794e-02  4.09300867e-01
  9.41801374e-02 -3.65666907e-01 -1.21424412e-02  5.01388633e-01
  1.19740486e-03 -3.54999537e-01  4.53861128e-02  4.25266857e-01
  4.69348397e-03 -3.52235487e-01  7.68968714e-02  4.46433659e-01
 -7.37798537e-02 -3.21911846e-01  1.26288892e-01  3.85553307e-01
 -6.24079862e-02 -2.96108321e-01  1.87239519e-01  3.67435100e-01
 -1.44053989e-01 -2.48374702e-01  2.04828773e-01  3.31579770e-01
 -1.43730575e-01 -2.43819448e-01  2.87382349e-01  2.75519148e-01
 -1.89186496e-01 -1.83783857e-01  2.75675873e-01  2.38526905e-01
 -2.07814855e-01 -1.69616676e-01  3.37880019e-01  1.93581137e-01
 -2.59826645e-01 -1.30973495e-01  3.22307718e-01  1.67925625e-01
 -2.82348362e-01 -9.36502327e-02  4.04639417e-01  1.02657958e-01
 -3.09229860e-01 -3.86287156e-02  3.55278803e-01  1.16276117e-01
 -3.24097664e-01 -3.09007971e-02  4.08353641e-01  4.88398962e-02
 -3.30696134e-01  4.18967127e-02  3.49564106e-01  2.08992229e-02
 -3.13395156e-01  2.15046821e-02  3.79965485e-01 -7.13790128e-02
 -3.28601443e-01  1.38368062e-01  2.93172607e-01 -5.89755029e-02
 -2.84356297e-01  1.32368819e-01  3.03956584e-01 -1.54936556e-01
 -2.75935219e-01  1.71195008e-01  2.61218239e-01 -1.31457061e-01
 -2.29521519e-01  1.85439927e-01  2.59556105e-01 -1.94439567e-01
 -1.82009776e-01  2.38803042e-01  2.14283192e-01 -2.25802313e-01
 -1.51608397e-01  2.72887238e-01  1.68566526e-01 -2.43948052e-01
 -9.79067991e-02  2.68729405e-01  1.37869407e-01 -2.64966842e-01
 -8.55421581e-02  3.00006951e-01  1.00721690e-01 -2.49662748e-01
 -5.66161740e-02  3.00080957e-01  6.67855058e-02 -2.74208881e-01
 -1.94759192e-02  3.05640321e-01  3.88073760e-03 -2.81683517e-01
  5.24842922e-02  2.87089699e-01  7.15678050e-04 -2.79701701e-01
  8.25860571e-02  2.76337128e-01 -5.46129155e-02]",0.22426315789473683,0.00015789473684210527,0.0,0.8021666666666667,0.3015555555555556,0.0,0.795375,0.24875,0.0,0.8172857142857143,0.33764285714285713,0.0,9.414129240303159e-06
3.86,0.09,1313,0.6294,0.06804880601450697,0.7175,0.129648563432072,0.4841846020639754,3.937007874015748,0.4073783122392616,0.6104364848349435,0.027028577815592224,3.937007874015748,0.44144147440905734,0.5728919260720782,0.04160155114353164,8,0.591289808752138,8,0.6476448278426411,-0.00036770324195027,9.0,1.0689809296781883,"[ 1.         -0.11799584 -0.52793783  0.08094965  0.59365212 -0.06794452
 -0.5167502   0.07832007  0.64764483 -0.1533435  -0.51619692  0.11624972
  0.60377185 -0.1974247  -0.54718971  0.24996282  0.50299398 -0.25347884
 -0.4842582   0.24230609  0.5210084  -0.30764408 -0.49280732  0.34252473
  0.40735034 -0.32217223 -0.43723805  0.36061352  0.40372425 -0.37336283
 -0.42724028  0.43922139  0.34243474 -0.41454376 -0.36581096  0.45960065
  0.29012865 -0.45752435 -0.32660222  0.4971436   0.23771845 -0.48009891
 -0.27916859  0.52611958  0.17935896 -0.50225701 -0.18989663  0.52744627
  0.12157953 -0.4981639  -0.17411319  0.52501004  0.09982301 -0.52131851
 -0.08576337  0.53045661  0.024047   -0.52320443 -0.03166654  0.53936863
 -0.04763888 -0.50376218  0.03181527  0.49247639 -0.05654495 -0.49751246
  0.07483156  0.49979698 -0.1590035  -0.47424779  0.14463449  0.44386183
 -0.16524727 -0.44559902  0.18271287  0.40608686 -0.21642299 -0.42834312
  0.23274931  0.39843013 -0.27433628 -0.40719045  0.27557225  0.33960958
 -0.28370343 -0.33500781  0.32461218  0.3153841  -0.30810738 -0.35051759
  0.37020153  0.27659775 -0.31667138 -0.24513795  0.39694653  0.23114821
 -0.37062839 -0.23405444  0.42199598  0.18034431 -0.34836023 -0.16774671
  0.42060088  0.15128504 -0.38467762 -0.11394735  0.4289031   0.09463598
 -0.37863613 -0.08471852  0.43076523  0.0571436  -0.38660519 -0.00362683
  0.37967874  0.02003793 -0.39008255  0.02163085  0.39482264 -0.04511861
 -0.3715773   0.07574254  0.36506433 -0.08530304 -0.34562058  0.10269577
  0.40052502 -0.17468803 -0.32594036  0.16095709  0.31680672 -0.18521529
 -0.31653752  0.16824794  0.31556035 -0.25935525 -0.26041794  0.20388711
  0.28386852 -0.26376961 -0.27900647  0.27529635  0.21369971 -0.27962148
 -0.21838031  0.25672269  0.22110954 -0.30591433 -0.20583922  0.33837956
  0.12904737]",0.27473684210526317,0.0006315789473684211,0.0,0.7708333333333334,0.2313888888888889,0.0,0.7600625,0.2038125,0.0,0.7637857142857143,0.24642857142857144,0.0,6.864669399865063e-06
3.86,0.09,2029,0.64055,0.05706967233128293,0.6891000000000002,0.10791751479718201,0.46749467369468983,3.90625,0.10106628037714703,0.8066150685829112,0.08366630297621061,3.90625,0.1088478502788426,0.7566321248996581,0.17834081703808988,8,0.4136422708686585,8,0.5462498070184325,0.025232239937658548,10.0,1.0986926020408163,"[ 1.00000000e+00 -3.28826526e-02 -3.18572203e-02  9.12450458e-02
  5.05468271e-01  2.43617784e-02 -1.50629279e-02  7.57850130e-02
  5.46249807e-01 -3.20163573e-02 -4.19661881e-02  1.17050828e-01
  4.15317676e-01  2.20356134e-02 -6.69486484e-02  2.05745888e-01
  3.72209974e-01  2.04788399e-02 -9.79416582e-02  1.89779251e-01
  3.17884871e-01 -1.94913547e-02 -8.65800438e-02  2.69684312e-01
  2.54824721e-01  4.17213698e-03 -8.67715639e-02  2.94635779e-01
  1.82655155e-01 -1.87186522e-02 -9.48231653e-02  3.36534419e-01
  1.45183632e-01 -1.03073589e-02 -1.11609812e-01  3.63109592e-01
  9.17008635e-02 -1.36913394e-02 -9.94831408e-02  3.88545337e-01
  5.95684254e-02 -1.81597947e-02 -4.83265377e-02  3.54640646e-01
  4.25945927e-02 -5.81686285e-02 -4.90796149e-02  3.65198564e-01
  5.24424073e-02 -4.10772433e-02  7.47102701e-03  3.07345267e-01
  8.08537041e-03 -6.72540857e-02  5.53252626e-02  3.02596034e-01
  1.24455534e-02 -2.35445532e-02  9.76918666e-02  2.39723070e-01
 -1.98517455e-02 -5.27429846e-02  1.59229547e-01  2.50748952e-01
  1.45062308e-02 -8.29709373e-02  2.08426711e-01  2.06876194e-01
  6.02530441e-03 -5.47171032e-02  2.29194835e-01  1.63807132e-01
 -2.06744558e-02 -4.33554888e-02  2.38261279e-01  1.10676410e-01
 -3.03111249e-02 -1.23924368e-01  3.03905023e-01  1.37345176e-01
 -6.50358272e-02 -7.31198117e-02  2.54528319e-01  9.19259895e-02
 -5.13567167e-02 -1.09242396e-01  3.31841115e-01  5.01285880e-02
 -7.50675165e-02 -6.41676102e-02  3.01354709e-01  9.28342917e-03
 -9.60151809e-02 -5.75448846e-02  2.96814986e-01 -2.37239732e-02
 -9.74010831e-02 -5.07736127e-02  2.55501863e-01  2.27332887e-03
 -1.35279606e-01 -2.51120427e-02  2.64326167e-01 -1.26088326e-02
 -1.09898815e-01  1.60215401e-02  1.99510078e-01 -2.66709834e-02
 -1.54349445e-01  6.26813937e-02  1.90599827e-01 -4.76023335e-02
 -1.46273884e-01  5.84937168e-02  1.27781817e-01 -2.66083844e-02
 -1.80904993e-01  1.21319372e-01  5.52765188e-02 -3.52378572e-02
 -1.58474523e-01  1.02253868e-01  5.13309812e-02 -1.01378442e-02
 -1.77165655e-01  1.58303917e-01 -1.87855530e-02 -1.35604640e-02
 -1.70003697e-01  1.48683563e-01  3.12199956e-03 -3.85429243e-02
 -1.69749578e-01  1.30999626e-01 -4.20318405e-03 -3.08417345e-02
 -1.30371935e-01  1.48145965e-01 -3.49540545e-02 -5.67764376e-02
 -8.45157773e-02  9.90277146e-02  1.49532130e-02 -8.73401224e-02
 -7.38642663e-02  8.58242138e-02  9.84655067e-04 -5.49965388e-02
 -3.81796759e-02  4.28487445e-02  3.59977812e-02]",0.2994210526315789,0.0011578947368421054,0.0,0.7524444444444445,0.15961111111111112,0.0,0.761125,0.172875,0.0,0.7587857142857143,0.20142857142857143,0.0,8.46448150354847e-06
3.86,0.11,101,0.5851000000000001,0.047386601481853495,0.766,0.07552483035399683,0.20974428187759653,2.0,0.2116056993126737,0.7944095641148423,0.13646192086029685,500.0,0.15468413635757508,0.8013825328284593,0.41038779982908963,4,0.3142672289789756,3,0.45123842917251056,0.08750913182189483,13.0,1.1019997122716156,"[ 1.          0.30446844  0.31693128  0.45123843  0.43330154  0.30403927
  0.36180365  0.35876858  0.35664516  0.33755119  0.33451613  0.28709116
  0.34569705  0.31520757  0.30193408  0.29514727  0.25732959  0.24202244
  0.27843338  0.27076999  0.21920757  0.29246985  0.30524825  0.16781627
  0.25156241  0.23334502  0.16835344  0.21384572  0.23854558  0.18964797
  0.21259467  0.20051332  0.21763955  0.21867181  0.2092202   0.22985273
  0.22211921  0.19657363  0.18736746  0.20421318  0.20352735  0.25364797
  0.2111669   0.1923885   0.19636606  0.20441094  0.19874614  0.17320056
  0.19064236  0.2194446   0.16118513  0.17245582  0.16854418  0.11848948
  0.21920617  0.19804348  0.13687377  0.17065498  0.16295652  0.14445863
  0.19051192  0.13137588  0.14937868  0.19841234  0.15565077  0.08424264
  0.15224544  0.18020617  0.14477279  0.15050351  0.19248948  0.14415288
  0.15163675  0.15242356  0.12368724  0.12650771  0.18136185  0.09915428
  0.13886115  0.1396129   0.14446704  0.12218233  0.15277279  0.09423282
  0.17857504  0.12676718  0.09277139  0.13654558  0.16247265  0.0875582
  0.15906732  0.13096213  0.16299018  0.12520757  0.16253015  0.13060309
  0.16438429  0.13918934  0.11192567  0.12060168  0.1654979   0.08823422
  0.13313043  0.13069144  0.12302805  0.08110799  0.12221739  0.07216269
  0.08371388  0.12044039  0.06950912  0.05272931  0.13735203  0.04143478
  0.06967602  0.05791024  0.05343759  0.08634222  0.04971669  0.01368724
  0.05563815  0.05204208  0.05367041 -0.01391585  0.05783871  0.05014025
 -0.01541234  0.01984151  0.04811781  0.01966199 -0.00732118  0.00458065
  0.03401403  0.02750771  0.01896774  0.01365358  0.0361094  -0.03175736
  0.04206592  0.05480926 -0.00839411  0.02542216  0.01800421 -0.01627209
  0.00790182 -0.0336676  -0.00395372  0.02723282 -0.01026928 -0.01737167
  0.00943198]",0.184,0.0002631578947368421,0.0,0.846,0.4267222222222222,0.0,0.827625,0.3945,0.0,0.8044285714285714,0.35085714285714287,0.0,0.00015211960407196051
3.86,0.11,707,0.53005,0.02749086211816574,0.9157,0.039223844788597646,0.05866240995923736,2.0,0.16157850566184606,0.816936723839879,0.09267223515797826,2.0,0.08970920559239116,0.8495038688731956,0.23515954429770003,4,0.3027479151436162,4,0.31707176423942646,-0.039549639186365636,11.0,1.0338715140566783,"[ 1.00000000e+00  6.04591585e-02  1.57635660e-01  2.27604019e-01
  3.17071764e-01  5.24891616e-02  2.15684084e-01  1.22137094e-01
  2.45312777e-01 -3.02284808e-02  2.31672332e-01  8.83564098e-02
  1.35575485e-01  6.90481440e-02  1.60745319e-01  5.45027332e-03
  1.32896322e-01  2.30998434e-02  8.55479392e-02 -8.49761263e-02
  1.09697305e-01 -4.88476383e-02  4.60994339e-02 -5.06974540e-02
  9.29980826e-02 -2.58984342e-03 -7.36912987e-03 -3.91680652e-02
  1.23006389e-01 -5.40174714e-02  7.56580068e-02 -1.89094514e-02
  5.87676648e-02 -3.80292231e-02  3.51890335e-02 -4.21084686e-02
  6.36087643e-02 -6.79165296e-02  3.57597676e-02 -9.45565645e-02
  7.94085186e-02 -6.93867313e-02  5.37889516e-02 -6.57572196e-02
  6.27092967e-02 -3.83579567e-02  4.68394226e-02 -6.19365880e-02
  3.76140552e-03 -7.67859942e-02 -1.53583662e-02 -1.01385093e-01
 -1.97916166e-03 -2.17989743e-02 -7.41177633e-02 -7.01678247e-02
  1.72589843e-02 -9.57873917e-02 -3.33392958e-02 -6.08678657e-02
  2.00591481e-02 -2.14894801e-02 -7.05583714e-02 -1.16377365e-01
  3.15885370e-02 -1.49705689e-01 -3.62796992e-02 -3.33502285e-02
 -3.40110887e-03 -5.14495323e-02 -2.90206758e-02 -8.68187922e-02
  2.33573002e-02 -9.61888711e-02 -3.28369656e-05 -9.58092570e-02
 -2.03615706e-02 -9.11592775e-02 -1.01229397e-01 -1.41757558e-01
  2.36667945e-02 -1.28378353e-01 -8.54296430e-02 -1.21498944e-01
 -6.00713158e-02 -1.00599476e-01 -1.04169801e-01 -1.16469350e-01
 -5.27278991e-03 -9.77993123e-02 -7.63909237e-02 -1.31959610e-01
  3.00670129e-03 -1.22018797e-01 -6.58820027e-02 -9.66604702e-02
 -1.71339803e-03 -3.45328012e-02 -6.20613711e-02 -7.64018563e-02
  7.60229053e-02 -5.32729589e-02 -7.53222014e-02 -5.61432425e-02
  7.45527036e-02 -2.00147545e-02 -1.38353862e-02 -1.94466464e-02
  6.57507329e-02 -5.80658039e-02  3.91106980e-02 -1.42285588e-02
  5.36988645e-02 -4.51389591e-02  1.62886689e-02 -2.18215676e-02
  2.76269378e-02 -2.79417488e-02 -3.25325412e-02 -4.68730265e-02
  7.30527588e-02 -4.95548160e-02  3.33208104e-03 -4.24869127e-02
 -1.35582609e-02 -5.28774594e-02 -5.54273160e-02 -4.82274798e-02
 -5.27876972e-03 -8.03468421e-02 -1.13989509e-02 -1.13675166e-01
  1.60003120e-02 -6.35266199e-02 -2.60572372e-02 -6.43559678e-02
 -2.68865851e-02 -7.39145407e-02 -3.09658306e-02 -1.12533698e-01
  3.11618384e-02 -3.86154006e-02 -2.49157692e-02 -4.37151140e-02
 -4.19946052e-02 -6.72937452e-02  2.44034293e-02 -4.96441752e-02
  2.58035112e-02 -1.89950147e-02  4.56825110e-02]",0.06447368421052632,0.0,0.0,0.9485,0.7643888888888889,0.0,0.9435,0.747,0.0,0.9362857142857143,0.7271428571428571,0.0,1.009380689642514e-05
3.86,0.11,1313,0.564,0.03786819245752296,0.8267,0.05755093396288195,0.13607519121414557,2.0,0.21668407700343234,0.7929229997857851,0.10004360612963224,500.0,0.07303069729717644,0.8479846520447085,0.2889327346088648,4,0.298976290097629,4,0.36554549214850957,0.0026822385822841905,13.0,1.0803711447987454,"[ 1.00000000e+00  9.60155973e-02  2.38294755e-01  2.78418489e-01
  3.65545492e-01  1.36254865e-01  1.98524602e-01  2.36435245e-01
  2.55629722e-01  1.31513742e-01  1.95190438e-01  1.54703926e-01
  2.07915993e-01  6.10531836e-02  2.51537262e-01  1.43118224e-01
  1.53958510e-01  7.65378384e-02  2.51017013e-01  2.79701399e-02
  1.11975267e-01  7.98241000e-03  1.75719659e-01 -7.37383118e-03
  3.59744332e-02  7.46912089e-02  1.11194894e-01 -6.29435798e-02
  6.79621631e-02  6.19914133e-02  7.50447902e-02 -3.03550244e-02
  1.31343778e-01 -4.27946958e-02  5.33899780e-02  3.40380301e-02
  7.12451942e-02 -1.07043124e-02  1.00576478e-01 -3.21107089e-03
  7.27478254e-02  2.17173343e-03  6.75633478e-02  3.68379855e-02
  6.28770421e-02 -9.51538747e-02  6.75563674e-02  4.66948078e-02
  6.22692362e-02 -5.12794623e-02  7.82193224e-02  5.22281023e-02
  6.76998771e-02 -5.72222360e-02  1.27428703e-01  4.02468819e-02
  5.95440127e-02  2.51986015e-02  4.30887742e-02  5.17159696e-02
  4.98785366e-02  2.07654396e-02  4.76106289e-02  6.42063820e-03
  4.89627700e-02  1.13350704e-03  9.66147018e-02 -4.04869585e-02
  2.09766463e-02  3.94676445e-02  3.08882857e-02 -5.26734861e-02
  3.15369477e-02  3.94606640e-02 -2.34647158e-02 -3.96947867e-02
  4.60252588e-02 -3.52207686e-02 -2.41751753e-02  3.65849504e-02
 -2.27203807e-02 -2.38543345e-02 -3.62590494e-02 -2.38064980e-02
  6.76139379e-03 -6.16016074e-02 -6.18267751e-02 -3.65938510e-02
 -1.57871085e-02 -6.82478601e-02  2.80394673e-02 -2.14020609e-02
 -3.51188819e-03 -4.76184487e-02  9.41897461e-03  4.74322713e-02
 -3.66276724e-02 -5.51734876e-02  4.25207979e-02  8.07273309e-03
 -4.05626625e-02 -4.61227979e-02  4.71453062e-02 -2.35334394e-02
 -6.83434789e-02  2.86473275e-02  1.77522244e-02  1.97401475e-02
  1.11607887e-02  4.77671273e-02  1.19121044e-02 -1.72009927e-02
  2.84630160e-02  5.06767167e-02  2.09627941e-02 -1.71053196e-02
  4.51644178e-02  4.10112406e-02 -5.21063733e-02  2.00271670e-02
  2.27185691e-02 -4.78226267e-03  2.12567940e-02 -1.37920963e-02
  1.67967851e-03  2.84222142e-02 -1.33686019e-02  7.75837578e-02
  1.15365009e-02 -2.03905124e-02  3.06084641e-02  4.30610155e-02
  4.64066713e-04  1.00000483e-02  2.82764763e-03  1.22609756e-02
 -2.73167497e-02  1.00957215e-02  7.45215588e-03 -7.97178234e-03
 -5.28844755e-02  2.15648091e-02  2.94885254e-02 -6.74544444e-02
  2.28970898e-02  4.67230557e-02 -2.16399455e-02 -2.34281470e-03
 -5.58720574e-03  4.30960264e-02 -1.54031720e-02]",0.13226315789473683,0.00010526315789473685,0.0,0.8988333333333334,0.5268888888888889,0.0,0.898625,0.5300625,0.0,0.8975714285714286,0.5361428571428571,0.0,0.00012446051091684896
3.86,0.11,2029,0.5334,0.0250387699378384,0.9104000000000001,0.0397723522060237,0.06450876899998827,2.066115702479339,0.033798547197822625,0.8861511093815231,0.09445136363770879,4.098360655737705,0.041800075715273236,0.8914732064367742,0.19718150748355293,4,0.21221411937346463,4,0.315515298639559,-0.004772697590176076,13.0,1.0395067366978763,"[ 1.00000000e+00 -7.14125322e-03  1.09674404e-01  1.60111667e-01
  3.15515299e-01  2.32630355e-02  6.42176706e-02  5.52557528e-02
  2.27652253e-01  2.45619785e-02  9.46219592e-02  8.43451171e-02
  1.70209478e-01  4.67985637e-02  1.88713903e-02 -1.78809488e-02
  5.53399080e-02 -1.05177768e-02 -4.99023922e-03 -1.24582815e-01
  5.47928994e-02 -3.63517928e-02 -1.18589996e-02 -6.57306428e-02
  4.98680018e-03  3.71162697e-02 -9.57772720e-02 -3.83607950e-02
 -1.50564912e-02 -1.83541193e-02 -1.10813736e-01 -5.90615486e-02
 -1.67919891e-02 -4.03697972e-02 -2.72055834e-02  1.19031002e-02
 -6.09337986e-02 -6.92382542e-02 -2.38078187e-02 -2.64479846e-02
 -3.29064886e-02 -9.49458352e-02  5.16326304e-02 -7.74425732e-02
 -1.02208871e-01  2.22434633e-02  1.39390077e-02 -7.47022708e-02
 -5.52163051e-02  2.49837657e-02 -2.50695393e-02 -5.93184646e-02
 -2.08672432e-02 -8.36049158e-03 -4.26094169e-02 -8.83133566e-02
 -4.60437971e-02  1.23258990e-03  4.38375563e-04 -1.61602185e-02
 -3.52622263e-02 -2.90772265e-02  5.86330855e-02 -3.00081930e-02
 -6.24111667e-02 -5.75410914e-02  2.38474688e-02 -4.46400647e-02
 -8.71831285e-02 -3.74033278e-02 -2.93723765e-02 -1.06685076e-01
 -6.13810752e-02 -6.91545036e-02 -6.07373691e-03 -5.24351388e-02
 -9.93275679e-02 -6.08763465e-02 -3.25652152e-02 -6.11498508e-02
 -6.69508926e-02 -9.80389420e-02  2.62869570e-02 -1.74445962e-02
 -7.31621909e-02 -2.97041420e-02  4.35167147e-02 -1.85226319e-02
 -3.06454256e-02 -9.90065240e-02  6.52222728e-02  7.83864866e-02
 -8.16400142e-02  2.43780913e-02  7.09970161e-02  4.49157943e-02
 -5.18931877e-02 -5.27426288e-03  1.11541395e-01  7.73984727e-04
 -3.97966925e-02  2.07806605e-02  5.79169575e-02  7.17386335e-02
  2.72007283e-03  6.40165883e-03  5.05171699e-02  6.30239215e-02
  2.87749962e-02 -2.12783088e-02  7.69028473e-03  4.61415061e-02
  4.91336671e-03 -1.35311789e-02  2.79391089e-03  9.18191473e-02
 -9.46563496e-03 -5.25397259e-02  8.64020634e-02  2.12018409e-02
  2.98902544e-02 -4.22891822e-02  2.77707986e-02  6.30611440e-02
 -2.62375967e-02  1.91928387e-02  6.39658120e-02  4.42987913e-03
 -1.21687149e-02  7.97471299e-03  4.67708491e-03 -1.78141911e-03
 -4.93313104e-02  3.02112982e-02 -3.94647246e-02  5.33788499e-02
 -1.69546351e-02  5.69220654e-03 -5.77312497e-03 -2.73785465e-02
  1.29186264e-02  1.34393365e-02 -3.91173823e-02  2.49471502e-03
  6.17630102e-03  9.85788702e-03 -2.43910383e-02  4.00046528e-02
 -1.13635766e-02  3.34093967e-02 -6.50381834e-03]",0.07142105263157894,0.0,0.0,0.9471666666666667,0.7572222222222222,0.0,0.94025,0.735875,0.0,0.9385,0.7378571428571429,0.0,1.3821271138583494e-05
3.86,0.13,101,0.60125,0.028012274095474667,0.7830999999999999,0.0642603299088948,0.22129958311365244,2.0,0.591364407464254,0.43270653688804367,0.12725500273754192,2.0,0.45958518297459594,0.3543076817016619,0.4203719068526745,4,0.7404858622062924,4,0.9219872959444371,0.08355208705093331,9.0,1.0964715765891908,"[ 1.00000000e+00  2.21705574e-01  7.91067824e-01  2.44451684e-01
  9.21987296e-01  2.12710328e-01  7.75216843e-01  2.27389871e-01
  8.88775398e-01  2.18245073e-01  7.45228181e-01  2.24039526e-01
  8.67671826e-01  1.99972427e-01  7.42287098e-01  2.22718537e-01
  8.49399180e-01  2.01874674e-01  7.31688709e-01  2.04445892e-01
  8.37589959e-01  1.86040645e-01  7.14234587e-01  1.91835099e-01
  8.12870840e-01  1.71400497e-01  6.93540276e-01  1.63875793e-01
  7.95399766e-01  1.69260985e-01  6.69605777e-01  1.60525448e-01
  7.75899336e-01  1.57025551e-01  6.54948678e-01  1.54753438e-01
  7.52374099e-01  1.41583832e-01  6.44350289e-01  1.25992561e-01
  7.31679788e-01  1.21298783e-01  6.19221909e-01  1.03285846e-01
  7.09791596e-01  1.06266325e-01  5.87237795e-01  8.94642211e-02
  6.97982375e-01  8.79936795e-02  5.73808480e-01  9.01556356e-02
  6.82523704e-01  7.49566740e-02  5.56337406e-01  7.02628960e-02
  6.49721068e-01  5.66840284e-02  5.30799765e-01  4.75561814e-02
  6.26605092e-01  2.67123183e-02  5.04051291e-01  2.80727032e-02
  5.90579219e-01 -4.28465221e-04  4.89018833e-01  9.31919727e-04
  5.66661672e-01 -2.31351798e-02  4.73577114e-01 -2.66181252e-02
  5.40731721e-01 -4.62342041e-02  4.43213094e-01 -5.57713125e-02
  5.11987795e-01 -7.45858202e-02  4.16072311e-01 -8.61353323e-02
  4.93322839e-01 -9.85033673e-02  3.94985690e-01 -1.01577051e-01
  4.59309370e-01 -1.10721850e-01  3.75502212e-01 -1.27114692e-01
  4.40235153e-01 -1.26163569e-01  3.41898004e-01 -1.44978077e-01
  4.12275847e-01 -1.56544540e-01  3.14347959e-01 -1.66473959e-01
  3.77870068e-01 -1.64721264e-01  2.89219580e-01 -1.74258372e-01
  3.64833063e-01 -1.76138175e-01  2.72550076e-01 -1.78819550e-01
  3.48163559e-01 -1.88373610e-01  2.65157972e-01 -2.00332383e-01
  3.37138958e-01 -1.98988950e-01  2.41223474e-01 -2.08935320e-01
  3.16427695e-01 -2.17687809e-01  2.29380349e-01 -2.14724281e-01
  2.94897910e-01 -2.21055105e-01  2.17537225e-01 -2.26567406e-01
  2.85476451e-01 -2.25223973e-01  2.02470864e-01 -2.25892943e-01
  2.67596115e-01 -2.31405244e-01  1.87813764e-01 -2.37719116e-01
  2.51318921e-01 -2.46062343e-01  1.77999995e-01 -2.51574644e-01
  2.38674225e-01 -2.58707039e-01  1.62933634e-01 -2.64219340e-01
  2.22806293e-01 -2.65706833e-01  1.49879677e-01 -2.61941735e-01
  2.11355479e-01 -2.63838489e-01  1.39639695e-01 -2.66929125e-01
  1.99103093e-01 -2.71639855e-01  1.28205832e-01 -2.74730490e-01
  1.89681633e-01 -2.77838078e-01  1.22809180e-01]",0.2063157894736842,0.0,0.0,0.7956111111111112,0.37794444444444447,0.0,0.9650625,0.8790625,0.0,0.7815714285714286,0.34614285714285714,0.0,1.2505278863501787e-05
3.86,0.13,707,0.5875,0.021650635094610984,0.8249999999999997,0.043301270189221926,0.19710008251797712,4.0,0.5,0.14240211088697471,3.344446866808146e-34,4.0,0.5,0.13833518902815395,1.359478933273781e-33,4,0.9920000000000001,4,0.9920000000000001,0.003553113553113487,3.0,1.0642414860681115,"[ 1.         -0.334      -0.332      -0.33        0.992      -0.33133333
 -0.32933333 -0.32733333  0.984      -0.32866667 -0.32666667 -0.32466667
  0.976      -0.326      -0.324      -0.322       0.968      -0.32333333
 -0.32133333 -0.31933333  0.96       -0.32066667 -0.31866667 -0.31666667
  0.952      -0.318      -0.316      -0.314       0.944      -0.31533333
 -0.31333333 -0.31133333  0.936      -0.31266667 -0.31066667 -0.30866667
  0.928      -0.31       -0.308      -0.306       0.92       -0.30733333
 -0.30533333 -0.30333333  0.912      -0.30466667 -0.30266667 -0.30066667
  0.904      -0.302      -0.3        -0.298       0.896      -0.29933333
 -0.29733333 -0.29533333  0.888      -0.29666667 -0.29466667 -0.29266667
  0.88       -0.294      -0.292      -0.29        0.872      -0.29133333
 -0.28933333 -0.28733333  0.864      -0.28866667 -0.28666667 -0.28466667
  0.856      -0.286      -0.284      -0.282       0.848      -0.28333333
 -0.28133333 -0.27933333  0.84       -0.28066667 -0.27866667 -0.27666667
  0.832      -0.278      -0.276      -0.274       0.824      -0.27533333
 -0.27333333 -0.27133333  0.816      -0.27266667 -0.27066667 -0.26866667
  0.808      -0.27       -0.268      -0.266       0.8        -0.26733333
 -0.26533333 -0.26333333  0.792      -0.26466667 -0.26266667 -0.26066667
  0.784      -0.262      -0.26       -0.258       0.776      -0.25933333
 -0.25733333 -0.25533333  0.768      -0.25666667 -0.25466667 -0.25266667
  0.76       -0.254      -0.252      -0.25        0.752      -0.25133333
 -0.24933333 -0.24733333  0.744      -0.24866667 -0.24666667 -0.24466667
  0.736      -0.246      -0.244      -0.242       0.728      -0.24333333
 -0.24133333 -0.23933333  0.72       -0.24066667 -0.23866667 -0.23666667
  0.712      -0.238      -0.236      -0.234       0.704      -0.23533333
 -0.23333333]",0.17505263157894738,0.0,0.0,0.825,0.475,0.0,1.0,1.0,0.0,0.825,0.475,0.0,5.611902021299909e-06
3.86,0.13,1313,0.55955,0.018709556381699674,0.869,0.03819685850956856,0.13374060211927122,500.0,0.23078508105208978,0.7763083004843409,0.3249907960715078,500.0,0.5900232670922015,0.45431407112665867,0.7222780016560588,4,0.41416630600132776,4,0.7847237834132971,0.29755884280216033,8.0,1.0151869158878504,"[1.         0.6409719  0.76384921 0.69611652 0.78472378 0.64502399
 0.73020425 0.62820151 0.74422481 0.6627841  0.66914325 0.63910761
 0.7448499  0.65655517 0.6457793  0.67742975 0.70304866 0.65245099
 0.64510212 0.64590953 0.67755997 0.66465936 0.60933242 0.64098286
 0.67948732 0.62971213 0.6031035  0.63818095 0.62610281 0.63376422
 0.54759424 0.62249349 0.59588485 0.61725428 0.54266758 0.61544208
 0.58883345 0.59731734 0.52958465 0.60921316 0.57102125 0.59794243
 0.53020973 0.56398492 0.57507334 0.54373544 0.5171268  0.53164222
 0.55301165 0.51694448 0.48005483 0.51855929 0.50778341 0.51414256
 0.44983687 0.51918437 0.49942975 0.51264291 0.45176422 0.52111172
 0.49450308 0.50428924 0.43312954 0.51961206 0.46558739 0.49593557
 0.43505689 0.49069637 0.46408773 0.4807279  0.41642221 0.46733242
 0.46128581 0.44022892 0.41704729 0.45897875 0.42551611 0.43530226
 0.40183962 0.44034407 0.43087046 0.4303756  0.39691295 0.4285634
 0.4293708  0.4014599  0.38513228 0.3962207  0.39572584 0.38494997
 0.37074709 0.36812748 0.40663194 0.347878   0.37267443 0.37005483
 0.36743523 0.34295134 0.35746676 0.33085812 0.36463331 0.3298684
 0.31011378 0.32120219 0.36313365 0.28381768 0.31759287 0.31497327
 0.3041974  0.28656751 0.28607265 0.28002605 0.28295819 0.2871926
 0.23529267 0.27379712 0.268573   0.22482934 0.23461549 0.24570391
 0.22122001 0.22202742 0.19541878 0.21336121 0.22314736 0.19996573
 0.18576285 0.19685127 0.19765867 0.16501851 0.1623989  0.16875805
 0.15325291 0.1437793  0.12827416 0.13936258 0.13674297 0.11356134
 0.10751474 0.13018643 0.12413982 0.10095819 0.10176559 0.102573
 0.09995339 0.08705278 0.08100617 0.08524058 0.08947498 0.05471008
 0.0692255 ]",0.12189473684210526,0.0,0.0,0.8797222222222222,0.5846666666666667,0.0,0.9778125,0.9041875,0.0,0.8705714285714286,0.5637142857142857,0.0,0.0009522858559279335
3.86,0.13,2029,0.5831000000000001,0.019732967338948307,0.8218,0.05554061576900278,0.2028911221494918,500.0,0.28403426004998633,0.6695473546582166,0.5658976004040118,500.0,0.4385841263222729,0.3975749331354941,0.8796362279978016,8,0.5914256657849464,2,0.9081157172681181,0.06223585527661043,15.0,1.0148184736972092,"[ 1.00000000e+00  8.60504389e-01  9.08115717e-01  8.63337362e-01
  8.90084830e-01  8.37908816e-01  8.69311428e-01  8.38206745e-01
  8.66367614e-01  8.27158573e-01  8.36783153e-01  8.10541086e-01
  8.19458966e-01  7.93216899e-01  8.03548179e-01  7.83789598e-01
  7.90879135e-01  7.79224912e-01  7.78210091e-01  7.62607425e-01
  7.54402417e-01  7.49231681e-01  7.43354245e-01  7.36562637e-01
  7.23495014e-01  7.16703406e-01  7.02721612e-01  7.08896977e-01
  6.81948210e-01  7.04332292e-01  6.64416551e-01  6.85179761e-01
  6.58230994e-01  6.61372087e-01  6.35130020e-01  6.54272358e-01
  6.16891661e-01  6.27222941e-01  6.05843489e-01  6.12018854e-01
  5.83449215e-01  5.91452923e-01  5.66831728e-01  5.70679521e-01
  5.38868139e-01  5.47578547e-01  5.28734138e-01  5.12424772e-01
  4.90338620e-01  4.99755728e-01  4.69565217e-01  4.82224069e-01
  4.57602873e-01  4.58208924e-01  4.44933830e-01  4.34193778e-01
  4.33885657e-01  4.13420376e-01  4.13112255e-01  4.02372204e-01
  4.03684954e-01  3.71873572e-01  3.82911552e-01  3.58497828e-01
  3.57483007e-01  3.38638597e-01  3.27898546e-01  3.15537624e-01
  3.16143674e-01  2.85953163e-01  2.89800957e-01  2.62852189e-01
  2.65079112e-01  2.43699659e-01  2.41063966e-01  2.24547128e-01
  2.24239007e-01  2.07722170e-01  2.10655792e-01  1.85327896e-01
  1.98693448e-01  1.78934867e-01  1.81161789e-01  1.58161465e-01
  1.61095087e-01  1.47819992e-01  1.38700813e-01  1.23804847e-01
  1.23496726e-01  1.15084246e-01  1.02515852e-01  1.12639661e-01
  9.37952515e-02  9.58147020e-02  8.09187360e-02  7.96964432e-02
  6.31796055e-02  7.33034142e-02  5.03030900e-02  6.20477703e-02
  5.03935476e-02  4.45161115e-02  2.70851022e-02  3.16395959e-02
  3.06995682e-03  9.24532216e-03 -1.37550020e-02 -3.89450071e-04
 -1.94413309e-02 -1.09383939e-02 -2.67485315e-02 -2.86775243e-02
 -3.80041754e-02 -4.31749115e-02 -4.69322476e-02 -4.81545404e-02
 -5.02910048e-02 -5.63759126e-02 -5.52706337e-02 -6.13555414e-02
 -6.18711342e-02 -6.23867270e-02 -6.29023198e-02 -6.34179126e-02
 -6.39335054e-02 -6.44490981e-02 -6.49646909e-02 -6.54802837e-02
 -6.59958765e-02 -6.65114693e-02 -6.70270621e-02 -6.75426549e-02
 -6.80582476e-02 -6.85738404e-02 -6.90894332e-02 -6.96050260e-02
 -7.01206188e-02 -7.06362116e-02 -7.11518044e-02 -7.16673971e-02
 -7.21829899e-02 -7.26985827e-02 -7.32141755e-02 -7.37297683e-02
 -7.42453611e-02 -7.47609539e-02 -7.52765466e-02 -7.57921394e-02
 -7.63077322e-02 -7.68233250e-02 -7.73389178e-02]",0.16726315789473684,0.0,0.0,0.8321666666666667,0.5194444444444445,0.0,0.9735625,0.90325,0.0,0.8212857142857143,0.49935714285714283,0.0,0.0007845298483454518
3.86,0.15,101,0.6139000000000001,0.05205084053115761,0.6385,0.08094905805505088,0.3800352925853928,3.9682539682539684,0.13089637663386494,0.8040533010599085,0.03597427480908088,3.9682539682539684,0.1439162092674804,0.7815268177265005,0.042237425108252694,4,0.42465897707517475,4,0.5282197550646676,-0.0022115494669002443,9.0,1.0907072087461565,"[ 1.00000000e+00 -2.50375033e-02 -5.18412727e-01  9.18021441e-02
  5.28219755e-01 -6.45259624e-02 -4.40042272e-01  2.78964557e-02
  4.37844264e-01 -1.30896265e-01 -2.78027546e-01  5.88440731e-02
  2.86189157e-01 -8.06971882e-02 -1.99596047e-01  1.19007287e-02
  2.11013391e-01 -4.27677693e-02 -1.68770516e-01 -1.63786960e-02
  2.54459578e-01 -2.92555797e-02 -1.87656938e-01  1.19822212e-02
  2.36687192e-01 -3.66964252e-02 -1.91107092e-01 -7.99893175e-04
  2.31123421e-01 -3.25161955e-02 -1.39618481e-01  3.06131777e-02
  2.16990729e-01 -7.17146999e-02 -1.18010454e-01  2.06466751e-02
  1.40815383e-01 -6.26052421e-02 -1.15417344e-01  1.42588226e-02
  1.55029568e-01 -7.89125939e-02 -1.08184961e-01  1.50359010e-02
  1.57157224e-01 -2.37232460e-02 -1.05820762e-01  2.09787494e-02
  1.67792759e-01 -1.44382893e-02 -1.15199725e-01 -3.40680630e-02
  2.10826905e-01  2.19650528e-02 -1.81455572e-01 -5.33665255e-02
  1.81784442e-01  1.29370875e-02 -1.68179924e-01 -7.44276067e-02
  1.84789592e-01  3.57812369e-02 -1.56079356e-01 -6.97208805e-02
  2.20956392e-01  2.80428065e-02 -1.70036550e-01 -3.16159628e-02
  1.88686277e-01  3.46411812e-03 -1.35685781e-01 -3.13653809e-02
  2.01733013e-01 -3.86034108e-02 -1.82094998e-01  5.99233146e-02
  2.14428751e-01 -9.00028995e-02 -1.53436496e-01  8.28895502e-02
  2.03058258e-01 -1.23211552e-01 -1.36284613e-01  9.07094731e-02
  1.56702453e-01 -1.35993667e-01 -1.45778032e-01  9.76519019e-02
  1.14398382e-01 -1.31576895e-01 -8.22563046e-02  7.73538591e-02
  1.04019839e-01 -1.20239365e-01 -6.34638892e-02  1.40227004e-01
  9.88070657e-02 -1.59903323e-01 -3.99711571e-02  1.44231735e-01
  8.00961428e-02 -1.74272557e-01 -4.55959712e-02  1.17653886e-01
  5.58074091e-02 -1.94334058e-01 -6.61839686e-02  1.28174965e-01
  7.43098699e-02 -1.60982870e-01 -6.64064706e-02  9.74309259e-02
  7.44994086e-02 -1.60617832e-01 -3.58708939e-02  8.41223151e-02
  5.59639846e-02 -1.20925795e-01 -3.14541223e-02  7.65059708e-02
  5.05222998e-02 -9.35568273e-02  6.77288161e-03  5.97331655e-02
  2.68821487e-02 -1.28581512e-01  8.54954027e-03  7.23678608e-02
  3.34125367e-02 -1.39837549e-01 -3.09389188e-02  9.71501278e-02
  7.66832246e-02 -1.37358895e-01 -3.72657281e-02  9.18228988e-02
  8.39766510e-02 -1.76259815e-01 -6.26074549e-02  1.33628553e-01
  7.34836519e-02 -1.80236466e-01 -2.27399184e-02  1.50078440e-01
  5.50703140e-02 -1.93957117e-01  6.50612338e-03  1.37708367e-01
  2.45628171e-02 -2.18886803e-01 -6.39044676e-03]",0.22942105263157894,0.0013157894736842105,0.0,0.8342777777777778,0.39055555555555554,0.0,0.8448125,0.4323125,0.0,0.8496428571428571,0.431,0.0,2.120527074447235e-05
3.86,0.15,707,0.6243500000000001,0.0646012964266198,0.5922,0.08098864117887149,0.41858917635470744,2.0,0.4128907802389414,0.6043089488551945,0.038374635800875315,2.0,0.20540854072274387,0.750034378351364,0.04706779059414396,4,0.5677511817608373,4,0.48825966739643484,0.00041815123874412843,9.0,1.1106526631657914,"[ 1.         -0.06992079 -0.29176653 -0.04873262  0.48825967 -0.11361339
 -0.19912764 -0.15593335  0.39694817 -0.09691715 -0.11675532 -0.09631088
  0.31378406 -0.12660186 -0.00834612 -0.08764311  0.23109562 -0.04668411
  0.00677675 -0.10706126  0.25536599 -0.10638485  0.00982184 -0.12752832
  0.17748914 -0.05455302  0.01455923 -0.17040983  0.19752117 -0.065775
  0.05212399 -0.12550877  0.1614515  -0.09369728  0.07282074 -0.14697595
  0.12157037 -0.07247607  0.05557055 -0.11455819  0.1973199  -0.08855843
  0.03720132 -0.13052163  0.10541382 -0.13537032  0.01783197 -0.13119042
  0.16315494 -0.1443542   0.04291342 -0.06282598  0.13113457 -0.17456336
  0.07568794 -0.05175242  0.11845814 -0.11775224  0.11296607 -0.03329376
  0.11276127 -0.12726058  0.10052748 -0.06567088  0.03288416 -0.10880192
  0.07846571 -0.10755227  0.0891007  -0.12840911  0.06383781 -0.04888115
  0.11065732 -0.12402848  0.04594425 -0.02103715  0.13152177 -0.17558184
  0.02388247 -0.01541855  0.11948872 -0.17284471  0.0849106  -0.03343102
  0.0633616  -0.17549241  0.11439811  0.02366673  0.06528765 -0.18423846
  0.13185664  0.01785093  0.06075861 -0.19269788  0.10329098  0.02551857
  0.08560223 -0.14603439  0.10233557  0.00879285  0.05515523 -0.17607585
  0.10812187  0.00836189  0.0162041  -0.16219095  0.14235084 -0.03070816
  0.0153676  -0.15247427  0.14520689 -0.00222078  0.05095345 -0.15107267
  0.10070321 -0.02919173  0.12958445 -0.14040465 -0.02872292 -0.01806937
  0.20702627 -0.16041738 -0.03553884 -0.02236058  0.20754665 -0.10031925
 -0.05231336 -0.01345498  0.18584163 -0.12073752 -0.00653108 -0.03539784
  0.13240693 -0.09999199  0.02371872 -0.05927082  0.12073063 -0.11343071
  0.04053387 -0.03390274  0.11548808 -0.09949702  0.0506561  -0.09203011
  0.13358998 -0.04456723  0.02413948 -0.07826413  0.13780291 -0.0765876
  0.05298361]",0.24710526315789474,0.003157894736842105,0.0,0.8191111111111111,0.35133333333333333,0.0,0.8445625,0.413375,0.0,0.8237857142857142,0.35614285714285715,0.0,1.8709498413449283e-05
3.86,0.15,1313,0.5901500000000001,0.05490198083858177,0.7205,0.08697557128297577,0.23480964176104457,3.937007874015748,0.10319289142719756,0.788429227534076,0.040723381092419964,3.937007874015748,0.12964954015042782,0.7425659688787862,0.030673443110676452,4,0.5320488649247609,4,0.626773918503586,0.00011682656218164552,7.0,1.06315478825439,"[ 1.          0.02587124 -0.6448767   0.02102231  0.62677392 -0.04039823
 -0.57724221 -0.06666889  0.53049023  0.01744083 -0.41205658 -0.03830206
  0.46884748  0.04094299 -0.36118404 -0.05010179  0.40005314  0.01378915
 -0.35000218 -0.05478297  0.3381394  -0.04124399 -0.30177349 -0.00958809
  0.33877894 -0.0067765  -0.27298364  0.02437047  0.32433537 -0.08136746
 -0.2628527   0.01016484  0.27536984 -0.09965782 -0.23818064  0.07212168
  0.26873882 -0.09622241 -0.18754605  0.08640345  0.24309197 -0.12863089
 -0.18375373  0.06519826  0.19319449 -0.10753462 -0.17770753  0.02645117
  0.20257854 -0.08282951 -0.15366337  0.06993417  0.19159179 -0.07663128
 -0.1202468   0.04596616  0.14608308 -0.08909197 -0.14211296  0.02542192
  0.15435011 -0.09812889 -0.12083162  0.07803939  0.15370078 -0.1139803
 -0.06653531  0.10496533  0.08412651 -0.15182848 -0.05267656  0.10968961
  0.02263578 -0.15737552  0.03932754  0.12292045  0.0141739  -0.11365458
  0.07340507  0.07807271 -0.04548597 -0.13140295  0.08434899  0.08940659
 -0.07038593 -0.10817178  0.13732337  0.10458726 -0.09288    -0.14124122
  0.14499554  0.12980132 -0.14487934 -0.16559919  0.17759913  0.12301828
 -0.15496718 -0.18241561  0.1816955   0.15817978 -0.1525827  -0.16615096
  0.18816471  0.12538134 -0.13491021 -0.14902046  0.15109647  0.08990601
 -0.12925397 -0.12431534  0.17568261  0.07786834 -0.15412089 -0.08362821
  0.1685096   0.02668198 -0.14531187 -0.06490479  0.17704762  0.03494901
 -0.14734922 -0.09232962  0.17038356  0.04958769 -0.16942027 -0.11226577
  0.2103238   0.05807284 -0.18779656 -0.08386589  0.21889487  0.03317287
 -0.204765   -0.07676876  0.21355273  0.04132093 -0.19316012 -0.06714677
  0.24657933  0.05160389 -0.22319574 -0.11833312  0.25355749  0.07907181
 -0.24133408 -0.09627185  0.25236617  0.07616861 -0.2041897  -0.11095337
  0.22010972]",0.179,0.0005263157894736842,0.0,0.8673333333333333,0.4635,0.0,0.8796875,0.505625,0.0,0.8922142857142857,0.5625,0.0,2.022315200168355e-05
3.86,0.15,2029,0.629,0.056780278266313565,0.6038,0.08997532995215965,0.4661839274063723,3.937007874015748,0.09882230682942521,0.822008467372666,0.03546999531532045,3.937007874015748,0.10782830365704191,0.8005372015150711,0.028184035948092788,4,0.4119950372208437,4,0.4807529658232414,0.0011735799392737288,6.0,1.0958257713248638,"[ 1.00000000e+00  4.65281117e-02 -5.89009007e-01  9.89719501e-02
  4.80752966e-01 -1.10698259e-01 -4.10201800e-01 -7.65631531e-03
  2.61193662e-01 -1.11344885e-02 -1.65543681e-01 -2.22118890e-02
  9.50858792e-02  3.01380707e-02 -9.84248551e-02 -8.04234914e-02
  1.09706792e-01  5.09352089e-02 -1.18914546e-01  1.04146965e-03
  1.72166274e-01 -3.90172490e-02 -1.55798408e-01  9.72824314e-02
  1.62316984e-01 -1.31534075e-01 -1.51395441e-01  1.44348290e-01
  1.40779805e-01 -1.40101181e-01 -1.14969984e-01  1.23858599e-01
  1.02285183e-01 -1.47808557e-01 -1.20777552e-01  1.08216010e-01
  7.36725217e-02 -1.36752561e-01 -7.30001927e-02  1.27629674e-01
  1.04015633e-01 -1.17002910e-01 -6.74558598e-02  1.65290376e-01
  7.67790344e-02 -1.71985582e-01 -6.05824032e-02  1.29641759e-01
  9.24874376e-03 -1.64830490e-01 -4.93855891e-02  8.90991012e-02
  5.66955714e-03 -5.20075992e-02 -1.61890617e-02  6.85624713e-02
  6.35240453e-02 -3.34931938e-02 -6.39480209e-02  7.82424045e-02
  4.23697928e-02 -1.28238402e-01 -5.71684429e-02  1.26973373e-01
  4.68055082e-03 -1.43935342e-01  4.13947794e-02  1.44674987e-01
 -6.03323106e-02 -8.39463508e-02  4.76506134e-02  6.93107728e-02
 -2.59005381e-02 -6.55727633e-02  2.59726171e-02  6.33080355e-02
 -1.90270815e-02 -4.27819397e-02 -1.54692992e-02  3.97302324e-02
 -4.88297289e-03 -8.22301706e-02  2.96498130e-02  1.14878150e-01
 -3.03136435e-02 -9.33147058e-02  4.98762680e-02  4.67845881e-02
 -9.52252148e-02 -7.85529747e-02  7.47077163e-02  9.63678757e-02
 -5.94173794e-02 -4.52156293e-02  1.28950348e-01  9.37892376e-02
 -1.22999827e-01 -3.90536739e-02  1.43141396e-01  5.49586292e-02
 -1.42066515e-01 -8.21607004e-02  1.29868007e-01  6.40135284e-02
 -1.89973704e-01 -7.58579271e-02  1.54652516e-01  4.09594691e-02
 -1.66135393e-01  6.08383855e-03  1.76114216e-01 -4.28206078e-03
 -1.25480456e-01  3.27212151e-02  9.09619199e-02 -2.90012303e-02
 -7.98375999e-02  1.04255963e-02  4.46729022e-02  7.71198039e-04
 -3.07780561e-02 -8.45333491e-03  3.26816971e-02  2.78779677e-02
 -4.58573737e-02 -2.02024320e-02  3.98442010e-02 -8.99848312e-03
 -7.09051184e-02  4.39690991e-02  7.92638928e-02 -4.11760619e-02
 -6.39847225e-02  7.17478420e-02  5.69682740e-02 -5.98128851e-02
 -4.67994407e-02  6.07102461e-02  8.36056505e-02 -4.90928756e-02
 -9.29007011e-02  7.32831231e-02  6.95738207e-02 -1.20610537e-01
 -8.70747323e-02  1.35218861e-01  5.25008177e-02 -1.47471621e-01
 -1.22628008e-02  1.81479339e-01  2.41218643e-03]",0.25852631578947366,0.0005263157894736842,0.0,0.8172777777777778,0.32711111111111113,0.0,0.8306875,0.3695,0.0,0.8347857142857142,0.38371428571428573,0.0,1.8144941470754842e-05
3.88,0.09,101,0.64135,0.055690461481298574,0.6976,0.10892309213385377,0.5216913515126815,4.032258064516129,0.0749392406176303,0.8692591549206785,0.06726063696573219,500.0,0.08915149353093373,0.8268850921920244,0.18000001743313143,8,0.27615681488604843,8,0.40037186031300787,0.04305271662047992,8.0,1.0643881599023497,"[ 1.00000000e+00 -7.59016338e-03 -6.48657681e-02  1.63149552e-01
  2.87350384e-01  3.16067645e-01 -9.10188196e-02  1.03642489e-01
  4.00371860e-01  1.92603683e-01 -6.32484845e-02  8.34097490e-02
  3.24088333e-01  2.19190630e-01 -2.77709554e-02  5.48292347e-02
  2.90008941e-01  2.85473335e-01 -6.92226051e-03  6.54244351e-03
  2.74553583e-01  2.40858081e-01  2.72505074e-02  4.90832148e-02
  2.19422695e-01  2.36319562e-01  3.74621956e-02  2.48586475e-02
  2.46070329e-01  2.00675806e-01  7.19594344e-03 -3.80278214e-03
  2.12473059e-01  2.42835600e-01 -3.70455082e-03  4.10069924e-02
  1.83029446e-01  1.88527353e-01  1.53168041e-02 -2.09477624e-02
  2.36065622e-01  1.66629104e-01  5.87004444e-02 -4.02971754e-02
  1.65823780e-01  2.52216880e-01  2.32548229e-03  4.45191264e-03
  1.14826322e-01  2.41296157e-01  7.10761077e-02 -2.24630925e-02
  1.14583063e-01  2.20803814e-01  7.49865074e-02  1.97371597e-02
  5.56188074e-02  2.20961761e-01  8.81684659e-02 -5.69071158e-02
  7.54021159e-02  1.77128689e-01  1.18548323e-01 -4.66549699e-02
  5.95455520e-02  1.43511190e-01  1.37589907e-01 -5.33411192e-02
  8.49895687e-02  1.34819012e-01  1.04916421e-01 -9.73496153e-03
  3.45753761e-02  1.63553590e-01  8.35407510e-02 -2.26414840e-02
  6.08218040e-02  1.31200394e-01  3.76814225e-02  3.72185593e-02
  3.06116532e-03  1.24473787e-01  1.35008678e-01 -4.88186483e-02
  7.60463645e-02  1.04702939e-01  4.66249233e-02  9.95915120e-03
  2.25607574e-02  1.28360074e-01  9.47252584e-02 -2.68776761e-03
 -2.41818979e-02  1.06903488e-01  9.16701887e-02  7.36208978e-03
  2.76102034e-02  7.10574432e-02  8.83150577e-02  3.94627216e-03
 -3.64051975e-03  9.11610419e-02  6.80014025e-02  4.72457064e-03
 -2.84199241e-03  8.18451414e-02  9.06538371e-02  8.49072507e-05
  7.38147441e-02  3.79918410e-02  2.59037241e-03  3.28517697e-02
  9.23023809e-03  3.79272705e-02  7.75209133e-02 -1.06205539e-02
  1.72336096e-02  4.12948625e-02 -3.01741704e-03  5.59824414e-02
 -3.28198351e-02  5.69042838e-02  2.19242497e-02  4.68081428e-02
 -1.09698118e-02  8.45566172e-03  6.65721934e-02 -2.44181709e-02
  4.38532464e-02  4.09426917e-02  1.03032305e-04  4.30681510e-02
 -1.81015084e-02  2.82957728e-02  6.45179396e-02 -2.14758973e-02
  3.92096991e-02  2.78704544e-02  6.79775864e-03  1.56266832e-02
  5.81703674e-02  2.27891277e-02  1.90357039e-02 -1.05668260e-02
 -5.91178870e-03  9.60946171e-02  1.09841069e-02 -1.90196287e-02
  7.48379197e-02  9.55505957e-03  3.65056675e-02]",0.30089473684210527,0.004526315789473684,0.0,0.7704444444444445,0.19627777777777777,0.0,0.765,0.1949375,0.0,0.7624285714285715,0.21414285714285713,0.0,7.331380813671242e-05
3.88,0.09,707,0.6471999999999999,0.05403387826169801,0.6842,0.10737951387485417,0.5180723877723139,4.098360655737705,0.04816369370419991,0.8698317578184867,0.07729598025346039,500.0,0.06628699151972202,0.8348318435904882,0.17426967732609852,24,0.22790450942918014,8,0.34702869294627414,0.02341935741624912,7.0,1.0882773978049944,"[ 1.00000000e+00 -7.38675358e-02  7.04240284e-03  1.89286558e-01
  2.26650589e-01  2.76179027e-01 -4.84994120e-02  7.75088584e-02
  3.47028693e-01  1.41281493e-01  3.22355243e-02  4.05683708e-02
  2.91693290e-01  1.87713945e-01  5.25126778e-02  3.77256911e-02
  2.49297639e-01  2.11505299e-01 -3.91896177e-03  7.57126126e-02
  2.21189486e-01  2.48899004e-01 -5.94119871e-03 -2.57948095e-02
  2.91858821e-01  1.25846721e-01  8.41516414e-02  3.24135101e-02
  1.54633521e-01  2.59645048e-01 -1.99576076e-02  3.53677006e-02
  2.17452277e-01  1.01879192e-01  9.41899889e-02  1.72557665e-02
  1.10010955e-01  2.46700592e-01 -8.50386631e-03  5.19221256e-03
  1.19058624e-01  1.66555903e-01  7.75717532e-02 -2.16375759e-02
  1.34154673e-01  1.96555216e-01  4.73405097e-02  9.41114068e-03
  7.43909609e-02  1.25950558e-01  8.05123170e-02 -1.36078388e-02
  3.01237290e-02  1.58893405e-01  1.80322973e-02  2.95376380e-02
  1.36093166e-02  5.71813057e-02  1.46764000e-01 -6.88198391e-02
 -2.10259524e-02  1.90363867e-01 -1.33521729e-02  1.04234851e-01
 -3.29524768e-02  6.57140627e-02  1.41442897e-01 -4.94010386e-02
 -1.73551424e-02  6.06563611e-02  6.03164515e-02  6.96761523e-02
 -9.32553849e-02  9.80726153e-02  6.89755810e-02  5.35953778e-02
 -2.82684391e-02  9.71135680e-03  8.77228603e-02  3.18547626e-02
 -6.70354091e-02  4.58266975e-02  8.66598302e-02  4.06283724e-02
 -5.63204618e-03  2.54095449e-02  1.16043142e-02  1.10430432e-01
 -3.39917088e-02 -1.81499901e-02  9.41189000e-02  1.51535182e-02
  4.17217017e-02 -4.17170878e-02 -5.87346796e-04  1.55182353e-01
 -7.90253626e-02 -3.64125804e-02  9.14898199e-02  1.22730600e-03
  6.25090630e-02 -6.03907666e-02  2.36691170e-02  1.28247007e-01
 -1.54448881e-02 -2.40013668e-02 -2.08871883e-03  8.08072810e-02
  6.21401032e-02 -3.83475902e-02 -5.70847745e-03  7.62057663e-02
  5.61006456e-02 -4.02327976e-02 -1.48059488e-02  4.72754363e-02
  1.25035430e-01 -7.69235098e-02 -1.71247940e-02  8.20204816e-02
  7.94898338e-02  2.01977319e-02 -7.66612803e-02  4.07661652e-02
  8.03434828e-02 -1.37766731e-02 -2.79929924e-02  7.89126653e-02
  5.28510957e-02  2.95734808e-02 -4.68126234e-02  7.07474181e-03
  1.24821345e-01 -3.29290881e-02 -5.57956144e-02  5.23884076e-02
  6.66777030e-02  3.87445526e-02 -1.29983855e-01  6.68669565e-02
  9.16780395e-02 -7.64571514e-02  1.60014293e-02 -8.23406242e-02
  1.23000815e-01  4.70708980e-02 -9.05951662e-02  3.74442637e-02
  7.40086658e-02  6.88853427e-03 -4.28635359e-02]",0.318,0.0035789473684210526,0.0,0.7536666666666667,0.17355555555555555,0.0,0.72675,0.144875,0.0,0.7160714285714286,0.15485714285714286,0.0,5.35314327663184e-05
3.88,0.09,1313,0.6459,0.06637537193869426,0.691,0.13103053079339944,0.5402161999863595,4.032258064516129,0.1321203269262881,0.7672273101631288,0.03686001037740269,4.032258064516129,0.13597366487062468,0.7401578279642769,0.07617747201108274,8,0.48530560252764054,8,0.558908730852117,0.005602091425960021,9.0,1.0759887885393957,"[ 1.         -0.06127684 -0.43343957  0.10113076  0.43634178  0.22596482
 -0.44358856 -0.06990704  0.55890873  0.12582806 -0.33963073 -0.09297466
  0.45909232  0.25321184 -0.35960557 -0.10958879  0.4068442   0.2831176
 -0.27701765 -0.17864628  0.4328301   0.2767778  -0.26609377 -0.17613874
  0.37870651  0.2860883  -0.25895579 -0.18981152  0.31105271  0.30587699
 -0.20543771 -0.20692655  0.28731528  0.31081333 -0.20293599 -0.17117304
  0.25897653  0.28869509 -0.11438966 -0.24041691  0.25708661  0.3101321
 -0.12668204 -0.21402912  0.1330696   0.30649485 -0.04639478 -0.25960242
  0.1540523   0.31373767 -0.04084688 -0.19570517  0.07329349  0.32593127
 -0.00652036 -0.2225878   0.06107682  0.28085887  0.01809098 -0.18222715
  0.00870056  0.25323653  0.04587664 -0.21397903  0.04003332  0.21142
  0.04194816 -0.13109989 -0.05610787  0.21876766  0.12482731 -0.18609715
 -0.01124492  0.1984783   0.08531726 -0.10385287 -0.06547335  0.14496045
  0.11726158 -0.11466585 -0.08563457  0.16242518  0.13191892 -0.1299753
 -0.08556165  0.11865164  0.13683196 -0.10009867 -0.10797111  0.11564925
  0.12956608 -0.0578276  -0.12675194  0.10647877  0.15926216 -0.07515231
 -0.122101    0.05211637  0.12578624  0.01421527 -0.15552449  0.03105819
  0.13448518 -0.00944062 -0.11309616  0.00888753  0.12610682 -0.02456951
 -0.10559124 -0.01259584  0.1083045   0.0209283  -0.13933508  0.01378613
  0.10654272 -0.02356165 -0.08581117 -0.03668554  0.08953835  0.02209925
 -0.10896034 -0.00132227  0.07817205  0.02034329 -0.08024276 -0.04581222
  0.0721759   0.01813303 -0.09637929 -0.03870336  0.0539251   0.03406011
 -0.09196715 -0.06645384  0.08727311  0.04360941 -0.10783575 -0.04303652
  0.04826396  0.05217438 -0.07308405 -0.0747884   0.04883779  0.03781432
 -0.04235704 -0.06227445  0.02020782  0.01848017 -0.01997064 -0.08272689
 -0.01342536]",0.3058947368421053,0.004105263157894737,0.0,0.7688333333333334,0.19061111111111112,0.0,0.75575,0.1740625,0.0,0.7575714285714286,0.19271428571428573,0.0,7.0493316049474126e-06
3.88,0.09,2029,0.65555,0.05650617222923528,0.6553,0.10796717093635454,0.5565326912459646,4.065040650406504,0.08872665667457805,0.8557213853699248,0.06990606872560666,4.065040650406504,0.08690494904514322,0.8310860418231852,0.15976627459402296,8,0.2552342811775014,4,0.3530374069972231,-0.004035921400051347,12.0,1.1118086189345098,"[ 1.00000000e+00  4.31193344e-03 -1.43244853e-01  1.78694994e-01
  3.53037407e-01  2.38937171e-01 -1.29473169e-01  4.88780818e-03
  3.41931143e-01  1.83176706e-01 -6.99423604e-02 -3.82972829e-02
  3.42496926e-01  2.21871805e-01 -7.91055709e-02 -4.30150615e-02
  2.84975274e-01  2.55127211e-01 -6.10445856e-02 -6.89520139e-02
  2.56419274e-01  2.73097263e-01 -6.18110597e-02 -4.26049562e-02
  2.09802742e-01  1.90496066e-01  4.61236571e-02 -9.51355771e-02
  1.11376596e-01  2.19371238e-01  3.75909739e-02 -1.26603155e-01
  1.07971344e-01  2.13437872e-01 -5.12152878e-04 -7.42474893e-02
  7.39756522e-02  1.64520558e-01  7.75793208e-02 -7.32073097e-02
  8.84992678e-03  1.86376717e-01  9.67709659e-02 -9.05853901e-02
  1.38868774e-02  1.37706468e-01  7.26406672e-02 -2.85007313e-02
 -1.74443004e-02  6.14285587e-02  1.02691966e-01 -4.21093738e-02
 -3.51603778e-02  1.43269740e-01  2.38859423e-02  1.89158276e-02
  2.13936558e-02  8.22969157e-02  3.89701525e-02 -1.29352135e-02
 -2.20384991e-02  9.73356593e-02  6.30164289e-02 -4.43573245e-02
 -1.33427744e-02  7.74946620e-02  4.56580792e-02  9.10326493e-03
 -4.84236594e-02  1.14136043e-01  9.58293407e-03  7.72599428e-03
  3.83895904e-04  6.04747622e-02  7.25709197e-02 -3.69929510e-02
  2.40012422e-02  8.37086449e-02  2.99966252e-02  1.07808828e-02
 -2.41491442e-02  4.50401882e-02  4.03626038e-02  3.03105248e-02
 -6.11473469e-02  5.82268114e-02  6.68460613e-02 -3.66218543e-02
 -2.08471919e-02  6.54538793e-02  5.84952445e-02 -5.37469878e-03
 -1.22424004e-02  8.25463403e-02  1.60573497e-02  5.33694521e-02
 -7.84533191e-02  4.39688168e-02  9.50521502e-02 -4.64541478e-02
 -5.19243951e-02  2.50311463e-02  4.01298148e-02  3.89291382e-02
 -8.49258268e-02 -2.32101732e-02  8.31142147e-02 -2.83215072e-02
 -5.03381634e-02  6.32126181e-03  1.99967401e-02 -2.78684317e-03
 -4.37218920e-02 -1.16478844e-02 -4.36089152e-03 -4.22931120e-03
 -5.87991912e-02 -2.84409042e-02  4.23277489e-02 -2.78852131e-02
 -8.88435786e-02 -3.74222483e-02  9.29676938e-02 -6.78404603e-02
 -1.14936662e-01  4.21016376e-03 -3.13193462e-03 -6.13926504e-03
 -7.29662526e-02 -6.62643205e-02  7.18008975e-02 -4.65431731e-02
 -7.40449879e-02 -1.36161247e-02 -1.91061027e-02 -6.21459718e-04
 -6.76303137e-02 -9.35073411e-02  4.16008325e-02 -8.92680994e-03
 -1.18828678e-01 -5.04972055e-02 -4.99065361e-04 -1.11362050e-02
 -9.20724206e-02 -7.59142946e-02 -2.44929643e-02  3.80164212e-04
 -6.12996617e-02 -1.16681935e-01  8.22284808e-03]",0.33731578947368424,0.003,0.0,0.7398333333333333,0.15705555555555556,0.0,0.7200625,0.138625,0.0,0.72,0.145,0.0,6.590331788132909e-06
3.88,0.11,101,0.56015,0.03759291821606829,0.8525,0.06299801584177075,0.13014015675802096,3.64963503649635,0.03762062257090393,0.8928879890465143,0.11155316717271163,500.0,0.052439639795336244,0.8685017218324699,0.2614483288637185,4,0.26461650371224715,4,0.41277480314960624,-0.009569092324997861,14.0,1.0507826944410206,"[ 1.00000000e+00  6.25480315e-02  1.46891339e-01  2.46352756e-01
  4.12774803e-01  8.52125984e-02  1.11792126e-01  2.51631496e-01
  2.44006299e-01  8.01606299e-02  1.18015748e-01  1.62107087e-01
  1.41883465e-01  6.75496063e-02  1.19262992e-01  9.41259843e-02
  2.70992126e-02  4.60566929e-02  6.74708661e-02  1.05200000e-01
 -1.45511811e-02  2.71464567e-02  4.73637795e-02  5.49826772e-02
 -6.94173228e-03  3.73385827e-02  1.20755906e-02  5.44881890e-04
  4.72188976e-02 -2.71149606e-02 -2.45984252e-02  3.97133858e-02
  3.84503937e-02 -1.45291339e-02 -6.36031496e-02  1.45669291e-02
  7.24535433e-02 -1.57385827e-02 -4.97574803e-02  2.97354331e-02
  7.75433071e-02 -1.56881890e-02  5.49858268e-02  2.72661417e-02
  4.36409449e-02  4.21259843e-02  4.60283465e-02  2.84503937e-02
  6.24629921e-02  1.96881890e-02  5.63464567e-02  5.01700787e-02
 -2.41637795e-02  2.75496063e-02  8.77480315e-03  7.06299213e-02
  8.89448819e-03 -2.89039370e-02  7.68566929e-02  5.67590551e-02
 -4.15118110e-02 -4.91653543e-03  1.16025197e-01  3.29984252e-02
 -6.65322835e-02  1.53543307e-02  8.07370079e-02 -1.24944882e-02
 -2.23874016e-02  5.28850394e-02  3.90866142e-02 -2.02551181e-02
 -2.41007874e-02  3.11401575e-02 -2.55559055e-02 -3.19842520e-02
 -6.79055118e-03  2.02519685e-03 -1.32220472e-02 -3.70362205e-02
 -1.94015748e-02  2.96031496e-02 -5.98488189e-02 -4.59937008e-02
 -1.31779528e-02  2.80787402e-02 -8.53732283e-02 -3.12661417e-02
  7.59685039e-03 -3.79496063e-02 -6.18897638e-02 -7.78267717e-03
 -9.23464567e-03 -5.85606299e-02 -4.98078740e-02  9.33858268e-03
 -7.53259843e-02 -3.51401575e-02 -1.51748031e-02  6.11338583e-03
 -5.20944882e-02 -1.94047244e-02 -2.71559055e-02  1.06992126e-02
  2.95937008e-02 -7.87559055e-02 -1.21133858e-02  1.44031496e-02
  1.82425197e-02 -5.37606299e-02  2.06299213e-02  2.82488189e-02
 -2.20850394e-02  1.95496063e-02 -4.20157480e-03 -1.54803150e-02
  3.50362205e-02  2.87338583e-02 -1.90173228e-02  1.75149606e-02
  3.13700787e-02  3.14929134e-02 -3.65984252e-03  2.27937008e-02
  5.80661417e-02  2.54960630e-02 -3.35937008e-02  6.72535433e-02
  7.34236220e-02 -4.99811024e-02 -2.46614173e-02  6.35244094e-02
  1.80409449e-02 -8.89858268e-02  1.81606299e-02  5.20472441e-02
 -4.62236220e-02 -9.40377953e-02  2.82267717e-02  2.69637795e-02
 -8.15118110e-02 -7.51527559e-02 -3.23212598e-02 -5.99370079e-03
 -1.33177953e-01 -9.71653543e-03 -1.86015748e-02 -2.87464567e-02
 -8.05291339e-02 -6.66740157e-02  2.90708661e-02]",0.13789473684210526,0.0002631578947368421,0.0,0.8843888888888889,0.5258333333333334,0.0,0.86675,0.4859375,0.0,0.8609285714285714,0.4805,0.0,9.784305226852544e-05
3.88,0.11,707,0.5983999999999999,0.049999399996399956,0.7503999999999998,0.07816546552026668,0.2386020191741929,2.0080321285140563,0.09668562090295701,0.8481926370290412,0.10122358256829643,250.0,0.11404213363188828,0.8364724681924743,0.309542308613303,4,0.2793785130843141,4,0.3870344755345476,-0.04370017423164465,11.0,1.0999706830841396,"[ 1.00000000e+00  1.40730310e-01  2.44660967e-01  3.28944627e-01
  3.87034476e-01  1.31708588e-01  2.29917327e-01  2.75738442e-01
  2.43004308e-01  1.55453681e-01  2.60176502e-01  2.08626818e-01
  2.20908593e-01  1.66903853e-01  2.14374766e-01  1.07995496e-01
  2.32411140e-01  1.53024393e-01  2.50401686e-01  1.11301429e-01
  2.05411860e-01  2.00482055e-01  1.52186139e-01  1.26005368e-01
  1.88200071e-01  1.96370445e-01  1.45632566e-01  1.48905922e-01
  2.61831904e-01  1.15359931e-01  1.48087413e-01  1.42358896e-01
  1.78366334e-01  1.12079766e-01  1.43995443e-01  1.75904574e-01
  1.47275294e-01  9.81872128e-02  1.20276119e-01  1.51379990e-01
  9.24454978e-02  7.52535058e-02  1.22737512e-01  1.30109175e-01
  1.22737407e-01  1.30122164e-01  9.81998350e-02  1.16196981e-01
  1.01460045e-01  8.26248020e-02  6.54262632e-02  4.41228706e-02
  8.75085698e-02  5.88531025e-02 -4.97186178e-03  1.14507483e-01
  4.16740995e-02  3.21804826e-03 -1.31490448e-02  7.35962186e-02
  2.39299229e-03 -4.99186885e-03  1.56144187e-03  4.90323544e-02
 -3.27963547e-02 -9.88255012e-03 -7.43409320e-03 -8.25904443e-03
 -2.13396357e-02 -3.60700247e-02  3.67632540e-02  2.03961609e-02
 -3.77068859e-02  8.10768203e-03 -2.05412384e-02 -2.38081521e-02
 -5.57108402e-02  1.38424836e-02 -1.72418525e-02 -1.97100546e-02
 -7.44137326e-03 -6.62962042e-03  7.28948712e-04 -9.13715580e-03
  3.01436895e-02 -4.27224281e-02  4.74193760e-03 -1.73732602e-02
 -5.11112566e-03 -4.84903827e-02 -3.86702107e-02  9.58631977e-03
 -7.47170859e-02 -2.40054993e-02 -5.51094759e-02 -6.00196404e-02
 -8.13230330e-02 -3.87753264e-02 -6.08774305e-02 -9.52744556e-02
 -4.78100900e-02 -1.14116298e-01 -6.91004413e-02 -4.21276105e-02
 -4.13027641e-02 -8.96052270e-02 -9.40677988e-03 -7.24264858e-02
 -7.32579838e-02 -3.48216778e-02 -2.41897005e-02 -1.08486559e-01
 -3.48414754e-02 -5.12413026e-02 -4.30643814e-02 -6.27179762e-02
 -2.99797049e-03 -9.63097953e-02  1.82463436e-02 -8.81525670e-02
 -6.60702081e-02 -9.88174355e-02 -2.26504131e-03 -9.14720124e-02
 -1.02110641e-01 -8.65750985e-02  1.32441570e-02 -1.20985270e-01
 -8.00677203e-02 -6.45256308e-02 -3.50781035e-02 -1.03826274e-01
 -6.28956307e-02 -7.11315779e-02 -1.63085907e-02 -1.31702827e-01
 -5.15240203e-02 -9.73583334e-02 -2.70062980e-02 -1.02288191e-01
 -7.93743862e-02 -3.43650767e-02 -3.02668220e-02 -9.00131198e-02
 -5.23951658e-02 -6.38390531e-02 -4.74851584e-02 -1.14590078e-01
 -5.32202742e-02 -7.85761460e-02 -6.22222513e-02]",0.2231578947368421,0.001894736842105263,0.0,0.8196111111111111,0.32172222222222224,0.0,0.8005625,0.293375,0.0,0.7941428571428572,0.29214285714285715,0.0,7.510621663833007e-05
3.88,0.11,1313,0.5808499999999999,0.04242083803981246,0.7937000000000001,0.07283755899259667,0.1909395553439834,2.0,0.07119429781076664,0.8906893371690447,0.17116442799267914,250.0,0.09366617112694764,0.8416125796786501,0.3402459228974283,4,0.24245321063445838,4,0.4115013976563104,-0.018640987742717923,15.0,1.077518327450448,"[ 1.00000000e+00  2.08444110e-01  2.29519338e-01  3.63332559e-01
  4.11501398e-01  2.00258439e-01  2.34527996e-01  2.75862172e-01
  3.07185623e-01  1.67569017e-01  2.06313335e-01  2.65205392e-01
  2.24783743e-01  9.96601631e-02  2.11092034e-01  2.12375771e-01
  1.06219980e-01  1.38367134e-01  1.82647416e-01  1.42107017e-01
  9.90955100e-02  4.86631356e-02  6.39649031e-02  1.17907202e-01
 -2.86552756e-02  5.17944286e-02  8.70064369e-02  3.63365647e-02
  3.31455391e-02  2.39435547e-02  4.10114772e-02  3.75829537e-02
 -1.87416306e-02  6.22215478e-03  9.50351780e-02  2.82248728e-02
 -2.64523053e-02 -6.43827788e-03  6.32882075e-02 -3.26193606e-02
 -2.15623969e-02 -2.14586103e-02  7.86118813e-03  6.78502481e-03
  3.02126134e-02  8.79247207e-02  4.92692265e-02  7.66762734e-03
  6.76133459e-02  8.27963644e-02 -8.39894370e-03  6.13275417e-02
  7.60355644e-02 -1.45735386e-02  3.43002539e-02  4.26486105e-02
  7.18496601e-02 -3.10113188e-02  1.95098797e-02  7.30959322e-02
  5.59980849e-02  5.91441782e-03  4.91334983e-02  1.43126238e-01
  9.51649725e-02  2.42286125e-02  5.88468761e-02  6.54290777e-02
  3.98491624e-02  3.13521321e-02  7.45712126e-02  4.75813892e-02
  3.03368512e-03  1.82167036e-02  7.68712629e-02  5.05863936e-02
  1.44517851e-03  3.15886800e-02  8.27036234e-02  7.00805382e-02
 -1.40501498e-02  5.47338836e-02  4.93017072e-02  2.98784802e-03
 -1.79985562e-02 -7.40904867e-03 -3.65420305e-03 -5.19717151e-02
 -6.96557675e-02 -6.40769719e-03 -2.51529505e-02 -8.65460416e-02
 -3.15425413e-02 -1.36509158e-02  6.94931682e-03 -9.61491600e-02
 -5.35162846e-02 -3.18548511e-02 -2.06759643e-03 -1.13173145e-01
 -4.91013720e-02 -5.84221054e-02 -3.99442747e-02 -9.01466908e-02
 -5.45859752e-02 -9.15940633e-02 -9.73445096e-03 -9.57500429e-02
 -2.69660095e-02 -2.22687119e-02  2.16424676e-04 -1.07594312e-01
  9.84097819e-03 -8.90427515e-03 -4.44447544e-03 -8.11542964e-02
 -2.82731980e-02 -3.90113792e-02 -4.79834053e-02 -2.62032228e-02
 -1.27863593e-02 -4.86144976e-02 -9.04647608e-03 -5.91301432e-02
 -8.13394882e-03 -2.11057412e-02 -2.87790685e-02  2.41020299e-02
  1.26588946e-02 -1.88132305e-02 -1.98280591e-03 -3.03900771e-02
 -3.83009023e-02 -2.99525457e-02 -7.10791490e-02 -7.29790154e-02
 -4.13068567e-02 -3.83757141e-02 -7.04340444e-02 -6.30281397e-02
 -4.32516102e-02 -6.67091235e-02 -7.02563960e-02 -7.89909242e-02
 -3.76567477e-02 -5.91106081e-02 -1.06485668e-01 -3.47555298e-02
 -3.34717934e-02 -9.13325743e-02 -8.97001306e-02]",0.18078947368421053,0.0005789473684210527,0.0,0.8507777777777777,0.4336111111111111,0.0,0.8254375,0.400125,0.0,0.7932857142857143,0.35828571428571426,0.0,9.775803498005185e-05
3.88,0.11,2029,0.5563499999999999,0.034977528500452965,0.86,0.057879184513951125,0.11967710535705658,3.7037037037037033,0.04740262947668632,0.8819335524269062,0.08550738839986492,500.0,0.08883852009894608,0.8653569430741029,0.22612079450533315,4,0.21891564477666228,4,0.2851343283582089,0.01878628833852715,11.0,1.0459742155193383,"[ 1.00000000e+00  8.35223881e-02  1.07343284e-01  1.99522388e-01
  2.85134328e-01  5.55223881e-02  1.56358209e-01  2.72716418e-01
  1.32059701e-01  1.00358209e-01  6.77611940e-02  2.44119403e-01
  1.48537313e-01  1.22805970e-01  1.23940299e-01  1.74328358e-01
  1.25313433e-01  7.00298507e-02  1.31462687e-01  1.54388060e-01
  6.05970149e-02  5.09850746e-02  8.22686567e-02  1.36238806e-01
  5.46865672e-02  6.86567164e-02  8.47164179e-02  9.12238806e-02
  5.14626866e-02  4.90149254e-02  1.74328358e-01 -1.82686567e-02
  4.37611940e-02  1.09074627e-01  9.76716418e-02 -3.58208955e-02
  8.91940299e-02  5.80895522e-02  1.27283582e-01 -2.44179104e-02
  2.56716418e-02  1.03522388e-01  8.13731343e-02  8.47761194e-03
  1.40656716e-01  1.18208955e-01  3.69552239e-02 -9.37313433e-03
  8.19104478e-02  1.02447761e-01  1.07462687e-02  7.81492537e-02
  3.36119403e-02  7.23582090e-02 -2.71044776e-02  6.86567164e-02
  9.78507463e-02  6.67462687e-02  2.63880597e-02  8.45373134e-02
  1.13432836e-02  8.35820896e-04  1.22567164e-01  4.34029851e-02
  3.52835821e-02  7.16417910e-02  1.11880597e-01  3.12238806e-02
  9.71343284e-02  3.73731343e-02  5.10447761e-02  5.39701493e-02
  3.62985075e-02 -1.37313433e-03  1.04835821e-01  3.10447761e-02
 -1.34925373e-02  5.83880597e-02  1.03104478e-01  8.93134328e-02
  2.08955224e-02  8.62089552e-02  4.70447761e-02  3.02686567e-02
 -2.62686567e-03  6.83582090e-02  7.42686567e-02 -6.45970149e-02
 -1.30149254e-02  2.69253731e-02 -8.35820896e-03 -6.93134328e-02
  7.18208955e-02  3.80298507e-02 -3.54626866e-02 -6.86567164e-03
  5.09850746e-02  2.46567164e-02 -2.40597015e-02 -3.87462687e-02
  5.55223881e-02 -9.61194030e-03 -6.34029851e-02  2.75820896e-02
  6.75223881e-02 -6.86567164e-02 -7.88656716e-02  5.92835821e-02
  1.05671642e-02 -4.29253731e-02  1.07462687e-02  4.20298507e-02
  3.46268657e-03 -6.82388060e-02  1.52835821e-02  3.01492537e-02
 -9.31343284e-03 -7.83283582e-02  3.70149254e-03  1.97611940e-02
 -4.56716418e-02 -8.41791045e-03  6.16716418e-02  6.04179104e-02
 -6.29253731e-02  5.67164179e-03  3.33731343e-02  2.76417910e-02
 -7.57014925e-02  2.24477612e-02  3.82089552e-02 -2.72238806e-02
 -3.95223881e-02  8.28059701e-02  4.96119403e-02 -2.65671642e-02
  5.72537313e-02  7.18208955e-02  2.66865672e-02 -1.18805970e-02
  4.20895522e-02  5.09850746e-02  2.58507463e-02 -3.95820896e-02
  1.08059701e-02  5.16417910e-02 -3.67761194e-02  2.40597015e-02
  3.74328358e-02  6.42388060e-02 -3.94029851e-02]",0.1266842105263158,0.0,0.0,0.8912777777777777,0.5620555555555555,0.0,0.8784375,0.5476875,0.0,0.8723571428571428,0.53,0.0,0.00011016324913157774
3.88,0.13,101,0.5346500000000001,0.016602033008038503,0.9292,0.034312679872023966,0.06678239950833899,2.7777777777777777,0.15527884275556741,0.7171911177436857,0.2864107530580102,2.7777777777777777,0.14748390324785113,0.6486839847260524,0.43298858214079916,14,0.4925581445973285,14,0.5776704491404494,-0.00937868817327964,7.0,1.0324444444444445,"[ 1.00000000e+00  4.10014541e-01  2.64175307e-01  4.51352314e-01
  2.66578515e-01  4.96223415e-01  4.39566760e-01  2.12325066e-01
  5.39646124e-01  3.76819732e-01  1.23044099e-01  3.01727526e-01
  1.29694095e-01  2.92103826e-01  5.77670449e-01  2.10998165e-01
  1.85835700e-01  2.73569885e-01  5.97820208e-02  3.17387783e-01
  2.24276687e-01  1.14891894e-01  4.51419990e-01  2.61346198e-01
  4.93249983e-02  1.92267446e-01  1.67006863e-02  2.27591765e-01
  4.21495685e-01  7.00438948e-02  1.74765237e-01  2.07291160e-01
 -4.83250662e-04  1.61213019e-01 -4.09349732e-03  2.41856357e-02
  3.81947680e-01  3.40292179e-02 -1.05083101e-01 -1.07521913e-03
 -1.70628525e-01  7.91971190e-02  1.26943535e-01 -1.49832710e-01
  8.72525651e-02  7.97907182e-02 -1.50270843e-01 -6.01481280e-04
 -1.67674662e-01 -3.25123327e-02  3.57457362e-01 -3.82289869e-02
 -1.23899708e-01 -2.34251546e-02 -1.62537474e-01  1.04275328e-01
  5.43455867e-02 -1.41741659e-01  1.46305089e-01  4.96606645e-02
 -1.37933003e-01 -1.37443773e-02 -1.68077190e-01  1.05945505e-03
  2.76365835e-01 -6.83590406e-02 -7.33407624e-02  5.89984372e-03
 -1.58693212e-01  6.14049059e-02 -2.67459401e-02 -1.08169872e-01
  2.09604403e-01  2.20107359e-02 -1.35855405e-01 -2.01603588e-02
 -1.55025888e-01  4.80850717e-02  1.93507644e-01 -9.17621798e-02
  9.42583407e-03  4.01850921e-02 -1.34668207e-01  4.04818917e-02
 -7.98766053e-02 -5.93775905e-02  2.71137052e-01 -5.63919277e-03
 -1.21037440e-01 -2.05628865e-02 -1.51181627e-01  7.74100700e-02
  1.12416117e-01 -1.30385812e-01  7.69719372e-02  6.52633009e-02
 -1.30823945e-01  1.85825916e-03 -1.52474553e-01 -2.15590134e-02
  3.13202419e-01 -3.57692464e-02 -1.08699599e-01 -2.09654141e-02
 -1.43090576e-01  9.39947000e-02  4.40649589e-02 -1.18047972e-01
  1.31777672e-01  3.93800367e-02 -1.22732894e-01 -7.03784739e-03
 -1.48630291e-01 -7.27593939e-04  2.44851260e-01 -5.31589318e-02
 -5.38938642e-02 -1.33994700e-04 -1.34999524e-01  6.38646463e-02
 -2.42861996e-02 -9.29697629e-02  1.90830196e-01  1.34967724e-02
 -1.23135422e-01 -2.44275328e-02 -1.42305905e-01  3.95711082e-02
  1.63759734e-01 -8.32889855e-02  5.15866005e-03  2.74243392e-02
 -1.21948223e-01  3.19679282e-02 -7.56502004e-02 -5.51511857e-02
  2.32895563e-01 -9.90636679e-03 -1.08317456e-01 -2.48300605e-02
 -1.38461643e-01  6.46493171e-02  9.11617857e-02 -1.17665829e-01
  6.42111843e-02  4.82557586e-02 -1.18103961e-01 -2.40891486e-03
 -1.39754570e-01 -2.15793980e-02  2.66467351e-01]",0.06947368421052631,0.0,0.0,0.9306666666666666,0.7426666666666667,0.0,0.9933125,0.975,0.0,0.9290714285714285,0.7367142857142858,0.0,8.886095869136103e-06
3.88,0.13,707,0.5251000000000001,0.016046494944379614,0.9395999999999999,0.020293841430345287,0.05726072027095125,2.0,0.5835854557456405,0.37045479766041534,0.006604179852569938,2.0,0.416,0.4324207446889504,0.011285043401625526,42,0.8398157598353333,42,0.8387591297591296,0.00023540562002098895,3.0,1.0032030749519538,"[ 1.         -0.26315152  0.2826519  -0.26167677 -0.26220202 -0.26020202
  0.11815773 -0.25872727  0.79950816 -0.25725253  0.43423854 -0.25830303
 -0.24668765 -0.25682828 -0.01454079 -0.25787879  0.64252836 -0.25640404
  0.56863403 -0.25745455 -0.08801088 -0.2559798  -0.14723932 -0.25450505
  0.51235509 -0.2530303   0.69593939 -0.25155556  0.03929448 -0.25008081
 -0.23846542 -0.24860606  0.3604258  -0.24713131  0.82324476 -0.24565657
  0.16659984 -0.24418182 -0.24470707 -0.24523232  0.20597125 -0.24375758
  0.83875913 -0.24228283  0.31566123 -0.24080808 -0.24133333 -0.23933333
  0.06365734 -0.24038384  0.69644522 -0.23890909  0.45258197 -0.2399596
 -0.17978166 -0.23848485 -0.05690054 -0.2370101   0.56627195 -0.23553535
  0.5677467  -0.23406061 -0.0524763  -0.23258586 -0.17240793 -0.23111111
  0.42648329 -0.22963636  0.67077078 -0.22816162  0.06268842 -0.22668687
 -0.21507148 -0.22773737  0.28416939 -0.22626263  0.78341026 -0.22478788
  0.19960917 -0.22331313 -0.22383838 -0.22183838  0.14438073 -0.22036364
  0.72860606 -0.21888889  0.32691453 -0.21741414 -0.21793939 -0.21593939
  0.01420746 -0.2169899   0.59843279 -0.21551515  0.45169464 -0.21656566
 -0.13210645 -0.21509091 -0.09420979 -0.21614141  0.46573427 -0.21466667
  0.56433411 -0.21319192 -0.00732634 -0.21171717 -0.17582051 -0.21024242
  0.33808625 -0.20876768  0.65521756 -0.20729293  0.10783838 -0.20581818
 -0.1942028  -0.20434343  0.21043823 -0.20286869  0.69753846 -0.20139394
  0.22300311 -0.19991919 -0.20044444 -0.19844444  0.09240559 -0.19949495
  0.61592774 -0.1980202   0.33564258 -0.19654545 -0.17278943 -0.19507071
 -0.02562704 -0.19612121  0.4978951  -0.19464646  0.43866667 -0.19317172
 -0.08443124 -0.19169697 -0.10723776 -0.19274747  0.37986247 -0.19127273
  0.5391655  -0.18979798  0.02820824 -0.18832323 -0.16456721 -0.18684848
  0.26435509]",0.05026315789473684,0.0,0.0,0.9498333333333333,0.8213333333333334,0.0,0.99175,0.9505,0.0,0.9498571428571428,0.8214285714285714,0.0,6.271488701834658e-06
3.88,0.13,1313,0.5813499999999999,0.03071526493455655,0.8142999999999999,0.040503209749351954,0.18575754450076623,2.0,0.7562177412444051,0.285566588385003,0.00911839560387168,2.0,0.6247715650934695,0.3568855583691345,0.024993346186195406,8,0.7718026451423134,8,0.7776899622678314,0.003567612751890858,453.0,1.1301873698820264,"[ 1.         -0.51894166  0.2884847  -0.3182833   0.43428207 -0.37364289
  0.34234849 -0.49692648  0.77768996 -0.46302724  0.2864903  -0.37731485
  0.44927019 -0.42657877  0.36865626 -0.4484122   0.62722344 -0.40232163
  0.27709576 -0.40369191  0.49604111 -0.47864297  0.34924654 -0.38553044
  0.57515924 -0.35380735  0.26247723 -0.43659744  0.60551204 -0.50850066
  0.2989257  -0.32830545  0.56446022 -0.32488454  0.29140004 -0.48474212
  0.64053052 -0.4774017   0.26906801 -0.32550866  0.54679386 -0.36475741
  0.31553166 -0.43753232  0.4987747  -0.43628756  0.26664081 -0.35841419
  0.55133401 -0.43423693  0.34880677 -0.39816154  0.3604995  -0.35729495
  0.2376548  -0.40046321  0.64338963 -0.46844692  0.29630978 -0.33484088
  0.35676783 -0.30616563  0.23392313 -0.43467321  0.73718861 -0.46303509
  0.23989328 -0.28371157  0.35913183 -0.32600814  0.26894161 -0.45451572
  0.66858077 -0.42496878  0.2322421  -0.30660191  0.3493045  -0.36326597
  0.29568827 -0.40469087  0.56296615 -0.38733527  0.23330162 -0.33776407
  0.38214682 -0.42403478  0.30719576 -0.35051372  0.48521482 -0.31879063
  0.20605897 -0.37719805  0.48596098 -0.44518177  0.27385745 -0.31157573
  0.46929182 -0.27680481  0.20842297 -0.40531238  0.56452079 -0.41843511
  0.22048877 -0.27873341  0.46643183 -0.31406264  0.25345662 -0.38988538
  0.44584316 -0.38776894  0.22677228 -0.29988039  0.45138051 -0.36264012
  0.28020328 -0.36009089  0.34458084 -0.32749612  0.2147688  -0.33409039
  0.51774899 -0.3929306   0.26210413 -0.29589856  0.30122735 -0.27941463
  0.19971748 -0.35915688  0.59935664 -0.3997101   0.22789413 -0.26523239
  0.30446303 -0.26181147  0.21427281 -0.37507988  0.59562497 -0.36686778
  0.20195595 -0.25459657  0.28854003 -0.29602147  0.25016296 -0.35050938
  0.4921865  -0.33620161  0.18690463 -0.26355222  0.30396703 -0.35374245
  0.27995745]",0.16263157894736843,0.0,0.0,0.8389444444444445,0.45022222222222225,0.0,0.9699375,0.8345625,0.0,0.8394285714285714,0.449,0.0,1.2940943013968259e-05
3.88,0.13,2029,0.5784499999999999,0.022233926778686637,0.8418000000000001,0.04497510422444843,0.1526394291851677,2.0,0.9068066474276051,0.1040196715475237,0.0016164656173676176,2.0,0.9269177718832888,0.07789347782822588,0.0013473674713577674,14,0.9100414789191816,14,0.9368275425656037,0.007425082777769223,3.0,1.0817270624518118,"[ 1.         -0.86345117  0.82971338 -0.85864039  0.79003049 -0.85382962
  0.88877233 -0.85108533  0.91169697 -0.85040752  0.78590401 -0.84559675
  0.78329918 -0.84078598  0.93682754 -0.84010817  0.82586581 -0.8352974
  0.76887983 -0.83048662  0.84043109 -0.82567585  0.90497214 -0.82499804
  0.75940422 -0.82018727  0.76174312 -0.8153765   0.8979684  -0.81469869
  0.8244901  -0.8119544   0.74772916 -0.80714363  0.79456173 -0.80233285
  0.90359643 -0.80165505  0.75308478 -0.79684427  0.73317685 -0.7920335
  0.84922178 -0.78928921  0.81983175 -0.78447844  0.72082398 -0.77966766
  0.74540972 -0.77485689  0.87174751 -0.77417908  0.73853895 -0.76936831
  0.70627167 -0.76455754  0.79800328 -0.76387973  0.81845605 -0.76320192
  0.70255057 -0.75839115  0.71230509 -0.75358038  0.85100223 -0.75290257
  0.74044589 -0.75015828  0.69087552 -0.74534751  0.75501117 -0.74053673
  0.81213661 -0.73985893  0.68634365 -0.73504815  0.6763232  -0.73023738
  0.802661   -0.72955957  0.73619292 -0.7247488   0.66684759 -0.71993803
  0.70873642 -0.71512725  0.79552429 -0.71444945  0.65984386 -0.70963867
  0.65476715 -0.7048279   0.75638624 -0.70415009  0.73234535 -0.7014058
  0.64569693 -0.69659503  0.67028266 -0.69178426  0.79414859 -0.69110645
  0.66094002 -0.68629568  0.63114461 -0.6814849   0.71011149 -0.67874061
  0.72562052 -0.67806281  0.62454626 -0.67325203  0.62688517 -0.66844126
  0.74827922 -0.66776345  0.65462058 -0.66295268  0.60999395 -0.65814191
  0.66671399 -0.65333113  0.71642382 -0.65265333  0.60051834 -0.64784255
  0.60038537 -0.64303178  0.70942008 -0.64235397  0.64830113 -0.63960968
  0.58884328 -0.63479891  0.62578837 -0.62998814  0.7076325  -0.62931033
  0.58925516 -0.62449956  0.57429097 -0.61968878  0.6656172  -0.61694449
  0.63869904 -0.61213372  0.5619381  -0.60732294  0.5815801  -0.60251217
  0.67825545]",0.1568421052631579,0.0,0.0,0.8430555555555556,0.5599444444444445,0.0,0.9993125,0.995875,0.0,0.8429285714285715,0.5597857142857143,0.0,4.618767383671468e-06
3.88,0.15,101,0.6035,0.055747197238964395,0.664,0.07748548251124207,0.2893202836464359,2.0,0.38229017011264504,0.6425975141800666,0.037510650427428203,2.0,0.1724207206823287,0.7361836465043571,0.1773469921257056,4,0.5188567291448798,4,0.5282531645569621,0.06446478904173773,11.0,1.1197301854974704,"[ 1.          0.03118055 -0.03740573  0.12978414  0.52825316  0.05290473
  0.01526449  0.02362692  0.47659294  0.09428248  0.07136576  0.02906196
  0.46810393  0.04915123  0.07883278  0.07626915  0.35671686  0.04829047
  0.16721252  0.01341639  0.35812125  0.09776282  0.19383344  0.05016389
  0.28647435  0.05739507  0.19200666  0.02941639  0.25003731  0.04667422
  0.23981346  0.05640373  0.21373351  0.10637308  0.25787342  0.0250966
  0.23012791  0.06387342  0.19811859  0.06943904  0.21404397 -0.01550167
  0.23783078  0.09416123  0.22567488 -0.00696869  0.2638521   0.07567888
  0.18470753  0.0042958   0.21848767  0.05543105  0.15863025 -0.01548568
  0.27365623  0.07728847  0.13075416  0.03362025  0.28505396  0.0476469
  0.11646902  0.05857562  0.27526582 -0.0183038   0.12903264  0.07363757
  0.27820253 -0.0088048   0.12853831  0.07314324  0.28140573  0.00509127
  0.05689141  0.07181612  0.2426036  -0.03001332  0.11029447  0.06206129
  0.24913791  0.00197069  0.13191872  0.0557042   0.20817055 -0.01651166
  0.07929247  0.01866755  0.22526449 -0.02986409  0.10021719  0.0067475
  0.16670886  0.05018787  0.10805063 -0.03228781  0.16145103  0.02744171
  0.11241972 -0.00983078  0.18497402 -0.00816256  0.13810793  0.04856895
  0.12738441 -0.01661825  0.14677415  0.00477015  0.12629047 -0.06328181
  0.12675949  0.04827981  0.11853431 -0.03356296  0.14232112  0.04302199
  0.11350966 -0.06000666  0.1248048   0.03133511  0.08396802 -0.05503797
  0.15439041  0.01168688  0.1122545  -0.06056229  0.14720053  0.00912725
  0.09590406 -0.08570686  0.12372152  0.02395603  0.10383744 -0.07134444
  0.12309394 -0.02996935  0.08405596 -0.06734177  0.09008794 -0.02073684
  0.07663291 -0.04478481  0.1249034  -0.03375616  0.09252765 -0.06053564
  0.12594137 -0.04770819  0.01718321 -0.05366822  0.10615989 -0.09627049
  0.02251832]",0.20868421052631578,0.001,0.0,0.8501111111111112,0.3985,0.0,0.8475,0.404625,0.0,0.8379285714285715,0.36757142857142855,0.0,2.2848668543701975e-05
3.88,0.15,707,0.6193,0.08173132814288533,0.6264000000000001,0.10194626035318803,0.42203066639439385,2.0,0.7792490931186666,0.27691615979870926,0.013100457064995342,2.0,0.5527069970561286,0.460987768153199,0.07246105740239023,4,0.8134987941634818,4,0.771199217938159,0.03363850346846661,13.0,1.1028169014084508,"[ 1.         -0.30796705  0.15567073 -0.2567316   0.77119922 -0.33015264
  0.19605394 -0.29762586  0.69229875 -0.28351524  0.23114515 -0.29742723
  0.63066369 -0.26862987  0.29365856 -0.31502898  0.61020234 -0.23758752
  0.32037108 -0.31692791  0.59412468 -0.25875705  0.32783995 -0.30054538
  0.56551172 -0.29147275  0.34080097 -0.30105492  0.49764941 -0.26934407
  0.35692948 -0.29553735  0.49309101 -0.23705859  0.35432238 -0.2976903
  0.48952173 -0.23488171  0.35961288 -0.32081113  0.48850415 -0.22288288
  0.35018968 -0.29845537  0.46781572 -0.25729588  0.37543199 -0.31190049
  0.43077019 -0.25107015  0.37687375 -0.30683707  0.42691995 -0.23519565
  0.40310519 -0.28037856  0.39898822 -0.24269448  0.38236287 -0.27949871
  0.37677569 -0.26247461  0.38547499 -0.27808389  0.36163328 -0.25472478
  0.39413312 -0.27879356  0.37490219 -0.26867793  0.36936889 -0.27565451
  0.41842596 -0.28192292  0.34047496 -0.26390969  0.44316024 -0.28101613
  0.30671625 -0.26591639  0.43826699 -0.28947714  0.27402748 -0.25986385
  0.43497867 -0.27425693  0.28390181 -0.268525    0.44793968 -0.245901
  0.27855442 -0.27627785  0.45365739 -0.25034009  0.25606093 -0.28575493
  0.45380213 -0.25401713  0.24618358 -0.28742679  0.42468113 -0.25812139
  0.22790061 -0.29300125  0.38927901 -0.24153872  0.23845617 -0.27738077
  0.41290485 -0.23695639  0.23508702 -0.27545791  0.40976278 -0.24607169
  0.22184203 -0.25743197  0.40206381 -0.2747116   0.21943507 -0.24950895
  0.35610462 -0.28025913  0.23290411 -0.2687541   0.34741653 -0.26800628
  0.21148058 -0.25480397  0.33807416 -0.2446614   0.22209001 -0.24855129
  0.33997007 -0.25216023  0.22758064 -0.26131519  0.30770851 -0.24375611
  0.23720096 -0.26757088  0.27162516 -0.25142814  0.26464859 -0.25962092
  0.23409854 -0.23388329  0.28768557 -0.28884968  0.24123258 -0.21639232
  0.27464072]",0.23868421052631578,0.0004210526315789474,0.0,0.8055,0.2594444444444444,0.0,0.8675625,0.483375,0.0,0.8096428571428571,0.29,0.0,1.4071136557628833e-05
3.88,0.15,1313,0.5850500000000001,0.08692092670927985,0.7225,0.09627434756984854,0.2526923403721117,2.0,0.9078705908797534,0.13119718196248378,0.004233437470416449,2.0,0.820532626151313,0.23581292424287173,0.009055404408889672,4,0.8910948291237314,4,0.8046608226567769,0.005459456255140646,12.0,1.0538214702450408,"[ 1.         -0.70290088  0.56002428 -0.63369252  0.80466082 -0.7250236
  0.59748348 -0.67464194  0.75723803 -0.72179231  0.62744437 -0.64335941
  0.71839245 -0.69919488  0.62900337 -0.66140931  0.71838705 -0.69326635
  0.63277411 -0.63533243  0.68350641 -0.67738503  0.6527822  -0.63798112
  0.66874713 -0.67134862  0.65792852 -0.64200539  0.61725152 -0.64041672
  0.65919083 -0.65951585  0.62582333 -0.62885098  0.66002158 -0.6390762
  0.62713958 -0.61860688  0.64226837 -0.63225759  0.62610924 -0.63983951
  0.63398247 -0.61656507  0.59972488 -0.61365475  0.6285826  -0.6108793
  0.60781119 -0.60875118  0.59812542 -0.60878085  0.59677411 -0.60228321
  0.6032178  -0.59284558  0.6080971  -0.59425084  0.60884963 -0.58163048
  0.60024275 -0.60019016  0.5791207  -0.57966689  0.58685907 -0.6100944
  0.57520432 -0.57632771  0.57911261 -0.59459069  0.58094403 -0.54984626
  0.56934322 -0.60578962  0.60564531 -0.56104518  0.55436817 -0.58133109
  0.59215374 -0.54829265  0.55956844 -0.57505192  0.58764396 -0.5485408
  0.55794471 -0.58260958  0.573559   -0.53325287  0.52870128 -0.57055833
  0.57967633 -0.54685233  0.52834525 -0.54310587  0.58074983 -0.55602832
  0.52618206 -0.52771005  0.56318543 -0.57143493  0.54637896 -0.51830209
  0.53332165 -0.53901955  0.539118   -0.52526635  0.52552124 -0.55216049
  0.52813486 -0.51688334  0.51335131 -0.54118813  0.52783277 -0.49806204
  0.52084423 -0.55683749  0.53999191 -0.48153338  0.49181659 -0.54276332
  0.55347269 -0.48021713  0.48336885 -0.53634929  0.54238166 -0.49346595
  0.47527175 -0.51884963  0.5099555  -0.49352529  0.47977073 -0.52166015
  0.51685502 -0.48187862  0.47091841 -0.51451787  0.51925017 -0.48158732
  0.47660418 -0.51956709  0.52037761 -0.48232097  0.46759002 -0.49651113
  0.49855158 -0.49090357  0.47028186 -0.48788537  0.48810789 -0.49355226
  0.47631827]",0.16994736842105262,0.00010526315789473685,0.0,0.8642777777777778,0.44277777777777777,0.0,0.92,0.6356875,0.0,0.8741428571428571,0.47764285714285715,0.0,1.0410853179743898e-05
3.88,0.15,2029,0.6117,0.05415819420918685,0.6517000000000001,0.0803872502328572,0.3397216079956561,2.0,0.23370468505359498,0.7327830920701464,0.033342356429215333,4.0,0.09703591453250493,0.8087339757739124,0.03737326122506189,4,0.4655280163376073,4,0.4614200129679007,-0.0028979883939177545,20.0,1.1124957323318538,"[ 1.         -0.09951328 -0.45540877  0.05750175  0.46142001 -0.03764388
 -0.30533288 -0.13593709  0.37633122  0.0142195  -0.23409967 -0.08324736
  0.30909109  0.02048477 -0.20467478 -0.06465484  0.28894394 -0.0189796
 -0.17218123 -0.07399593  0.21610347  0.05903314 -0.20713469 -0.11826059
  0.3220235   0.02954848 -0.2226394  -0.02381514  0.26564205  0.00953286
 -0.19014585 -0.02533989  0.29421428  0.00790288 -0.19399183 -0.03932343
  0.25616585 -0.02310296 -0.19799565 -0.06883439  0.215154    0.02174414
 -0.17246577 -0.09511886  0.19111183  0.02942536 -0.10824884 -0.0827952
  0.15002106  0.02312662 -0.11454757 -0.03720066  0.13456896 -0.0364024
 -0.1021976  -0.0117234   0.09747843 -0.01631502 -0.03875441 -0.02088033
  0.09830121  0.0132151  -0.06490734 -0.02008386  0.10067146  0.01169035
 -0.08190691 -0.05714809  0.11235292 -0.00912532 -0.08652663 -0.03393944
  0.08838968  0.00258245 -0.05315411 -0.00982551  0.05671533 -0.02597063
 -0.00582795 -0.01681906  0.00105501 -0.02293186 -0.00441558  0.00185238
  0.01415242 -0.07629726  0.03058334  0.05603698 -0.03998673 -0.0886807
  0.05998193  0.08244583 -0.05141227 -0.09156878  0.05464108  0.0399128
  0.02219478 -0.10544708 -0.04821745  0.1165622   0.01207996 -0.1325316
 -0.0295197   0.10351026  0.06250108 -0.11151263 -0.07432134  0.12071313
  0.07260875 -0.14251847 -0.05810266  0.08119614  0.04469788 -0.141722
 -0.00164945  0.09271976 -0.00322503 -0.10373334  0.02780175  0.06873021
  0.0083249  -0.11003208  0.03004047  0.1421005  -0.0180648  -0.16422384
  0.08337242  0.09655143 -0.00553068 -0.13245142 -0.00550616  0.10751176
  0.05257525 -0.17722675 -0.05260271  0.11761943  0.08207906 -0.13454303
 -0.06800219  0.08904005  0.14941726 -0.12374054 -0.09353922  0.09837398
  0.09904159 -0.14081904 -0.05800333  0.06032555  0.08124197 -0.09130318
 -0.042611  ]",0.22263157894736843,0.0007894736842105263,0.0,0.8325555555555556,0.3527222222222222,0.0,0.8489375,0.4028125,0.0,0.8423571428571428,0.3795,0.0,2.298048895343717e-05
3.9,0.09,101,0.6945,0.061621830547298743,0.5165,0.10311522680962303,0.8499264683147155,2.127659574468085,0.018904832177869518,0.9214357553625929,0.11171336166986691,166.66666666666666,0.08689142938720883,0.8645332383319857,0.31954810679776335,9,0.1410640595167555,5,0.29767252121981613,-0.07131837126687936,9.0,1.2084698175011699,"[ 1.          0.15695897  0.23638861  0.2792849   0.26402596  0.29767252
  0.23351278  0.2314207   0.24187007  0.27395542  0.18048529  0.21648308
  0.18789739  0.2057061   0.18778557  0.12471679  0.13547652  0.20642764
  0.15323402  0.11587825  0.13213515  0.08098709  0.12106191  0.11724874
  0.1311403   0.14426066  0.07523858  0.15277313  0.11887367  0.0661597
  0.14573511  0.0220094   0.15269107  0.03226179  0.10118615  0.11132515
  0.06864151  0.03066502  0.04236994  0.03041212  0.04791517  0.08156643
  0.01082326  0.04243836  0.00367657 -0.02301874  0.04339451 -0.01559723
  0.01898982  0.01768776  0.00902165  0.01101131  0.02977461 -0.01886234
  0.00601415 -0.03792504  0.00701211  0.03894698 -0.0231766  -0.01522894
 -0.03204909 -0.08633369  0.04623837 -0.09786306 -0.01248482 -0.08009617
 -0.05207844 -0.08254041 -0.05311664 -0.06225299 -0.0674769  -0.08413247
 -0.13841706 -0.06809137 -0.08757781 -0.10517858 -0.1282718  -0.12330549
 -0.156904   -0.07512784 -0.14289906 -0.09106812 -0.11572726 -0.11812969
 -0.092482   -0.17058451 -0.08286445 -0.05486553 -0.1462948  -0.07361318
 -0.12758741 -0.13155576  0.00131725 -0.14686121 -0.10975834 -0.15260187
 -0.09136131 -0.09940669 -0.12500632 -0.11393153 -0.0611648  -0.13300364
 -0.14073396 -0.08136968 -0.06841861 -0.1305469  -0.09674045 -0.10431558
 -0.10390125 -0.07385676 -0.13739108 -0.09919724 -0.08278987 -0.12406748
 -0.0930825  -0.08419905 -0.04773102 -0.08163989 -0.13326759 -0.05511232
 -0.09090217 -0.07198368 -0.05088326 -0.0387081  -0.03609301 -0.03160166
 -0.06457003 -0.00255828 -0.02612645 -0.08997583 -0.03627331 -0.0132872
 -0.00441316 -0.00540956 -0.07851807 -0.01274435 -0.00997879 -0.0083089
 -0.04426804 -0.04903111  0.00263525  0.03801232 -0.05092935  0.01829597
 -0.03991987 -0.04358256 -0.02686953 -0.00780527  0.02129402 -0.00149355
  0.03089746]",0.4966315789473684,0.019736842105263157,0.0,0.6346111111111111,0.058,0.0,0.600875,0.0490625,0.0,0.5715,0.036071428571428574,0.0,4.946836335706539e-06
3.9,0.09,707,0.69275,0.0593606561621416,0.5408,0.10052541967084742,0.8171472563057203,4.273504273504273,0.02788779855801824,0.9103946732727026,0.06893711900615489,250.0,0.07402567016475688,0.8877006482038664,0.17676221762426897,5,0.17781070966139872,5,0.21605500447287382,-0.03968142246695408,11.0,1.1883102614809933,"[ 1.         -0.00465587  0.04332171  0.13718385  0.17544777  0.216055
 -0.0078271   0.11031918  0.1784524   0.11528501  0.04852348  0.05543374
  0.14686153  0.12129794  0.05057812 -0.03296658  0.02787546  0.14090366
  0.00468988  0.01555844  0.05166114  0.0068919   0.06256441 -0.05629225
 -0.01276775  0.0774488   0.03110416  0.02397831 -0.11417504  0.06591065
  0.07133656 -0.03163546 -0.00174333  0.02032325  0.06168652 -0.01056912
 -0.0468874   0.02546536  0.0534298   0.05313993 -0.04524838 -0.02277806
  0.05686589  0.08199223 -0.02116187 -0.00750667  0.05531452  0.01085798
  0.04377029 -0.03387655  0.02165346  0.0625734  -0.035047   -0.00272052
  0.02708057  0.0217122   0.05724094 -0.05886866 -0.05096882  0.05804964
  0.00131447 -0.09877986 -0.00914914  0.07005147  0.07120638 -0.04022847
 -0.05301864  0.01376084  0.04748064 -0.07762616 -0.02686194 -0.0644825
  0.03585145 -0.00554532 -0.04635626  0.0703967  -0.03442384 -0.03579433
 -0.0343663  -0.07550182  0.02950688  0.00740679 -0.0385341  -0.03450152
 -0.12781133  0.0126914  -0.0197992  -0.10676783 -0.02204539 -0.0531031
 -0.05370568 -0.08795377 -0.10983218  0.02328833 -0.09853705 -0.07830712
 -0.04495148 -0.0268432  -0.05339636 -0.10199327 -0.01443274 -0.0823778
 -0.06454263 -0.05745029 -0.09723207 -0.05123364 -0.05062498 -0.02293367
 -0.10072301 -0.09809562 -0.04102979 -0.07837723 -0.07888876 -0.02920516
 -0.0971898   0.02383416 -0.10653321 -0.02716239  0.02400557 -0.08436951
  0.01961003 -0.07769767 -0.00160827 -0.04349983 -0.07666731 -0.04016087
 -0.02479964 -0.00169203 -0.04156486 -0.00339197 -0.02756224 -0.04462342
 -0.01652835 -0.05739076 -0.04008996 -0.05099203 -0.03211584 -0.05363009
 -0.0367845  -0.02681447 -0.05670052 -0.0137104  -0.07427323 -0.07685496
 -0.03868208 -0.02759185 -0.07937915  0.00935304 -0.10059745 -0.02553721
 -0.03720719]",0.469,0.014894736842105263,0.0,0.6401111111111111,0.06861111111111111,0.0,0.580375,0.0435625,0.0,0.5619285714285714,0.038142857142857145,0.0,8.020269671973441e-06
3.9,0.09,1313,0.6852999999999999,0.0609418575365077,0.5543,0.11784103699475833,0.7679418209235196,2.4509803921568625,0.037783435348879,0.8954110838002577,0.08718719168426584,250.0,0.20559715128092565,0.797626999673576,0.3571299309210761,5,0.2265090161043214,5,0.4161718891211685,-0.11748229424428125,9.0,1.1793617021276597,"[ 1.00000000e+00  1.98438126e-01  2.83770079e-01  3.11070172e-01
  3.00265659e-01  4.16171889e-01  2.46909275e-01  2.58037559e-01
  3.93418084e-01  3.19118856e-01  2.70713102e-01  2.23182299e-01
  3.04944600e-01  3.48180303e-01  2.42586674e-01  2.28777807e-01
  2.69760244e-01  2.51785462e-01  2.44612531e-01  2.26277688e-01
  2.69358565e-01  2.50005467e-01  2.85710840e-01  1.43030859e-01
  2.37569589e-01  3.01565008e-01  1.91836431e-01  1.81422945e-01
  1.85679091e-01  2.51834880e-01  2.38211804e-01  1.36671750e-01
  1.85730370e-01  1.75285918e-01  2.23140492e-01  1.59921802e-01
  1.14098411e-01  1.64442451e-01  1.98347516e-01  1.14481449e-01
  1.28788356e-01  1.19753186e-01  1.62597862e-01  8.49147741e-02
  1.25300949e-01  8.95592845e-02  8.81473401e-02  8.68592569e-02
  8.14247035e-02  8.86232740e-02  8.15122734e-02  5.28285379e-02
  6.68992454e-02  8.75439588e-02  8.90744384e-02  6.39603543e-02
  5.71784502e-02  5.71793345e-03  5.39016038e-02  4.30351600e-02
 -8.33096293e-04  2.21772224e-02 -2.02198220e-02  3.66053285e-02
  3.58825421e-02 -5.69541015e-02 -4.58047414e-04 -4.93167585e-02
 -2.15327422e-02 -2.63091029e-02 -6.73587964e-02 -3.66323561e-02
 -1.00067804e-01 -2.73689746e-02 -6.91697568e-02 -1.35938656e-01
 -2.78608866e-02 -9.81065408e-02 -7.86349083e-02 -9.95211482e-02
 -9.09132964e-02 -9.52366995e-02 -7.32756006e-02 -7.72699073e-02
 -1.31219890e-01 -1.18384194e-01 -1.22552771e-01 -1.46288539e-01
 -1.03803925e-01 -1.22436899e-01 -1.38313241e-01 -1.56946215e-01
 -1.26138401e-01 -1.18579768e-01 -1.68270942e-01 -1.28120968e-01
 -1.78923292e-01 -1.43310815e-01 -1.29929265e-01 -1.59364089e-01
 -1.64767677e-01 -1.45810933e-01 -1.62221606e-01 -1.48027038e-01
 -2.02368048e-01 -1.62105734e-01 -1.55267226e-01 -1.75278516e-01
 -1.50344027e-01 -2.06454381e-01 -1.83804124e-01 -1.56740231e-01
 -2.07840686e-01 -1.53865063e-01 -1.63980418e-01 -1.42944678e-01
 -2.30318466e-01 -1.75796990e-01 -1.49124124e-01 -1.81141311e-01
 -1.27308993e-01 -1.82699222e-01 -1.43064136e-01 -1.06185682e-01
 -2.04299390e-01 -1.88428374e-01 -1.72228262e-01 -1.02317030e-01
 -1.17709449e-01 -1.63048917e-01 -1.37127140e-01 -1.30915859e-01
 -1.50237991e-01 -1.30251470e-01 -1.51764937e-01 -1.10987736e-01
 -1.13263108e-01 -1.03904167e-01 -1.43091622e-01 -1.25842290e-01
 -9.00440211e-02 -1.16536421e-01 -8.24455648e-02 -1.07714475e-01
 -1.29557039e-01 -8.26278237e-02 -1.24664806e-01 -7.02981570e-02
 -1.16140992e-01 -7.82442831e-02 -1.18841019e-01]",0.4504736842105263,0.016052631578947367,0.0,0.6653333333333333,0.09122222222222222,0.0,0.6100625,0.0631875,0.0,0.5621428571428572,0.03757142857142857,0.0,6.866271627344302e-06
3.9,0.09,2029,0.6871499999999999,0.06173432999555433,0.5632999999999999,0.11121200474768898,0.7810191431912816,250.0,0.041914344909446004,0.8904230747700367,0.10651691744742153,250.0,0.1410444286682986,0.83987796062812,0.2690136889163013,5,0.17231023496327524,4,0.30663010597415447,-0.056437903342005824,9.0,1.1740308461859108,"[ 1.00000000e+00  1.32176721e-01  7.46906714e-02  2.67174100e-01
  3.06630106e-01  2.74853725e-01  9.31765096e-02  1.21205547e-01
  2.80943472e-01  2.53532349e-01  1.01366514e-01  1.23546639e-01
  1.96690088e-01  1.90571628e-01  1.58795247e-01  7.03141628e-02
  1.54454441e-01  2.40319316e-01  1.32433489e-01  5.79941624e-02
  1.31219273e-01  2.34790168e-01  7.20058958e-02  8.46987179e-02
  7.21378836e-02  1.48812187e-01  9.26982150e-02  7.21337326e-02
  5.07607193e-02  1.24093364e-01  1.02935420e-01  9.08346401e-02
 -1.31977287e-02  9.15600896e-02  1.42658133e-01  8.15595673e-02
  1.83580127e-02  7.60577113e-02  1.00069967e-01  9.20377147e-02
  6.39255957e-02  2.12599193e-02  1.15076696e-01  1.12688681e-03
  5.09304720e-02  6.72875565e-02  3.32747784e-02  2.71119355e-03
  7.91704278e-02  5.99564364e-03  1.86884657e-02  3.05727569e-02
  2.12460465e-02 -4.79119558e-02  5.65750046e-02 -1.30947978e-02
 -1.88647805e-02  5.32809411e-02 -3.15617536e-02 -4.61915361e-04
  1.33620416e-02 -3.61761482e-02 -4.29697310e-02 -3.27025018e-02
 -1.03331811e-02 -1.51870981e-02 -7.49394596e-02 -4.54566834e-02
  7.47349110e-03 -1.87248351e-02 -9.76668707e-02 -5.51400642e-02
 -4.60039699e-02 -5.38433115e-05 -8.12064026e-02 -8.28520687e-02
 -7.35566938e-02 -3.62295500e-02 -3.80644124e-02 -5.85771488e-02
 -1.01242825e-01 -4.51857074e-03 -4.25044409e-03 -1.16961584e-01
 -2.72432506e-02 -5.65940390e-02 -2.11289421e-02 -6.47923458e-02
 -5.87569677e-02 -5.85705027e-02 -5.39371173e-02 -2.63422609e-02
 -9.39648629e-02 -7.24598617e-02 -5.74788969e-02 -7.12266547e-02
 -9.29780605e-02 -1.07237618e-01 -3.15092961e-02 -1.79561970e-02
 -1.11288467e-01 -1.35224523e-01  4.18669012e-02 -6.66382608e-02
 -1.14856119e-01 -1.11813923e-01 -9.04722452e-02 -5.39002806e-03
 -5.68420106e-02 -8.64636569e-02 -1.00615680e-01 -6.07036629e-02
 -4.76882369e-02 -1.09892064e-01 -1.00274086e-01 -5.12531583e-02
 -8.07672700e-02 -3.87781367e-02 -8.83163264e-02 -6.77831795e-02
 -3.80036723e-02 -4.26942661e-02 -9.44429796e-02 -4.97873111e-02
 -2.45622589e-02 -4.97628579e-02 -6.10850227e-02 -9.83877132e-02
 -7.77729047e-02  1.08401672e-02 -6.55129523e-02 -1.44373326e-01
 -4.58428135e-02 -3.69439955e-03 -1.25621984e-01 -1.06920969e-01
 -6.50692854e-02 -1.56699657e-02 -2.65619921e-02 -9.24599975e-02
 -9.15725361e-02  3.83831499e-02 -3.50883652e-02 -5.44958397e-02
 -9.03706646e-02 -3.35053699e-02  2.80477874e-02 -8.41256797e-02
 -8.31306837e-02 -5.74754930e-02 -7.77944245e-03]",0.44384210526315787,0.014368421052631579,0.0,0.6757222222222222,0.09283333333333334,0.0,0.6619375,0.0765,0.0,0.6427857142857143,0.07364285714285715,0.0,9.176700023962527e-05
3.9,0.11,101,0.6089,0.04848494611732594,0.7539000000000001,0.08665904453662064,0.2758155949781461,2.202643171806167,0.03484573129984254,0.8837003421120917,0.16303402965927336,2.202643171806167,0.06088666600426317,0.8232635747358327,0.2801915484773684,11,0.2660668881524934,11,0.4721337587335996,-0.011633097859996331,13.0,1.1088395352257685,"[ 1.00000000e+00  3.79184478e-02  2.09586308e-01  2.59007075e-01
  3.63585176e-01  1.56258417e-01  2.06241117e-01  3.65466552e-01
  1.14456814e-01  1.20600739e-01  1.06511074e-01  4.72133759e-01
  5.38530318e-02  9.93309453e-02  1.12746711e-01  1.76045362e-01
  1.03521308e-01  2.02925594e-02  2.76110576e-01  2.37173103e-02
  2.32032587e-02 -3.06265315e-02  3.41550264e-01 -1.79844789e-02
 -3.70889306e-02  5.94995999e-02  6.35941990e-02  7.10121854e-03
 -5.00575595e-02  2.04480794e-01 -7.24950498e-02 -4.44317378e-02
 -7.09638272e-02  2.07949375e-01 -1.06311133e-01 -3.03103948e-02
 -1.01847215e-02 -3.58272868e-03  9.88496882e-03 -7.19083197e-02
  1.51129819e-01 -6.99709606e-02 -5.85525880e-02 -4.71861477e-02
  1.38973463e-01 -6.88632971e-02 -7.13747415e-02 -1.90383486e-04
  1.30176530e-02 -2.87758486e-02 -4.83996224e-02  1.40786704e-01
 -6.91513132e-02 -6.92072961e-02 -1.66652703e-02  1.01124918e-01
 -7.20903674e-02 -3.54755512e-02 -4.80098112e-03 -8.69595288e-03
 -3.37362296e-03 -6.40171856e-02  1.22505950e-01 -1.07302130e-01
 -5.93687547e-02  8.08637791e-04  3.66537919e-02 -7.06994656e-02
 -1.46056814e-03  4.73528820e-03 -7.93669863e-02  2.25479248e-02
 -2.26264969e-02  6.86356529e-02 -8.79866255e-02 -4.93744166e-02
 -1.79821167e-02  3.37902471e-02 -7.44132126e-03  1.78549360e-02
 -8.72908563e-03  1.23127251e-02  1.65591315e-03  3.35582140e-02
  1.02900976e-01 -3.31854419e-02  1.67453258e-02  5.87903869e-02
  5.40218888e-02  1.99063649e-02  1.04510539e-01  6.65040940e-02
 -1.56007878e-02  5.88606259e-02  9.42996435e-02  1.02233232e-01
 -2.30965606e-02  7.49793616e-02  3.57971182e-02  3.23602151e-02
  5.25378206e-02  8.11630658e-02 -2.62761542e-03 -4.07379248e-02
  1.71304817e-02  2.38363390e-02  5.65083018e-02 -4.46969809e-02
  2.99202295e-02 -3.18471995e-02 -7.16480754e-03 -5.17253638e-02
  7.41063279e-02 -3.75439872e-02 -7.88274879e-02 -5.60905565e-02
 -8.10524928e-03 -4.26788419e-02 -9.86618214e-02  7.29980732e-03
 -9.76925320e-02 -4.45885730e-02 -9.71387003e-02  3.79622253e-02
 -7.70170777e-02 -1.03039166e-01 -4.84478155e-02 -5.30085848e-02
 -3.23729106e-02 -1.02233775e-01  1.16654926e-02 -9.55839005e-02
 -6.75205885e-02 -6.89600988e-02 -6.43110926e-03 -6.18002234e-02
 -8.10085395e-02 -6.10386629e-02 -2.58073741e-02 -1.79257183e-02
 -1.10683361e-01  2.97958771e-02 -9.69693746e-02 -3.04975319e-02
 -7.59835468e-02  4.69772257e-02 -2.31432996e-02 -7.51834259e-02
 -2.20794669e-02  3.77872351e-03  2.02118834e-02]",0.23968421052631578,0.0007894736842105263,0.0,0.7845,0.2321111111111111,0.0,0.7836875,0.2179375,0.0,0.7679285714285714,0.21121428571428572,0.0,8.070565854551936e-06
3.9,0.11,707,0.61095,0.05290413499907167,0.7329000000000001,0.09789070435950495,0.3016034471683386,250.0,0.06871644431170282,0.8813865886839239,0.16455500459178746,250.0,0.12575683264188953,0.8239617702039954,0.310376799914917,11,0.2890840408418107,11,0.4264011065901808,-0.02620837602130757,11.0,1.104929895974672,"[ 1.          0.13274127  0.19790269  0.28063974  0.40982873  0.16104372
  0.24081497  0.31153751  0.24017113  0.09608536  0.18697886  0.42640111
  0.1555229   0.04256546  0.12598917  0.22628827  0.13299357  0.01864924
  0.21166023  0.09715102  0.01795794  0.03250674  0.30256266  0.0329336
  0.03618169 -0.01867976  0.18910594  0.02241877  0.03714602  0.09379408
  0.0800019  -0.00180008  0.03849437  0.18889788  0.05613995  0.01798901
  0.05689657  0.13788983  0.11940163  0.02577717  0.19219096  0.05889769
  0.05782023  0.08036061  0.22727654  0.0797439   0.08385711  0.07145182
  0.15819822  0.12490817  0.07509963  0.14686574  0.08715695  0.0462051
  0.05727989  0.15531343  0.07925103  0.02368934  0.05963111  0.11869605
  0.05758681 -0.00978379  0.10997248 -0.00383651  0.00148514 -0.00328547
  0.05249749  0.01852078 -0.04989338 -0.05536422 -0.04081542 -0.00175654
 -0.09869013  0.03220196 -0.09916908 -0.01818939 -0.13547238 -0.00960608
 -0.0362643  -0.10260491 -0.09413902 -0.03140805 -0.03336418 -0.0555184
  0.0079128  -0.06223158 -0.02576804 -0.02423659  0.0075445  -0.0109437
 -0.00838226 -0.01399085 -0.05422891  0.04137417 -0.01989995  0.00978046
 -0.00314661 -0.00929055 -0.00760779  0.0312862  -0.02303991  0.00315292
  0.03005955 -0.02392323  0.02646348 -0.00366875  0.03506036 -0.02169619
  0.00626756  0.01160277  0.00946819  0.0113294  -0.01255504  0.04929725
 -0.06102416 -0.04072222  0.0021947  -0.0023839  -0.0735854  -0.03172562
 -0.01856371 -0.05583597 -0.07207217 -0.01995524 -0.04680548 -0.09536488
 -0.06672803 -0.03669072 -0.06649319 -0.11542305 -0.08487753 -0.058644
 -0.10113406 -0.05580026 -0.06507488 -0.06425723 -0.11840489 -0.04993434
 -0.04267689 -0.03665501 -0.05497833 -0.07416676 -0.00463908 -0.06242563
  0.00255734 -0.04462874  0.00943756 -0.03409606 -0.01014166  0.01416964
  0.00349457]",0.2595789473684211,0.0010526315789473684,0.0,0.7829444444444444,0.25172222222222224,0.0,0.75075,0.2166875,0.0,0.7230714285714286,0.19357142857142856,0.0,0.00042039804283607426
3.9,0.11,1313,0.6135999999999999,0.04623353761069988,0.7385,0.08516307885463043,0.28693493569755385,250.0,0.036290504055226,0.9051708737792354,0.12088913317668418,500.0,0.09213892995091381,0.8232062629874176,0.31908967007309524,11,0.23176215649765627,11,0.44511950639412634,0.027572417586205468,9.0,1.1071964017991005,"[ 1.00000000e+00  1.16002275e-01  3.03639447e-01  3.31923270e-01
  3.34802937e-01  1.95508945e-01  2.04276033e-01  3.35438075e-01
  2.35970356e-01  2.09261246e-01  1.85095998e-01  4.45119506e-01
  1.28809900e-01  1.91508255e-01  2.13001551e-01  1.87829789e-01
  1.95218090e-01  1.11289304e-01  2.77238151e-01  1.27658405e-01
  1.73811313e-01  1.31404709e-01  1.97550033e-01  1.28574196e-01
  9.83629658e-02  9.15911206e-02  1.02054117e-01  1.49427252e-01
  3.95634759e-02  2.01851642e-01  6.44672710e-02  1.17141843e-01
  5.86103202e-02  1.67815174e-01  1.01969184e-01  1.45382786e-02
  5.22599014e-02  6.70178208e-02  8.68152080e-02  8.87725346e-03
  1.38177933e-01  5.67930095e-02  7.96650926e-02  6.12769639e-02
  9.03535900e-02  1.19430216e-01  1.31719693e-02  9.65521354e-02
  6.09843163e-02  7.38326152e-02  1.84860915e-02  1.45084347e-01
  8.28438868e-02  5.24740960e-02  1.15703285e-01  3.17193478e-02
  1.29735342e-01 -6.64251491e-03  1.15819379e-01  5.83495226e-02
  9.08731171e-02  5.71597670e-02  1.51728793e-01  6.20711454e-02
  5.39205129e-02  1.00445693e-01  3.47031126e-02  1.10127676e-01
 -2.05213195e-02  9.26613354e-02  2.50642860e-02  6.67085588e-02
  3.99442970e-02  5.23169143e-02  9.38026266e-02  4.63565544e-02
  9.18200682e-02 -2.29728724e-02  1.38467340e-01 -6.24998104e-02
  7.89479852e-02 -1.37527145e-03  2.95558237e-02  2.03986764e-02
 -2.38778394e-03  9.37185895e-02 -7.18306849e-03  6.72901313e-02
 -4.68134156e-02  6.91268140e-02 -4.09989314e-02  5.89266830e-02
  3.16315880e-02  7.57163145e-02  3.41576643e-02  7.60711454e-03
  1.10290304e-01 -4.30052739e-02  8.03597256e-02 -2.96626107e-02
  4.78301334e-02 -6.06548551e-02  6.18621902e-02  5.64139809e-02
  4.35961532e-02  4.44076385e-02 -7.56540623e-04  1.00017028e-01
 -2.15664403e-02  9.75036366e-02  5.77780842e-03  4.98625349e-02
 -2.88497466e-03  8.56932198e-02  2.01643515e-02  5.84168074e-02
  6.85626831e-02 -1.48904209e-02  8.05265589e-02 -1.93134328e-02
  1.00921719e-01  1.50833132e-02  3.89619110e-02  7.76900486e-02
 -8.93454207e-05  6.20781772e-02  3.97673986e-02  4.98581228e-02
 -5.18363379e-02  5.32321533e-02 -1.87149702e-02  1.58768053e-02
  1.46752611e-02 -1.72870291e-02  2.40401227e-02 -9.52614526e-02
  7.47686050e-02 -3.13310813e-02  1.98061425e-02 -7.73796836e-02
  2.52483541e-02 -4.23486953e-02 -3.13548654e-02 -2.94817138e-02
 -2.58092448e-02 -3.78511599e-03 -1.03094275e-01  2.22837544e-02
 -2.33078487e-02 -4.43984006e-02 -1.87687429e-02]",0.2575789473684211,0.002157894736842105,0.0,0.7906111111111112,0.24683333333333332,0.0,0.777625,0.250875,0.0,0.7627142857142857,0.22314285714285714,0.0,0.000563563676807348
3.9,0.11,2029,0.56335,0.10225227381334852,0.8709000000000001,0.20527588752700593,0.35544573884996994,3.64963503649635,0.26531085048749536,0.438978347859879,0.013410711117700503,3.64963503649635,0.26405638274264176,0.4444265830210765,0.022076031175976066,11,0.9549141929950451,11,0.9588031707104648,0.0004568330955890588,6.0,1.0034566194262011,"[ 1.         -0.23212895 -0.28554542 -0.07596793  0.46113361 -0.266851
 -0.26630858  0.49685439 -0.08880873 -0.28488131 -0.23401756  0.95880317
 -0.23158858 -0.28448083 -0.06393727  0.40569791 -0.26865364 -0.26497653
  0.52554666 -0.10570029 -0.28677246 -0.23146879  0.92568571 -0.23202571
 -0.28032046 -0.04596307  0.3534465  -0.26812205 -0.26505769  0.55095734
 -0.11814125 -0.28511268 -0.23052096  0.88552856 -0.23200767 -0.27965954
 -0.02887785  0.3026598  -0.26949775 -0.267264    0.5739365  -0.1315208
 -0.28377873 -0.23239075  0.84721154 -0.23016895 -0.28007531 -0.00866673
  0.26067508 -0.26814245 -0.26306092  0.59600722 -0.13825364 -0.27717237
 -0.22627848  0.80775944 -0.22676633 -0.27474403  0.01553104  0.22324016
 -0.26501606 -0.25900474  0.62184673 -0.14231575 -0.27406544 -0.22127304
  0.76801166 -0.22510275 -0.26961994  0.0429627   0.19234207 -0.26100948
 -0.25547278  0.63931117 -0.14353008 -0.26904054 -0.21406271  0.72621656
 -0.21858491 -0.26303303  0.07221313  0.15941612 -0.25444204 -0.24956768
  0.65357188 -0.14232167 -0.26235444 -0.20417286  0.68164274 -0.21522121
 -0.25520996  0.09830941  0.13223532 -0.24882385 -0.24525473  0.66049529
 -0.14327923 -0.25695411 -0.19521282  0.63637645 -0.21160074 -0.249335
  0.12613595  0.10588512 -0.24289929 -0.24134734  0.66547059 -0.13994567
 -0.24946755 -0.18357325  0.59046726 -0.20618094 -0.24242226  0.15155921
  0.08313355 -0.23539327 -0.23580889  0.66116049 -0.13775977 -0.24204126
 -0.17128202  0.53963286 -0.20133498 -0.23389793  0.17479705  0.0614003
 -0.22917302 -0.22830287  0.65074928 -0.1337444  -0.23329907 -0.15720026
  0.49545394 -0.1944913  -0.22617405  0.19794636  0.04515542 -0.22092491
 -0.22064805  0.63989357 -0.12839367 -0.22389453 -0.14198151  0.4484963
 -0.188735   -0.2180942   0.2182479   0.0290292  -0.21421935 -0.21429846
  0.62381695]",0.12778947368421054,0.0002631578947368421,0.0,0.8738888888888889,0.5935555555555555,0.0,0.8735,0.59925,0.0,0.9465,0.7846428571428572,0.0,8.47218667678074e-06
3.9,0.13,101,0.5458,0.03205245700410499,0.8882000000000001,0.05753920402647223,0.09352292613555853,2.0,0.5443210156427113,0.5105443870906938,0.09517235516631603,2.0,0.4634420279765715,0.4650046306240708,0.29294452399282,6,0.5516355707833673,6,0.7214443571868687,0.1319050531075563,10.0,1.0483947119924457,"[ 1.          0.06126736  0.63471319  0.064476    0.63179635  0.02646752
  0.72144436  0.07640863  0.72119156  0.05998432  0.55374452  0.07714142
  0.64223871  0.04481743  0.69750791  0.06082072  0.55458092  0.04555022
  0.57928915  0.05400237  0.68324204  0.04397538  0.61777762  0.03776624
  0.52353432  0.03715703  0.6392126   0.01727127  0.63371629  0.03744883
  0.52667835  0.0263526   0.54010216  0.02352033  0.67354676  0.00478839
  0.5495399   0.0230993   0.51721591  0.00329812  0.61405865 -0.003352
  0.60971615  0.00172328  0.47691976 -0.03095712  0.56923181 -0.01646406
  0.602645   -0.0177861   0.49747369 -0.01271082  0.47536488 -0.03481963
  0.60010453 -0.01241902  0.50967908 -0.02768952  0.45470169 -0.03505247
  0.51796301 -0.04623328  0.55546589 -0.04115799  0.42692834 -0.03226486
  0.47162595 -0.07516043  0.53746673 -0.04787273  0.4425106  -0.06385606
  0.42421965 -0.05913719  0.47424533 -0.06312327  0.47967703 -0.03956885
  0.38889517 -0.07065445  0.46646136 -0.08183525  0.46025222 -0.06237053
  0.41549    -0.0769282   0.40661683 -0.07976047  0.47059097 -0.07432877
  0.43417729 -0.08808904  0.37315898 -0.09962626  0.42922558 -0.1009483
  0.43660849 -0.09134234  0.36803905 -0.1164716   0.36476579 -0.12010127
  0.43140398 -0.12826162  0.3560808  -0.12994007  0.34641023 -0.1475182
  0.390395   -0.12547401  0.37885778 -0.14491877  0.32805466 -0.13566922
  0.35276289 -0.14569621  0.37222762 -0.13458002  0.31236313 -0.12986116
  0.33405091 -0.13535746  0.34365688 -0.13028218  0.31630456 -0.15799091
  0.2972162  -0.13292626  0.3309858  -0.1614324   0.32326644 -0.15067262
  0.2777914  -0.17802494  0.2835795  -0.16468569  0.29886996 -0.17355887
  0.26165888 -0.17488091  0.2527857  -0.17620295  0.27678111 -0.17752499
  0.26755152 -0.17316254  0.23824799 -0.19980203  0.26411004 -0.18904225
  0.25186   ]",0.0968421052631579,5.2631578947368424e-05,0.0,0.9051666666666667,0.5942222222222222,0.0,0.9475625,0.7674375,0.0,0.8914285714285715,0.5669285714285714,0.0,1.2031910410294926e-05
3.9,0.13,707,0.5973499999999999,0.03215940764379842,0.7697999999999999,0.044810266680750756,0.23097593862579716,4.0,0.14870297151161144,0.7935132366522769,0.04604577699482339,4.0,0.29059367771781036,0.7188746870983919,0.022744066840047754,20,0.39878227952747364,20,0.4791322536305504,-0.0006269793474717758,13.0,1.1224846894138232,"[ 1.00000000e+00 -1.94129405e-01 -2.76692842e-01  2.86797347e-02
  3.04689177e-01 -1.23996693e-01 -1.28381282e-01 -2.03474452e-01
  4.34584036e-01 -3.49293412e-02 -3.16699934e-01 -6.34717823e-03
  3.95152812e-01 -1.87400665e-01 -1.55937927e-01 -4.32883125e-02
  2.77542740e-01  5.90104584e-02 -3.02960935e-01 -4.98802367e-02
  4.79132254e-01 -1.11409430e-01 -2.84134027e-01  6.29801390e-03
  2.38471922e-01  3.49508954e-03 -2.53892548e-01 -9.54352477e-02
  4.13138588e-01 -9.22221160e-02 -3.67040379e-01  3.14515827e-02
  3.37860037e-01 -7.58852965e-02 -1.62442838e-01 -7.91563577e-02
  3.15391303e-01  2.36603518e-02 -2.57124166e-01 -9.61767764e-02
  3.75563657e-01 -9.49357955e-02 -1.87977529e-01 -7.38239009e-02
  2.55463495e-01 -6.90432080e-03 -2.21960437e-01 -7.59535847e-02
  3.83336401e-01 -5.62959023e-02 -2.67875854e-01 -6.80694835e-03
  3.22012311e-01 -2.79767724e-02 -2.28092352e-01 -4.91963983e-02
  2.96535549e-01  1.37788801e-02 -2.45112771e-01 -4.93041296e-02
  2.91965577e-01 -2.61702823e-02 -2.40240324e-01 -7.68028447e-02
  2.84855714e-01  3.89324489e-02 -2.46832248e-01 -5.44997709e-02
  3.31073607e-01 -8.95511863e-03 -2.08084623e-01 -5.40895635e-02
  2.92628459e-01  3.52408215e-02 -2.61470308e-01 -7.81121138e-02
  3.19911711e-01 -5.34742525e-02 -2.72524473e-01 -3.43843104e-02
  2.53089504e-01 -2.52049244e-02 -1.59592103e-01 -8.92740094e-02
  2.94795354e-01  6.97788801e-02 -3.10609215e-01 -5.50384271e-02
  3.25554772e-01 -5.92955637e-02 -2.21073727e-01 -5.81250623e-03
  2.67706847e-01  4.81884898e-02 -2.64967191e-01 -6.91585490e-02
  2.95976175e-01 -4.55565649e-02 -2.34207773e-01 -1.99824299e-02
  2.36106297e-01  1.46157892e-02 -1.63088986e-01 -9.27708919e-02
  3.05252933e-01 -1.58411522e-02 -2.57302177e-01 -1.16917468e-02
  2.54875276e-01 -5.57903145e-02 -1.40375705e-01 -1.25825654e-01
  2.42835037e-01  4.67135600e-02 -2.50515508e-01 -8.85820435e-02
  3.20388215e-01 -3.50989860e-02 -1.76438495e-01 -1.45050300e-02
  1.88305743e-01  3.85098906e-02 -2.02433196e-01 -8.82795673e-02
  2.77373095e-01  5.82680930e-04 -2.64275225e-01  2.46528018e-02
  1.83628040e-01  4.74949700e-04 -2.08614913e-01 -8.75089544e-02
  2.23361740e-01  6.51095440e-02 -2.37099703e-01 -2.13703460e-02
  2.54639096e-01  6.22574155e-03 -2.06340286e-01 -3.14384350e-02
  2.17180024e-01  5.74238132e-02 -1.93997570e-01 -4.89767924e-02
  2.48457380e-01 -4.07834817e-02 -1.95091376e-01 -5.90448814e-02
  2.09494293e-01  1.78848583e-02 -1.52349648e-01]",0.19478947368421054,0.0,0.0,0.8155,0.3918888888888889,0.0,0.93975,0.7128125,0.0,0.8157142857142857,0.39221428571428574,0.0,1.6835896796565425e-05
3.9,0.13,1313,0.5531,0.03718722899060912,0.8633,0.09131325205029113,0.1286992421626628,500.0,0.18200132207941055,0.7505343253098927,0.40628940179528217,500.0,0.3170334278193907,0.5470586980494283,0.7627268082660307,4,0.5355546138883063,4,0.8010694126126905,0.1382270874862002,13.0,1.0501155577180392,"[1.         0.75242066 0.72879375 0.75377737 0.80106941 0.72770941
 0.69388834 0.70807815 0.76812248 0.71063418 0.62512154 0.67976897
 0.74057246 0.64214802 0.6173218  0.62279741 0.65525755 0.60180733
 0.54311972 0.58037711 0.63710414 0.56506458 0.46799896 0.52592531
 0.557065   0.48394726 0.42298215 0.45468313 0.51100839 0.4236584
 0.35733477 0.40150739 0.48901478 0.40905856 0.3499308  0.37671339
 0.42540263 0.37243094 0.3103049  0.36107374 0.41048377 0.3374044
 0.277996   0.30717722 0.35690626 0.30169546 0.2617567  0.29665384
 0.34382475 0.27722047 0.21133698 0.2640643  0.31934976 0.260222
 0.19945478 0.23794986 0.27944322 0.23442657 0.18145488 0.21287522
 0.28734968 0.20063772 0.15306294 0.19651478 0.23680883 0.19614928
 0.15561087 0.18571076 0.22900309 0.18850305 0.12773583 0.18677873
 0.23007106 0.17170247 0.13659933 0.17345496 0.19815794 0.17160951
 0.1163987  0.16704641 0.22309104 0.17359615 0.1041531  0.16243684
 0.20588868 0.16103154 0.12816752 0.16082555 0.19948014 0.17217254
 0.10061151 0.15441701 0.20730384 0.14789544 0.11982868 0.15068773
 0.18154679 0.14208656 0.12105616 0.13872278 0.19924563 0.13519949
 0.08930254 0.13411321 0.18220279 0.13210825 0.10268266 0.13654
 0.17699356 0.13065647 0.08144222 0.11589922 0.17118467 0.11989082
 0.08310985 0.11560837 0.14810689 0.11120479 0.08553665 0.12043379
 0.15668975 0.11363158 0.06893395 0.11118648 0.13828809 0.10634274
 0.0806746  0.09938103 0.13563699 0.10772973 0.05491755 0.10692409
 0.15381436 0.10819805 0.06034263 0.1030353  0.12849746 0.10118985
 0.05993065 0.09842573 0.14503536 0.10409518 0.05340098 0.09941095
 0.12247448 0.09440771 0.07397697 0.09688099 0.11586805 0.09095908
 0.05301717]",0.11273684210526316,0.00010526315789473685,0.0,0.8917777777777778,0.61,0.0,0.9289375,0.7305625,0.0,0.8668571428571429,0.557,0.0,0.0009102372740620523
3.9,0.13,2029,0.5685,0.035745629103430245,0.8309,0.053480744198262604,0.14822254129029447,2.0,0.49136022574989213,0.5675842344243092,0.0755280537636831,2.0,0.278259351560901,0.6959810386928852,0.22692018098745478,8,0.5093124633144197,8,0.5428146521734568,-0.01077919283699314,7.0,1.0793712652637049,"[ 1.00000000e+00 -4.14761327e-02  3.99054175e-01  8.23865338e-02
  4.49082585e-01  2.46983242e-02  4.72888962e-01 -5.08838014e-02
  5.42814652e-01 -4.41462211e-02  3.42447110e-01  2.25222800e-04
  4.21526038e-01 -3.64853594e-02  4.63894119e-01 -8.91843898e-02
  3.77980512e-01 -5.27285041e-02  3.97210269e-01 -3.76628056e-02
  4.13768875e-01 -7.52964034e-02  3.63073208e-01 -4.38296966e-02
  3.32019593e-01 -3.57565406e-02  3.24772089e-01 -1.17761317e-01
  4.18916450e-01 -7.99698551e-02  2.48011985e-01 -7.49804104e-02
  3.22926855e-01 -8.33082627e-02  2.95782070e-01 -1.37755429e-01
  3.55886735e-01 -6.56690430e-02  2.00715491e-01 -8.83945402e-02
  2.86786962e-01 -1.22276639e-01  2.93111982e-01 -1.37184474e-01
  2.58974656e-01 -9.79001045e-02  2.21596286e-01 -9.85676266e-02
  2.51059629e-01 -1.52347005e-01  2.30239599e-01 -1.20310406e-01
  1.63968044e-01 -1.16401309e-01  1.76205259e-01 -1.71928823e-01
  2.15902188e-01 -1.55370217e-01  1.34820428e-01 -1.75935018e-01
  1.70195966e-01 -1.37063209e-01  1.14413224e-01 -1.81944577e-01
  1.50613882e-01 -1.39163937e-01  7.86853601e-02 -1.57980603e-01
  1.65169391e-01 -1.59158580e-01  1.43013786e-01 -1.61416906e-01
  9.24754509e-02 -1.09483027e-01  1.08778829e-01 -1.77502718e-01
  1.42151004e-01 -1.62947476e-01  1.15418780e-01 -1.27827165e-01
  6.48804450e-02 -1.18928889e-01  9.05922893e-02 -1.54814351e-01
  1.16559361e-01 -1.57485237e-01  9.18305008e-02 -1.46838825e-01
  8.71562519e-02 -1.19378845e-01  7.61572483e-02 -1.08064646e-01
  9.44639902e-02 -1.20811785e-01  2.99405704e-02 -1.46208434e-01
  1.00023593e-01 -1.25740996e-01  5.05656058e-02 -1.09182390e-01
  7.06204833e-02 -1.05115961e-01  7.11906412e-02 -1.31180397e-01
  1.03482468e-01 -9.25638157e-02  5.29441331e-02 -8.19174041e-02
  6.46708925e-02 -6.42784500e-02  9.27986602e-02 -1.00831700e-01
  5.16687912e-02 -8.31927459e-02  9.83582629e-02 -8.37029358e-02
  8.31952003e-02 -6.56514218e-02  7.81083914e-02 -6.54938238e-02
  6.60290400e-02 -5.76758957e-02  7.38469682e-02 -7.67477895e-02
  1.10047626e-01 -7.90061150e-02  1.40577654e-02 -2.57366609e-02
  6.97431429e-02 -8.60960216e-02  8.14699023e-02 -1.16737077e-01
  9.17037539e-02 -5.95587915e-02 -3.61831906e-03 -5.87334058e-02
  1.01839976e-01 -9.46188680e-02  5.47979120e-02 -7.13229471e-02
  3.74741538e-02 -4.91073740e-02  3.69639639e-02 -6.68436922e-02
  8.32408756e-02 -9.74847475e-02  3.40381163e-02 -5.95359539e-02
  2.93638674e-02 -5.41339491e-02  3.71817956e-02]",0.13742105263157894,5.2631578947368424e-05,0.0,0.8765,0.5148888888888888,0.0,0.9275625,0.6784375,0.0,0.8787857142857143,0.519,0.0,1.1687540234518543e-05
3.9,0.15,101,0.60105,0.033803069387261284,0.7273,0.06324326051050817,0.27134602482798875,500.0,0.06596928448386645,0.8549707376236866,0.14632212252242555,4.0,0.24160795482936098,0.6165964453763401,0.4063165205514606,4,0.4052047372439885,4,0.7422407324531028,0.10846472660476675,14.0,1.1182349323493235,"[ 1.          0.33639674  0.12600885  0.40145367  0.74224073  0.3300207
  0.13383633  0.31415926  0.66131179  0.32466473  0.09495793  0.29403222
  0.65425319  0.31453842  0.08539916  0.30402237  0.64492444  0.26952458
  0.10562005  0.27923999  0.62696005  0.28224492  0.07447221  0.31684714
  0.61274594  0.27303117  0.093443    0.31638402  0.57909792  0.29620477
  0.08786452  0.27455291  0.58545281  0.30494482  0.05580412  0.27442732
  0.60282849  0.26106606  0.05454344  0.28248483  0.53826572  0.26980612
  0.06203341  0.24110625  0.49836725  0.25365937  0.01770211  0.22495949
  0.49028859  0.22046388  0.02644217  0.23813237  0.46277601  0.20738485
  0.04348032  0.20209918  0.47231362  0.21635492  0.00301431  0.20913661
  0.44378097  0.19714045 -0.00938217  0.19844275  0.42808676  0.18087869
 -0.01439311  0.19036409  0.41887301  0.17166494 -0.02610704  0.18626571
  0.43534362  0.15745083 -0.05282206  0.18762023  0.40601342  0.14755453
 -0.08590254  0.16385792  0.3986173   0.13265787 -0.07704748  0.15532673
  0.4038371   0.13162722 -0.09114658  0.17054725  0.38212244  0.09866175
 -0.07160824  0.17315186  0.34722433  0.11001699 -0.08218709  0.15643757
  0.34539612  0.12125723 -0.08526539  0.1539268   0.34288536  0.0681753
 -0.09959451  0.12891441  0.30537206  0.07816544 -0.10892327  0.11276766
  0.31365958  0.07895242 -0.12563756  0.11105446  0.30376328  0.0590554
 -0.13189859  0.10479342  0.23818045  0.05972737 -0.12929398  0.06989531
  0.25828633  0.06483216 -0.1297571   0.09636665  0.25600558  0.05073305
 -0.12510484  0.08908554  0.24747438  0.04026921 -0.12738559  0.08180444
  0.23326027  0.06412536 -0.13421416  0.07997622  0.21018052  0.03229498
 -0.12354147  0.05814656  0.17459986  0.05433349 -0.15207412  0.03404673
  0.19118548  0.02955112 -0.16128786  0.05221997  0.19185745  0.01590455
 -0.16118344]",0.208,5.2631578947368424e-05,0.0,0.8056111111111111,0.31877777777777777,0.0,0.925875,0.693875,0.0,0.7904285714285715,0.2745,0.0,2.1885720432946506e-05
3.9,0.15,707,0.6100999999999999,0.05394895735785818,0.7423,0.08834992925860212,0.27962757825498014,2.0,0.8546000137739693,0.16027156466659848,0.003802462912521204,2.0,0.9096799877079522,0.12120027638487069,0.0021803759924411224,4,0.8758641740737816,4,0.8956271344951323,0.0071353346136676914,5.0,1.1411222136817833,"[ 1.         -0.85827024  0.75153226 -0.80301545  0.89562713 -0.85044703
  0.78295741 -0.83564596  0.87846863 -0.8215841   0.76249748 -0.82526053
  0.87850651 -0.83105592  0.77746546 -0.8148751   0.85942633 -0.80914047
  0.76277053 -0.80961412  0.8589223  -0.80782148  0.75384062 -0.8019882
  0.84412873 -0.80019556  0.75121762 -0.79820563  0.8523952  -0.7976941
  0.75199471 -0.78589853  0.8307528  -0.79819813  0.75139203 -0.7865012
  0.81477676 -0.78470856  0.74886768 -0.78582277  0.81353353 -0.77708265
  0.73983912 -0.78066043  0.81805531 -0.77118111  0.72598205 -0.76899389
  0.80794292 -0.7678418   0.72079683 -0.75678543  0.79452911 -0.76021589
  0.72329829 -0.75374206  0.79116692 -0.74170051  0.7117075  -0.74483503
  0.78617899 -0.74678708  0.70149647 -0.73893349  0.76882319 -0.73778141
  0.69907077 -0.74091593  0.77472473 -0.73050011  0.68255282 -0.72210461
  0.76269068 -0.72607698  0.69165714 -0.71930721  0.75385941 -0.70918733
  0.67706086 -0.71788957  0.75143371 -0.70466556  0.66226729 -0.70459729
  0.74486873 -0.69639908  0.65003595 -0.69366995  0.7495878  -0.7001059
  0.64450611 -0.68382643  0.72720619 -0.69036102  0.64400208 -0.67930465
  0.72852518 -0.68529733  0.63433296 -0.65950816  0.69973801 -0.67757277
  0.63767227 -0.66311633  0.68642285 -0.65683979  0.61987321 -0.65711614
  0.69818804 -0.65734382  0.61104194 -0.63933997  0.68201471 -0.64277043
  0.59999307 -0.63565604  0.68131339 -0.64090952  0.58638196 -0.61832313
  0.6602129  -0.64023108  0.59504302 -0.61424462  0.64561662 -0.62279953
  0.58877398 -0.61164451  0.64255036 -0.61541959  0.57536017 -0.60263883
  0.63756243 -0.60651256  0.56633161 -0.60334016  0.63996525 -0.59962585
  0.55592329 -0.58556398  0.6314786  -0.59904605  0.55724228 -0.57912053
  0.61505929 -0.58481728  0.5463907  -0.57504202  0.60805105 -0.58221717
  0.5447042 ]",0.21978947368421053,0.0,0.0,0.7912222222222223,0.248,0.0,0.9778125,0.89575,0.0,0.7912142857142858,0.24721428571428572,0.0,5.490438191225083e-06
3.9,0.15,1313,0.5815,0.026320144376503703,0.8215999999999999,0.050233853127149224,0.16021258202679867,4.0,0.3454779195557921,0.6639985860296933,0.058090840787086366,2.0,0.3366686441236569,0.5250191778456322,0.0873080716713343,8,0.5296268495128104,4,0.7106281583869637,-0.0033838405832190815,5.0,1.1230180426462548,"[ 1.         -0.20791187 -0.06053096 -0.11129227  0.71062816 -0.19610754
 -0.01814932 -0.17703288  0.67262746 -0.14890708 -0.07312684 -0.18531224
  0.65245956 -0.18492635 -0.08253166 -0.17490283  0.64872954 -0.16969813
 -0.11062524 -0.16336797  0.61099832 -0.19554082 -0.12854224 -0.15948933
  0.5525969  -0.18571791 -0.12975189 -0.17655036  0.52648474 -0.19485325
 -0.1419941  -0.1850992   0.52189874 -0.21074127 -0.13806791 -0.18315442
  0.498941   -0.19690797 -0.13414171 -0.19309818  0.51389976 -0.20883315
 -0.12427125 -0.18917199  0.49972368 -0.19923216 -0.12854021 -0.18551526
  0.5183758  -0.2071945  -0.12857686 -0.19149618  0.50559465 -0.19534261
 -0.12663209 -0.19040738  0.51830251 -0.21406803 -0.14337609 -0.1785555
  0.54402435 -0.21324871 -0.12670539 -0.1896247   0.5289923  -0.20450369
 -0.1505191  -0.19474964  0.52188593 -0.22462404 -0.14798783 -0.19393032
  0.49523482 -0.21277215 -0.14689903 -0.19311099  0.50569179 -0.20402714
 -0.14806112 -0.17531484  0.50678059 -0.22189659 -0.16394915 -0.13572304
  0.46513407 -0.20099356 -0.1588975  -0.14962965  0.45744121 -0.19310452
 -0.14817107 -0.14881032  0.45713509 -0.19935491 -0.13064439 -0.15393526
  0.4480473  -0.17872136 -0.15049526 -0.14010196  0.44008496 -0.18866512
 -0.122792   -0.13419434  0.44401116 -0.18275751 -0.12791694 -0.13450046
  0.45050528 -0.19864553 -0.11606505 -0.13057426  0.42101677 -0.1856682
 -0.1189391  -0.14024855  0.41701728 -0.17579774 -0.13482712 -0.14226662
  0.4585905  -0.20271832 -0.12693808 -0.12334502  0.41014374 -0.16794534
 -0.1306681  -0.15904727  0.44266582 -0.18581479 -0.15164442 -0.14719538
  0.45082434 -0.19773997 -0.13893656 -0.14439464  0.44569939 -0.19183236
 -0.12001496 -0.12151019  0.42584852 -0.17998047 -0.11919564 -0.1119092
  0.41081647 -0.1602029  -0.13706509 -0.13657889  0.45437111 -0.16703979
 -0.15380909]",0.16226315789473683,0.0,0.0,0.8461111111111111,0.44116666666666665,0.0,0.972,0.87,0.0,0.8429285714285715,0.43157142857142855,0.0,9.934759736730799e-06
3.9,0.15,2029,0.5713499999999999,0.033172692082494584,0.8279000000000001,0.07691937337238261,0.1453480481396608,500.0,0.301746098814504,0.7263181252011844,0.3841466493223075,500.0,0.6550674948784265,0.3753056855148973,0.8111820351941664,4,0.5161661445211063,2,0.8352524612994985,0.3246302363168834,13.0,1.0884827767551932,"[1.         0.76574736 0.83525246 0.79273526 0.83097235 0.77493386
 0.79420563 0.77967415 0.79002355 0.80365525 0.760391   0.77675401
 0.78034276 0.78064922 0.76770987 0.73843848 0.77789417 0.75322171
 0.74450777 0.72659596 0.77122018 0.73640674 0.72008707 0.71907689
 0.71130606 0.72916317 0.69556834 0.70094528 0.69439306 0.70427091
 0.67997198 0.66412386 0.67531834 0.67985021 0.67536167 0.64646381
 0.67503148 0.66462737 0.65215958 0.65659341 0.62938571 0.64095372
 0.63693674 0.63244821 0.61237468 0.63830908 0.60424269 0.60576776
 0.58907456 0.60158568 0.57897691 0.60322114 0.57131648 0.58927161
 0.57379702 0.57099865 0.56275626 0.5714155  0.54617346 0.55726992
 0.53381607 0.54068712 0.51798032 0.51724563 0.51829914 0.51671938
 0.48275102 0.50060813 0.47715428 0.46759526 0.46817721 0.46828761
 0.47657332 0.4504862  0.4473143  0.43775528 0.45138698 0.42370772
 0.42645139 0.41726589 0.41784785 0.41927488 0.40549045 0.4048538
 0.40421715 0.40865098 0.39317639 0.39000449 0.38683259 0.38234406
 0.37437717 0.35139487 0.38540655 0.35397344 0.3680767  0.35270014
 0.38079625 0.34973667 0.36431148 0.33109018 0.35458736 0.33019039
 0.3405398  0.32938864 0.32452658 0.32736828 0.33433736 0.30591105
 0.32518282 0.32417264 0.31461362 0.3017723  0.29400147 0.29251974
 0.2973271  0.27471833 0.28638437 0.28114878 0.27121623 0.27057958
 0.2560481  0.25757316 0.26153544 0.26052526 0.23659985 0.25502654
 0.23833334 0.23093604 0.22100349 0.2353028  0.21691944 0.22314147
 0.20222286 0.20290284 0.20395635 0.1928052  0.1956469  0.18872115
 0.18649236 0.19477808 0.17855643 0.16740528 0.17315575 0.18688548
 0.13855074 0.16711841 0.1554957  0.16124617 0.13187675 0.15462687
 0.12065852]",0.15321052631578946,0.00015789473684210527,0.0,0.8502777777777778,0.43572222222222223,0.0,0.9329375,0.741875,0.0,0.8301428571428572,0.37364285714285717,0.0,0.0008836727508073195
3.92,0.09,101,0.70945,0.0693141219377408,0.4424,0.09392677999378027,1.1131211446091207,2.7777777777777777,0.025498386998877593,0.910276770541176,0.048657970831298636,2.487562189054726,0.01816266271851899,0.9193648912680044,0.05390503965724618,7,0.10318090997976354,118,0.08496352853697021,-0.0010080836662747941,11.0,1.2557479420948057,"[ 1.00000000e+00 -1.55837465e-01 -3.56497942e-02  3.20387385e-02
 -6.11886324e-03  8.03677977e-03 -6.87459330e-02  7.46285932e-02
 -3.76507735e-02  6.57928508e-02 -3.46210486e-02  1.20116070e-02
  3.31904097e-02 -4.33196104e-04 -6.11378516e-03  1.12700629e-02
  3.10932008e-02 -5.22320680e-02 -2.79610802e-02  1.63184316e-02
 -1.26850324e-02 -2.41048985e-03  6.34055025e-02  1.49965360e-02
  3.09884474e-02 -3.06280491e-02 -1.39469704e-02  2.65874608e-02
 -4.64672918e-03 -5.25252181e-02  2.22726201e-02  2.82353325e-02
 -3.77417073e-03  4.05914870e-02 -6.37566876e-03  3.45033461e-02
 -3.35196866e-02 -2.18033334e-02  3.62504579e-02  7.07470212e-03
 -4.53377827e-02  6.13718058e-03  3.14056475e-02 -7.51563503e-02
  2.28782169e-02 -2.95841419e-02 -7.75244382e-03 -1.56138849e-02
 -5.05931555e-02 -2.49302309e-02 -1.05027295e-01  3.83472315e-02
  4.97053991e-02  1.76460219e-02 -6.90959212e-03  1.93200820e-02
  1.43785342e-02  4.17417073e-02 -7.42328660e-02  2.35432634e-02
 -4.38767479e-02 -4.12283864e-02 -1.70435445e-02 -6.20903535e-04
  1.54072798e-02 -6.95320916e-02  6.53411923e-02 -1.06773790e-03
 -3.60626780e-03 -3.98051833e-02 -2.31959230e-04 -2.45291355e-02
 -6.67401295e-02 -4.43054100e-02 -2.56157711e-02  3.16989789e-02
 -2.32888155e-02 -7.98045666e-02 -1.86948621e-02  6.86576108e-02
  7.49649069e-02 -2.36625982e-02 -2.77290847e-02 -7.90080705e-02
  3.12728196e-02 -7.86557609e-04  1.00547344e-02  3.29700575e-02
  3.93804748e-04 -3.97723571e-02  4.64964907e-02 -3.37365930e-02
  2.64119045e-02  3.66365730e-02 -3.85320372e-02  7.56299534e-02
 -1.15764160e-02  4.33851902e-02 -4.23793685e-02 -5.19773300e-02
 -2.87536952e-02  7.41903190e-03  4.55504452e-02 -4.51425670e-02
  6.02408459e-03 -9.77184933e-03 -2.11199333e-02  1.01243403e-02
  2.91222909e-02 -4.90160866e-02  2.63116850e-03 -1.20312664e-02
  2.06049439e-02  4.15611455e-03  1.30387203e-02 -1.28725584e-02
 -1.18382996e-02 -1.99581784e-02  8.49635285e-02 -3.37633980e-03
  3.57661546e-02 -2.36694898e-02  5.03031611e-02  4.24733854e-03
 -8.65318196e-02  3.22140409e-02 -8.92689385e-04  2.27254031e-02
 -4.99676454e-02  2.32659642e-02  1.02176318e-02  3.69279095e-02
  7.58482381e-02 -7.32199713e-02  5.63802753e-02 -3.80215455e-02
 -6.86341791e-03  5.30629137e-02  4.87611310e-03  2.20156332e-03
 -4.07983460e-02  5.23576416e-02  1.21416058e-02 -4.41519795e-02
  5.51883785e-02 -2.00301057e-02 -6.52735813e-03  1.45154247e-02
 -1.96386587e-02  2.65133934e-02  2.99007962e-02]",0.5567894736842105,0.034105263157894736,0.0,0.5871111111111111,0.03727777777777778,0.0,0.5805,0.0385,0.0,0.5784285714285714,0.03464285714285714,0.0,1.8617468530255613e-07
3.92,0.09,707,0.7129500000000001,0.06878261044769964,0.4516,0.09968670924451263,1.096514721639972,3.1055900621118013,0.02264399492865426,0.9135281729891946,0.04551538811238195,166.66666666666666,0.08306768946194597,0.8970851444375729,0.15787146302351449,9,0.131558361018358,9,0.15982324622840494,-0.017098265208683988,10.0,1.2457931034482759,"[ 1.         -0.03255618  0.13489488  0.12434436  0.09204579  0.11270653
  0.09853738  0.05721435  0.07126977  0.15982325  0.01640954  0.10038639
  0.01025803  0.10431393  0.04343255  0.04640261  0.11229835  0.06096067
  0.0498909   0.03818918  0.04932232  0.09103476  0.05935204  0.03516824
  0.11464896  0.05482217  0.05175446  0.05777562  0.037617    0.07132738
  0.05521003 -0.0061262   0.03299     0.04657447 -0.03250073 -0.00380573
  0.02587947 -0.04611947 -0.00439093 -0.02200161 -0.06173469  0.03175366
  0.02418983 -0.0065349   0.02967512 -0.0020559   0.00289456 -0.01311008
 -0.07806495 -0.01916498  0.02707579 -0.0443878  -0.00210781 -0.03073944
 -0.03075606  0.03364633 -0.10215576  0.01200995 -0.0453816  -0.07212945
 -0.01676762 -0.08170639 -0.0405454  -0.0763177  -0.10441398 -0.07928931
 -0.06461804 -0.06358006 -0.05953929 -0.09277976 -0.06960328 -0.03633164
 -0.10169306 -0.05090786 -0.07046673 -0.08252669 -0.07350275 -0.05686719
 -0.04979143 -0.06186749 -0.06681898 -0.07892724 -0.0677941  -0.02450782
 -0.08337661 -0.10549953 -0.09086046 -0.02748046 -0.06164672 -0.06913005
 -0.08123831 -0.04942781 -0.03983632 -0.08513623 -0.01114183 -0.09012043
 -0.07699081 -0.07183104 -0.06379729 -0.05519599 -0.0465786   0.04799655
 -0.11247587 -0.00832482 -0.02035257 -0.05406398  0.03755668 -0.00267955
 -0.02335742  0.00629558  0.01988005 -0.07622167  0.03696994  0.01135719
  0.00384167  0.03459756 -0.00865755 -0.03032562  0.02096273  0.02553884
 -0.02573443  0.00849519  0.04923354  0.01605748  0.02663917 -0.0161611
  0.01560109  0.0222059   0.04080574  0.03239663  0.11241269  0.01431448
  0.05000525  0.05502011  0.0223633   0.11802525  0.02843224  0.08074298
  0.06261305  0.14006508 -0.04514209  0.04837846  0.06142759  0.02721303
  0.05686603  0.04128403  0.03016597  0.02058954  0.08651748  0.01002241
  0.02511633]",0.5591578947368421,0.03505263157894737,0.0,0.6002222222222222,0.04677777777777778,0.0,0.5701875,0.035875,6.25e-05,0.5690714285714286,0.03564285714285714,0.0,1.3956698857864988e-06
3.92,0.09,1313,0.7115499999999999,0.06852260575897563,0.44310000000000005,0.09347400708218302,1.0738017576945431,2.8571428571428568,0.034493353211928236,0.9072160701946498,0.04348159028275163,500.0,0.029682390975399046,0.9138707719979212,0.12357708639156717,2,0.13065462992888172,2,0.13358675302350012,0.003477178017641441,15.0,1.2787878787878788,"[ 1.00000000e+00 -9.71783588e-02  1.33586753e-01  5.16646665e-02
  1.46152478e-02  1.31758328e-01  4.50808170e-02  4.36884997e-02
  3.51727736e-02  4.08054373e-02  3.83475843e-02  8.30514124e-02
  2.36051452e-02 -6.54403500e-02  1.49995502e-02  4.27726930e-02
 -1.28257432e-02  5.90109014e-02 -4.88994952e-02  3.39679035e-02
  7.21400327e-02  5.29094363e-02  4.09601906e-02  6.92998023e-03
  1.23852455e-02  1.06223884e-01  2.67159873e-04 -2.04238268e-02
  7.25072178e-02 -1.55517128e-02  7.24064509e-02  6.06151471e-02
  1.48239875e-02 -7.74170090e-03 -4.39029825e-02  8.91647620e-02
  6.28302136e-02  4.84340129e-02  8.57775194e-02 -3.96358157e-02
  7.14688482e-02  5.78818137e-02  4.96224570e-02  3.95479130e-02
 -2.98040582e-02  4.49133094e-02  7.36730168e-02 -1.95361933e-02
  1.53603582e-02  3.30103406e-02 -7.37750060e-02  1.14798332e-02
 -9.05321154e-03  7.68917720e-03  1.83931494e-02 -6.15752645e-02
 -7.87332602e-03  1.10791049e-02  4.69427644e-02 -3.94783774e-02
  1.28674215e-01 -2.14576893e-03  1.39453956e-02  4.01002061e-02
 -1.14134862e-02 -2.58096869e-02  1.00539726e-02 -2.84558364e-02
  6.75138731e-02 -1.26914536e-02 -1.65501826e-02  2.81655964e-03
 -4.48687583e-02  1.36481192e-02 -3.39582278e-02  2.99652986e-02
 -1.67334547e-02 -3.34561465e-03  5.87851063e-03  2.14763928e-02
  5.53863797e-02 -2.16417969e-02  4.40580036e-02  4.82897913e-02
  5.02455768e-03  6.05222269e-02 -1.53614432e-02 -1.22395132e-03
 -5.91130303e-03  6.86286660e-02 -7.41294597e-03 -7.88170174e-02
  4.77190282e-02 -7.02550144e-02  3.09439455e-02 -4.88199565e-03
 -6.54727693e-02  1.96324761e-03  1.39696683e-02 -3.04995863e-02
  3.42331062e-02 -1.40050084e-02  5.83555959e-03  5.51963847e-02
 -2.69106449e-03  5.10898449e-02 -1.25201370e-02  1.62395704e-02
  2.77527088e-02  4.85203270e-02  5.26731438e-02  1.42423058e-02
 -5.59978025e-02 -5.65041277e-03  1.46239232e-02 -3.64754578e-02
  5.88825725e-05 -3.11890324e-02 -4.02770118e-02 -2.36125204e-03
  1.96103871e-02  7.00991715e-03 -8.37284818e-03  1.86700994e-02
 -2.67857198e-02  6.36193989e-02 -1.73355796e-02  3.82689339e-03
 -1.37659141e-02 -7.97530842e-03  9.50983532e-02 -1.47062017e-02
 -1.86439017e-02  1.08460009e-02  3.29950386e-02  1.22250809e-02
 -6.38955020e-02 -8.55730533e-02  4.66065541e-02 -4.70764816e-02
  3.03399528e-03  5.66569628e-02 -8.29047622e-02  5.67141377e-02
 -4.05798162e-02  5.18954745e-03  6.11015280e-02 -7.69803500e-02
 -4.67251662e-04 -1.35610039e-02  9.41665646e-03]",0.5691578947368421,0.031210526315789473,0.0,0.6023888888888889,0.045,0.0,0.5943125,0.043875,0.0,0.5895,0.044,0.0,2.5135969047123964e-06
3.92,0.09,2029,0.7069500000000001,0.07340263959831417,0.44539999999999996,0.10202372273152946,1.1209904185104587,2.380952380952381,0.03382239621159768,0.8981559877439131,0.050511934272457,166.66666666666666,0.030567886814718993,0.9149208981543973,0.15363162984492862,2,0.11979734212332248,3,0.1709290410843091,-0.0171805440439025,8.0,1.253235790658413,"[ 1.00000000e+00 -5.64945104e-02  1.19926463e-01  1.70929041e-01
  9.45917816e-02  8.07898286e-02  2.05254457e-02  1.06461792e-01
  1.16981473e-01  3.36981950e-02  5.33447339e-02 -4.78300368e-03
  1.67750889e-01 -2.64515700e-02 -8.98586970e-03  6.79120056e-02
  4.25813904e-02 -9.82620926e-03  1.26221942e-03  6.02983541e-02
  1.07287267e-02  1.30380792e-02  4.82368448e-03  6.81388743e-02
  1.09276653e-02  4.82649363e-02  8.82708160e-03 -4.67128326e-03
 -9.43476507e-03  7.37134974e-04 -8.25845723e-02  4.04279516e-02
 -5.22415793e-02 -3.73986496e-02  2.83183448e-02 -5.42194135e-02
 -6.24780014e-02 -8.59755592e-02 -7.77251029e-02 -8.05229478e-02
 -4.61177999e-02 -2.45940105e-02 -6.48158143e-02 -9.51710046e-02
 -1.17248493e-02 -5.56627251e-02 -1.03822520e-03  7.47162604e-03
 -5.88664404e-02  1.45363287e-02  4.22948186e-03 -4.86584788e-02
  1.93719339e-02 -6.17247417e-02  2.92361800e-02 -3.96804639e-02
  4.05799378e-02  6.81802775e-03 -3.58497738e-02  2.29269659e-02
 -6.18415885e-02 -5.69978518e-02  4.92044839e-03 -7.11132230e-02
 -3.17276930e-02  2.10195565e-02 -6.52727028e-02 -1.51040308e-02
  2.75114460e-02  1.92086649e-02 -2.62971090e-02 -4.64763336e-02
  4.92824330e-02  4.89747791e-02 -5.30867686e-02  2.14976885e-02
  7.95513045e-03  3.71620277e-03 -6.03084455e-02  7.50676540e-03
  3.22220728e-02  3.63644825e-02 -6.87206644e-03 -2.01494653e-02
  3.46518075e-02 -4.41756430e-02 -3.31314075e-02 -2.18662060e-02
  2.55970733e-02 -4.12213542e-02 -9.43321254e-03  2.74179332e-02
 -5.46836574e-02 -3.49929252e-02 -1.86205264e-02 -7.18562683e-02
 -1.99371611e-02 -5.50959607e-02 -1.11220232e-02 -4.03839121e-02
 -7.41408265e-03 -3.93871286e-02  3.23593561e-02 -4.70368418e-02
 -1.80866725e-02 -2.13206851e-02 -4.14557165e-02 -6.68747180e-02
 -9.95875198e-02  2.81367760e-03 -6.06422233e-02 -6.06904823e-02
 -4.41855039e-02 -3.69841558e-02 -1.22304195e-02 -7.74309913e-02
 -3.42909604e-02 -4.46845566e-03 -7.22034117e-02 -1.47409394e-02
 -4.91542189e-02  1.09310240e-02 -2.43161620e-02 -2.95158116e-02
 -2.95640705e-02  4.85981147e-02 -2.95722021e-02 -6.07113415e-02
  7.26597777e-04  2.33878818e-02 -9.14224448e-02  4.79665438e-02
 -2.63608856e-02  1.32898037e-02 -6.21309272e-02 -4.94688361e-02
  1.63807379e-02  8.21053643e-03 -3.53737938e-02 -6.99237187e-03
  3.76329351e-02  2.02916828e-02 -8.62199284e-02  8.49549421e-03
  3.53916402e-02  4.12844851e-02 -4.31747169e-02  4.76094320e-02
  2.65136788e-02  2.25783392e-02 -2.09617979e-02]",0.568,0.032947368421052635,0.0,0.5947222222222223,0.04661111111111111,0.0,0.589375,0.0433125,0.0,0.5905714285714285,0.04357142857142857,0.0,1.344785672736764e-06
3.92,0.11,101,0.6132499999999999,0.04594221914535692,0.7485999999999999,0.0825714236282747,0.32033664920502836,2.1834061135371177,0.04413722121458906,0.8967354369642665,0.08375660567203534,2.1834061135371177,0.05163924289813384,0.8747636458610896,0.09219252088987988,11,0.28795718219774374,11,0.34291334166417325,0.00015144760432260853,11.0,1.0836711059640995,"[ 1.00000000e+00 -1.34572974e-01 -6.55361130e-02  9.28460731e-02
  1.25805117e-01  6.42853958e-02  3.05097183e-02  5.18173199e-02
  1.20079765e-01 -1.38874996e-01 -2.52065403e-02  3.42913342e-01
 -4.57825181e-02 -8.60967316e-02 -2.37010754e-02  1.22193651e-01
  4.30530299e-02 -4.49083080e-02  4.01390194e-02  6.28311832e-02
 -9.85266147e-02 -4.79466709e-02  2.59325812e-01 -6.99688122e-02
 -5.01484415e-02 -7.06622431e-02  9.06533373e-02  5.61237775e-02
 -6.78743099e-02 -5.43758617e-03 -1.01753583e-03 -1.13220445e-01
 -1.78857032e-02  1.27378343e-01 -8.30932761e-02 -7.57398314e-02
 -1.41028964e-01  1.25134930e-01  1.14037231e-02 -6.48445712e-02
 -5.96501047e-02 -2.59166447e-02 -1.19847440e-01  5.31811840e-02
  3.33596635e-02 -7.95765939e-02 -6.93924236e-02 -1.11214402e-01
  1.38795290e-01 -3.07114772e-02 -4.68662548e-02 -1.08506140e-02
 -4.90263829e-02 -7.99097336e-02  5.34769993e-02  3.81582390e-02
 -3.15104517e-02 -1.09266511e-01 -6.23943773e-02  1.79610081e-01
 -4.92568539e-02  2.83085462e-03 -2.13702237e-02 -5.57971147e-02
 -2.57509314e-02  3.95370517e-02  6.30652328e-02 -6.30507653e-02
 -5.71640178e-02 -4.69798476e-02  1.54018692e-01 -7.47866425e-02
  5.87232929e-02 -3.73254132e-02  1.25622496e-02 -1.17004300e-02
 -1.02137740e-02  6.98027820e-02  4.48888889e-02 -1.01048055e-01
  2.80617890e-02  1.60063960e-01 -1.20096309e-01  8.09022300e-02
 -4.51521669e-02 -7.01861532e-03 -1.23453661e-03  1.67774903e-03
  6.47862201e-02  9.70236608e-03 -1.23034303e-01  1.76859156e-02
  1.20374677e-01 -1.08451191e-01  5.80799643e-02 -6.42871558e-02
 -2.11228330e-02  6.76437217e-03 -3.51192073e-02  6.24361136e-02
  5.96769746e-03 -1.36302503e-01  8.36604303e-02  4.84796569e-02
 -8.20775003e-02  3.30987205e-02 -5.34780553e-02  8.21908584e-02
 -6.81872444e-02  3.73938434e-02  3.59265713e-02 -7.11223636e-02
 -8.29181172e-02  4.90840535e-02  7.30314284e-03 -6.08988507e-02
 -5.04173047e-03  7.42462057e-03  3.73676892e-03 -9.44354683e-03
  7.26909200e-02  1.04173164e-02 -3.27892239e-02 -1.07591355e-01
  1.43233821e-01  2.00512171e-02 -3.28120574e-02  2.80963679e-02
 -3.57466017e-02  6.03420220e-02 -6.80150894e-02  9.33826261e-02
  4.06220204e-02 -4.88060146e-02 -4.87655221e-02  7.73903937e-02
  4.00301084e-02 -3.62797872e-02 -3.54032772e-02  1.23254073e-02
  8.20134819e-02 -1.04990983e-01  6.74069615e-02  3.95596740e-02
 -7.35467671e-03 -6.96693478e-02  9.24206487e-02  2.27519580e-02
 -5.43118198e-02 -7.96769746e-03  7.49775595e-04]",0.24542105263157896,0.00047368421052631577,0.0,0.8136111111111111,0.2772222222222222,0.0,0.7943125,0.2443125,0.0,0.7869285714285714,0.22385714285714287,0.0,9.594063771759617e-06
3.92,0.11,707,0.60615,0.04905025484133595,0.7603,0.08848112793132783,0.3277467375810734,2.1929824561403506,0.05121612409875624,0.8793782152593167,0.05670799929462764,3.7593984962406015,0.06221178449820282,0.8649540175233963,0.1102628854014597,11,0.38835767287252015,11,0.49072680871283486,-0.003327621246475839,9.0,1.0626135569531796,"[ 1.00000000e+00 -5.33065497e-02 -7.69640167e-02  5.54551604e-02
  1.98224437e-01  2.42190931e-02 -3.31940308e-02  9.69336395e-02
  7.05899748e-02 -6.47011679e-02 -7.70135051e-02  4.90726809e-01
 -3.33949630e-02 -5.33520426e-02 -1.23894708e-01  2.19544905e-01
  6.87943941e-02 -1.00214086e-01 -2.74341179e-02  4.63600399e-02
 -7.94636290e-02 -7.85889453e-02  2.99075100e-01  2.70918761e-02
 -3.97312423e-02 -1.53946654e-01  2.41487425e-01  1.09633543e-01
 -9.80699791e-02 -9.08278700e-02  5.94929051e-02  3.53283433e-02
 -1.10951558e-01  1.45893625e-01  4.41690963e-02 -1.33432368e-03
 -1.39048537e-01  1.77567419e-01  1.23366747e-01 -1.13715066e-01
 -1.55142568e-01  1.93156672e-02  5.86414252e-02 -8.68682537e-02
  2.63911681e-02  8.35006406e-03  1.43148561e-02 -1.49715920e-01
  8.16953267e-02  9.30133543e-02 -7.11489850e-02 -1.49843488e-01
 -1.24274465e-02  7.23554697e-02 -2.54987885e-02 -4.37838601e-02
  1.04750112e-02  3.47169325e-02 -7.00310056e-02  6.57130277e-02
  9.28851143e-02 -2.42604628e-02 -1.13568193e-01 -4.38499536e-02
  9.72664752e-02 -5.48737564e-02 -3.79010463e-02  7.92370075e-03
  9.50172834e-02 -5.26523386e-02  1.76853994e-02  5.89079731e-02
 -3.44453570e-03 -8.57270220e-02 -3.90004892e-02  5.66396216e-02
 -5.24665222e-02 -3.93257631e-02 -4.22830305e-02  1.11231037e-01
 -4.94748822e-02  4.65242543e-03  2.76170297e-02  4.61110244e-02
 -3.96087220e-02  7.88803294e-03  8.02733101e-02  2.04754353e-02
 -1.34005679e-02 -2.25004528e-02  1.21565301e-01 -5.29171749e-03
 -1.73409274e-02 -1.80066880e-02  9.24541322e-02 -1.30640281e-02
 -1.92337477e-02  4.54876273e-02 -1.93176828e-03 -2.40487910e-02
 -5.75492629e-02  5.76452942e-02 -2.08052411e-02 -2.40447955e-02
 -3.74837263e-02  6.86380480e-02 -1.38884059e-02 -3.89547536e-02
 -3.74323373e-03 -2.61233837e-02 -3.22739436e-02 -4.32706443e-02
  3.32097112e-02 -2.54424102e-02  8.64251601e-03 -5.62646269e-02
  6.58236102e-02 -4.59687313e-02 -5.64774969e-02  2.04444808e-04
  2.89746593e-04 -3.66479855e-02 -8.55495337e-03  1.64571901e-02
 -3.97718610e-02  2.91761561e-02 -6.51092783e-02  5.92896252e-02
 -2.82336928e-02 -5.34316041e-02  7.72094711e-03 -2.91043811e-02
 -1.36529555e-02 -4.85431484e-02  8.50422345e-04 -9.39521594e-03
 -1.04365078e-02 -2.28420891e-02  5.03325699e-02 -2.70846159e-02
 -5.13420131e-03 -3.75242275e-03 -4.81287433e-03  2.40503799e-02
 -6.33413745e-02 -7.16652765e-03  3.12574445e-02 -5.71019465e-04
 -3.18923886e-02  6.56828575e-02 -1.14026090e-03]",0.23342105263157895,0.0006315789473684211,0.0,0.8103333333333333,0.2981666666666667,0.0,0.781875,0.253,0.0,0.7575714285714286,0.24435714285714286,0.0,9.502483721792222e-06
3.92,0.11,1313,0.6049,0.0558210533759441,0.7745,0.1087416663473574,0.341974880476264,2.1929824561403506,0.16802000658221247,0.7355959451251478,0.0633896138547768,2.1929824561403506,0.17946891822050787,0.6995807686876003,0.1052402939991544,11,0.6871481551609602,11,0.7620663861815262,0.001309204548385066,9.0,1.059072883905374,"[ 1.         -0.20181826  0.02893499  0.0015813   0.29068674 -0.00393687
 -0.0226519   0.22102763  0.03592008 -0.01788237 -0.18267659  0.76206639
 -0.18034259  0.03899393 -0.12240064  0.3569752  -0.00275761 -0.06226419
  0.13341855  0.05191573 -0.04184951 -0.18360308  0.64147563 -0.20304966
  0.05265126 -0.18803886  0.38881473  0.01133948 -0.08856965  0.06631307
  0.0735986  -0.06520353 -0.16678712  0.51938379 -0.20420026  0.06545445
 -0.23359631  0.42844724 -0.02746942 -0.09693393  0.01501765  0.09673181
 -0.06829497 -0.14853773  0.41269608 -0.16015751  0.07397848 -0.25150413
  0.44373674 -0.03500493 -0.10046513 -0.03608749  0.13568355 -0.06380063
 -0.14910903  0.28441806 -0.12966261  0.0509881  -0.25272238  0.445064
 -0.05482822 -0.08857528 -0.07767445  0.15477016 -0.04937373 -0.13765048
  0.20306704 -0.09515495  0.0601337  -0.23132282  0.40791264 -0.04313711
 -0.06060052 -0.0940981   0.18486759 -0.03828728 -0.10625916  0.12240525
 -0.08383594  0.0695457  -0.23457917  0.36427912 -0.04365767 -0.03722628
 -0.10751111  0.21077042 -0.04515893 -0.07022504  0.05420461 -0.03873185
  0.06138016 -0.19455764  0.2914103  -0.04655037 -0.01856251 -0.10555382
  0.21990757 -0.02776367 -0.04901575  0.0174761  -0.02598786  0.06249177
 -0.17314117  0.22425409 -0.04056339 -0.01193704 -0.10336396  0.19249849
 -0.0054846  -0.03118074 -0.00825007  0.00241819  0.06404313 -0.14919609
  0.18245147 -0.03204782  0.00947944 -0.09907681  0.19300543 -0.01259726
 -0.0258238  -0.02445806  0.00502243  0.04994934 -0.14320066  0.13496163
 -0.0435961   0.01209214 -0.06961788  0.12138823 -0.00513457 -0.02047532
 -0.08042166  0.01798207  0.06164046 -0.14948456  0.10118455 -0.04417586
 -0.00708421 -0.06111076  0.07936997 -0.0067672  -0.02612918 -0.08459134
  0.01149098  0.04626969 -0.15871989  0.06975424 -0.05826965 -0.01504256
 -0.04791856]",0.22147368421052632,0.00031578947368421053,0.0,0.8121666666666667,0.2791111111111111,0.0,0.806,0.2825,0.0,0.7976428571428571,0.28185714285714286,0.0,8.147362404381488e-06
3.92,0.11,2029,0.61725,0.05480590752829479,0.7261000000000002,0.09774349083187076,0.37924314999370684,3.731343283582089,0.1291291961493982,0.8433891937359553,0.06464028870819642,3.731343283582089,0.16046587442295387,0.8070521017181643,0.12762377777387285,11,0.3381022909340603,11,0.46208712772627414,0.011623057618845653,14.0,1.0890955452227389,"[ 1.00000000e+00 -3.01694322e-02 -1.22148890e-01  1.43048229e-01
  3.63283087e-01 -9.56125370e-02 -6.09176589e-02  2.02732430e-01
  1.30117015e-01 -1.19914901e-01 -1.30751691e-01  4.62087128e-01
  8.93175337e-02 -1.49177600e-01  1.29421015e-02  3.53251819e-01
  6.19783353e-04 -1.73526018e-01  1.49513067e-01  1.47777376e-01
 -1.02527730e-01 -1.36961438e-01  3.04128179e-01  8.12645390e-02
 -1.45489704e-01 -7.31364725e-02  2.91247461e-01  8.46307758e-02
 -1.44490067e-01  6.02713499e-02  1.94380178e-01  9.72127083e-03
 -9.82319519e-02  3.11660623e-01  1.22018353e-01 -7.46316069e-02
 -7.26808021e-02  2.63715286e-01  5.47320006e-02 -7.67720852e-02
 -1.43625514e-02  2.03528734e-01  4.61071847e-02 -1.06080839e-01
  1.61505907e-01  1.24205274e-01 -3.61062280e-02 -4.95597810e-02
  2.27720500e-01  6.63392664e-02 -1.13086116e-01 -5.79574619e-02
  1.23503255e-01  6.62921982e-02 -1.23554179e-01  7.41765205e-02
  7.27370478e-02 -2.03351696e-02 -8.53965138e-02  1.98210053e-01
  1.10098170e-01 -8.89183895e-02 -4.34602435e-02  1.50333798e-01
  6.32916487e-02 -1.08487553e-01  8.24625913e-02  4.51849852e-02
 -7.08917152e-02 -6.44578727e-02  1.19961879e-01  5.96337349e-02
 -4.39055328e-02 -4.63686830e-02  1.34114411e-01  9.81106451e-02
 -5.82411713e-02  4.16456359e-02  9.93449971e-02 -2.64252386e-02
 -8.95972802e-02  6.21014257e-02  8.05263210e-02 -9.05254208e-02
 -7.41478806e-02  8.27613230e-02  1.42531067e-01 -4.67689304e-02
  4.67322811e-03  7.80731647e-02  9.98653100e-02 -6.78191817e-02
  5.27285360e-02  9.12909892e-02 -6.72463473e-02 -7.26224776e-02
  2.04377195e-02  1.06101899e-01 -6.56312479e-02 -3.24833998e-02
  6.64846098e-03  1.39983774e-01 -7.99438589e-02 -2.63622353e-02
  1.09316650e-01  6.05057260e-03 -8.17420647e-02 -1.66697133e-02
  1.21352745e-01 -3.31788515e-02 -6.18096274e-02 -4.59324122e-02
  1.60922415e-01 -3.05170472e-02 -1.23200937e-01  6.87728849e-02
  7.35445598e-02 -5.63434135e-02 -2.05788028e-02  1.75832002e-01
  6.37334503e-03 -9.02932574e-02 -1.21140657e-02  2.01294182e-01
  1.89788471e-02 -8.89283206e-02  1.48721167e-02  5.97148001e-02
 -4.14348400e-02 -7.78928760e-02  9.52172279e-02  6.62672070e-02
 -7.62042540e-02 -1.03765297e-01  1.78748509e-01  7.02949615e-02
 -1.29495113e-01 -3.48673563e-03  9.66272066e-02 -2.59568590e-02
 -1.45650972e-01  5.46734626e-02  7.15052728e-02 -9.40167263e-02
 -1.53752435e-01  1.27214341e-01  9.49431252e-02 -1.40685083e-01
 -6.59422240e-02  1.54769931e-01  4.24027533e-02]",0.2658421052631579,0.0011578947368421054,0.0,0.7751111111111111,0.24133333333333334,0.0,0.746,0.216875,0.0,0.7265714285714285,0.19435714285714287,0.0,9.600771795990608e-06
3.92,0.13,101,0.542,0.03396321539548339,0.8809000000000001,0.05157702977101336,0.08657073078745371,2.0080321285140563,0.07985157236682236,0.8718577416610828,0.09209113527487736,166.66666666666666,0.12333159739376266,0.8375065252787988,0.3694143211982128,4,0.2914937147811009,4,0.4373565497201329,-0.023996134044626718,12.0,1.0445867425589945,"[ 1.00000000e+00  2.30540067e-01  3.22808055e-01  3.42491003e-01
  4.37356550e-01  1.87100132e-01  3.00761329e-01  3.59915141e-01
  2.66106195e-01  1.50016886e-01  2.39243738e-01  2.53287991e-01
  1.32003564e-01  1.72361726e-01  2.57829448e-01  1.13546664e-01
  1.50145696e-01  1.37876039e-01  2.04104534e-01  5.91037557e-02
  1.56566862e-01  1.13780587e-01  1.58615873e-01  5.49655250e-02
  1.33632981e-01  7.20510565e-02  7.29383540e-02  6.25482616e-02
  1.48412858e-02  6.22741308e-02  9.77115920e-02  4.06067912e-02
 -1.73590608e-03  3.81786790e-02  4.28251065e-02  9.43665678e-03
  3.99534169e-02  4.63102485e-02  6.22340660e-02 -4.37394246e-02
  7.69964551e-02 -4.54269056e-03 -1.16172303e-02 -1.79737763e-02
  3.95748875e-02 -1.70250997e-04 -3.35587007e-02 -1.85220379e-02
 -4.44238945e-04 -5.82670336e-02 -1.27137535e-02 -5.19535071e-03
 -4.30805318e-03 -7.00926851e-02 -2.14982689e-02 -6.01802879e-03
 -3.82449073e-02 -7.23513508e-02 -7.28442705e-03 -1.99976618e-02
 -7.59408914e-02 -1.05570211e-01 -5.58142238e-02 -1.33868656e-01
 -8.00791222e-02 -1.17226702e-01 -1.00584891e-01 -1.52050996e-01
 -1.00859021e-01 -1.22526504e-01 -9.76484386e-02 -1.44637421e-01
 -9.72045756e-02 -1.24954330e-01 -1.25672181e-01 -5.82821152e-02
 -5.71204012e-02 -8.18290197e-02 -9.57038257e-02 -8.47007093e-02
 -6.61793331e-02 -6.00969179e-02 -2.20618978e-02 -1.07634590e-01
 -5.52810438e-02 -7.97152459e-02 -3.48799597e-02 -1.23493788e-01
 -1.51968694e-02 -6.24602679e-02 -4.32208978e-02 -8.71687436e-02
 -3.81307501e-02 -4.52052898e-02 -1.42449524e-02 -4.01151422e-02
 -9.87279856e-03 -5.33770671e-02 -2.54578658e-02 -1.70523083e-02
 -3.75582195e-02 -6.97850981e-02 -6.81798067e-02 -4.21401704e-02
 -5.55713990e-02 -6.64050688e-02  2.86456231e-03 -6.76716099e-02
 -4.79886625e-02 -7.50204234e-02 -2.07873122e-02 -8.68463606e-02
 -1.75767295e-02 -2.65308343e-02 -7.29146414e-03 -5.94755638e-02
 -1.34787064e-02 -1.75759626e-03 -2.34250787e-02 -4.85772746e-02
  3.76084415e-02  6.81755063e-03 -3.10480229e-02 -3.13222965e-02
  2.66699446e-02 -6.00051124e-03 -1.56726099e-02  3.56676027e-03
  5.54767291e-02 -4.22563050e-03 -4.49990414e-03  1.35778948e-02
  5.39360572e-02 -1.28917859e-03  7.50551352e-02  6.28907334e-02
  9.15279285e-02  3.96182453e-02  7.27325642e-02  1.03249324e-01
  9.54567907e-02  8.72206797e-02  9.96597837e-02  1.20060725e-01
  9.60701003e-02  9.46342554e-02  1.27748574e-01  8.42443059e-02
  8.96087272e-02  8.62933174e-02  1.33008169e-01]",0.108,0.00031578947368421053,0.0,0.9031111111111111,0.6365,0.0,0.8945625,0.6238125,0.0,0.8845714285714286,0.6103571428571428,0.0,8.255752562339383e-05
3.92,0.13,707,0.5438500000000001,0.03815661803671808,0.8820999999999999,0.07060162887639349,0.09071715559024542,500.0,0.1405696516518308,0.7994112522821626,0.2655843407483467,500.0,0.29286270587735685,0.6530179672587517,0.6112016197128967,4,0.4258796677719187,4,0.6361680138185889,0.042465416655892006,11.0,1.0451421800947867,"[ 1.          0.52921086  0.57666094  0.61343612  0.63616801  0.49367469
  0.57257971  0.53677319  0.57017998  0.47346976  0.56742115  0.49887172
  0.53492868  0.47332666  0.51138981  0.49929838  0.4705135   0.46271931
  0.49046667  0.42384919  0.44822816  0.3947251   0.45485626  0.40565044
  0.42866722  0.3780992   0.41816853  0.38873967  0.41440661  0.3628355
  0.39459522  0.35513544  0.35443713  0.3427048   0.37346143  0.30018142
  0.34462222  0.33919333  0.32323799  0.2589858   0.32549461  0.29370046
  0.29701451  0.23312143  0.27354986  0.22434405  0.24944123  0.18948629
  0.2435989   0.19503707  0.21504457  0.17586967  0.22998228  0.16608919
  0.16868503  0.18596813  0.18763511  0.13169253  0.152988    0.14053746
  0.17952947  0.1243051   0.12854802  0.12548441  0.14212353  0.09721496
  0.09178606  0.117453    0.09260626  0.07542514  0.11277008  0.1026106
  0.0603522   0.06724528  0.06855314  0.05975587  0.03154074  0.05985785
  0.05772311  0.06060382  0.03110073  0.03562852  0.05255252  0.05615145
  0.02557103  0.02809264  0.05870081  0.03614513  0.02261727  0.0355289
  0.05811234  0.02817591  0.05212155  0.05299608  0.0441988   0.0487266
  0.0298984   0.04252515  0.04576498  0.01418147  0.03547694  0.0564133
  0.03048924  0.03910363  0.03195342  0.0291747   0.00597503  0.03629832
  0.02477665  0.03066664  0.01749789  0.02274389  0.02863388  0.03022663
  0.0020115   0.02495405  0.01013822 -0.00102435 -0.01992677  0.04342432
  0.04193356  0.0056937  -0.00245959  0.05322587  0.02665782  0.02817634
  0.01063612  0.07133703  0.01567933  0.02522258  0.04379365  0.07275475
  0.00670702  0.02664029  0.02321758  0.0384945  -0.02454395  0.02877622
 -0.00108598  0.00681019  0.00195105  0.02288742  0.00935956  0.05902647
  0.00874333  0.01563641  0.02818893  0.03608511  0.0031394   0.02343178
  0.0249503 ]",0.09994736842105263,0.00010526315789473685,0.0,0.9251666666666667,0.6853888888888889,0.0,0.921375,0.6764375,0.0,0.9170714285714285,0.6619285714285714,0.0,0.0007345011059728434
3.92,0.13,1313,0.5738,0.04459327303529086,0.7972,0.06443725630409787,0.16658864756014938,2.0,0.039137187230371004,0.8776760353317494,0.07765080572251376,166.66666666666666,0.033964871064506706,0.9028844673299181,0.22404584875597938,4,0.22688200506899467,3,0.27258895610959105,-0.017130610901949197,11.0,1.0904117083846259,"[ 1.00000000e+00  5.47725329e-02  1.48628338e-01  2.72588956e-01
  2.40206851e-01  5.71658125e-02  2.03938654e-01  1.65535586e-01
  1.39039575e-01  8.00977997e-02  1.83452275e-01  8.38376941e-02
  9.34674579e-02  1.03164656e-01  1.17611190e-01 -2.79650110e-02
  1.00947247e-01 -2.41478170e-03  7.22413780e-02  2.65457208e-02
  3.96531926e-02 -3.00588802e-02  6.61378752e-02  1.78989634e-02
  7.56964279e-02 -2.67985819e-02  8.11922469e-03  5.70706331e-03
 -1.52186814e-03 -1.95885322e-02  6.89992679e-03 -5.32460406e-02
 -2.30775693e-02  3.54575932e-03 -2.05418674e-02 -5.31937112e-02
  4.21360256e-02  4.09954915e-02 -1.93527802e-02 -4.93264999e-02
  3.99148395e-02  3.14817155e-02 -2.63907364e-02  2.67248276e-02
  7.72297021e-02 -5.89826982e-02  3.25995915e-02  1.93496975e-02
 -1.05791684e-03 -1.29013140e-02  4.63026473e-02  7.83214520e-03
  5.62228816e-03 -5.09111017e-02  7.02123232e-03  9.62814535e-03
 -7.94184424e-02  3.65174367e-02  1.52464260e-03 -3.20616547e-02
  3.53019151e-02 -2.95933875e-02 -5.10703248e-02 -1.48808909e-02
 -4.62611075e-02 -4.74016416e-02 -8.87125737e-03 -5.46476051e-03
 -4.27310701e-02 -3.13136295e-03  2.23552079e-02 -4.15382066e-02
 -2.47507225e-02  6.79683249e-02 -8.36962737e-02 -5.01849640e-02
  3.78521830e-02  2.82148665e-02 -5.61498208e-02  8.94023352e-03
  1.87048669e-02 -3.08056722e-02 -3.06745790e-02 -2.35206350e-02
  4.88620092e-02 -1.85091133e-02 -7.64490000e-02  3.17896806e-02
 -5.01666217e-02 -3.43810258e-02 -5.36518824e-02  4.36816308e-02
 -9.22610304e-02 -1.52639205e-02 -1.95414435e-03 -1.17937652e-02
 -3.82897769e-02  1.21476629e-02  6.05548919e-03 -5.91769874e-02
 -2.90085160e-02  1.66795885e-02 -3.87844784e-02 -3.39040499e-02
 -1.12979076e-02 -4.51539440e-02 -4.40209626e-02  3.53845324e-02
 -5.86136950e-02 -7.90651613e-03 -6.82547879e-02 -3.36703788e-03
 -2.13662672e-02  1.11431544e-02 -1.10416631e-01  3.77557705e-03
 -3.82400678e-02 -1.04125467e-02 -2.01847328e-02  1.48005087e-02
  2.83125891e-02  2.33571731e-02 -6.22791415e-02 -3.45864899e-02
 -8.72875804e-04 -3.34572849e-02 -3.08503719e-02 -1.39954530e-02
 -2.22262726e-02 -7.71230396e-03  1.89110246e-02  1.16820932e-02
 -6.39835074e-02 -1.82279681e-02 -3.96374706e-02  1.45474163e-02
 -3.44910793e-02  2.71212670e-02 -5.33611036e-02  5.97772726e-03
 -2.40634272e-02 -2.51365265e-02  7.44032985e-03  4.96073369e-03
 -1.89920234e-02 -2.01999923e-02  1.61243112e-02 -5.49268236e-02
 -4.21964472e-03  1.51110940e-02 -2.93129359e-02]",0.17594736842105263,0.0012105263157894737,0.0,0.8558888888888889,0.4523888888888889,0.0,0.8316875,0.405,0.0,0.8055,0.36478571428571427,0.0,8.90903374941805e-05
3.92,0.13,2029,0.569,0.046411205543489174,0.8095,0.06895469527160568,0.15800356056355672,2.0,0.054938505715988496,0.8644091843596624,0.11453776941313691,500.0,0.15130619641688728,0.7904216408542446,0.38211630004480746,6,0.25615970287836587,4,0.45142815079657184,-0.026990193149822983,13.0,1.0707671957671958,"[ 1.00000000e+00  2.09825858e-01  3.84602555e-01  3.66487933e-01
  4.51428151e-01  1.87243809e-01  3.45794626e-01  2.89023923e-01
  3.30849361e-01  2.33466639e-01  2.76396235e-01  2.28637573e-01
  3.17384510e-01  1.39682107e-01  2.87317525e-01  2.65448762e-01
  2.03220359e-01  2.08040696e-01  2.57679373e-01  1.84283190e-01
  1.58407908e-01  2.03840265e-01  1.56933382e-01  1.23497240e-01
  1.78393817e-01  1.51666754e-01  1.44267732e-01  1.88648509e-01
  1.74740207e-01  1.42955045e-01  1.50930123e-01  2.00768600e-01
  1.47951838e-01  1.63740155e-01  1.39116252e-01  1.24808350e-01
  1.61375887e-01  1.20978285e-01  1.34610863e-01  9.58642410e-02
  1.36837899e-01  5.83310374e-02  1.11524055e-01  7.88871129e-02
  7.86493506e-02  8.66244282e-02  1.11624586e-01  4.53370840e-02
  1.10297282e-01  7.87119197e-02  6.29002576e-02  7.77842158e-02
  9.62750933e-02  6.29861717e-02  6.99096693e-02  7.30264472e-02
  4.45958252e-02  2.91837636e-02  7.18609811e-02  4.65850991e-02
  5.30564173e-02  2.50779747e-02  7.07101320e-02  5.76536095e-02
  1.11463274e-02  3.40433251e-02  1.75796835e-02  4.19278616e-02
  3.17737000e-02  4.13997581e-02  2.72916557e-02  5.79493138e-02
 -1.99055681e-02  6.10281298e-02  2.22815080e-02  3.60166150e-04
  5.22004311e-04  3.01280824e-02 -4.05699564e-04 -2.33786214e-02
  2.70592565e-02 -2.68090857e-02  7.20311268e-03 -8.20894895e-03
  3.72006940e-03 -7.24012829e-04  3.13848257e-02 -5.36313161e-02
  2.53990220e-02 -1.96570798e-02 -2.43009622e-02 -5.27315842e-02
 -2.24735265e-02 -6.60784479e-02 -4.25294705e-02 -5.85409328e-02
 -5.16174352e-02 -8.38547768e-02 -1.02295599e-02 -6.01439613e-02
 -2.86345234e-02 -1.67055050e-02 -5.75552868e-02 -5.46908881e-02
 -2.44328303e-02 -4.17482517e-02 -9.18624533e-02 -2.71546348e-02
 -1.41740365e-02 -8.78751775e-02 -3.30311793e-02 -5.89590410e-02
 -5.10365424e-02 -1.28180241e-02 -7.68025659e-02 -1.57894737e-03
 -3.72006940e-03 -1.89323308e-02 -6.60915926e-02  1.73448657e-02
 -5.18975761e-02 -6.10001577e-02 -1.49766023e-03 -6.10760818e-02
 -9.94231032e-02 -2.69020453e-02 -2.23340870e-02 -7.85579683e-02
 -7.45894106e-02 -3.32161523e-02 -8.43819339e-02 -6.02335559e-02
 -5.64647984e-02 -6.32644198e-02 -3.80644619e-02 -8.01656238e-02
 -6.10753457e-02 -3.31728272e-02 -1.04318629e-01 -6.80034702e-02
 -5.79778117e-02 -4.28940533e-02 -1.10885115e-01 -2.95518166e-02
 -2.26808980e-02 -1.02239340e-01 -2.53121615e-02 -4.95364635e-02
 -5.10781850e-02 -6.77416268e-02 -3.95867291e-02]",0.1694736842105263,0.003,0.0,0.8608333333333333,0.5405555555555556,0.0,0.8354375,0.510875,0.0,0.8212857142857143,0.48064285714285715,0.0,0.00010629258724183992
3.92,0.15,101,0.5582,0.030947697814215497,0.8712,0.061972251855164966,0.10309311925733623,2.0,0.789759660340165,0.25724849231523894,0.05915707579574761,2.0,0.7732191912093529,0.20367015397273383,0.1621181507294039,4,0.8206148513197459,4,0.9045775824358948,0.10632630268891632,7.0,1.0697445972495088,"[ 1.         -0.38750049  0.89017285 -0.37419976  0.90457758 -0.38007332
  0.86745858 -0.35785723  0.88371721 -0.36578257  0.84920199 -0.35658541
  0.86155494 -0.36691666  0.84546412 -0.36237507  0.87008611 -0.37941367
  0.84338226 -0.36055125  0.85833899 -0.37664207  0.84094628 -0.37470427
  0.84678976 -0.38187973  0.8403642  -0.37398446  0.84435378 -0.38541971
  0.83086675 -0.38348191  0.83300244 -0.38189822  0.81355794 -0.37530485
  0.81439173 -0.38563609  0.79549924 -0.37513704  0.80079072 -0.39067586
  0.7846999  -0.36845977  0.77101498 -0.39441373  0.78021214 -0.3781551
  0.76337143 -0.39164214  0.75824776 -0.38579865  0.75627988 -0.39037032
  0.76212336 -0.38713063  0.75569779 -0.39876376  0.75112613 -0.37339188
  0.74134689 -0.38502502  0.74663837 -0.38048343  0.71808061 -0.38300331
  0.72652788 -0.37846172  0.71414485 -0.38954286  0.72129023 -0.39151074
  0.70575141 -0.39012494  0.70899111 -0.38613536  0.69215039 -0.39200892
  0.68627683 -0.38356165  0.67779949 -0.38162385  0.68364297 -0.38489362
  0.66475047 -0.38295582  0.67840532 -0.39589085  0.6623145  -0.39320316
  0.6642523  -0.39256725  0.65186927 -0.38802566  0.65065128 -0.39109755
  0.64032004 -0.398273    0.63519637 -0.39298152  0.61890766 -0.39104372
  0.62289724 -0.40713454  0.60215085 -0.39738538  0.60148487 -0.40511284
  0.59245552 -0.39926936  0.58788385 -0.41220439  0.58276018 -0.40505901
  0.57763651 -0.41464036  0.56990905 -0.4061931   0.56478539 -0.41447256
  0.55780782 -0.40787918  0.55398604 -0.41746054  0.5436548  -0.41552274
  0.54113492 -0.4238022   0.53545925 -0.41720882  0.52252422 -0.43124786
  0.51684854 -0.42410249  0.51042298 -0.43108005  0.50009174 -0.42653846
  0.49682196 -0.42720445  0.48704272 -0.41224771  0.48767863 -0.43299411
  0.47864928 -0.42064116  0.46496436 -0.42576483  0.47285962 -0.42698282
  0.46903785]",0.1191578947368421,0.0,0.0,0.8833333333333333,0.5261111111111111,0.0,0.97725,0.9046875,0.0,0.8720714285714286,0.4937857142857143,0.0,7.402864144725081e-06
3.92,0.15,707,0.5955499999999999,0.028704485712167008,0.7878,0.04605605280525026,0.1899140502509004,2.0,0.2954279803465218,0.7130363434526812,0.06912705799670425,2.0,0.36059542763513813,0.623574386118614,0.22986592995960686,4,0.4296530786245482,4,0.5845147372192573,-0.06377835349888372,10.0,1.1301104576100989,"[ 1.         -0.07858798  0.44928466  0.0519277   0.58451474 -0.04149069
  0.41566592 -0.0058382   0.52203443 -0.00318652  0.41918724 -0.03060329
  0.52906327 -0.0291585   0.37671485  0.01000151  0.46480092 -0.07577013
  0.38374369 -0.06840404  0.43647174 -0.10053522  0.38726501 -0.12088039
  0.46414023 -0.07050953  0.33478866 -0.08792234  0.42166784 -0.13419672
  0.31353109 -0.08382587  0.32911909 -0.10181384  0.34355677 -0.0915154
  0.32378676 -0.10007456  0.32643844 -0.11156609  0.32201852 -0.12598997
  0.30345539 -0.10683788  0.28195991 -0.16840578  0.31468004 -0.16282174
  0.26369126 -0.1159584   0.29698655 -0.1463641   0.2777917  -0.14900198
  0.27808618 -0.13812838  0.21059699 -0.17848147  0.27631794 -0.16525067
  0.20055026 -0.15788459  0.24798876 -0.17115816  0.21999683 -0.19501084
  0.24150612 -0.191784    0.20230334 -0.21212917  0.24267024 -0.19297709
  0.14396228 -0.20504377  0.21675483 -0.20888853  0.1380548  -0.20387965
  0.21320455 -0.21657806  0.13743687 -0.21628358  0.15894616 -0.20719203
  0.11675446 -0.21339399  0.17183971 -0.2190208   0.15620894 -0.23758393
  0.17536103 -0.22435313  0.10430776 -0.24527345  0.11874544 -0.23790737
  0.09253556 -0.2753281   0.12818805 -0.25617602  0.10962492 -0.28181075
  0.1122766  -0.24144385  0.08192747 -0.28242867  0.07279315 -0.25085885
  0.06486571 -0.30535515  0.08051029 -0.25492772  0.06257889 -0.26814471
  0.08707711 -0.2530753   0.05322046 -0.27399563  0.08415855 -0.26306545
  0.05973071 -0.27984654  0.10423685 -0.28541677  0.05801905 -0.27333629
  0.06538513 -0.26533848  0.06159694 -0.27683     0.03596221 -0.28061819
  0.07046439 -0.27089491  0.02068249 -0.2817547   0.08053872 -0.28853182
  0.0690472  -0.26639081  0.07054857 -0.25252828  0.08619314 -0.28580976
  0.05055445 -0.24481114  0.04498422 -0.27337823  0.06534319 -0.24594765
  0.05091931]",0.19615789473684211,0.0002105263157894737,0.0,0.8110555555555555,0.2728333333333333,0.0,0.952625,0.820875,0.0,0.7979285714285714,0.24135714285714285,0.0,8.16947521650477e-06
3.92,0.15,1313,0.5848000000000001,0.027321420168065932,0.8120999999999999,0.04402942198121614,0.16642095240542135,2.0,0.2036818674046446,0.7467305625883687,0.0451525414024905,2.0,0.19083748623476487,0.6852584939210647,0.17514494183605833,4,0.5095673981191224,4,0.7208428393832629,0.003470319342215938,14.0,1.123547315993359,"[ 1.         -0.08145756  0.12152356 -0.04565094  0.72084284 -0.09175437
  0.06675629 -0.05657191  0.65255543 -0.07492837  0.06036955 -0.06037946
  0.60490158 -0.040048   -0.00338363 -0.09513734  0.59273228 -0.10317702
  0.01148734 -0.07831134  0.5869697  -0.13019732  0.05152609 -0.09501486
  0.57026618 -0.12689145  0.01614404 -0.09170899  0.53097408 -0.12945067
  0.0064714  -0.1142776   0.5103605  -0.14170251 -0.0160972  -0.09753414
  0.47747511 -0.14879595 -0.01607723 -0.13299872  0.49359442 -0.15784442
 -0.01160557 -0.13946799  0.49744191 -0.13140834 -0.01932318 -0.11365608
  0.46526323 -0.11716153 -0.01539315 -0.10519182  0.45692145 -0.10291473
 -0.02373492 -0.07680072  0.44404546 -0.08421623 -0.01339817 -0.10773107
  0.40084329 -0.16290294 -0.00892651 -0.13483391  0.37569549 -0.15834875
 -0.0095307  -0.15153743  0.36735372 -0.15637375 -0.02623422 -0.15018659
  0.35580858 -0.17823566 -0.06615049 -0.13140556  0.31917821 -0.18587073
 -0.05573121 -0.15068827  0.33209415 -0.20648431 -0.0421911  -0.16294011
  0.30241212 -0.18716165 -0.0531946  -0.18363622  0.29656701 -0.17557657
 -0.04418871 -0.17978872  0.30041451 -0.17626329 -0.05519222 -0.19016806
  0.28808014 -0.16796411 -0.03141787 -0.16959707  0.29059677 -0.17060586
 -0.00373346 -0.17286299  0.28412749 -0.15448656  0.00269324 -0.16127791
  0.27828238 -0.1358706   0.02646759 -0.14266195  0.29173996 -0.12561638
  0.02382583 -0.13819028  0.26268209 -0.14115411  0.00570891 -0.13247029
  0.2342484  -0.12058311  0.00760138 -0.1111926   0.24263012 -0.08898865
 -0.00207126 -0.07381558  0.22904742 -0.0793586   0.01013799 -0.10740766
  0.2547768  -0.09614465  0.04040159 -0.07518903  0.23220819 -0.07619782
  0.03455648 -0.10940528  0.23214563 -0.08141877  0.03644894 -0.09141348
  0.22434549 -0.04857598  0.0434998  -0.07662504  0.21013863 -0.07052042
  0.01960033]",0.177,0.00015789473684210527,0.0,0.8298333333333333,0.35944444444444446,0.0,0.9474375,0.823375,0.0,0.8164285714285714,0.3464285714285714,0.0,1.3392519962568544e-05
3.92,0.15,2029,0.6019,0.0354808398998671,0.77,0.08631338250816036,0.22779622551077222,2.0,0.20222777579435922,0.7090002735776385,0.2893662137813624,500.0,0.4539537417628878,0.4258586541180887,0.6445895296458637,2,0.563699417741026,2,0.8776375838926174,0.23956191459547152,17.0,1.155115511551155,"[ 1.          0.57049664  0.87763758  0.5775302   0.87554362  0.56979866
  0.83089933  0.55495302  0.84544966  0.55916779  0.78899329  0.55573154
  0.79186577  0.54343624  0.76212081  0.53489933  0.76995973  0.5353557
  0.73739597  0.52936913  0.74161074  0.50673826  0.72918121  0.49363758
  0.73943624  0.48469799  0.70311409  0.48220134  0.72410738  0.45661745
  0.69221477  0.45049664  0.67763758  0.43766443  0.6397047   0.42671141
  0.64942282  0.4267651   0.62638926  0.4125906   0.63315436  0.40620134
  0.6181745   0.38544966  0.61715436  0.38322148  0.60700671  0.37750336
  0.59645638  0.37594631  0.56818792  0.35546309  0.57012081  0.33954362
  0.54185235  0.33436242  0.55546309  0.31575839  0.52289933  0.31030872
  0.52805369  0.29734228  0.50260403  0.29404027  0.51675168  0.28134228
  0.49331544  0.27978523  0.50102013  0.26802685  0.49234899  0.27707383
  0.48193289  0.26826846  0.47420134  0.27248322  0.47331544  0.25844295
  0.45900671  0.26534228  0.43395973  0.24485906  0.43065772  0.24598658
  0.43339597  0.21020134  0.42955705  0.22743624  0.42034899  0.19379866
  0.40536913  0.19224161  0.40851007  0.17726174  0.37728859  0.1861745
  0.36955705  0.1686443   0.36544966  0.16332886  0.35181208  0.15331544
  0.33777181  0.15766443  0.32762416  0.15838926  0.32271141  0.13938255
  0.30665772  0.12775839  0.29610738  0.12110067  0.29669799  0.10759732
  0.2997047   0.10657718  0.29908725  0.09790604  0.28773154  0.10252349
  0.28268456  0.08620134  0.28139597  0.08826846  0.27111409  0.0766443
  0.26244295  0.07267114  0.25148993  0.05567785  0.24550336  0.03841611
  0.22716779  0.02813423  0.21460403  0.01986577  0.19425503  0.00260403
  0.18598658 -0.00257718  0.16993289 -0.01433557  0.17025503 -0.01065772
  0.15661745 -0.0285906   0.14177181 -0.02571812  0.12249664 -0.04365101
  0.11261745]",0.2161578947368421,0.0006315789473684211,0.0,0.7905555555555556,0.3193888888888889,0.0,0.9395,0.788875,0.0,0.7785714285714286,0.29085714285714287,0.0,0.0001605185972141233
