r,epsilon,seed,global_activity_mean,global_activity_std,wall_density_mean,wall_density_std,mean_wall_velocity,global_period,global_period_power,global_spectral_entropy,global_lowfreq_power,wall_period,wall_period_power,wall_spectral_entropy,wall_lowfreq_power,global_ac_peak_lag,global_ac_peak_value,wall_ac_peak_lag,wall_ac_peak_value,wall_ac_late_mean,max_cluster_lifetime,mean_cluster_lifetime,wall_ac,frame_25,motif_25,comp_25,frame_50,motif_50,comp_50,frame_75,motif_75,comp_75,frame_100,motif_100,comp_100,frame_125,motif_125,comp_125,frame_150,motif_150,comp_150,frame_175,motif_175,comp_175,frame_200,motif_200,comp_200,frame_225,motif_225,comp_225,frame_250,motif_250,comp_250,frame_260,motif_260,comp_260,long_memory_score
3.86,0.13,101,0.5971590909090909,0.024596695252723948,0.7991363636363636,0.05503453085815176,0.2055563540947981,2.0,0.7214857846444033,0.2901984803500286,0.0797184495983675,2.0,0.6088624652438385,0.288862725800528,0.27849314645239087,4,0.8466570035373264,4,0.9505522994290535,0.017592468263688325,9.0,1.0891463263536116,"[ 1.         -0.04525586  0.75765523 -0.03171072  0.9505523  -0.05193234
  0.74648947 -0.04362685  0.92886837 -0.04960435  0.7270437  -0.04656443
  0.91468817 -0.06227085  0.72411908 -0.04872571  0.90202167 -0.06219398
  0.71596778 -0.06139221  0.89312    -0.07407122  0.70332721 -0.0710313
  0.87597719 -0.0844866   0.68915996 -0.08970077  0.8640481  -0.08667381
  0.67346605 -0.09263835  0.85134272 -0.09487696  0.66376216 -0.09707668
  0.83566177 -0.10602975  0.65561086 -0.11648356  0.82149453 -0.12018403
  0.63845509 -0.13213859  0.80586543 -0.13132386  0.61681005 -0.14252805
  0.79696375 -0.14399036  0.60714504 -0.14320155  0.78652245 -0.15293092
  0.59521595 -0.15663138  0.76485149 -0.16559741  0.57804722 -0.17228641
  0.7491835  -0.18575467  0.56012812 -0.18570328  0.72527438 -0.20439823
  0.54898829 -0.20434683  0.70886898 -0.22005325  0.53783549 -0.22300335
  0.6909758  -0.23643273  0.51695378 -0.24313468  0.67085742 -0.25582665
  0.49831023 -0.26401639  0.65746647 -0.27223205  0.48341854 -0.27516918
  0.63504514 -0.28114669  0.47000167 -0.29233792  0.62164123 -0.29229948
  0.44759329 -0.30499145  0.60297175 -0.3124697   0.42893678 -0.31989611
  0.57982596 -0.31912026  0.41178101 -0.32582221  0.57088541 -0.32729748
  0.40058933 -0.32951017  0.55969373 -0.33550063  0.39538767 -0.34370333
  0.55224096 -0.34294044  0.37969377 -0.34965536  0.5387852  -0.35490841
  0.37221507 -0.35338219  0.52530353 -0.3571345   0.36473637 -0.36086089
  0.51932558 -0.36009801  0.35501952 -0.3608229   0.50738353 -0.36454929
  0.34531563 -0.36901309  0.49691631 -0.37425318  0.33861323 -0.37797957
  0.4887002  -0.38246929  0.32889638 -0.38619568  0.47824593 -0.3869465
  0.32066731 -0.38468287  0.47149169 -0.38544665  0.31466343 -0.38767229
  0.46400003 -0.39066127  0.3071977  -0.39288691  0.45802208 -0.39440106
  0.30419531 -0.39513892  0.45426932 -0.39441492  0.30193034 -0.39366499
  0.45199139 -0.39294099  0.30040278 -0.39219107  0.44971345 -0.39146706
  0.29887522 -0.39071714  0.44743552 -0.38999314  0.29734765 -0.38924321
  0.44515759 -0.38851921  0.29582009 -0.38776929  0.44287965 -0.38704528
  0.29429253 -0.38629536  0.44060172 -0.38557136  0.29276497 -0.38482143
  0.43832378 -0.38409743  0.29123741 -0.3833475   0.43604585 -0.3826235
  0.28970984 -0.38187358  0.43376791 -0.38114957  0.28818228 -0.38039965
  0.43148998 -0.37967565  0.28665472 -0.37892572  0.42921205 -0.37820172
  0.28512716 -0.3774518   0.42693411 -0.37672779  0.2835996  -0.37597787
  0.42465618 -0.37525387  0.28207203 -0.37450394  0.42237824 -0.37377994
  0.28054447 -0.37303001  0.42010031 -0.37230601  0.27901691 -0.37155609
  0.41782237 -0.37083208  0.27748935 -0.37008216  0.41554444 -0.36935816
  0.27596179 -0.36860823  0.41326651 -0.36788423  0.27443422 -0.36713431
  0.41098857 -0.3664103   0.27290666 -0.36566038  0.40871064 -0.36493638
  0.2713791  -0.36418645  0.4064327  -0.36346245  0.26985154 -0.36271252
  0.40415477 -0.36198852  0.26832398 -0.3612386   0.40187683 -0.36051459
  0.26679641 -0.35976467  0.3995989  -0.35904067  0.26526885 -0.35829074
  0.39732097 -0.35756674  0.26374129 -0.35681682  0.39504303 -0.35609281
  0.26221373 -0.35534289  0.3927651 ]",0.1958139534883721,0.0,0.0,0.8052619047619047,0.4119761904761905,0.0,0.1981219512195122,4.878048780487805e-05,0.0,0.986025,0.951625,0.0,0.19935897435897437,0.0,0.0,0.8011052631578948,0.4038421052631579,0.0,0.19975675675675675,0.0,0.0,0.9836666666666667,0.9444166666666667,0.0,0.20054285714285713,0.0,0.0,0.7997941176470589,0.39994117647058824,0.0,0.9825,0.9404464285714286,0.0,1.0470816396291822e-05
3.86,0.13,707,0.5875,0.021650635094610984,0.8249999999999998,0.043301270189221926,0.19707755713750466,4.0,0.5,0.11132146446336848,7.78437828207341e-34,4.0,0.5,0.10997764313969534,1.2854264944901067e-33,4,0.9963636363636365,4,0.9963636363636367,0.004671019588146694,3.0,1.0643912737508796,"[ 1.         -0.33363636 -0.33272727 -0.33181818  0.99636364 -0.33242424
 -0.33151515 -0.33060606  0.99272727 -0.33121212 -0.33030303 -0.32939394
  0.98909091 -0.33       -0.32909091 -0.32818182  0.98545455 -0.32878788
 -0.32787879 -0.3269697   0.98181818 -0.32757576 -0.32666667 -0.32575758
  0.97818182 -0.32636364 -0.32545455 -0.32454545  0.97454545 -0.32515152
 -0.32424242 -0.32333333  0.97090909 -0.32393939 -0.3230303  -0.32212121
  0.96727273 -0.32272727 -0.32181818 -0.32090909  0.96363636 -0.32151515
 -0.32060606 -0.31969697  0.96       -0.32030303 -0.31939394 -0.31848485
  0.95636364 -0.31909091 -0.31818182 -0.31727273  0.95272727 -0.31787879
 -0.3169697  -0.31606061  0.94909091 -0.31666667 -0.31575758 -0.31484848
  0.94545455 -0.31545455 -0.31454545 -0.31363636  0.94181818 -0.31424242
 -0.31333333 -0.31242424  0.93818182 -0.3130303  -0.31212121 -0.31121212
  0.93454545 -0.31181818 -0.31090909 -0.31        0.93090909 -0.31060606
 -0.30969697 -0.30878788  0.92727273 -0.30939394 -0.30848485 -0.30757576
  0.92363636 -0.30818182 -0.30727273 -0.30636364  0.92       -0.3069697
 -0.30606061 -0.30515152  0.91636364 -0.30575758 -0.30484848 -0.30393939
  0.91272727 -0.30454545 -0.30363636 -0.30272727  0.90909091 -0.30333333
 -0.30242424 -0.30151515  0.90545455 -0.30212121 -0.30121212 -0.30030303
  0.90181818 -0.30090909 -0.3        -0.29909091  0.89818182 -0.29969697
 -0.29878788 -0.29787879  0.89454545 -0.29848485 -0.29757576 -0.29666667
  0.89090909 -0.29727273 -0.29636364 -0.29545455  0.88727273 -0.29606061
 -0.29515152 -0.29424242  0.88363636 -0.29484848 -0.29393939 -0.2930303
  0.88       -0.29363636 -0.29272727 -0.29181818  0.87636364 -0.29242424
 -0.29151515 -0.29060606  0.87272727 -0.29121212 -0.29030303 -0.28939394
  0.86909091 -0.29       -0.28909091 -0.28818182  0.86545455 -0.28878788
 -0.28787879 -0.2869697   0.86181818 -0.28757576 -0.28666667 -0.28575758
  0.85818182 -0.28636364 -0.28545455 -0.28454545  0.85454545 -0.28515152
 -0.28424242 -0.28333333  0.85090909 -0.28393939 -0.2830303  -0.28212121
  0.84727273 -0.28272727 -0.28181818 -0.28090909  0.84363636 -0.28151515
 -0.28060606 -0.27969697  0.84       -0.28030303 -0.27939394 -0.27848485
  0.83636364 -0.27909091 -0.27818182 -0.27727273  0.83272727 -0.27787879
 -0.2769697  -0.27606061  0.82909091 -0.27666667 -0.27575758 -0.27484848
  0.82545455 -0.27545455 -0.27454545 -0.27363636  0.82181818 -0.27424242
 -0.27333333 -0.27242424  0.81818182 -0.2730303  -0.27212121 -0.27121212
  0.81454545 -0.27181818 -0.27090909 -0.27        0.81090909 -0.27060606
 -0.26969697 -0.26878788  0.80727273 -0.26939394 -0.26848485 -0.26757576
  0.80363636 -0.26818182 -0.26727273 -0.26636364  0.8        -0.2669697
 -0.26606061 -0.26515152  0.79636364 -0.26575758 -0.26484848 -0.26393939
  0.79272727 -0.26454545 -0.26363636 -0.26272727  0.78909091 -0.26333333
 -0.26242424 -0.26151515  0.78545455 -0.26212121 -0.26121212 -0.26030303
  0.78181818 -0.26090909 -0.26       -0.25909091  0.77818182 -0.25969697
 -0.25878788 -0.25787879  0.77454545 -0.25848485 -0.25757576 -0.25666667
  0.77090909 -0.25727273 -0.25636364 -0.25545455  0.76727273 -0.25606061
 -0.25515152 -0.25424242  0.76363636]",0.17502325581395348,0.0,0.0,0.825,0.475,0.0,0.17497560975609755,0.0,0.0,1.0,1.0,0.0,0.17502564102564103,0.0,0.0,0.825,0.475,0.0,0.17497297297297298,0.0,0.0,1.0,1.0,0.0,0.17502857142857142,0.0,0.0,0.825,0.475,0.0,1.0,1.0,0.0,6.136617719635134e-06
3.86,0.13,1313,0.5543409090909089,0.013480530037155217,0.885909090909091,0.030024095007039526,0.12138601194193177,1100.0,0.17701426183832586,0.7547886126233089,0.37877773853110497,1100.0,0.3768286378122863,0.45842812144202955,0.7784143280736939,4,0.48590423433123703,4,0.8395841060154611,0.20370634161312448,8.0,1.0067148760330578,"[ 1.00000000e+00  7.35784177e-01  8.25247015e-01  7.75333278e-01
  8.39584106e-01  7.36725147e-01  7.98454775e-01  7.23329027e-01
  8.07749463e-01  7.47750922e-01  7.51492926e-01  7.29312400e-01
  8.06169233e-01  7.41128290e-01  7.32264289e-01  7.55465380e-01
  7.72523910e-01  7.35216177e-01  7.28873377e-01  7.29383660e-01
  7.52584752e-01  7.43010231e-01  7.01370617e-01  7.24571708e-01
  7.52815202e-01  7.14407309e-01  6.94747984e-01  7.20470277e-01
  7.09795595e-01  7.15348280e-01  6.51017857e-01  7.05183881e-01
  6.85524556e-01  7.01162044e-01  6.46205905e-01  6.99661409e-01
  6.80002084e-01  6.84454608e-01  6.34540871e-01  6.93038776e-01
  6.64005167e-01  6.82874378e-01  6.32960640e-01  6.56872252e-01
  6.64946138e-01  6.40954931e-01  6.21295606e-01  6.31890692e-01
  6.47528181e-01  6.19205092e-01  5.91982164e-01  6.20225658e-01
  6.11361657e-01  6.15103661e-01  5.67711125e-01  6.18645427e-01
  6.04028504e-01  6.12812910e-01  5.67941575e-01  6.18875878e-01
  5.99216552e-01  6.05479757e-01  5.53044819e-01  6.16585127e-01
  5.76756194e-01  5.98146605e-01  5.53275269e-01  5.94124768e-01
  5.74465443e-01  5.85771050e-01  5.38378514e-01  5.74896131e-01
  5.70364011e-01  5.53936407e-01  5.36798283e-01  5.67562978e-01
  5.42861251e-01  5.49124456e-01  5.24422728e-01  5.52666222e-01
  5.45612902e-01  5.44312504e-01  5.19610777e-01  5.42811868e-01
  5.43322151e-01  5.21852145e-01  5.09756423e-01  5.17830309e-01
  5.16529911e-01  5.07665910e-01  4.96280708e-01  4.94269789e-01
  5.22513283e-01  4.78352468e-01  4.96511158e-01  4.94500240e-01
  4.92489321e-01  4.73540516e-01  4.84135603e-01  4.64476278e-01
  4.88387890e-01  4.61875482e-01  4.47258559e-01  4.55332444e-01
  4.86097139e-01  4.26809118e-01  4.50720730e-01  4.48709812e-01
  4.39845811e-01  4.25939408e-01  4.24639010e-01  4.20106891e-01
  4.21327694e-01  4.24359177e-01  3.85240764e-01  4.13484258e-01
  4.07851978e-01  3.75586648e-01  3.81849853e-01  3.89923739e-01
  3.70974934e-01  3.71485217e-01  3.51825891e-01  3.64942179e-01
  3.71205384e-01  3.54067260e-01  3.42682058e-01  3.50755944e-01
  3.51266226e-01  3.25464339e-01  3.23453420e-01  3.27195424e-01
  3.13999542e-01  3.06946221e-01  2.93750339e-01  3.01824224e-01
  2.99813306e-01  2.82675182e-01  2.78143063e-01  2.95591232e-01
  2.91059113e-01  2.73920988e-01  2.74431271e-01  2.74941554e-01
  2.72930636e-01  2.63356114e-01  2.58823995e-01  2.61855479e-01
  2.64886963e-01  2.38374555e-01  2.48969641e-01  2.44437522e-01
  2.57553810e-01  2.32852083e-01  2.38404767e-01  2.38915050e-01
  2.32572250e-01  2.28040131e-01  2.13423208e-01  2.33392578e-01
  2.26339258e-01  2.16764737e-01  2.04669014e-01  2.27159586e-01
  2.15063863e-01  2.08010543e-01  1.98436022e-01  2.11552310e-01
  1.96935386e-01  2.02488071e-01  1.85349947e-01  1.89091951e-01
  1.94644636e-01  1.83259434e-01  1.73684912e-01  1.74905715e-01
  1.80458400e-01  1.51424791e-01  1.67062280e-01  1.49924156e-01
  1.57998041e-01  1.43381118e-01  1.53976205e-01  1.34316880e-01
  1.54996770e-01  1.35337445e-01  1.47743213e-01  1.30605088e-01
  1.56327381e-01  1.16498448e-01  1.39699540e-01  1.14997812e-01
  1.35677703e-01  1.03412373e-01  1.31655866e-01  9.68693351e-02
  1.25112829e-01  9.03262976e-02  1.21090992e-01  9.63892651e-02
  1.05173671e-01  8.80355469e-02  9.86306336e-02  7.64501073e-02
  8.52345134e-02  7.31387911e-02  6.42747901e-02  6.91169546e-02
  6.02529536e-02  5.57208343e-02  4.93780343e-02  5.67413998e-02
  4.03137958e-02  4.90982018e-02  3.44812785e-02  4.50763653e-02
  1.85639572e-02  3.92438481e-02  1.13103994e-02  3.45114913e-02
  9.09924364e-03  2.22155314e-02  9.40928885e-03  2.00043756e-02
  3.45050320e-04  1.59825391e-02 -3.67678620e-03  9.43950159e-03
 -5.88794199e-03  2.89646407e-03 -1.67628613e-02 -3.64657346e-03
 -1.89740170e-02 -1.09001313e-02 -2.11851728e-02 -1.56324881e-02
 -2.33963286e-02 -2.03648449e-02 -2.56074844e-02 -2.50972017e-02
 -3.21505220e-02 -3.16402392e-02 -3.86935595e-02 -3.81832767e-02
 -4.52365970e-02 -4.47263143e-02 -4.74477528e-02 -4.94586711e-02
 -4.96589086e-02 -4.98591461e-02 -5.00593837e-02 -5.02596212e-02
 -5.04598587e-02 -5.06600963e-02 -5.08603338e-02 -5.10605713e-02
 -5.12608089e-02 -5.14610464e-02 -5.16612839e-02 -5.18615215e-02
 -5.20617590e-02]",0.10967441860465116,0.0,0.0,0.8913095238095238,0.622,0.0,0.11007317073170732,0.0,0.0,0.991125,0.961675,0.0,0.11092307692307693,0.0,0.0,0.8891578947368421,0.6182105263157894,0.0,0.11197297297297297,0.0,0.0,0.9876111111111111,0.9521111111111111,0.0,0.11285714285714285,0.0,0.0,0.8871470588235294,0.6135294117647059,0.0,0.9866964285714286,0.9488095238095238,0.0,0.0008732525794728115
3.86,0.13,2029,0.5786818181818183,0.013901884645407443,0.837181818181818,0.03999163135597742,0.18846680882053948,1100.0,0.13547555141210404,0.6898814042148821,0.5701229256361591,1100.0,0.1987748857852835,0.4635514767084464,0.8646030820530763,8,0.6220590730750134,2,0.9171004021686384,0.006310905702920057,15.0,1.006558093780741,"[ 1.00000000e+00  8.76311506e-01  9.17100402e-01  8.76889500e-01
  8.98512319e-01  8.52252915e-01  8.78831320e-01  8.51045554e-01
  8.74781861e-01  8.39890849e-01  8.46938872e-01  8.23416254e-01
  8.29407533e-01  8.05884914e-01  8.13989681e-01  7.96151259e-01
  8.01413927e-01  7.90680751e-01  7.88838174e-01  7.74206155e-01
  7.65622638e-01  7.60573658e-01  7.54467933e-01  7.47997904e-01
  7.35151240e-01  7.28681210e-01  7.15470240e-01  7.20368604e-01
  6.95789241e-01  7.14898096e-01  6.78950340e-01  6.96638145e-01
  6.72058783e-01  6.73422610e-01  6.49899991e-01  6.66166747e-01
  6.32004346e-01  6.40109113e-01  6.20849642e-01  6.25748005e-01
  5.99747593e-01  6.05374567e-01  5.83272998e-01  5.85693568e-01
  5.56851059e-01  5.63534776e-01  5.46060659e-01  5.30371897e-01
  5.10055682e-01  5.17796143e-01  4.90374682e-01  5.00957242e-01
  4.78855673e-01  4.78434145e-01  4.66279919e-01  4.55911047e-01
  4.55125214e-01  4.36230048e-01  4.35444215e-01  4.25075344e-01
  4.25710560e-01  3.96868050e-01  4.06029561e-01  3.83235553e-01
  3.81392976e-01  3.63918859e-01  3.53549987e-01  3.41760067e-01
  3.41338539e-01  3.13917078e-01  3.16337649e-01  2.91758286e-01
  2.92757808e-01  2.73498336e-01  2.70234710e-01  2.55238386e-01
  2.54452553e-01  2.39456229e-01  2.41512494e-01  2.18354181e-01
  2.29993484e-01  2.12155062e-01  2.13154583e-01  1.92474063e-01
  1.94530328e-01  1.82376102e-01  1.73428280e-01  1.59853005e-01
  1.59067172e-01  1.51176093e-01  1.40078611e-01  1.48875816e-01
  1.31401699e-01  1.33093659e-01  1.19518384e-01  1.18368246e-01
  1.03371922e-01  1.12169127e-01  9.14886065e-02  1.01706861e-01
  9.09736840e-02  8.48679599e-02  6.95073305e-02  7.29846447e-02
  4.69842332e-02  5.18825964e-02  3.12020760e-02  4.28413794e-02
  2.60597010e-02  3.34358571e-02  1.94962769e-02  1.72893947e-02
  9.03401075e-03  3.98503036e-03  1.04953754e-03 -1.00600881e-04
 -1.61504461e-03 -7.02833032e-03 -5.70067586e-03 -1.11139616e-02
 -1.12073562e-02 -1.13007508e-02 -1.13941455e-02 -1.14875401e-02
 -1.15809347e-02 -1.16743294e-02 -1.17677240e-02 -1.18611186e-02
 -1.19545133e-02 -1.20479079e-02 -1.21413025e-02 -1.22346972e-02
 -1.23280918e-02 -1.24214865e-02 -1.25148811e-02 -1.26082757e-02
 -1.27016704e-02 -1.27950650e-02 -1.28884596e-02 -1.29818543e-02
 -1.30752489e-02 -1.31686435e-02 -1.32620382e-02 -1.33554328e-02
 -1.34488274e-02 -1.35422221e-02 -1.36356167e-02 -1.37290113e-02
 -1.38224060e-02 -1.39158006e-02 -1.40091952e-02 -1.41025899e-02
 -1.41959845e-02 -1.42893791e-02 -1.43827738e-02 -1.44761684e-02
 -1.45695631e-02 -1.46629577e-02 -1.47563523e-02 -1.48497470e-02
 -1.49431416e-02 -1.50365362e-02 -1.51299309e-02 -1.52233255e-02
 -1.53167201e-02 -1.54101148e-02 -1.55035094e-02 -1.55969040e-02
 -1.56902987e-02 -1.57836933e-02 -1.58770879e-02 -1.59704826e-02
 -1.60638772e-02 -1.61572718e-02 -1.62506665e-02 -1.63440611e-02
 -1.64374558e-02 -1.65308504e-02 -1.66242450e-02 -1.67176397e-02
 -1.68110343e-02 -1.69044289e-02 -1.69978236e-02 -1.70912182e-02
 -1.71846128e-02 -1.72780075e-02 -1.73714021e-02 -1.74647967e-02
 -1.75581914e-02 -1.76515860e-02 -1.77449806e-02 -1.78383753e-02
 -1.79317699e-02 -1.80251645e-02 -1.81185592e-02 -1.82119538e-02
 -1.83053485e-02 -1.83987431e-02 -1.84921377e-02 -1.85855324e-02
 -1.86789270e-02 -1.87723216e-02 -1.88657163e-02 -1.89591109e-02
 -1.90525055e-02 -1.91459002e-02 -1.92392948e-02 -1.93326894e-02
 -1.94260841e-02 -1.95194787e-02 -1.96128733e-02 -1.97062680e-02
 -1.97996626e-02 -1.98930572e-02 -1.99864519e-02 -2.00798465e-02
 -2.01732412e-02 -2.02666358e-02 -2.03600304e-02 -2.04534251e-02
 -2.05468197e-02 -2.06402143e-02 -2.07336090e-02 -2.08270036e-02
 -2.09203982e-02 -2.10137929e-02 -2.11071875e-02 -2.12005821e-02
 -2.12939768e-02 -2.13873714e-02 -2.14807660e-02 -2.15741607e-02
 -2.16675553e-02 -2.17609499e-02 -2.18543446e-02 -2.19477392e-02
 -2.20411339e-02 -2.21345285e-02 -2.22279231e-02 -2.23213178e-02
 -2.24147124e-02 -2.25081070e-02 -2.26015017e-02 -2.26948963e-02
 -2.27882909e-02 -2.28816856e-02 -2.29750802e-02 -2.30684748e-02
 -2.31618695e-02 -2.32552641e-02 -2.33486587e-02 -2.34420534e-02
 -2.35354480e-02 -2.36288426e-02 -2.37222373e-02 -2.38156319e-02
 -2.39090266e-02 -2.40024212e-02 -2.40958158e-02 -2.41892105e-02
 -2.42826051e-02]",0.1576279069767442,0.0,0.0,0.8423571428571428,0.5511904761904762,0.0,0.1594390243902439,0.0,0.0,0.989425,0.9613,0.0,0.16030769230769232,0.0,0.0,0.839421052631579,0.5471315789473684,0.0,0.16086486486486487,0.0,0.0,0.988,0.9565277777777778,0.0,0.1614857142857143,0.0,0.0,0.8381764705882353,0.5438529411764705,0.0,0.9871428571428571,0.953422619047619,0.0,0.0007176280958431023
3.86,0.13,3001,0.5602045454545453,0.02022215205867804,0.8636818181818182,0.05279969556010403,0.13308237307661916,2.0,0.1324946807757807,0.774106673185907,0.15993649268566407,1100.0,0.3400604341731715,0.440228220377399,0.7116705792105873,8,0.5297730714691956,8,0.8912999147233959,0.18372333921574208,47.0,1.0370592730051305,"[ 1.          0.70378444  0.69290222  0.7176674   0.88161523  0.68997322
  0.67686837  0.67658425  0.89129991  0.68172267  0.66350331  0.67685516
  0.851032    0.67080333  0.64850778  0.65659912  0.8552331   0.65543872
  0.64804053  0.66487641  0.82193325  0.6677922   0.63571379  0.63602183
  0.83384057  0.64138333  0.61908778  0.64570652  0.79705669  0.62987183
  0.62247364  0.61811333  0.80103471  0.62569747  0.59969481  0.6097857
  0.78070159  0.60921746  0.58343788  0.58093112  0.76607514  0.59133006
  0.56681187  0.56956562  0.74374246  0.58634046  0.55915348  0.54827126
  0.73586099  0.56926829  0.53148322  0.54016671  0.72086546  0.55753371
  0.53546124  0.53028569  0.70727732  0.54476081  0.52001955  0.50787594
  0.68286801  0.52768865  0.51028452  0.49962539  0.67950889  0.51210095
  0.49551207  0.48626033  0.6626598   0.50281209  0.49296819  0.48475476
  0.66463827  0.49989912  0.48086453  0.46753659  0.64986582  0.48675715
  0.4709835   0.46684627  0.63916955  0.47769136  0.46925486  0.44206788
  0.62113614  0.46862557  0.44003119  0.42937206  0.60273366  0.45348404
  0.43874871  0.41015433  0.59470619  0.44056514  0.41523171  0.40783353
  0.56955871  0.42846147  0.41291091  0.39328415  0.56560743  0.41858045
  0.38487156  0.38295697  0.53793717  0.39113326  0.37535962  0.36062429
  0.52397995  0.38451319  0.34776643  0.34933587  0.50187036  0.35262074
  0.33217874  0.32641103  0.48302171  0.33703304  0.30762343  0.31467645
  0.46091211  0.31166249  0.30100335  0.28686019  0.45021585  0.31074909
  0.27807852  0.28920773  0.43707387  0.2818945   0.27916467  0.26339102
  0.41021885  0.27112116  0.25230964  0.2458727   0.39025481  0.24567354
  0.2443511   0.21960983  0.36992169  0.23675375  0.22120318  0.20683694
  0.35470308  0.2115292   0.20390794  0.18487334  0.32703281  0.19468011
  0.1731998   0.173954    0.31796703  0.17850026  0.1774009   0.15881246
  0.30201025  0.17477206  0.15433006  0.1453014   0.29828205  0.16778291
  0.15630853  0.14646463  0.28943934  0.14930334  0.12989966  0.11761005
  0.26688359  0.13416181  0.12291051  0.11328969  0.26034059  0.12065075
  0.10776897  0.10118603  0.24089979  0.11551515  0.1024103   0.0976809
  0.23109584  0.10526504  0.09238327  0.08439292  0.21840002  0.09338446
  0.07168107  0.07021263  0.2044428   0.07453582  0.05594737  0.05447893
  0.18707863  0.06332447  0.04614343  0.04304451  0.17890516  0.05062865
  0.03693164  0.03383272  0.17050861  0.03919422  0.02690461  0.02358261
  0.15862802  0.02731364  0.01583926  0.01029463  0.14697052  0.02054757
  0.00662748 -0.00158595  0.13753565  0.00762867 -0.0093293  -0.01346653
  0.12320935 -0.00669763 -0.02039464 -0.02371664  0.10376855 -0.02043177
 -0.03761281 -0.03663554  0.09455676 -0.03208927 -0.04578628 -0.04666256
  0.08312234 -0.0408549  -0.0521062  -0.05438988  0.07784073 -0.04020676
 -0.05145806 -0.05455697  0.07582009 -0.04734191 -0.06289248 -0.06354568
  0.0652009  -0.05529231 -0.06491313 -0.06719681  0.05643527 -0.06242746
 -0.07471708 -0.07863123  0.04603916 -0.06770906 -0.07896036 -0.0818362
  0.04468775 -0.07009879 -0.07949653 -0.08237237  0.04333634 -0.07063497
 -0.08003271 -0.08290855  0.04198493]",0.12337209302325582,0.00013953488372093022,0.0,0.8796904761904762,0.5907619047619047,0.0,0.12719512195121951,0.00031707317073170733,0.0,0.97395,0.906875,0.0,0.13112820512820514,5.128205128205128e-05,0.0,0.8719736842105263,0.5772105263157895,0.0,0.1332972972972973,0.0007297297297297297,0.0,0.9668611111111111,0.8886944444444445,0.0,0.13385714285714287,5.714285714285714e-05,0.0,0.8698235294117647,0.5726176470588236,0.0,0.9655952380952381,0.8822023809523809,0.0,0.00017853658187938617
3.86,0.13,4111,0.5884318181818182,0.014410220058998427,0.8219999999999998,0.029350545914080442,0.1923585357709963,4.0,0.7389091741202456,0.31805640023186804,0.07463494619542908,4.0,0.7150340090370978,0.28375504213145075,0.18992193522955592,8,0.8378802358730673,4,0.934955677501055,0.0017451473801805356,7.0,1.0660221645838246,"[ 1.          0.2053778  -0.47052343  0.21258759  0.93495568  0.1957366
 -0.51298438  0.19239341  0.89365555  0.17701984 -0.54636978  0.17103841
  0.8579485   0.14247362 -0.57416209  0.13385395  0.82720135  0.11320388
 -0.59699451  0.12273533  0.81460532  0.12023639 -0.59407767  0.13092866
  0.81372309  0.11671591 -0.59348248  0.12624736  0.80260447  0.10411988
 -0.59404812  0.10837484  0.79792317  0.09416209 -0.60400591  0.09461798
  0.77361334  0.06489236 -0.62799916  0.05627269  0.74170536  0.03562263
 -0.65346982  0.0346011   0.71359645  0.01658928 -0.67250317  0.01292951
  0.69836218 -0.00128324 -0.68393837  0.00413255  0.68544956 -0.0051203
 -0.68513719  0.00409455  0.68277332 -0.00515829 -0.68253694  0.00405656
  0.68009709 -0.00519629 -0.67993668  0.00401857  0.67742085 -0.00523428
 -0.67733643  0.00398058  0.67474462 -0.00527227 -0.67473618  0.00394259
  0.67206838 -0.00531026 -0.67213592  0.0039046   0.66939215 -0.00534825
 -0.66953567  0.00386661  0.66671591 -0.00538624 -0.66693542  0.00382862
  0.66403968 -0.00542423 -0.66433516  0.00379063  0.66136344 -0.00546222
 -0.66173491  0.00375264  0.65868721 -0.00550021 -0.65913466  0.00371465
  0.65601098 -0.0055382  -0.6565344   0.00367666  0.65333474 -0.00557619
 -0.65393415  0.00363867  0.65065851 -0.00561418 -0.6513339   0.00360068
  0.64798227 -0.00565217 -0.64873364  0.00356268  0.64530604 -0.00569016
 -0.64613339  0.00352469  0.6426298  -0.00572816 -0.64353314  0.0034867
  0.63995357 -0.00576615 -0.64093288  0.00344871  0.63727733 -0.00580414
 -0.63833263  0.00341072  0.6346011  -0.00584213 -0.63573238  0.00337273
  0.63192486 -0.00588012 -0.63313212  0.00333474  0.62924863 -0.00591811
 -0.63053187  0.00329675  0.62657239 -0.0059561  -0.62793162  0.00325876
  0.62389616 -0.00599409 -0.62533136  0.00322077  0.62121992 -0.00603208
 -0.62273111  0.00318278  0.61854369 -0.00607007 -0.62013086  0.00314479
  0.61586745 -0.00610806 -0.6175306   0.0031068   0.61319122 -0.00614605
 -0.61493035  0.00306881  0.61051499 -0.00618404 -0.6123301   0.00303081
  0.60783875 -0.00622203 -0.60972984  0.00299282  0.60516252 -0.00626003
 -0.60712959  0.00295483  0.60248628 -0.00629802 -0.60452934  0.00291684
  0.59981005 -0.00633601 -0.60192908  0.00287885  0.59713381 -0.006374
 -0.59932883  0.00284086  0.59445758 -0.00641199 -0.59672858  0.00280287
  0.59178134 -0.00644998 -0.59412832  0.00276488  0.58910511 -0.00648797
 -0.59152807  0.00272689  0.58642887 -0.00652596 -0.58892782  0.0026889
  0.58375264 -0.00656395 -0.58632756  0.00265091  0.5810764  -0.00660194
 -0.58372731  0.00261292  0.57840017 -0.00663993 -0.58112706  0.00257493
  0.57572393 -0.00667792 -0.5785268   0.00253694  0.5730477  -0.00671591
 -0.57592655  0.00249894  0.57037146 -0.0067539  -0.5733263   0.00246095
  0.56769523 -0.0067919  -0.57072604  0.00242296  0.565019   -0.00682989
 -0.56812579  0.00238497  0.56234276 -0.00686788 -0.56552554  0.00234698
  0.55966653 -0.00690587 -0.56292528  0.00230899  0.55699029 -0.00694386
 -0.56032503  0.002271    0.55431406 -0.00698185 -0.55772478  0.00223301
  0.55163782 -0.00701984 -0.55512453  0.00219502  0.54896159 -0.00705783
 -0.55252427  0.00215703  0.54628535]",0.1772325581395349,0.0,0.0,0.8232380952380952,0.4687142857142857,0.0,0.17678048780487804,0.0,0.0,0.998075,0.991725,0.0,0.17687179487179489,0.0,0.0,0.823078947368421,0.4681315789473684,0.0,0.176972972972973,0.0,0.0,0.9978611111111111,0.9908055555555556,0.0,0.1770857142857143,0.0,0.0,0.8228529411764706,0.4673235294117647,0.0,0.9977083333333333,0.9901488095238096,0.0,9.513726935495084e-06
3.86,0.13,5237,0.5750000000000001,1.1102230246251565e-16,0.8499999999999998,2.220446049250313e-16,0.1764705882352941,50.0,0.20397103348541162,0.461982505430318,0.39034675171638167,50.0,0.20397103348541162,0.461982505430318,0.39034675171638167,1,0.9990909090909091,1,0.9990909090909091,0.8454545454545455,1.0,1.0,"[1.         0.99909091 0.99818182 0.99727273 0.99636364 0.99545455
 0.99454545 0.99363636 0.99272727 0.99181818 0.99090909 0.99
 0.98909091 0.98818182 0.98727273 0.98636364 0.98545455 0.98454545
 0.98363636 0.98272727 0.98181818 0.98090909 0.98       0.97909091
 0.97818182 0.97727273 0.97636364 0.97545455 0.97454545 0.97363636
 0.97272727 0.97181818 0.97090909 0.97       0.96909091 0.96818182
 0.96727273 0.96636364 0.96545455 0.96454545 0.96363636 0.96272727
 0.96181818 0.96090909 0.96       0.95909091 0.95818182 0.95727273
 0.95636364 0.95545455 0.95454545 0.95363636 0.95272727 0.95181818
 0.95090909 0.95       0.94909091 0.94818182 0.94727273 0.94636364
 0.94545455 0.94454545 0.94363636 0.94272727 0.94181818 0.94090909
 0.94       0.93909091 0.93818182 0.93727273 0.93636364 0.93545455
 0.93454545 0.93363636 0.93272727 0.93181818 0.93090909 0.93
 0.92909091 0.92818182 0.92727273 0.92636364 0.92545455 0.92454545
 0.92363636 0.92272727 0.92181818 0.92090909 0.92       0.91909091
 0.91818182 0.91727273 0.91636364 0.91545455 0.91454545 0.91363636
 0.91272727 0.91181818 0.91090909 0.91       0.90909091 0.90818182
 0.90727273 0.90636364 0.90545455 0.90454545 0.90363636 0.90272727
 0.90181818 0.90090909 0.9        0.89909091 0.89818182 0.89727273
 0.89636364 0.89545455 0.89454545 0.89363636 0.89272727 0.89181818
 0.89090909 0.89       0.88909091 0.88818182 0.88727273 0.88636364
 0.88545455 0.88454545 0.88363636 0.88272727 0.88181818 0.88090909
 0.88       0.87909091 0.87818182 0.87727273 0.87636364 0.87545455
 0.87454545 0.87363636 0.87272727 0.87181818 0.87090909 0.87
 0.86909091 0.86818182 0.86727273 0.86636364 0.86545455 0.86454545
 0.86363636 0.86272727 0.86181818 0.86090909 0.86       0.85909091
 0.85818182 0.85727273 0.85636364 0.85545455 0.85454545 0.85363636
 0.85272727 0.85181818 0.85090909 0.85       0.84909091 0.84818182
 0.84727273 0.84636364 0.84545455 0.84454545 0.84363636 0.84272727
 0.84181818 0.84090909 0.84       0.83909091 0.83818182 0.83727273
 0.83636364 0.83545455 0.83454545 0.83363636 0.83272727 0.83181818
 0.83090909 0.83       0.82909091 0.82818182 0.82727273 0.82636364
 0.82545455 0.82454545 0.82363636 0.82272727 0.82181818 0.82090909
 0.82       0.81909091 0.81818182 0.81727273 0.81636364 0.81545455
 0.81454545 0.81363636 0.81272727 0.81181818 0.81090909 0.81
 0.80909091 0.80818182 0.80727273 0.80636364 0.80545455 0.80454545
 0.80363636 0.80272727 0.80181818 0.80090909 0.8        0.79909091
 0.79818182 0.79727273 0.79636364 0.79545455 0.79454545 0.79363636
 0.79272727 0.79181818 0.79090909 0.79       0.78909091 0.78818182
 0.78727273 0.78636364 0.78545455 0.78454545 0.78363636 0.78272727
 0.78181818 0.78090909 0.78       0.77909091 0.77818182 0.77727273
 0.77636364 0.77545455 0.77454545 0.77363636 0.77272727 0.77181818
 0.77090909 0.77       0.76909091 0.76818182 0.76727273 0.76636364
 0.76545455 0.76454545 0.76363636]",0.15,0.0,0.0,0.85,0.55,0.0,0.15,0.0,0.0,1.0,1.0,0.0,0.15,0.0,0.0,0.85,0.55,0.0,0.15,0.0,0.0,1.0,1.0,0.0,0.15,0.0,0.0,0.85,0.55,0.0,1.0,1.0,0.0,7.756154929034637e-05
3.9,0.12,101,0.5742499999999999,0.047194050568804845,0.7972272727272727,0.07406411952931657,0.1710702075567616,1100.0,0.035010942517289666,0.8820115229053371,0.11677763988984736,1100.0,0.12146372352448762,0.780759971601595,0.37471554672603685,4,0.25769230180535246,4,0.4960948727243824,0.05789806692755358,12.0,1.0787919793332512,"[ 1.          0.31805774  0.39005553  0.46748537  0.49609487  0.30923713
  0.38540105  0.38705704  0.38622714  0.30207378  0.36668281  0.32600966
  0.30531556  0.31436031  0.30561245  0.25379872  0.30514964  0.29182133
  0.28680231  0.22502202  0.2936823   0.27038744  0.22513383  0.24368486
  0.26851957  0.24851625  0.20908604  0.2959992   0.25532604  0.23242252
  0.22696621  0.27456531  0.23053167  0.23255603  0.23586928  0.25614651
  0.22049109  0.25273753  0.23031725  0.21701191  0.23892343  0.23850784
  0.24920985  0.24541081  0.21553284  0.23622438  0.2353715   0.24777673
  0.2000602   0.21577995  0.24146627  0.1817116   0.18415027  0.19075507
  0.1964853   0.14922903  0.15118446  0.19797791  0.15030733  0.1390506
  0.14892398  0.1311301   0.11819313  0.13471854  0.11641844  0.13418679
  0.09390498  0.13363208  0.13809637  0.12681667  0.14373342  0.12918514
  0.15399687  0.13364816  0.13774409  0.17291372  0.16294589  0.16250732
  0.1599742   0.17567098  0.14164985  0.19056083  0.14620478  0.17267377
  0.17969289  0.17844867  0.1323894   0.15678682  0.16972124  0.13618335
  0.12787278  0.14276391  0.15360377  0.12001993  0.14529193  0.15274834
  0.10385779  0.1750729   0.09508568  0.12776941  0.12399335  0.14219899
  0.10905245  0.11234273  0.12180179  0.13959312  0.0712527   0.09901059
  0.1172622   0.08040978  0.06547016  0.10110005  0.09414731  0.05975782
  0.11403193  0.11525062  0.07298913  0.10820471  0.09913443  0.08297484
  0.07931365  0.08960135  0.11282474  0.0771923   0.11116493  0.1058235
  0.11288857  0.07725613  0.11620055  0.08556287  0.1037915   0.04371442
  0.12653037  0.0627704   0.074347    0.05190374  0.1049349   0.03613421
  0.06264915  0.06264788  0.08253377  0.03695774  0.06506102  0.06172225
  0.06795869  0.03396053  0.06669022  0.05718265  0.03434805  0.05964302
  0.02394165  0.04051302  0.0516753   0.02798909  0.00437181  0.05657434
  0.01509552  0.05811417  0.01631295  0.02162885  0.03117982  0.01787448
  0.02323634  0.0285982   0.02452269  0.03039077 -0.00399873  0.0350376
  0.012203    0.0167592   0.04242253  0.01555965  0.02637654  0.03878177
  0.00533579  0.03026239  0.04312789  0.02326243  0.04070837  0.02123425
  0.02749367  0.02125468  0.04288973  0.02175835  0.03126337  0.02088122
  0.06274883 -0.01553518  0.02879535  0.04000358  0.00770864  0.01023921
  0.0508409   0.03762747  0.03682054  0.04264266  0.04429865  0.05628956
  0.062526    0.07704876  0.07166138  0.03605191  0.07630821  0.04155035
  0.05443882  0.08017108  0.06981191  0.03551432  0.04299371  0.11257453
  0.05051777  0.04766224  0.07420016  0.07422186  0.01175079  0.0673138
  0.02878114  0.03052904  0.03589089  0.03878983  0.02138729  0.01853175
  0.01816212  0.00702026  0.00497039  0.01951612  0.03065542  0.0476411
  0.03311579  0.06538521  0.00777105  0.03260575  0.04333074  0.03706878
  0.0143031  -0.00231676  0.04530532  0.0361891  -0.00489838  0.01913067
  0.05142306  0.02575718  0.00128829  0.02287739  0.03698583  0.01051429
  0.02545137  0.02211259  0.01759979  0.00102588 -0.00758412 -0.01755195
  0.00905489 -0.01373375  0.00824669 -0.00959314  0.01073004 -0.01544207
 -0.01866596 -0.00748071 -0.01744854]",0.18174418604651163,0.0013255813953488372,0.0,0.852047619047619,0.47633333333333333,0.0,0.20436585365853657,0.0010487804878048781,0.0,0.831675,0.430875,0.0,0.21482051282051282,0.0016153846153846153,0.0,0.8166578947368421,0.4005526315789474,0.0,0.22624324324324324,0.001972972972972973,0.0,0.8100277777777778,0.39252777777777775,0.0,0.2304,0.0017428571428571428,0.0,0.8056470588235294,0.37929411764705884,0.0,0.8065476190476191,0.38092261904761904,0.0,0.00077541442584756
3.9,0.12,707,0.5765454545454546,0.04749280067233853,0.7924090909090908,0.08273240493570994,0.186144850627796,1100.0,0.0725549247844022,0.8573866211271998,0.19498239648708182,1100.0,0.20358878550596377,0.6939896247182248,0.5356397866038338,4,0.3009055617816314,4,0.607522610089904,0.0691256915747506,13.0,1.0824588637069232,"[ 1.00000000e+00  4.90304351e-01  5.59542725e-01  6.01986331e-01
  6.07522610e-01  4.99983015e-01  5.27434218e-01  5.39661793e-01
  5.26935636e-01  4.66344690e-01  5.14050594e-01  4.84772633e-01
  4.44919664e-01  4.84757326e-01  4.52209332e-01  4.51436769e-01
  4.32271368e-01  4.17704176e-01  4.20252056e-01  4.19962769e-01
  3.99750824e-01  4.14021076e-01  4.03337595e-01  3.89665715e-01
  3.98955302e-01  3.66688942e-01  4.05580881e-01  3.68203454e-01
  3.77673854e-01  3.80372966e-01  3.55180356e-01  3.49477540e-01
  3.78971418e-01  3.32477564e-01  3.56709144e-01  3.31083670e-01
  3.49519266e-01  3.49280389e-01  3.03732257e-01  3.34886357e-01
  3.15569724e-01  3.06647286e-01  2.98006481e-01  3.21191518e-01
  2.78581374e-01  2.56709207e-01  3.09496598e-01  2.91739365e-01
  2.48133089e-01  2.85646441e-01  2.82167114e-01  2.58865949e-01
  2.70660660e-01  2.52672204e-01  2.63853236e-01  2.55443655e-01
  2.62640156e-01  2.55991616e-01  2.45207315e-01  2.43921895e-01
  2.61462179e-01  2.29195818e-01  2.37106818e-01  2.36535897e-01
  2.23528106e-01  2.57006516e-01  2.24840976e-01  2.24602100e-01
  2.39435619e-01  2.05458627e-01  2.41744623e-01  1.89606015e-01
  2.29674901e-01  1.94520963e-01  2.22354620e-01  2.00049588e-01
  2.16593740e-01  1.91350720e-01  2.31137972e-01  2.12102973e-01
  2.04126257e-01  2.05165147e-01  2.27967729e-01  2.19608558e-01
  2.26342612e-01  1.98825692e-01  2.31307970e-01  2.19014678e-01
  2.06006887e-01  2.32230733e-01  2.05226671e-01  2.16126069e-01
  2.07434854e-01  2.13252767e-01  2.04994417e-01  1.94975024e-01
  1.83526634e-01  2.12356424e-01  1.85835637e-01  1.83352443e-01
  1.76935127e-01  2.02062020e-01  1.87675641e-01  1.57069502e-01
  1.79439220e-01  1.79612380e-01  1.68315221e-01  1.55870697e-01
  1.55762223e-01  1.51669218e-01  1.71302589e-01  1.10047554e-01
  1.62784533e-01  1.47834887e-01  1.37433040e-01  1.22714617e-01
  1.62653100e-01  1.29722651e-01  1.03714722e-01  1.46208739e-01
  1.35857302e-01  1.33424518e-01  1.15385652e-01  1.48632839e-01
  1.47015374e-01  1.46524446e-01  1.32289298e-01  1.43520741e-01
  1.50153973e-01  1.35717184e-01  1.47612715e-01  1.22651330e-01
  1.35210949e-01  1.36863518e-01  1.13461532e-01  1.33758992e-01
  1.52858677e-01  1.31448957e-01  1.39259136e-01  1.36826352e-01
  1.43690808e-01  1.22432320e-01  1.27535734e-01  1.31079748e-01
  1.56156230e-01  1.01874125e-01  1.20973810e-01  1.41351262e-01
  1.25636706e-01  1.12296871e-01  1.44165470e-01  1.35091800e-01
  1.28111217e-01  1.44655368e-01  1.28659178e-01  1.19022240e-01
  1.46292630e-01  1.44574345e-01  1.22752588e-01  1.54289144e-01
  1.45316294e-01  1.37389988e-01  1.45300988e-01  1.32957285e-01
  1.48505304e-01  1.35165468e-01  1.41084202e-01  1.50323379e-01
  1.24697904e-01  1.23362074e-01  1.50300419e-01  1.28609066e-01
  1.15370051e-01  1.31682979e-01  1.25547297e-01  1.07558842e-01
  8.42576772e-02  9.78134299e-02  1.02454397e-01  7.84387335e-02
  9.49324744e-02  5.40833726e-02  7.38975565e-02  5.19749797e-02
  7.51096066e-02  4.45538780e-02  6.00010757e-02  6.11703686e-02
  6.90309578e-02  2.77489910e-02  7.09070964e-02  4.29573119e-02
  2.29261802e-02  6.86398192e-02  2.57984517e-02  2.66357003e-02
  3.94265436e-02  1.30865702e-02  1.66809939e-02  1.38657552e-02
  3.51431842e-03  1.29847187e-02 -1.07997210e-02 -2.82777430e-04
 -2.72868394e-02 -1.97078842e-02 -1.27228782e-03 -3.11135174e-02
 -4.71097072e-02 -2.97502363e-02 -4.50319272e-02 -4.90745223e-02
 -6.53523461e-02 -6.08921923e-02 -4.39151760e-02 -8.31040563e-02
 -6.18104641e-02 -5.76319443e-02 -6.10104509e-02 -6.36240481e-02
 -7.07854447e-02 -6.47658902e-02 -5.67036596e-02 -1.01054018e-01
 -5.63660935e-02 -6.62342549e-02 -5.55156699e-02 -7.77198806e-02
 -5.00670365e-02 -7.55916902e-02 -6.09389840e-02 -6.84828353e-02
 -5.64360731e-02 -1.02446652e-01 -6.52653444e-02 -7.86851724e-02
 -9.09784646e-02 -8.30170546e-02 -8.54290104e-02 -8.51550297e-02
 -7.82401630e-02 -1.10355292e-01 -8.24712246e-02 -9.69880061e-02
 -8.41763346e-02 -8.31374446e-02 -8.07703773e-02 -9.42910260e-02
 -5.16961885e-02 -7.35683549e-02 -5.99621920e-02 -9.15940459e-02
 -3.22665906e-02 -4.54551950e-02 -6.04048416e-02 -7.43079449e-02
 -2.14197341e-02 -5.68553064e-02 -5.41561949e-02 -7.16613751e-02
 -2.57460946e-02]",0.18755813953488373,0.0010930232558139534,0.0,0.8426904761904762,0.4602142857142857,0.0,0.21392682926829268,0.0014878048780487805,0.0,0.81245,0.41355,0.0,0.2387948717948718,0.002512820512820513,0.0,0.790578947368421,0.38013157894736843,0.0,0.25754054054054054,0.004054054054054054,0.0,0.7696388888888889,0.3531944444444444,0.0,0.274,0.0060857142857142854,0.0,0.7536764705882353,0.33326470588235296,0.0,0.7524404761904762,0.33407738095238093,0.0,0.0007036580109699986
3.9,0.12,1313,0.5721590909090909,0.049098668368268296,0.8040909090909091,0.09745204372636976,0.17587408349396097,1100.0,0.13976435002140553,0.7927319721150415,0.32883344039070417,1100.0,0.27635118905919964,0.5844450547763849,0.6863104612057831,4,0.44100280835816474,4,0.7531601317207759,0.0951342282520882,21.0,1.074269751624461,"[ 1.          0.64561572  0.68131084  0.71770432  0.75316013  0.64622499
  0.674682    0.69220895  0.68026131  0.6290664   0.6637847   0.65548548
  0.64782588  0.61936566  0.63302446  0.61702807  0.60819149  0.57350915
  0.60920428  0.58890027  0.57406129  0.55952037  0.58400696  0.54288277
  0.5520142   0.52429151  0.5537645   0.51744614  0.52392556  0.50170705
  0.5211485   0.48195839  0.50449132  0.49304188  0.47533115  0.46771071
  0.47085933  0.46252095  0.44269557  0.47145063  0.43772554  0.41548746
  0.44019378  0.43163567  0.4158786   0.3991447   0.42698168  0.40540279
  0.40019505  0.38946354  0.41129812  0.37853028  0.38650432  0.37838567
  0.39328018  0.35117916  0.36842764  0.36507566  0.36200216  0.32271414
  0.36866054  0.35794862  0.33020634  0.33718396  0.32788833  0.33464622
  0.3383953   0.3216614   0.32435098  0.31645206  0.31447722  0.30155274
  0.30825189  0.30370335  0.28884479  0.28335858  0.30397702  0.28742369
  0.27641371  0.26661988  0.29437853  0.2376207   0.27116201  0.25654276
  0.24862427  0.2201249   0.25506292  0.25216999  0.21790754  0.23609369
  0.23036817  0.22129227  0.21247526  0.23452957  0.21372736  0.20387479
  0.2103542   0.2116079   0.20590196  0.1989603   0.21313687  0.18752883
  0.20023037  0.1878041   0.19478172  0.19270463  0.18749689  0.18512174
  0.1813303   0.18350209  0.17181334  0.17087406  0.18455244  0.17116891
  0.16115535  0.18081653  0.16288607  0.17463036  0.16529557  0.19044136
  0.16289924  0.17011618  0.16580695  0.16558561  0.14929118  0.16460558
  0.16296795  0.14236589  0.15790002  0.16294356  0.14912058  0.14122166
  0.16804264  0.14365074  0.14604227  0.15158401  0.1673183   0.14384449
  0.13787965  0.16087163  0.15775897  0.14170385  0.12857922  0.1718736
  0.15986721  0.12825678  0.15432066  0.16072175  0.14825632  0.13437459
  0.16642129  0.15800459  0.14890911  0.1522383   0.16178962  0.15456948
  0.15522708  0.15690067  0.16216394  0.14301734  0.15256865  0.14303371
  0.1643505   0.15048836  0.13541006  0.14667573  0.15724304  0.13572289
  0.14912279  0.15225183  0.13192825  0.14941604  0.14781757  0.14115438
  0.1339734   0.14593742  0.13327184  0.12228144  0.12800376  0.13280799
  0.12871849  0.1086538   0.11724787  0.11774447  0.08932342  0.09797623
  0.11257269  0.08580724  0.07382044  0.09150838  0.11069094  0.05826032
  0.079836    0.08362424  0.07763982  0.05705735  0.0623402   0.06832141
  0.05061068  0.05060908  0.04963065  0.0544153   0.05317797  0.02300341
  0.06272769  0.03885357  0.03402656  0.02991749  0.05795461  0.02446883
  0.02035976  0.02827505  0.04626105  0.00144926  0.01125948  0.00794666
  0.01654073 -0.01357509  0.00682361 -0.00604213 -0.01200696 -0.02156148
 -0.00696502 -0.01793584 -0.02318274 -0.04944998 -0.01453153 -0.03533374
 -0.0551787  -0.03695339 -0.01994423 -0.05464614 -0.04579318 -0.03548477
 -0.03020191 -0.07226378 -0.05864415 -0.04833573 -0.05713315 -0.06265852
 -0.05837208 -0.06004887 -0.06960339 -0.06196658 -0.0627057  -0.06821149
 -0.06827183 -0.07786551 -0.07116636 -0.07768814 -0.07603414 -0.07366219
 -0.09095304 -0.07422234 -0.08265862 -0.07619879 -0.08391713 -0.08439736
 -0.07657997 -0.09766065 -0.09267585]",0.17969767441860465,0.0010697674418604652,0.0,0.8403333333333334,0.4550238095238095,0.0,0.21646341463414634,0.0014390243902439024,0.0,0.795175,0.38145,0.0,0.25135897435897436,0.0035897435897435897,0.0,0.7578421052631579,0.32960526315789473,0.0,0.28343243243243244,0.007648648648648649,0.0,0.7210277777777778,0.28502777777777777,0.0,0.31785714285714284,0.018314285714285714,0.0,0.6852941176470588,0.24491176470588236,0.0,0.6766666666666666,0.23833333333333334,0.0,0.0005835997697636104
3.9,0.12,2029,0.5737727272727272,0.051979831594205675,0.8014090909090908,0.1039900166060137,0.18043437916079313,1100.0,0.20399936812813044,0.7529883130608049,0.38619676686983523,1100.0,0.36432809131606814,0.5594555497893663,0.6905170376601405,4,0.5215687054738044,4,0.7620609459633648,0.27513272224477575,15.0,1.0785465222976693,"[1.         0.66855501 0.74000562 0.72129468 0.76206095 0.6609528
 0.70675714 0.69520965 0.69812812 0.64347275 0.68339835 0.66489758
 0.64009182 0.6396417  0.64932697 0.63839221 0.62115837 0.64890022
 0.59783545 0.61929006 0.61191629 0.60372554 0.6087753  0.5848102
 0.59447178 0.58817253 0.56062275 0.56946143 0.57723151 0.55327826
 0.56608642 0.54948308 0.56544966 0.54148456 0.53705905 0.52990729
 0.5419044  0.51687662 0.53621179 0.52885579 0.51689388 0.50974212
 0.53788653 0.49164968 0.52274235 0.49730016 0.51243792 0.50337689
 0.50188186 0.48926577 0.47790475 0.48335115 0.48586114 0.46315704
 0.44716643 0.46207626 0.44756274 0.4397864  0.44628956 0.44229622
 0.44312488 0.42273261 0.44541269 0.41514851 0.43509049 0.39430613
 0.41236846 0.3892381  0.41908161 0.37725826 0.40244849 0.36925382
 0.39359746 0.34650809 0.41123337 0.35805509 0.39251042 0.35131757
 0.39735577 0.36540433 0.38283616 0.34773814 0.38032567 0.35216316
 0.36201714 0.35171288 0.35822196 0.3497855  0.34306    0.35270974
 0.3512384  0.3407299  0.3453534  0.35291331 0.32725503 0.34027928
 0.3394266  0.34256709 0.33309757 0.35180817 0.35284107 0.33540298
 0.34400189 0.34903388 0.34986845 0.32506861 0.3511232  0.35995003
 0.34227809 0.33912542 0.35425726 0.34667925 0.34855873 0.34498573
 0.34520166 0.35066582 0.3533919  0.34497322 0.34433071 0.34705678
 0.35756496 0.33654811 0.3432792  0.34517646 0.35651345 0.32331286
 0.35483179 0.33844453 0.3369732  0.32457319 0.3495651  0.32349834
 0.338198   0.31382441 0.33713498 0.30456489 0.31886199 0.31339156
 0.32180399 0.28881356 0.32684766 0.29890716 0.31507798 0.29932123
 0.32075215 0.29406081 0.29343014 0.29532147 0.31361174 0.2791383
 0.29321338 0.29763856 0.28228438 0.28229606 0.28648145 0.28312454
 0.26820846 0.27724546 0.28542995 0.27365453 0.27763568 0.27090425
 0.27656674 0.27824199 0.26563774 0.27298156 0.26709673 0.27761082
 0.2630973  0.25827515 0.28203567 0.26921533 0.26902276 0.27598179
 0.26399027 0.27387979 0.26840936 0.27114137 0.27680386 0.27364526
 0.26882903 0.26757971 0.26987361 0.25895069 0.24108635 0.25748511
 0.26315945 0.25560512 0.24824912 0.25982589 0.26360873 0.25918321
 0.25643903 0.25264402 0.25579043 0.25032593 0.24799616 0.25074593
 0.2334884  0.25030749 0.23684481 0.22739306 0.24817571 0.22967494
 0.24099417 0.22101631 0.24516756 0.22307619 0.24239359 0.21358281
 0.23836455 0.2337111  0.23073307 0.21581106 0.23387931 0.21222604
 0.22293846 0.21136727 0.22987955 0.22987346 0.22419879 0.22252321
 0.23681439 0.22753727 0.22418036 0.22523102 0.21725044 0.22879168
 0.22142975 0.21492034 0.22100908 0.22330891 0.2109089  0.21428325
 0.20985773 0.21407867 0.20273542 0.206092   0.211346   0.21030685
 0.20232626 0.21873095 0.19603277 0.20780195 0.18614868 0.19751529
 0.17713487 0.19311922 0.18346323 0.18599691 0.19503983 0.17760175
 0.1816066  0.17762511 0.18223676 0.17740868 0.16712219 0.17238212
 0.16396343 0.16755979 0.16399864]",0.17793023255813953,0.0007674418604651163,0.0,0.8510714285714286,0.47514285714285714,0.0,0.201,0.0010975609756097562,0.0,0.826625,0.4376,0.0,0.219,0.0010769230769230769,0.0,0.8052631578947368,0.4048157894736842,0.0,0.23478378378378378,0.0014864864864864865,0.0,0.7875555555555556,0.37930555555555556,0.0,0.2465142857142857,0.0021142857142857144,0.0,0.7738235294117647,0.36414705882352943,0.0,0.7699404761904762,0.3563095238095238,0.0,0.0009277938068262928
3.9,0.12,3001,0.5540681818181818,0.04110595938175162,0.8537727272727272,0.07069038241012178,0.11711240890710617,1100.0,0.09796608892884547,0.864994689482114,0.19472489253992858,1100.0,0.2850911348724416,0.6859035292462812,0.5286547882502705,4,0.32906703115611685,4,0.6304035452955881,0.08058152322266109,15.0,1.0482169763937719,"[ 1.          0.44562261  0.52475635  0.5743963   0.63040355  0.4443851
  0.4890565   0.54681433  0.51186028  0.41638264  0.48879724  0.50376894
  0.46248192  0.44393521  0.48265981  0.45634708  0.42730551  0.46924807
  0.46522085  0.41252934  0.43537003  0.45047901  0.43511595  0.39106576
  0.41523655  0.41078885  0.38265689  0.36949923  0.39457963  0.34412784
  0.38330724  0.34516954  0.37889127  0.33302186  0.35313371  0.34816256
  0.34147514  0.31603771  0.32880402  0.32386719  0.30024898  0.29391342
  0.31661684  0.29845631  0.27802174  0.31212964  0.29260469  0.29994764
  0.28906401  0.30690182  0.26187339  0.28968263  0.31242037  0.26518654
  0.24832179  0.28701207  0.25429773  0.25341984  0.24432113  0.25985059
  0.24616949  0.23126124  0.22447087  0.25948838  0.22862758  0.22589615
  0.22823623  0.24827945  0.22196671  0.2252164   0.21076296  0.21709334
  0.19036012  0.21183639  0.16642178  0.18503194  0.17463744  0.18012685
  0.16931185  0.15160613  0.16846569  0.16804262  0.14718756  0.15946475
  0.1668077   0.1650202   0.11684244  0.16823298  0.14601351  0.15104811
  0.13652603  0.1734314   0.09030217  0.14854913  0.15585776  0.15270585
  0.10914479  0.15742032  0.1610905   0.12617076  0.10758974  0.17591108
  0.1309856   0.1197158   0.10750206  0.16669295  0.12400719  0.11221395
  0.09503166  0.14008923  0.09831308  0.12468927  0.10289028  0.14434372
  0.10575121  0.12443001  0.10815734  0.14457358  0.13732841  0.10695673
  0.13424254  0.14704316  0.11205479  0.14168326  0.09980415  0.14034798
  0.11949292  0.11182726  0.13498548  0.12459098  0.12738586  0.10338148
  0.12937149  0.16403715  0.09948636  0.13555075  0.13785651  0.12928123
  0.09705601  0.1185666   0.14091816  0.09098981  0.07790078  0.12533534
  0.09853348  0.09674599  0.09733547  0.12468991  0.1279396   0.09525957
  0.12310313  0.13275443  0.11511734  0.12431383  0.13991193  0.12133091
  0.12055598  0.12517009  0.1311143   0.10931532  0.11396374  0.12634388
  0.12182754  0.11503717  0.09970843  0.14063843  0.11198303  0.09795007
  0.12537314  0.13404619  0.08810815  0.09499629  0.12556869  0.13382125
  0.08431339  0.10851849  0.10620755  0.09532393  0.10718062  0.10815628
  0.11217832  0.11360878  0.11955299  0.08907837  0.12913307  0.12328663
  0.10194245  0.08101876  0.11687725  0.08143407  0.07744118  0.08604559
  0.09429816  0.05336298  0.07791994  0.09344941  0.09715391  0.03624156
  0.07454567  0.09511233  0.06652556  0.03475515  0.07991567  0.08368881
  0.03106593  0.03477043  0.0621935   0.04133844  0.0350372   0.00648475
  0.04605033  0.04429715  0.00622808  0.01126268  0.04495009  0.04372035
 -0.00988077  0.02380663  0.05025146 -0.00740861  0.00584683  0.03274646
  0.02917405 -0.01256779  0.0239171   0.02303921 -0.0014543  -0.00911996
  0.0119015  -0.00356451 -0.00486289 -0.01389297  0.01027782 -0.00385809
 -0.00470166 -0.00652347 -0.00142024 -0.02500413  0.0041009  -0.00776098
 -0.02053247 -0.00689086  0.00220268 -0.00920439 -0.01693869 -0.01596303
  0.01454073 -0.03458096 -0.02958068 -0.02087331 -0.00219452 -0.05310112
 -0.03753733 -0.01840373 -0.04380685 -0.05745364 -0.04098024 -0.04185812
 -0.03769882 -0.06082791 -0.02301292]",0.13681395348837208,0.0015813953488372093,0.0,0.879547619047619,0.6039047619047619,0.0,0.16007317073170732,0.0013902439024390243,0.0,0.856575,0.564225,0.0,0.17633333333333334,0.002282051282051282,0.0,0.8379210526315789,0.5284473684210527,0.0,0.19708108108108108,0.002810810810810811,0.0,0.8161944444444444,0.49194444444444446,0.0,0.21642857142857144,0.007314285714285714,0.0,0.7936764705882353,0.4566176470588235,0.0,0.7899107142857142,0.4510119047619048,0.0,0.0007449736335451133
3.9,0.12,4111,0.5438409090909091,0.03393037200839535,0.8847727272727274,0.05746495518470508,0.08611781376724599,1100.0,0.03581804457950736,0.8881615484929429,0.18602499882595783,275.0,0.08947622503859862,0.7988711992846228,0.42295102669984647,4,0.3175839933428634,4,0.5142055710631206,-0.007768922548427301,15.0,1.0476882501749287,"[ 1.00000000e+00  3.53198278e-01  3.87067904e-01  4.91826458e-01
  5.14205571e-01  3.06023611e-01  3.91780428e-01  4.26128696e-01
  4.10444897e-01  3.25936898e-01  3.77491216e-01  3.73297931e-01
  3.51210353e-01  3.16674981e-01  3.59551192e-01  3.02153671e-01
  3.28452636e-01  2.80002261e-01  3.22399832e-01  2.68443521e-01
  3.12217575e-01  2.68375294e-01  2.67892259e-01  2.65763700e-01
  2.54687995e-01  2.39273236e-01  2.29574015e-01  2.27176416e-01
  2.11761658e-01  1.97035142e-01  1.58220155e-01  2.06811904e-01
  1.60426255e-01  1.51146236e-01  1.56109698e-01  1.56524506e-01
  1.25011141e-01  1.07472218e-01  1.39965360e-01  1.17189541e-01
  1.02463025e-01  1.27385505e-01  1.25945188e-01  6.09770050e-02
  8.84428525e-02  1.04418187e-01  6.03068649e-02  5.65922209e-02
  6.33513689e-02  7.20250810e-02  3.94042725e-02  3.03932933e-02
  4.61590266e-02  4.51973506e-02  2.81370682e-02  3.31599693e-02
  5.07213885e-02  3.48279893e-02  2.37522841e-02  1.54295469e-02
  4.35836363e-02  9.79594478e-03  4.91441767e-03  6.70570971e-03
  5.02107243e-02  1.09170967e-02 -4.28806057e-03  3.23345340e-02
  1.89250627e-02  2.76262334e-03  1.07480935e-02  4.46177200e-02
  2.51168518e-03  6.78690520e-03  4.69454995e-04  2.88954996e-03
 -9.14343731e-03  8.47319767e-04  2.45406624e-04 -1.67355146e-03
  1.91194768e-02  8.32872372e-04  6.21553635e-03  2.12335885e-02
 -7.04816699e-03 -1.93501943e-02  2.91821154e-02 -2.00159405e-02
 -3.11510848e-02 -7.82107414e-04 -2.17622408e-02  8.87577658e-03
 -2.08419020e-02  2.22545329e-03 -2.01311641e-02  2.42122544e-02
 -3.75837586e-02  1.28036761e-02  1.10943190e-02 -9.67621342e-03
  1.42198763e-03 -4.57113422e-02  5.99313749e-03 -1.02287409e-02
 -3.14184753e-02 -1.56527421e-02  1.65119212e-02 -2.62823556e-02
 -4.56764040e-02  1.41998262e-03 -4.32294192e-02 -1.65112529e-02
 -2.39361471e-02 -2.13064511e-02 -1.42782631e-02 -4.11835345e-02
 -2.65846843e-02 -2.59602754e-02 -3.77242226e-02 -6.90279861e-02
 -3.70882813e-03 -1.82257434e-02 -3.80389937e-02 -4.31895609e-02
  5.61178885e-03 -1.12388925e-02 -2.67130898e-02 -3.86866380e-02
 -2.04369768e-02 -3.45346901e-02 -3.32220391e-02 -1.51819789e-02
 -5.26799205e-02 -1.70146081e-02 -4.67322867e-02 -2.22884473e-02
 -4.33280198e-02 -2.64548426e-02 -3.73209469e-02  8.87732655e-04
 -2.62865789e-02 -1.12685267e-02 -2.38521360e-03 -1.23534748e-02
 -9.72377890e-03 -1.57721891e-02 -5.51239191e-03 -3.78053896e-03
  1.30926382e-02 -2.18619364e-02 -2.06087245e-02  2.26866892e-02
 -1.71450186e-02 -2.96566469e-02  1.40057249e-03  1.06769941e-03
 -2.40418861e-02 -4.62534181e-03  1.23596320e-03 -3.35684495e-02
 -1.71739134e-02 -2.34913636e-02  2.38740631e-02 -3.22064129e-02
  5.31402464e-03 -1.42262752e-03  1.42836666e-02 -2.04613070e-02
  9.48846839e-03  2.95932547e-02  6.27935516e-03  1.53128302e-02
 -5.93634330e-03  2.53899161e-02 -1.23770656e-02  2.32882468e-02
 -8.01551673e-03  6.21213354e-02  2.65883246e-04  1.36893327e-03
  3.26951927e-02  2.66467825e-02  4.29753100e-04  1.86794143e-02
  2.87296105e-02  2.42672853e-02  1.16054951e-02  3.51514915e-02
  2.61405123e-02  2.85606072e-02  1.83827450e-02  3.50463212e-02
  1.97817249e-02  3.18372080e-02  3.47359440e-02  3.78442810e-02
  2.05743977e-02  3.58614899e-02  2.89152367e-02  1.25431964e-02
  5.59694330e-03  1.40016154e-02  3.85048938e-02 -1.04241220e-02
  1.38695554e-02  6.69685072e-04  1.36230112e-02 -3.68920896e-02
 -5.98503216e-03  1.48079961e-02 -2.74482005e-02  6.48086502e-03
  1.28208111e-02 -9.05716532e-03 -8.70179640e-03 -7.59874638e-03
 -2.32825447e-02 -8.68369449e-03 -1.17686540e-03 -3.65506420e-02
 -1.11495206e-02 -1.62406487e-02  1.58981061e-03 -2.13956098e-02
 -2.07712008e-02  2.06690878e-02 -1.12634787e-02 -4.80137392e-02
 -4.03008357e-03 -4.09391659e-03 -5.16464484e-02 -3.36063881e-02
 -7.51702475e-03  4.32885739e-03 -4.96868925e-02 -1.65055081e-02
  1.44015494e-02 -2.03434242e-02 -5.27546318e-02 -9.66881908e-03
  9.80716426e-03 -4.78593967e-02 -1.94957063e-02 -8.54766716e-03
 -1.75586463e-02 -6.58588592e-02 -5.35739526e-03 -1.62234995e-02
 -3.41816248e-02 -5.68072823e-02  2.36532000e-02 -1.24682577e-02
 -4.44008242e-02 -2.40864369e-02  1.34340006e-02 -8.92261686e-03
 -2.52946572e-02 -9.10972199e-03 -1.39329192e-03 -1.41145212e-02
 -8.67241813e-03]",0.10376744186046512,0.0003488372093023256,0.0,0.9130714285714285,0.6624523809523809,0.0,0.11717073170731708,0.0002682926829268293,0.0,0.89965,0.636325,0.0,0.1260769230769231,0.0005384615384615384,0.0,0.8876052631578948,0.6126842105263158,0.0,0.13613513513513514,0.0008918918918918918,0.0,0.8785,0.5986388888888889,0.0,0.1408,0.0005142857142857143,0.0,0.8719117647058824,0.5884117647058823,0.0,0.8714583333333333,0.5891964285714286,0.0,0.0005927259967547783
3.9,0.12,5237,0.5434772727272728,0.03641708430016905,0.8844090909090909,0.06664093683922755,0.08700492972965203,1100.0,0.09566774393161309,0.8499219048798745,0.25467975466110615,1100.0,0.21885933424964357,0.6889746947667397,0.5571117383958816,4,0.3816442630541308,4,0.6446679572851601,0.02392476677178525,12.0,1.0511047485279024,"[ 1.00000000e+00  5.09492911e-01  5.20987961e-01  6.28214897e-01
  6.44667957e-01  4.76728351e-01  5.51554922e-01  5.76229151e-01
  5.40994594e-01  4.81899991e-01  5.40829013e-01  5.33581603e-01
  4.71064265e-01  5.03767056e-01  5.11168037e-01  4.75262146e-01
  4.59314840e-01  4.73913473e-01  4.75173351e-01  4.60794352e-01
  4.39569884e-01  4.59220040e-01  4.37643389e-01  4.17954197e-01
  4.25355178e-01  4.06337320e-01  4.26372690e-01  3.94720443e-01
  3.69209300e-01  3.88380728e-01  3.92551582e-01  3.47786219e-01
  3.66445890e-01  3.79668822e-01  3.46993058e-01  3.52187430e-01
  3.38446733e-01  3.64304055e-01  2.96988283e-01  3.43987282e-01
  3.50205171e-01  3.15994131e-01  3.25249539e-01  3.37960714e-01
  3.19581158e-01  2.71871788e-01  3.16790721e-01  3.01833900e-01
  2.77153666e-01  2.47548454e-01  2.89270292e-01  2.78055357e-01
  2.37736246e-01  2.52301847e-01  2.43166978e-01  2.42060670e-01
  2.42137456e-01  2.30443794e-01  2.23003776e-01  2.15756365e-01
  2.20119827e-01  2.14886419e-01  2.10869136e-01  1.96297529e-01
  1.87867026e-01  1.96291525e-01  2.03373354e-01  1.67786615e-01
  1.52510642e-01  1.91640656e-01  1.77580808e-01  1.43050617e-01
  1.46197954e-01  1.81778689e-01  1.65512231e-01  1.32005557e-01
  1.62820889e-01  1.74348971e-01  1.43753273e-01  1.41975631e-01
  1.48386127e-01  1.60266391e-01  1.14637087e-01  1.55847167e-01
  1.42651261e-01  1.29967113e-01  1.33114450e-01  1.62906265e-01
  1.39634763e-01  1.42495980e-01  1.37295604e-01  1.65199960e-01
  1.35468203e-01  1.30812618e-01  1.31082010e-01  1.58315032e-01
  1.15789311e-01  1.33970254e-01  1.39516809e-01  1.45255970e-01
  1.22688834e-01  1.09652503e-01  1.45233238e-01  1.28295446e-01
  8.95116110e-02  1.09772620e-01  1.33423332e-01  9.99166582e-02
  9.45897382e-02  1.10404496e-01  1.00790900e-01  1.07905761e-01
  9.31745793e-02  1.16153957e-01  9.15397864e-02  9.26731206e-02
  9.60130648e-02  1.08757271e-01  7.20204698e-02  1.01652709e-01
  8.81046200e-02  7.72748995e-02  9.76954843e-02  9.20163813e-02
  9.99621527e-02  7.27891892e-02  8.68760636e-02  7.98212605e-02
  8.74478807e-02  7.03174815e-02  9.17285517e-02  7.75091284e-02
  8.97085442e-02  7.58082721e-02  1.04031780e-01  6.24965440e-02
  6.17424196e-02  8.24821556e-02  7.09480691e-02  5.07471185e-02
  4.91290524e-02  7.25871570e-02  5.28649332e-02  4.42748544e-02
  3.17172508e-02  5.79267556e-02  3.36317362e-02  1.77174616e-02
  3.77528317e-02  4.79382448e-02  7.26695074e-03  9.07161918e-03
  3.92156170e-02  4.06350708e-02  9.36803863e-03  1.95204200e-02
  3.32551115e-02  8.41530190e-03  6.12590166e-03  3.58516532e-02
  6.08686506e-03  4.11661608e-03  1.39498462e-02  1.41862072e-02
 -1.25080294e-02 -2.35564802e-03  1.94406369e-02 -1.85122886e-02
 -2.62714576e-02  1.12113998e-03 -1.43144078e-02 -2.78624969e-02
  2.40804491e-03 -2.40711656e-03 -1.44199299e-02 -6.12197550e-03
 -1.24675557e-03 -1.00294418e-02 -1.92908549e-02  7.43040855e-03
  7.27788377e-04 -1.70739450e-02 -1.61001864e-02 -5.24343912e-03
 -1.71088761e-03  6.05539402e-04 -1.77079526e-02 -1.43349767e-02
 -4.50174656e-03 -8.29339086e-03 -3.15648930e-02 -2.10272970e-02
  5.02263221e-03 -1.41548013e-02 -2.90455588e-02 -1.78366286e-02
 -1.27688013e-02 -3.46646034e-02 -1.35726844e-02 -1.10966817e-02
 -2.13816120e-02 -4.68597241e-02 -7.34449613e-03  1.62479248e-03
 -3.98774114e-02 -2.66214468e-02 -5.17734486e-03 -3.30546743e-02
 -3.34566158e-02 -2.34307784e-02 -1.22548798e-02 -3.97800263e-02
 -2.95946132e-02 -2.86208546e-02 -3.74035408e-02 -3.50540821e-02
 -3.56155993e-02 -3.38109308e-02 -3.64194823e-02 -3.27273552e-02
 -2.63168595e-02 -4.25833172e-02 -4.53514443e-02 -3.50064556e-02
 -4.07185903e-02 -3.41154872e-02 -4.62548445e-02 -5.14552206e-02
 -5.18241305e-02 -4.40049030e-02 -5.18906160e-02 -5.70579604e-02
 -5.40371675e-02 -4.24760542e-02 -4.93382501e-02 -7.03701106e-02
 -3.56202855e-02 -5.79948144e-02 -5.68614802e-02 -4.17180569e-02
 -3.29083439e-02 -7.14995719e-02 -5.27738385e-02 -3.30245880e-02
 -5.66152414e-02 -6.65479887e-02 -4.81744383e-02 -3.14957392e-02
 -6.56737473e-02 -5.17134168e-02 -4.61338310e-02 -4.46483138e-02
 -6.26096228e-02 -3.89258792e-02 -4.54689238e-02 -4.80774753e-02
 -5.69867054e-02 -4.30594066e-02 -4.53488068e-02 -5.87042886e-02
 -4.69835997e-02]",0.10125581395348837,9.302325581395348e-05,0.0,0.9197619047619048,0.6814285714285714,0.0,0.10753658536585366,2.4390243902439026e-05,0.0,0.91145,0.6611,0.0,0.11353846153846153,0.00010256410256410256,0.0,0.9042631578947369,0.646578947368421,0.0,0.11697297297297297,2.7027027027027027e-05,0.0,0.8969444444444444,0.6275555555555555,0.0,0.12208571428571428,0.0,0.0,0.8899705882352941,0.6102941176470589,0.0,0.8876190476190476,0.6092261904761904,0.0,0.0006171587674444056
3.9,0.13,101,0.5412045454545455,0.02865197085514881,0.9037727272727274,0.050424048932466735,0.08163148660703784,2.0,0.6682216207610256,0.3855068915608087,0.05380205738255113,2.0,0.5869955610057432,0.38791208414256595,0.20820753719234517,20,0.635336457460861,8,0.7648224322566748,0.05147813800053221,10.0,1.0452084318982284,"[ 1.         -0.12194045  0.6681636  -0.11857751  0.66430818 -0.14292438
  0.7535496  -0.11466811  0.76482243 -0.12375183  0.61904483 -0.11406439
  0.6814703  -0.13476835  0.74829765 -0.12604222  0.61943603 -0.13499105
  0.65325783 -0.13073424  0.73253184 -0.13713636  0.66823084 -0.140722
  0.60462136 -0.1426548   0.70452171 -0.15544887  0.69626441 -0.14314728
  0.6041187  -0.14934707  0.6175165  -0.15121242  0.72821068 -0.16304518
  0.62272444 -0.15239643  0.60821008 -0.16402685  0.66802141 -0.16870869
  0.67330697 -0.16617217  0.57917119 -0.18680869  0.64255798 -0.17897642
  0.66922885 -0.17912149  0.59310527 -0.17658496  0.58759701 -0.19013801
  0.65710595 -0.17790386  0.60422285 -0.18602627  0.56646801 -0.19057322
  0.61293881 -0.19793666  0.63053614 -0.19540013  0.55454744 -0.19004712
  0.57846928 -0.21618172  0.61669296 -0.20133343  0.55940798 -0.21014736
  0.55410205 -0.20836981  0.58084038 -0.21119647  0.579734   -0.19800102
  0.52519806 -0.2157536   0.57242783 -0.22311704  0.57778084 -0.21150697
  0.53658543 -0.22141711  0.54104457 -0.22410888  0.57397251 -0.22163981
  0.56055435 -0.22969477  0.51386086 -0.23699076  0.55311329 -0.23796225
  0.55399698 -0.23274413  0.50998508 -0.2480849   0.51685604 -0.25097901
  0.55163915 -0.25655472  0.49882349 -0.25745876  0.48699073 -0.26833021
  0.53793085 -0.25685504  0.52252263 -0.26772649  0.47864563 -0.26326734
  0.4991269  -0.27049589  0.52861426 -0.2643839   0.47566371 -0.26095351
  0.48356343 -0.26467404  0.50046924 -0.26296394  0.48251431 -0.27816982
  0.45734103 -0.2640805   0.48676094 -0.28196798  0.48668332 -0.27496213
  0.45263883 -0.29023545  0.451465   -0.2833645   0.47284013 -0.28880531
  0.44140979 -0.2897768   0.43596898 -0.29074829  0.45472996 -0.29171978
  0.44928915 -0.28822194  0.42851774 -0.30445658  0.4428094  -0.29910357
  0.44369308 -0.29821989  0.42931362 -0.31170548  0.41947093 -0.31006282
  0.42194001 -0.31192818  0.42639915 -0.31640768  0.40755037 -0.31022825
  0.41469111 -0.31663038  0.41351728 -0.31691034  0.39638878 -0.32049598
  0.38909279 -0.32517782  0.40056796 -0.32889835  0.38797623 -0.33516558
  0.38432314 -0.33531065  0.37888233 -0.33800243  0.38684949 -0.34254937
  0.35734177 -0.33451477  0.37610275 -0.34435746  0.36536619 -0.34175349
  0.3518806  -0.35249005  0.35269684 -0.34740682  0.35516591 -0.35450047
  0.34800482 -0.35904742  0.33279894 -0.36352692  0.34344769 -0.36002909
  0.34790684 -0.35543505  0.32932783 -0.36342257  0.33653602 -0.35710824
  0.34016875 -0.35698353  0.34208119 -0.35596495  0.3206857  -0.35776286
  0.34934665 -0.35316882  0.33785112 -0.35661957  0.31920467 -0.3565623
  0.33081473 -0.35657248  0.34606771 -0.3528723   0.31758874 -0.35185372
  0.30870736 -0.34918231  0.336407   -0.34912504  0.32133601 -0.34535742
  0.30894661 -0.34708788  0.32694862 -0.34703061  0.33051391 -0.34697335
  0.308292   -0.34863636  0.31556763 -0.34672392  0.33356964 -0.33848697
  0.32482315 -0.34014999  0.30610926 -0.34373563  0.3374518  -0.33556613
  0.32857042 -0.33372113  0.29830372 -0.33813319  0.31706471 -0.33903723
  0.33410541 -0.32997387  0.31367123 -0.33968167  0.29770638 -0.3369428
  0.33434466 -0.33599167  0.31563076]",0.08451162790697675,2.325581395348837e-05,0.0,0.9166428571428571,0.635095238095238,0.0,0.0864390243902439,2.4390243902439026e-05,0.0,0.968225,0.842175,0.0,0.08784615384615385,0.0,0.0,0.9127894736842105,0.6337894736842106,0.0,0.08772972972972973,0.0,0.0,0.9682222222222222,0.8448055555555556,0.0,0.08751428571428571,0.0,0.0,0.9128823529411765,0.6277058823529412,0.0,0.9670535714285714,0.8405357142857143,0.0,8.421392437910511e-06
3.9,0.13,707,0.5987954545454545,0.03086302549937719,0.7681363636363637,0.04426859696992838,0.23231408192870484,4.0,0.13522232740032195,0.7647134317824071,0.030225848144776395,4.0,0.2604633490110704,0.6821658297547082,0.021443753461009008,20,0.44210124515152865,20,0.5809130387735111,0.0038067989555194233,13.0,1.1226333621205076,"[ 1.00000000e+00 -2.82492368e-01 -8.62304086e-02 -1.51327713e-01
  4.45040097e-01 -2.33234448e-01 -6.00284334e-04 -2.73709405e-01
  5.63142581e-01 -1.70378201e-01 -1.31839129e-01 -1.64043410e-01
  5.34801051e-01 -2.41629634e-01 -3.06096206e-02 -1.66450279e-01
  4.06722990e-01 -1.13408005e-01 -1.35493139e-01 -1.83194537e-01
  5.80913039e-01 -1.92777527e-01 -1.24403948e-01 -1.19917626e-01
  3.67856501e-01 -1.27499559e-01 -9.97164285e-02 -1.80629248e-01
  5.14315367e-01 -1.65539571e-01 -1.98062249e-01 -1.06175730e-01
  4.32524123e-01 -1.44751897e-01 -7.91184368e-02 -1.38098708e-01
  4.02181537e-01 -9.86547616e-02 -1.57112101e-01 -1.58742813e-01
  4.68516965e-01 -1.47871379e-01 -1.18928521e-01 -1.32679435e-01
  3.50455783e-01 -8.45944679e-02 -1.44950597e-01 -1.24228096e-01
  4.82895656e-01 -1.09138419e-01 -1.85310063e-01 -9.00466287e-02
  3.79387996e-01 -7.84361329e-02 -1.59348952e-01 -1.05415029e-01
  4.00494067e-01 -5.78529934e-02 -1.90112203e-01 -1.00545138e-01
  3.97882664e-01 -6.68998271e-02 -1.68585467e-01 -1.04953063e-01
  3.34430923e-01 -2.98759744e-02 -1.87330783e-01 -1.04403682e-01
  4.24699956e-01 -5.17820731e-02 -1.76662256e-01 -7.56001861e-02
  3.20134835e-01 -9.69864731e-03 -2.07743904e-01 -8.61251447e-02
  3.68335294e-01 -5.13201068e-02 -2.41986336e-01 -5.84813757e-02
  3.27134499e-01 -2.70532523e-02 -1.63951370e-01 -7.24855156e-02
  3.01635355e-01  1.85093548e-02 -2.74633525e-01 -5.98159321e-02
  3.69551175e-01 -3.30267171e-02 -2.20952828e-01 -2.32127441e-02
  2.73524808e-01  2.01310482e-02 -2.46338108e-01 -5.86149034e-02
  3.33322539e-01 -2.51857236e-02 -2.55703340e-01 -3.11872654e-02
  2.87585102e-01  1.56357082e-02 -2.07502880e-01 -6.26895787e-02
  2.95513510e-01  8.06699945e-03 -2.81915097e-01 -2.99862366e-02
  3.29694977e-01 -1.05760489e-02 -2.01981341e-01 -7.96235190e-02
  2.51064517e-01  3.98415976e-02 -2.56359799e-01 -6.43160835e-02
  3.49974571e-01  1.90385306e-03 -2.22815127e-01 -2.49727766e-02
  2.47728904e-01  3.73473140e-02 -2.31020632e-01 -6.11139984e-02
  2.91290455e-01  1.74422717e-02 -2.78759125e-01 -6.69423910e-03
  2.72647407e-01  1.50354028e-02 -2.33196517e-01 -5.43304651e-02
  2.47045996e-01  4.39411658e-02 -2.61538047e-01 -3.74426378e-02
  3.03364545e-01  2.60371799e-02 -2.48129401e-01 -2.09754752e-02
  2.54886989e-01  4.94627051e-02 -2.35880483e-01 -3.49796152e-02
  2.85691542e-01 -1.33430437e-03 -2.56524587e-01 -4.40264489e-02
  2.59669466e-01  3.64286108e-02 -2.30779608e-01 -3.91565573e-02
  2.66119750e-01  3.08609584e-02 -2.54482229e-01 -2.11090029e-02
  2.81006520e-01  1.84372102e-02 -2.40232254e-01 -3.20546262e-02
  2.64682926e-01  4.02823437e-02 -2.44321782e-01 -3.83613411e-02
  2.63015120e-01  3.51353560e-02 -2.36291106e-01 -4.58277830e-02
  2.57868132e-01  3.46272766e-02 -2.41119696e-01 -3.44201935e-02
  2.46501844e-01  3.32778680e-02 -2.37727930e-01 -2.94480351e-02
  2.54850917e-01  3.05526013e-02 -2.50253945e-01 -3.50156875e-02
  2.44325958e-01  1.91863134e-02 -2.30625999e-01 -2.65643477e-02
  2.57734604e-01  1.44599903e-02 -2.35772986e-01 -4.37292712e-02
  2.64184888e-01  3.59867260e-02 -2.33961611e-01 -4.19178963e-02
  2.64415871e-01  2.21987170e-02 -2.30353714e-01 -4.56890260e-02
  2.29332109e-01  3.40269712e-02 -2.32442185e-01 -4.50373782e-02
  2.55179356e-01  3.23591648e-02 -2.41807416e-01 -2.58300967e-02
  2.26837826e-01  4.15495670e-02 -2.26818379e-01 -3.51953282e-02
  2.43725653e-01  6.30763027e-02 -2.62538936e-01 -4.19227077e-02
  2.25821667e-01  2.22961725e-02 -2.36793956e-01 -2.77749993e-02
  2.03597171e-01  8.05135109e-02 -2.45101728e-01 -3.45023788e-02
  2.32821331e-01  5.40707706e-02 -2.67644622e-01 -1.41353702e-02
  2.05639529e-01  5.70418726e-02 -2.37681399e-01 -2.36028686e-02
  2.24005481e-01  6.30714912e-02 -2.70661837e-01 -2.52706750e-02
  2.15799976e-01  4.32687158e-02 -2.33637984e-01 -1.18620291e-02
  1.87037782e-01  7.86099099e-02 -2.61661116e-01 -2.67074983e-02
  2.14363153e-01  6.11265886e-02 -2.64067985e-01 -1.09793982e-02
  1.77482869e-01  6.40976906e-02 -2.58777429e-01 -1.84458401e-02
  2.00589996e-01  6.89675822e-02 -2.82900715e-01  4.24062267e-03
  1.86165192e-01  7.50994677e-02 -2.55893742e-01 -1.64542753e-03
  1.88397231e-01  9.62055387e-02 -2.75798784e-01 -1.22726530e-02
  1.91266066e-01]",0.19767441860465115,0.0,0.0,0.8082857142857143,0.3759047619047619,0.0,0.1981219512195122,0.0,0.0,0.945025,0.726475,0.0,0.19905128205128206,0.0,0.0,0.8117368421052632,0.38094736842105265,0.0,0.20005405405405405,0.0,0.0,0.9336111111111111,0.6975833333333333,0.0,0.1998,0.0,0.0,0.8187058823529412,0.3906764705882353,0.0,0.9238392857142858,0.6629464285714286,0.0,1.7278686767742802e-05
3.9,0.13,1313,0.5431363636363635,0.031089015093825847,0.8947272727272728,0.07264119906535747,0.09818655536883408,4.0,0.1450368660239811,0.723947999948932,0.3208213582924278,1100.0,0.21159688704369706,0.5754838456793766,0.6708466261178495,20,0.5731915552697551,4,0.7876895770192728,0.13076782264299605,13.0,1.036272703342985,"[ 1.          0.69011371  0.60251734  0.69352785  0.78768958  0.66894608
  0.58182584  0.64742468  0.78547303  0.65605272  0.51189755  0.62884129
  0.75478445  0.59741364  0.51675399  0.58158225  0.6718222   0.5691511
  0.45054387  0.5468137   0.68882926  0.53102774  0.3929933   0.50529011
  0.59108673  0.47046223  0.35926784  0.44180049  0.57669764  0.42372474
  0.29555112  0.40594343  0.54988541  0.40654624  0.3025376   0.38191905
  0.48877486  0.38295256  0.26210095  0.36947831  0.49934325  0.35011044
  0.23993565  0.32965405  0.43310964  0.32508838  0.22964846  0.3184146
  0.44000527  0.30614164  0.18050684  0.29645291  0.41278427  0.29016441
  0.18261929  0.27267755  0.37867195  0.27323494  0.15750639  0.25459222
  0.39944104  0.2428408   0.13998802  0.24076853  0.34374799  0.2417112
  0.1411028   0.23029965  0.35266089  0.23421185  0.11580822  0.23166345
  0.34282633  0.22106789  0.12941348  0.22157986  0.32542073  0.22506135
  0.10833513  0.21816047  0.34564477  0.22245795  0.10491574  0.21349438
  0.32456642  0.21779186  0.11877002  0.21308993  0.32851445  0.22255589
  0.10075203  0.20923984  0.32901684  0.20678228  0.1172814   0.20686354
  0.31324323  0.2013002   0.11433813  0.19745968  0.32934188  0.19543283
  0.09248921  0.193655    0.31213989  0.19498296  0.10031361  0.19549493
  0.31651863  0.19376252  0.08703339  0.18221471  0.30285313  0.19043397
  0.09064156  0.17940771  0.29095587  0.18069025  0.08903584  0.1855547
  0.29365721  0.18257559  0.0813548   0.17955107  0.27994629  0.17958691
  0.08831778  0.17105404  0.28475574  0.17836647  0.0702998   0.17663407
  0.29033576  0.18102239  0.07597066  0.17292023  0.28576051  0.17420277
  0.0717807   0.1708838   0.28497078  0.17944293  0.07568332  0.17254204
  0.27375326  0.17516212  0.08604653  0.17007491  0.27008484  0.16757193
  0.07414927  0.17062271  0.27958664  0.17582703  0.08843426  0.1698784
  0.2823334   0.16603789  0.07955195  0.16487245  0.27302038  0.16490829
  0.07923835  0.16791365  0.2786004   0.17824103  0.08055673  0.17578347
  0.27613327  0.17534318  0.07842946  0.17318007  0.27826764  0.18479956
  0.09047008  0.17660656  0.28130885  0.17104322  0.08183679  0.17189505
  0.26109191  0.16896137  0.07510801  0.1685665   0.27322337  0.17420153
  0.08370298  0.17423737  0.2690334   0.16312026  0.07012831  0.15329528
  0.25627473  0.15811431  0.06344495  0.14742791  0.25686796  0.13588009
  0.05705604  0.13553065  0.22731174  0.12867519  0.03960501  0.12268114
  0.2329826   0.12616263  0.03963128  0.11422953  0.21251664  0.10057361
  0.01839474  0.08519486  0.18778903  0.07809037 -0.01313334  0.06189563
  0.1580292   0.05039323 -0.03403001  0.04444461  0.14345687  0.03539019
 -0.05281857  0.02599591  0.12854466  0.01789375 -0.06523737  0.01319182
  0.09984986  0.00212013 -0.08828758 -0.00775027  0.08872317 -0.01111466
 -0.09979955 -0.02735482  0.07557921 -0.02779511 -0.10623388 -0.03081963
  0.07030074 -0.02924265 -0.11366589 -0.0314966   0.06880778 -0.03025948
 -0.11300532 -0.03289872  0.06099049 -0.03295372 -0.1122539  -0.0309006
  0.06681954 -0.03440126 -0.11753238 -0.03531767  0.05421905 -0.03412597
 -0.11734793 -0.03422639  0.06301763]",0.08872093023255814,4.651162790697674e-05,0.0,0.9136904761904762,0.6925238095238095,0.0,0.09102439024390244,4.878048780487805e-05,0.0,0.963225,0.84405,0.0,0.094,0.0,0.0,0.9067105263157895,0.6827368421052632,0.0,0.09705405405405405,2.7027027027027027e-05,0.0,0.9536388888888889,0.8183333333333334,0.0,0.09928571428571428,0.0,0.0,0.9015588235294117,0.6726470588235294,0.0,0.9518452380952381,0.81625,0.0,0.00012224030469901493
3.9,0.13,2029,0.5677045454545455,0.029323105647140916,0.8376363636363635,0.04484168662644316,0.14509273944756737,2.0,0.1407562696712541,0.7721127720294283,0.06107748723992245,2.0036429872495445,0.11656313575571442,0.8030359428122924,0.17996985056846776,8,0.4295297781161734,8,0.5054437396687422,0.0008096965559500432,8.0,1.0794283036551078,"[ 1.00000000e+00 -7.18599552e-02  2.82964402e-01 -1.29568097e-02
  3.40165973e-01 -5.54987700e-02  3.97379873e-01 -4.03967950e-02
  5.05443740e-01 -1.02153400e-01  2.34866071e-01 -6.55762338e-02
  3.78260224e-01 -5.64051109e-02  4.03826474e-01 -8.59427637e-02
  2.93468119e-01 -9.20241643e-02  2.80033777e-01 -8.62438610e-02
  4.39543571e-01 -5.64360037e-02  2.62219610e-01 -9.27552960e-02
  2.70831762e-01 -7.65230479e-02  2.58807179e-01 -9.61677273e-02
  4.20565189e-01 -9.91501242e-02  1.78256682e-01 -1.08622345e-01
  2.91133457e-01 -9.40793411e-02  2.70929806e-01 -1.08631626e-01
  3.14288612e-01 -1.07372416e-01  1.52229504e-01 -1.29277641e-01
  2.87152773e-01 -1.10213545e-01  2.51963754e-01 -1.43700989e-01
  2.33169862e-01 -1.24916378e-01  1.68873224e-01 -1.14043680e-01
  2.94754307e-01 -1.44432121e-01  1.84687768e-01 -1.46551400e-01
  1.72955001e-01 -1.24375970e-01  1.70264420e-01 -1.48541742e-01
  2.55455666e-01 -1.49822564e-01  1.01867443e-01 -1.75969397e-01
  1.89878207e-01 -1.34579322e-01  1.40007966e-01 -1.41778665e-01
  1.72076370e-01 -1.45599519e-01  5.94697991e-02 -1.46309039e-01
  2.08807134e-01 -1.37405072e-01  1.33791396e-01 -1.41213596e-01
  1.02285013e-01 -1.17057105e-01  8.77327279e-02 -1.40080274e-01
  1.96951528e-01 -1.41348765e-01  1.01870357e-01 -1.24253399e-01
  8.61877995e-02 -1.18740252e-01  1.15436685e-01 -1.28771443e-01
  1.59938095e-01 -1.48416123e-01  8.60402998e-02 -1.39232670e-01
  1.33653043e-01 -1.24677336e-01  9.87681703e-02 -8.89262965e-02
  1.12472717e-01 -1.28344592e-01  4.39468021e-02 -1.40636331e-01
  1.68138640e-01 -1.04885291e-01  4.53719402e-02 -1.01632690e-01
  8.16819512e-02 -1.10813094e-01  7.25015469e-02 -1.22254045e-01
  1.37639691e-01 -7.49207875e-02  5.30104650e-02 -8.29709185e-02
  1.04864816e-01 -7.40669510e-02  8.89027718e-02 -8.18375964e-02
  7.34996996e-02 -6.78535644e-02  7.44917544e-02 -8.94669744e-02
  1.28606651e-01 -5.14553884e-02  6.85639514e-02 -6.17660659e-02
  7.88776779e-02 -6.89777398e-02  6.09345734e-02 -8.04186906e-02
  1.43585787e-01 -5.56908977e-02  3.04202449e-02 -4.65074445e-02
  8.28335670e-02 -7.32132491e-02  7.56342234e-02 -8.60639589e-02
  1.06572354e-01 -4.94744622e-02 -2.64339711e-03 -6.48775344e-02
  1.11375982e-01 -7.20768780e-02  7.59198070e-02 -6.00615765e-02
  4.86550309e-02 -2.14910191e-02  2.39302870e-02 -5.38481899e-02
  1.02060408e-01 -6.92512622e-02  3.49442523e-02 -5.46959285e-02
  4.27179466e-02 -2.65773159e-02  3.55186030e-02 -6.62750977e-02
  1.16760058e-01 -3.70262119e-02  6.13454773e-03 -2.19119067e-02
  6.64597824e-02 -5.03069561e-02  7.05631713e-02 -4.39430208e-02
  7.26854993e-02  1.15816352e-02 -1.30739995e-02 -2.33155678e-02
  7.86194002e-02 -5.68030119e-02  4.45729846e-02 -2.78336118e-02
  2.49283052e-02  1.60964958e-02  3.21306977e-02 -6.28813635e-02
  1.05460240e-01 -4.57859976e-02  1.31985873e-02 -1.96484458e-02
  9.37773321e-03 -1.10362943e-02  3.21244653e-02 -3.15194310e-02
  7.15458103e-02 -1.10332454e-02 -6.30177586e-03 -5.24061182e-03
  3.87709353e-02 -1.78118358e-02  2.33801933e-02 -3.57426101e-02
  6.19507507e-02 -5.37578129e-03 -2.43800498e-02 -1.11653659e-02
  6.50528034e-02  2.53918031e-03 -9.96293451e-03 -6.64122400e-03
  8.54219039e-03  7.62229370e-03 -1.05311873e-02 -4.27837378e-04
  5.85567476e-02 -3.19342207e-02 -2.49422047e-02  1.00271564e-02
 -6.71656558e-03 -2.54406758e-03  3.46858401e-02 -2.33066900e-02
  2.74864965e-02 -1.07324171e-02 -3.65183250e-02  1.54051348e-02
  1.90063310e-02  2.93878515e-04  8.98746947e-03 -4.27947230e-02
  3.39947481e-02  1.83812993e-02 -2.97305877e-02 -4.08289816e-03
  3.68173150e-02 -1.15740577e-02 -3.42486317e-02 -3.80036348e-03
  3.05976960e-02  4.15518334e-02 -3.62266435e-02  7.23778408e-04
  3.45628664e-02  1.66888711e-02 -1.64376478e-02  3.43555387e-02
  6.02959859e-03  2.15048290e-02 -2.87131998e-03  6.38124247e-03
  8.85216549e-03  3.08172193e-02 -5.79845042e-02  1.45633596e-02
 -3.29772256e-02 -1.29809023e-02 -5.98888633e-03 -1.27143596e-04
 -1.82806246e-02  3.13822887e-02 -5.20475544e-02 -1.48176468e-02
 -1.34769970e-02 -6.48498100e-03 -3.84812266e-02 -1.02935049e-02
 -4.14512933e-02  2.06446257e-02 -4.01797527e-02 -2.69650688e-02
 -7.54004717e-03 -5.34860989e-03 -4.07356752e-02 -3.17625985e-02
 -2.36403093e-02]",0.13548837209302325,2.325581395348837e-05,0.0,0.8743571428571428,0.5114047619047619,0.0,0.13634146341463416,2.4390243902439026e-05,0.0,0.94075,0.718,0.0,0.13725641025641025,0.0,0.0,0.8792105263157894,0.5230263157894737,0.0,0.1377027027027027,2.7027027027027027e-05,0.0,0.9375833333333333,0.7203333333333334,0.0,0.13782857142857144,0.0,0.0,0.881264705882353,0.528,0.0,0.9323809523809524,0.6974404761904762,0.0,1.4007845242454304e-05
3.9,0.13,3001,0.5524318181818182,0.0322330982681923,0.8681363636363637,0.06183320338881298,0.11399582656841929,1100.0,0.1914277703364807,0.7298918253992065,0.2576190435876662,1100.0,0.4564914319043815,0.5330481895455721,0.6037471861474001,14,0.4641024242969599,6,0.7170112661012464,0.32303161401555375,10.0,1.056535929634342,"[1.         0.5681469  0.6564762  0.58863248 0.6430266  0.5700486
 0.71701127 0.60058714 0.70707586 0.56157688 0.59440817 0.5481797
 0.66401617 0.56369419 0.70984681 0.54986578 0.59972005 0.52414869
 0.58826938 0.54263535 0.68025027 0.53750783 0.62227052 0.50233221
 0.58228701 0.49823037 0.62103685 0.52860571 0.64406336 0.47911125
 0.54382637 0.47992808 0.56447515 0.47960846 0.61684456 0.48599081
 0.55648708 0.44962632 0.53141684 0.47167959 0.57865196 0.4734113
 0.58071008 0.44591091 0.51224613 0.44975233 0.54245828 0.47407255
 0.58455911 0.45808202 0.51431186 0.42901394 0.50664342 0.4594417
 0.55193203 0.43934255 0.54372157 0.40573461 0.47741975 0.41633043
 0.53675917 0.43746286 0.52163111 0.40309729 0.48110558 0.38829563
 0.47327393 0.42212679 0.5262902  0.3944632  0.50478656 0.37236513
 0.46188329 0.40792718 0.48377336 0.41954867 0.49220705 0.37345761
 0.44254939 0.3838378  0.46919493 0.40318693 0.4859507  0.37790107
 0.46563594 0.36552957 0.43662027 0.38741964 0.48190889 0.38380145
 0.46656521 0.35376011 0.44824937 0.36694928 0.4711651  0.37959643
 0.49607976 0.36506281 0.45576984 0.36198664 0.43723838 0.3906311
 0.48014926 0.38263625 0.45016035 0.36529365 0.42644217 0.3869681
 0.4580588  0.39005189 0.46449358 0.33385545 0.44417881 0.34758663
 0.42321719 0.37104438 0.4718568  0.340193   0.42749662 0.32755346
 0.40394165 0.3666297  0.4291827  0.33496826 0.43556506 0.29676805
 0.39358262 0.32633334 0.41542027 0.34995429 0.41866725 0.30386323
 0.40424441 0.31775762 0.380095   0.34397192 0.42392672 0.31766039
 0.39307533 0.27924456 0.37843687 0.3270217  0.36244634 0.32729651
 0.40233264 0.29109522 0.35581034 0.28991313 0.37305572 0.31337088
 0.37354615 0.29062596 0.3763619  0.26231551 0.35794121 0.30793053
 0.3734557  0.29988326 0.37632387 0.27340853 0.36249546 0.27460418
 0.35320691 0.3079517  0.36537041 0.27888361 0.34937988 0.27240403
 0.35279007 0.29683504 0.34096058 0.29511093 0.35744832 0.26166619
 0.33767557 0.29890671 0.35351645 0.30193808 0.33812036 0.27503212
 0.36195692 0.26714805 0.3618005  0.30503542 0.35710423 0.27737183
 0.35813667 0.25976119 0.35322478 0.29013654 0.32594    0.29100579
 0.33016024 0.26723519 0.3402724  0.25556891 0.33990036 0.29345628
 0.29694467 0.26698155 0.34634191 0.257693   0.32121925 0.2822872
 0.31592854 0.27467117 0.32965973 0.25446718 0.34258086 0.25766175
 0.3089205  0.27177175 0.31611291 0.25421354 0.32525182 0.23854941
 0.30504783 0.25919819 0.28468065 0.25531196 0.3307269  0.21943707
 0.28458343 0.24305802 0.29885663 0.24884594 0.29572803 0.23917857
 0.30329926 0.22535016 0.26807122 0.24756662 0.27640007 0.22936156
 0.27008369 0.21607517 0.25641848 0.21354101 0.25826098 0.21954455
 0.27237099 0.19144972 0.24984168 0.19210335 0.25227861 0.20659217
 0.24796115 0.19357381 0.24937242 0.15834577 0.2387318  0.18099347
 0.22452457 0.18440365 0.22415253 0.1438257  0.22658947 0.15101811
 0.20325011 0.1700992  0.19898507]",0.11337209302325581,6.976744186046511e-05,0.0,0.8932142857142857,0.5725,0.0,0.11960975609756097,0.0001951219512195122,0.0,0.93485,0.7195,0.0,0.12446153846153846,0.0003333333333333333,0.0,0.8827631578947368,0.549921052631579,0.0,0.12737837837837837,0.0003243243243243243,0.0,0.9309722222222222,0.7215833333333334,0.0,0.13037142857142858,0.00028571428571428574,0.0,0.875,0.5349411764705883,0.0,0.9251190476190476,0.7117559523809524,0.0,0.0009929008502870386
3.9,0.13,4111,0.5430909090909092,0.032700304545300055,0.8975454545454545,0.05949310676091907,0.08641162863367752,2.0,0.5839861010410541,0.428178279190164,0.11583788362748929,2.0,0.4152667179775614,0.4447526795708672,0.35011844803627007,14,0.6809132890427297,6,0.783175894787094,0.12940740459564407,15.0,1.049593366289268,"[ 1.          0.17747837  0.68606484  0.18970701  0.61677617  0.17120862
  0.78317589  0.18093184  0.76336175  0.1783918   0.59775556  0.17334634
  0.67997494  0.17786958  0.77824724  0.1669505   0.63572574  0.16450503
  0.62111156  0.15949109  0.76250025  0.15505622  0.68412739  0.15636888
  0.58664863  0.15071282  0.69849994  0.14695159  0.73188692  0.14752757
  0.59569202  0.15012447  0.6458686   0.15207924  0.73007737  0.1438232
  0.64724121  0.13486199  0.57984738  0.14776427  0.69551987  0.14339245
  0.69117957  0.13259946  0.55710015  0.1346488   0.62654024  0.12963486
  0.70500148  0.13743173  0.57923806  0.12214393  0.55887636  0.11199305
  0.67647521  0.11015817  0.62715521  0.09685976  0.51041294  0.09117218
  0.60550618  0.07903191  0.66341968  0.07527068  0.52603512  0.08046756
  0.54089527  0.06193765  0.67072586  0.06979756  0.56878381  0.06600481
  0.48803161  0.06105391  0.58636695  0.05405058  0.60186922  0.05802627
  0.47100039  0.05561232  0.52502967  0.0498617   0.61623868  0.04157413
  0.51609689  0.04169712  0.46430299  0.0367147   0.5781437   0.02983746
  0.55765591  0.02797106  0.44730329  0.02420983  0.50781679  0.02436434
  0.57022511  0.01485558  0.46057765  0.00155717  0.44663712  0.01256463
  0.5282459  -0.00143895  0.51738987 -0.01162135  0.40388971 -0.01345623
  0.47528767 -0.01403839  0.50931676 -0.00621     0.41954341 -0.01449757
  0.41385583 -0.01761668  0.50378061 -0.01816733  0.45571332 -0.01618103
  0.3941931  -0.0340373   0.46938071 -0.0359037   0.47464064 -0.03642283
  0.37456189 -0.04214193  0.41443308 -0.0465768   0.48255741 -0.04523262
  0.39204737 -0.04908841  0.35101185 -0.05410235  0.46604222 -0.05144241
  0.44054359 -0.06413023  0.33526486 -0.05774368  0.39761014 -0.05951552
  0.46512388 -0.06584521  0.35798184 -0.07612218  0.34959971 -0.07037774
  0.44906167 -0.07423354  0.40603675 -0.08707897  0.31298977 -0.08961901
  0.38878797 -0.08185366  0.42798553 -0.08506734  0.32395951 -0.09081796
  0.3362512  -0.09589495  0.42357599 -0.09201382  0.3581085  -0.09969079
  0.29845159 -0.09645178  0.38776578 -0.10088665  0.38968903 -0.10085822
  0.29343146 -0.10721944  0.3275236  -0.10523314  0.39307946 -0.10453108
  0.31220117 -0.11095534  0.27948165 -0.11860079  0.37200641 -0.1178672
  0.35087651 -0.12682841  0.2539453  -0.12808422  0.31950116 -0.13187697
  0.35869871 -0.13823819  0.26947291 -0.13698857  0.25537476 -0.14017073
  0.33563627 -0.13696324  0.30221158 -0.14470326  0.2302914  -0.14859057
  0.30666868 -0.14856215  0.31693946 -0.15370218  0.23859811 -0.16404218
  0.25140583 -0.15698199  0.32909887 -0.16016415  0.26745256 -0.16340935
  0.21097471 -0.16466516  0.28869927 -0.16460521  0.27970654 -0.16849253
  0.21163907 -0.17687466  0.25144721 -0.175562    0.29642381 -0.1735757
  0.2258194  -0.18003149  0.2020895  -0.18254     0.28491947 -0.18122734
  0.25284206 -0.18379891  0.18544822 -0.18633895  0.2362354  -0.18692111
  0.25482217 -0.19527173  0.19259679 -0.19778024  0.19265674 -0.19393064
  0.2466545  -0.20215516  0.20876651 -0.20408461  0.15492017 -0.20851948
  0.21977088 -0.21304891  0.23383131 -0.21048354  0.16261629 -0.21687628
  0.17166588 -0.21813209  0.22939025]",0.0893953488372093,0.0,0.0,0.9125238095238095,0.6294047619047619,0.0,0.09246341463414634,0.0,0.0,0.958725,0.8014,0.0,0.09241025641025641,5.128205128205128e-05,0.0,0.9104736842105263,0.6397368421052632,0.0,0.09454054054054054,8.108108108108108e-05,0.0,0.9579166666666666,0.8122777777777778,0.0,0.09511428571428572,2.857142857142857e-05,0.0,0.9079705882352941,0.6187058823529412,0.0,0.9586904761904762,0.8181547619047619,0.0,1.231255030782192e-05
3.9,0.13,5237,0.6046136363636363,0.03475185796804835,0.7558181818181818,0.05097025546481753,0.25291350393883444,2.0,0.3687471656515339,0.6527894633024455,0.02368888731034662,2.0,0.34949254170188854,0.6649679619039242,0.05002335764499877,8,0.4170835515734068,8,0.4788239084251857,0.00023306077268815174,13.0,1.14652140936358,"[ 1.         -0.22319972  0.12058874 -0.1787099   0.14485613 -0.19787761
  0.35344439 -0.1705786   0.47882391 -0.19741601  0.06064107 -0.18509057
  0.33113724 -0.1622674   0.37058179 -0.17598266  0.22894069 -0.21722422
  0.14776327 -0.20371858  0.4768717  -0.17117071  0.21460863 -0.20103973
  0.19961137 -0.19571277  0.24867883 -0.19126061  0.44451077 -0.18428582
  0.05267403 -0.19676044  0.29070043 -0.21922381  0.30925134 -0.18327849
  0.28190495 -0.19040246  0.08427601 -0.18944954  0.40803379 -0.23748598
  0.23850057 -0.18656711  0.24274913 -0.20496181  0.20706182 -0.21275699
  0.38122711 -0.19955674  0.12323628 -0.20307967  0.27455471 -0.22739444
  0.24617127 -0.19212035  0.28006158 -0.16852417  0.12004946 -0.21074233
  0.36594916 -0.24437463  0.23511116 -0.1890817   0.22458975 -0.17521023
  0.1845284  -0.2521154   0.35674047 -0.22044234  0.13384384 -0.1643764
  0.26854087 -0.19707344  0.23964846 -0.23265895  0.27996782 -0.18884035
  0.11208242 -0.2117109   0.34125893 -0.23427605  0.20759291 -0.20270479
  0.25198093 -0.1880603   0.15330731 -0.21150027  0.34069654 -0.22783996
  0.1256732  -0.19374607  0.27514021 -0.20864153  0.21835567 -0.21885755
  0.26762672 -0.18980892  0.10421717 -0.20655579  0.32104454 -0.20297845
  0.17492759 -0.23089426  0.2371172  -0.17832756  0.14456725 -0.21499147
  0.32650403 -0.21491337  0.15269855 -0.21046121  0.25297261 -0.24470429
  0.17441962 -0.19651163  0.29007443 -0.19741013  0.12898392 -0.19841043
  0.24500456 -0.22817766  0.17684749 -0.19845781  0.24613738 -0.19488047
  0.15250902 -0.2343724   0.30099943 -0.21067443  0.13398884 -0.19670116
  0.243011   -0.21277682  0.14948444 -0.18995365  0.31197181 -0.18395547
  0.10909401 -0.21120007  0.24193963 -0.23844466  0.17182935 -0.17275581
  0.26191108 -0.21399736  0.11502112 -0.20887399  0.2607853  -0.18877705
  0.17513203 -0.21067099  0.2152478  -0.21342091  0.14534111 -0.19487
  0.27411807 -0.19741632  0.1438495  -0.23757947  0.2303302  -0.2151635
  0.14719956 -0.15199728  0.23573527 -0.21130445  0.11051196 -0.21688239
  0.23548429 -0.16081645  0.14118472 -0.17638313  0.23106286 -0.23084863
  0.12508537 -0.18306316  0.24275384 -0.16491943  0.14037739 -0.20538797
  0.21023669 -0.1990844   0.14547707 -0.16946635  0.24945396 -0.2118881
  0.09428353 -0.20326549  0.22800396 -0.16392273  0.14420211 -0.16909349
  0.2383525  -0.22530861  0.11225438 -0.15972155  0.22858041 -0.14235084
  0.12172812 -0.22295884  0.2346567  -0.20888378  0.146379   -0.16614358
  0.21701133 -0.1872645   0.14087917 -0.20138695  0.21588554 -0.15252308
  0.12488162 -0.17781446  0.20776128 -0.18689164  0.1026586  -0.17029394
  0.21810982 -0.1492204   0.12020921 -0.20008486  0.2495556  -0.19835893
  0.10703968 -0.15376732  0.20566592 -0.17051419  0.12690934 -0.19436134
  0.22466077 -0.16114226  0.09964105 -0.15931453  0.20886681 -0.19901006
  0.13438248 -0.1685172   0.19179085 -0.14250018  0.10866022 -0.1975351
  0.22421323 -0.18531145  0.12796045 -0.16619112  0.17137187 -0.1731115
  0.12791307 -0.15486597  0.20204463 -0.16538738  0.10939288 -0.16473986
  0.20431629 -0.15874167  0.14140808 -0.16771706  0.17169735 -0.14762012
  0.07544457 -0.16601482  0.21374264]",0.21309302325581395,0.0,0.0,0.7918571428571428,0.1718095238095238,0.0,0.21673170731707317,7.317073170731707e-05,0.0,0.929775,0.6428,0.0,0.21884615384615386,7.692307692307693e-05,0.0,0.7878421052631579,0.1798421052631579,0.0,0.22027027027027027,0.0,0.0,0.9215277777777777,0.6209166666666667,0.0,0.2209142857142857,0.0,0.0,0.7870588235294118,0.17229411764705882,0.0,0.9207738095238095,0.6304464285714285,0.0,1.271052314218924e-05
3.92,0.13,101,0.5428181818181818,0.03393862959096015,0.8817727272727273,0.0525014560994453,0.08847171638109501,2.0072992700729926,0.041572292726356264,0.8979513985053331,0.07866987626718498,157.14285714285714,0.07821735526142655,0.8395304675338392,0.30772765672476715,4,0.26104193077168153,4,0.4294360981388256,-0.03867367500476038,12.0,1.04503582395087,"[ 1.00000000e+00  2.14640606e-01  3.24193058e-01  3.69956391e-01
  4.29436098e-01  1.92687414e-01  3.25326609e-01  3.33161723e-01
  3.14088039e-01  1.72460481e-01  2.74291618e-01  2.49446248e-01
  1.84723028e-01  1.92635348e-01  2.22208728e-01  1.80572251e-01
  1.57375934e-01  1.60564466e-01  2.12700640e-01  1.31263518e-01
  1.60312949e-01  1.56381320e-01  1.46901377e-01  1.03693052e-01
  1.32141329e-01  1.31731177e-01  1.15955599e-01  1.07300183e-01
  9.31736578e-02  1.02735030e-01  1.24587094e-01  8.40757211e-02
  7.45957779e-02  9.01522076e-02  7.54245279e-02  5.33533153e-02
  8.40517996e-02  6.72283235e-02  8.57822818e-02  1.67130578e-02
  1.02955396e-01  4.59534923e-02  3.01779144e-02  3.11934442e-02
  7.98081402e-02  4.06452424e-02  3.09419275e-02  2.40127695e-02
  4.12182522e-02 -7.53838631e-03  2.36840472e-02  4.31397377e-02
  3.80830045e-02 -1.88416936e-02  4.15397453e-02  2.68892713e-02
 -2.07873083e-03  3.07927557e-02  4.36522341e-02  1.46842319e-02
  1.21010782e-02  3.52286722e-03  3.77428294e-02 -4.42954472e-02
  1.72110956e-02 -3.67160737e-02 -8.19059155e-03 -3.68580163e-02
 -3.55419091e-02 -1.91609530e-02 -1.15492110e-02 -5.22839562e-02
 -2.12848944e-02 -3.20361076e-02 -4.52609003e-02 -4.20723684e-02
  4.70064611e-04 -2.98464132e-02 -8.04754765e-02 -1.87455620e-02
 -3.58696155e-02 -6.61860933e-02 -1.84731295e-02 -8.97925614e-02
 -3.02356490e-02 -8.33382918e-02 -6.36592296e-02 -7.14129141e-02
 -4.31880093e-02 -8.66969113e-02 -4.14575271e-02 -8.36179535e-02
 -5.54702544e-02 -8.71352078e-02 -1.49870260e-02 -6.53927176e-02
 -6.35526612e-02 -5.59409193e-02 -2.86177467e-02 -7.07781731e-02
 -6.24191104e-02 -6.31298393e-02 -4.45758809e-02 -8.47866769e-02
 -6.51076147e-02 -6.37915075e-02 -4.32879187e-02 -6.31861292e-02
 -9.51516601e-02 -6.88763857e-02 -4.91973234e-02 -9.68288581e-02
 -5.57121064e-02 -1.70689343e-02 -5.18086221e-02 -7.85264164e-02
 -3.93592952e-02 -3.45217102e-02 -4.61746556e-02 -7.64911334e-02
  9.04784973e-04 -3.30103763e-02 -7.18726966e-02 -5.10685305e-02
 -8.60330319e-03 -5.64582096e-02 -4.50244125e-02 -3.30666662e-02
 -4.80177176e-02 -5.27738735e-02 -2.84482295e-02 -4.72213361e-02
 -2.55926434e-02 -3.16972749e-02 -8.19615745e-03 -4.45076926e-02
  3.20527119e-03 -4.93734225e-02 -6.08366873e-03 -2.51573527e-02
  3.29092382e-03 -3.01002883e-02 -5.47406697e-03 -2.45477510e-02
 -2.00107434e-02 -3.41372683e-02  1.58259033e-02 -4.23011043e-02
 -3.55910945e-02 -3.40516156e-02 -1.32474495e-02 -5.65329798e-02
 -4.45752336e-02 -4.49081794e-02 -5.46887000e-02 -7.15893818e-02
 -2.47009446e-02 -4.81978385e-02 -2.33482455e-02 -5.06671946e-02
 -2.73894489e-02 -3.52203390e-02 -5.98423369e-02 -2.50212200e-02
  1.22734765e-02 -4.25554250e-02  3.20790831e-03  1.43411280e-02
 -1.74010311e-02 -2.85300273e-02  1.42357774e-02  9.33779005e-04
  7.94436613e-03  4.14053366e-04  3.90572255e-02  1.69860128e-02
 -1.22825667e-02  1.97643933e-02  1.88302926e-02 -5.19055046e-03
 -2.86874444e-02  2.01506233e-02 -7.46890326e-03 -4.05595380e-02
 -2.11810531e-02 -2.62709480e-03 -3.21190461e-02 -3.11035163e-02
 -5.29513572e-02  2.25955086e-03 -9.28939443e-02 -1.18993425e-02
 -6.47786136e-02  3.08340937e-02 -7.82591465e-02 -4.83851887e-02
 -4.27230772e-02 -2.98635988e-02 -9.34617146e-02 -3.20323775e-02
 -1.50502665e-02 -6.48548033e-02 -6.96109591e-02 -3.47898422e-02
 -6.07603157e-02 -5.63694741e-02 -4.87577322e-02 -1.05613036e-02
 -6.94356320e-02 -6.20472619e-02 -5.54834182e-02 -3.87246789e-02
 -8.68801627e-02 -4.84603623e-02 -7.37524754e-02 -6.41911030e-02
 -7.84637940e-02 -6.83012669e-02 -7.35041661e-02 -5.84716856e-02
 -5.54293197e-02 -9.72891687e-02 -6.56889522e-02 -6.07741616e-02
 -9.24391150e-02 -6.88607919e-02 -8.70327437e-02 -3.67689947e-02
 -9.48187967e-02 -4.92788350e-02 -7.98186846e-02 -2.38604556e-02
 -8.43838371e-02 -3.30721899e-02 -5.24464513e-02 -5.22554480e-02
 -5.50619734e-02 -1.25967461e-02 -4.26126465e-02 -3.91235372e-02
  9.49115879e-03 -3.37943715e-02 -7.37045901e-02  8.41511557e-03
 -2.25025170e-02 -2.96550467e-02 -1.56704644e-02  4.30917523e-03
 -5.69471708e-03 -3.02395093e-02 -2.34522939e-02  3.53572977e-02
 -3.58849285e-02 -7.58281807e-03 -6.26671089e-03  8.46519227e-03
 -3.06204998e-02  3.36601999e-02 -7.37512256e-03  2.40962150e-03
 -3.68994423e-02]",0.10672093023255814,0.0003255813953488372,0.0,0.9072142857142858,0.6487619047619048,0.0,0.12214634146341463,0.0003414634146341463,0.0,0.8978,0.63225,0.0,0.1282051282051282,0.000358974358974359,0.0,0.8872894736842105,0.6142894736842105,0.0,0.13805405405405405,0.00043243243243243243,0.0,0.8747222222222222,0.5933333333333334,0.0,0.1473142857142857,0.00042857142857142855,0.0,0.8653823529411765,0.5720294117647059,0.0,0.8651488095238096,0.5750595238095239,0.0,6.609768069824533e-05
3.92,0.13,707,0.5508181818181818,0.04068184357541106,0.8606363636363636,0.07227192681089024,0.11179389965584212,1100.0,0.12298571687259534,0.8249629784500301,0.23422272689223436,1100.0,0.3534650228762675,0.6232001692875346,0.5828083997803214,4,0.40006169814485665,4,0.6401244943809237,0.11852241728644325,13.0,1.050138657792568,"[1.         0.47868005 0.60447462 0.57353379 0.64012449 0.48396195
 0.56832766 0.51684368 0.57162129 0.45800785 0.57771076 0.46956874
 0.53957552 0.46356744 0.53176887 0.467759   0.50740001 0.45028717
 0.50724038 0.41451265 0.47320634 0.38927355 0.4802586  0.38510528
 0.44824272 0.38929684 0.44512982 0.37704644 0.42635263 0.37750705
 0.41506503 0.36482153 0.41238724 0.33786964 0.41632881 0.33997817
 0.40485608 0.33285663 0.38387561 0.3127464  0.37119009 0.31989123
 0.3574492  0.28883814 0.34153273 0.28849339 0.31290524 0.27450251
 0.3069965  0.27869407 0.30111544 0.25625081 0.31599985 0.25835933
 0.27947535 0.25089524 0.29933119 0.21113978 0.27567513 0.22726467
 0.27448783 0.2284104  0.25658088 0.21957607 0.26965994 0.21646317
 0.25454883 0.20274998 0.26110111 0.21079273 0.25260934 0.21709501
 0.22776818 0.194772   0.25660408 0.18043857 0.23524387 0.19963698
 0.25018366 0.20630951 0.22133386 0.20539989 0.23018199 0.18960367
 0.22240302 0.19593364 0.23028835 0.1854514  0.21414956 0.19054089
 0.23543101 0.186428   0.21450592 0.20805201 0.22552964 0.19253347
 0.22148163 0.18220866 0.21752617 0.1684306  0.20486834 0.193193
 0.20718968 0.1924685  0.21081637 0.2011315  0.20798116 0.19229718
 0.20881201 0.19766435 0.20939287 0.1848214  0.21970379 0.1934844
 0.19989893 0.19649085 0.21020984 0.17895415 0.17511095 0.21965852
 0.20397454 0.18368938 0.18444737 0.20897947 0.19164758 0.18354575
 0.1762216  0.21414982 0.16216585 0.17233902 0.19171456 0.1755029
 0.16529035 0.16676114 0.15418787 0.17496133 0.11881129 0.18380945
 0.14261089 0.14809032 0.14085872 0.1762688  0.13690327 0.18023805
 0.13627134 0.16680254 0.13700963 0.16371733 0.12646253 0.15124462
 0.13773624 0.13563352 0.11594091 0.158998   0.12267831 0.13807291
 0.12770292 0.16109483 0.11035134 0.15185308 0.10919173 0.13005775
 0.09836693 0.13645259 0.08465374 0.09828017 0.0806706  0.10710061
 0.07270651 0.09139694 0.06101148 0.1114656  0.07063728 0.06200777
 0.07208838 0.0838169  0.02549127 0.0691686  0.02815516 0.06530571
 0.04806638 0.0578693  0.03836182 0.06071832 0.04009061 0.07201973
 0.03327444 0.05214999 0.02176453 0.07047817 0.02772426 0.06478225
 0.02047298 0.07527828 0.01965592 0.05941718 0.01302488 0.06487692
 0.03545426 0.05432981 0.02655506 0.07371335 0.01321211 0.06611951
 0.01814417 0.05859054 0.04473961 0.04350712 0.03792345 0.06888977
 0.03241264 0.07260902 0.02177297 0.0654503  0.04115651 0.06873444
 0.03172963 0.07714744 0.05502925 0.06302682 0.04090862 0.09720441
 0.03157431 0.10701533 0.04017244 0.08767328 0.05694526 0.11271337
 0.05239726 0.08964037 0.06621681 0.10849623 0.07080631 0.11656668
 0.0674711  0.11027819 0.07867994 0.10669299 0.05741229 0.11153248
 0.08307262 0.0961065  0.05972194 0.12941385 0.06309863 0.10441525
 0.06803069 0.10378332 0.04536512 0.09939275 0.08249597 0.10267688
 0.0394075  0.12094019 0.0670583  0.0978395  0.06493589 0.10590995
 0.05768461 0.10064914 0.0615613 ]",0.11958139534883722,0.00041860465116279067,0.0,0.9023333333333333,0.627547619047619,0.0,0.1308048780487805,0.0007073170731707317,0.0,0.8919,0.61115,0.0,0.1386153846153846,0.0007948717948717948,0.0,0.8842105263157894,0.6012105263157895,0.0,0.14443243243243242,0.0016486486486486486,0.0,0.8766388888888889,0.5867777777777777,0.0,0.1522,0.0026,0.0,0.8661176470588235,0.5735882352941176,0.0,0.8632738095238095,0.5680952380952381,0.0,0.000838999210311207
3.92,0.13,1313,0.5613181818181818,0.0444444355486676,0.8303636363636364,0.0758338767273844,0.14111087978518125,1100.0,0.07557221893924154,0.8582550216506151,0.1771962188735451,1100.0,0.19654524674022095,0.7510812486215473,0.4704547254355872,2,0.3534199302641298,4,0.5646227341446961,0.12689268891160022,13.0,1.0658731547931617,"[1.         0.39464246 0.53329794 0.51244641 0.56462273 0.42663575
 0.50996274 0.45077646 0.4841526  0.41231981 0.46545613 0.3994666
 0.43560917 0.39855429 0.43303125 0.35162879 0.3922738  0.35798534
 0.37783977 0.35944425 0.3721146  0.31964678 0.3629878  0.33644821
 0.36681792 0.29783635 0.32963167 0.30783453 0.33804904 0.27412032
 0.32077817 0.2747184  0.30050088 0.2757821  0.27303951 0.26744571
 0.31006673 0.28107113 0.27753814 0.26276986 0.29155877 0.27687528
 0.26140139 0.28362704 0.28672771 0.25291925 0.24717024 0.26125183
 0.26150129 0.23417129 0.25624173 0.24399989 0.23761568 0.19858478
 0.23716898 0.22437673 0.19333469 0.22535564 0.23446916 0.18650379
 0.22209594 0.2000588  0.20370988 0.18191273 0.20090634 0.17333634
 0.20339565 0.19898745 0.18311836 0.19135668 0.2100255  0.1830907
 0.18825218 0.21008263 0.15880043 0.17691883 0.20507254 0.19093946
 0.18060322 0.18726072 0.19027661 0.18578363 0.17006974 0.17885847
 0.18709679 0.1822086  0.14626892 0.18691393 0.16511678 0.16387021
 0.15550999 0.18967653 0.13578311 0.17879934 0.16229504 0.15551563
 0.14335857 0.17688992 0.15248155 0.13977409 0.13607151 0.17568612
 0.1346792  0.13106142 0.1362229  0.14011398 0.11910724 0.16291388
 0.09938036 0.14325742 0.1020953  0.13468103 0.12725204 0.15564574
 0.10096191 0.14777497 0.12889946 0.13578259 0.13572163 0.13928793
 0.16127358 0.15124775 0.10257676 0.13270648 0.14891929 0.12427093
 0.13257967 0.12650587 0.13687542 0.15236824 0.12021101 0.1461487
 0.13430206 0.1321803  0.12966333 0.14745695 0.12098778 0.17498492
 0.11437304 0.15208204 0.12892971 0.15510739 0.13717749 0.17173924
 0.13444437 0.15691001 0.13344726 0.12144541 0.13805342 0.14960858
 0.10124801 0.13888659 0.12102711 0.13368309 0.12286685 0.14114046
 0.14755797 0.12978328 0.12521988 0.15811602 0.11955075 0.13126111
 0.13870903 0.14837295 0.14530558 0.1316525  0.1470749  0.14859476
 0.14631779 0.15543131 0.13361979 0.1527686  0.13246748 0.1426114
 0.14949453 0.13243982 0.13189887 0.16099819 0.13698503 0.15446824
 0.15533853 0.17187612 0.13062921 0.15538129 0.15681636 0.14742573
 0.14080152 0.1664288  0.1374332  0.17167016 0.12607601 0.18481559
 0.16135284 0.1503814  0.16082136 0.16644846 0.15168019 0.16031371
 0.1637248  0.13386837 0.15404759 0.15280102 0.14191437 0.14872708
 0.16431906 0.1307506  0.1269776  0.13734715 0.14108302 0.11636424
 0.13108103 0.11442152 0.12250464 0.11620522 0.11646905 0.11506727
 0.12931844 0.09432437 0.09623943 0.09356726 0.09556711 0.08530128
 0.08879716 0.07443846 0.08449759 0.0702941  0.08391006 0.07919145
 0.07392244 0.09267604 0.07443573 0.07121315 0.11367896 0.0565535
 0.10779858 0.10900803 0.09076771 0.06628893 0.1040123  0.09446647
 0.05938761 0.09798618 0.0847283  0.05858391 0.05852296 0.07648616
 0.07152756 0.06009049 0.07014962 0.04740686 0.06023241 0.06317788
 0.04098553 0.05365588 0.04411004 0.06499487 0.04225211 0.05121042
 0.04616702 0.05330452 0.04771072]",0.14809302325581394,0.0008604651162790697,0.0,0.8730952380952381,0.5341190476190476,0.0,0.17085365853658538,0.0017317073170731708,0.0,0.846475,0.4817,0.0,0.1941025641025641,0.001564102564102564,0.0,0.8200263157894737,0.44307894736842107,0.0,0.2154864864864865,0.0048378378378378375,0.0,0.7944722222222222,0.413,0.0,0.24054285714285714,0.009171428571428572,0.0,0.7684117647058823,0.38273529411764706,0.0,0.761875,0.37645833333333334,0.0,0.0008427691064486867
3.92,0.13,2029,0.5942954545454545,0.057384896470893856,0.7381818181818182,0.10986091883651487,0.2547568471284656,1100.0,0.24642935201251417,0.7656667214544041,0.321395566265976,1100.0,0.5441081016945413,0.4842756382082839,0.6985362133919539,4,0.4399992699094654,4,0.7477838574736682,0.2538410951857997,13.0,1.1069456751414355,"[1.         0.66434171 0.69653127 0.711164   0.74778386 0.65108407
 0.68699522 0.68208878 0.6847693  0.66249434 0.67599724 0.67660641
 0.67456905 0.63505907 0.66626261 0.66842272 0.63215844 0.63638991
 0.64043307 0.62832655 0.61772646 0.62760707 0.62016365 0.62105015
 0.6157671  0.61030602 0.60606378 0.61937838 0.61103795 0.5945114
 0.5995406  0.60691847 0.60196752 0.59768077 0.59504426 0.58406757
 0.60449323 0.58411158 0.57916063 0.57426446 0.57652387 0.56216796
 0.56644394 0.57044259 0.54887634 0.55988677 0.58260632 0.54795803
 0.56287835 0.55750629 0.56225816 0.54804605 0.55165783 0.5564097
 0.55193465 0.53446658 0.54811328 0.54039255 0.53680424 0.53327071
 0.53256175 0.53769023 0.54761535 0.53094501 0.51992381 0.53070143
 0.52001233 0.51256891 0.53092322 0.51349966 0.51071935 0.51834031
 0.50614477 0.50985583 0.4894194  0.49986492 0.48281797 0.49443783
 0.47498743 0.48189967 0.46320248 0.47482234 0.4872947  0.46493072
 0.45664507 0.46652567 0.4653956  0.42914158 0.45243632 0.44626653
 0.43137995 0.41277178 0.43719635 0.42782538 0.40997043 0.41621847
 0.42039516 0.41870017 0.39519609 0.409596   0.40313862 0.38322259
 0.38755335 0.37290985 0.37398465 0.37869201 0.37153619 0.37092652
 0.35472181 0.35646081 0.35679266 0.35358096 0.33544869 0.35300528
 0.34635959 0.34235017 0.34196304 0.34770094 0.33954882 0.33135218
 0.32818499 0.33867502 0.34421435 0.32866357 0.31227055 0.34436082
 0.33470226 0.32593044 0.32624175 0.34359976 0.32400557 0.32347464
 0.32421734 0.33334472 0.31087118 0.31199049 0.33419991 0.32655792
 0.30389607 0.32554057 0.32576287 0.31731288 0.31117732 0.32213298
 0.32649797 0.30360331 0.30198706 0.29637192 0.31034044 0.29083526
 0.30164712 0.29151266 0.30862759 0.29740781 0.3062476  0.27313999
 0.2866874  0.26803472 0.29306871 0.26584304 0.27270051 0.27547005
 0.25973096 0.25449242 0.28013583 0.25248904 0.23773599 0.26831983
 0.25540531 0.23769416 0.25580538 0.2531586  0.23878215 0.24169549
 0.25396927 0.24025703 0.25266434 0.22906097 0.23530901 0.2358634
 0.2111302  0.21827525 0.22282855 0.19419574 0.20802047 0.22067086
 0.19739959 0.18481717 0.21647606 0.20323971 0.18316962 0.1936391
 0.20223581 0.17863244 0.18841376 0.18368535 0.18527029 0.17438261
 0.18019926 0.18615971 0.18266042 0.17865099 0.17952722 0.17150862
 0.18524433 0.17059056 0.17433586 0.17168908 0.1727536  0.16153383
 0.17140416 0.15547677 0.17241366 0.15808172 0.1656924  0.16478487
 0.16594868 0.15938174 0.15527303 0.1584089  0.16276363 0.152951
 0.16663193 0.15654198 0.16400886 0.16879498 0.16125227 0.1671237
 0.15675643 0.15250392 0.14966883 0.16090181 0.15010315 0.14919561
 0.13891736 0.16786123 0.14163187 0.14227528 0.13035706 0.14460291
 0.12505322 0.12202983 0.12908587 0.1147642  0.11936201 0.11493146
 0.11661568 0.10746726 0.09662409 0.10268382 0.09970494 0.08961499
 0.06836029 0.0930074  0.09463684 0.0604439  0.0605224  0.07623017
 0.07767131 0.06188771 0.06041527]",0.23786046511627906,0.0027209302325581397,0.0,0.7970952380952381,0.36564285714285716,0.0,0.2823414634146341,0.005292682926829269,0.0,0.750225,0.30715,0.0,0.3192051282051282,0.008666666666666666,0.0,0.7183684210526315,0.27044736842105266,0.0,0.3392702702702703,0.009108108108108108,0.0,0.6993055555555555,0.2545,0.0,0.35842857142857143,0.015,0.0,0.6802058823529412,0.23473529411764707,0.0,0.6792261904761905,0.23351190476190475,0.0,0.0007080008975651505
3.92,0.13,3001,0.5507727272727272,0.04010603198588576,0.8605909090909092,0.06884842316205089,0.11187645717664563,550.0,0.062389267136760525,0.8456327220491263,0.19601953559819257,1100.0,0.15837359720859867,0.7060862420733003,0.5117451670660028,4,0.40340078571903165,4,0.6141455975298458,0.04569745330757551,11.0,1.0513076794935865,"[ 1.00000000e+00  4.28075119e-01  5.23366113e-01  5.47419544e-01
  6.14145598e-01  4.27233254e-01  5.23409956e-01  4.96261906e-01
  5.32505149e-01  4.01036268e-01  5.27797340e-01  4.61056594e-01
  4.75345884e-01  4.28539660e-01  4.70158608e-01  4.19996110e-01
  4.62472432e-01  3.90835450e-01  4.37903329e-01  3.92637068e-01
  4.23707727e-01  3.77860438e-01  4.17053715e-01  3.62198101e-01
  4.08989632e-01  3.75027475e-01  3.94765697e-01  3.23709742e-01
  4.09817623e-01  3.34344899e-01  3.89766848e-01  3.28300247e-01
  3.87557938e-01  3.16400423e-01  3.54459976e-01  3.23577745e-01
  3.84375399e-01  2.90682904e-01  3.45901733e-01  3.07725928e-01
  3.29585140e-01  3.00417660e-01  3.23032688e-01  2.81602169e-01
  2.96647274e-01  2.74293902e-01  3.37184214e-01  2.47225900e-01
  2.76553475e-01  2.73480369e-01  2.72020454e-01  2.30008907e-01
  2.57040704e-01  2.29892655e-01  2.66310685e-01  2.14608225e-01
  2.61676104e-01  2.21001400e-01  2.62417227e-01  2.04859595e-01
  2.33707702e-01  2.04162315e-01  2.43355591e-01  1.66342904e-01
  2.27416906e-01  2.00268857e-01  2.35727952e-01  1.65704160e-01
  2.23320328e-01  1.93673380e-01  2.10709584e-01  1.78287390e-01
  1.98882988e-01  1.72592314e-01  1.89831638e-01  1.68713548e-01
  1.78963977e-01  1.53632238e-01  1.70493654e-01  1.40468799e-01
  1.72571620e-01  1.61246004e-01  1.42700040e-01  1.22162978e-01
  1.54265800e-01  1.30547252e-01  1.55254938e-01  1.25709551e-01
  1.39767388e-01  1.05122644e-01  1.47875314e-01  8.77172235e-02
  1.47426050e-01  9.86003954e-02  1.23990670e-01  8.88664576e-02
  1.44463195e-01  9.26591744e-02  1.18325796e-01  1.03136106e-01
  1.35718396e-01  7.67223602e-02  1.44001109e-01  1.13773134e-01
  1.08579037e-01  8.67051323e-02  1.45556583e-01  1.05739255e-01
  9.97610103e-02  1.04257827e-01  1.24373957e-01  1.00102713e-01
  1.34704433e-01  1.07076916e-01  1.14901674e-01  1.04534993e-01
  1.47186104e-01  1.03707821e-01  1.13072543e-01  1.28495556e-01
  1.21863056e-01  9.12571729e-02  1.52782310e-01  1.11250231e-01
  1.28489554e-01  1.13502984e-01  1.39271166e-01  1.26885055e-01
  1.37586619e-01  1.23384197e-01  1.51070249e-01  1.17689120e-01
  1.42498367e-01  1.31172750e-01  1.32589641e-01  1.27293984e-01
  1.38300228e-01  1.07694345e-01  1.21199488e-01  1.16964327e-01
  1.01977757e-01  1.21715979e-01  9.35074340e-02  9.16696110e-02
  1.12366769e-01  8.61776544e-02  9.53675879e-02  1.07710675e-01
  9.10093543e-02  8.62947254e-02  1.08531846e-01  7.69670274e-02
  8.98911422e-02  6.15810375e-02  1.19953021e-01  6.12616653e-02
  7.32268448e-02  8.57730519e-02  9.26672069e-02  4.48004878e-02
  1.06252397e-01  7.99617230e-02  7.12082328e-02  5.11506384e-02
  9.63006470e-02  8.04567017e-02  6.35522610e-02  6.03775951e-02
  9.23056289e-02  5.34472354e-02  6.75334055e-02  6.43587395e-02
  8.14965034e-02  4.22602023e-02  5.58669047e-02  5.54674847e-02
  4.44182161e-02  3.39499751e-02  3.94057272e-02  3.09569168e-02
  3.45963582e-02  5.05097039e-03  3.62964166e-02  2.10334989e-02
  6.25004889e-03  1.79388806e-02  2.41504481e-02  2.45133076e-03
  6.74502753e-03  3.74514930e-03  5.70483313e-04 -1.89060834e-02
 -2.04675586e-02  2.66003206e-02 -1.86659403e-02 -2.09832309e-02
  1.49553320e-02 -6.54066534e-03 -1.80694016e-02 -1.43567325e-02
  7.29936031e-03 -2.90601348e-02 -1.85354989e-03 -3.79293281e-03
 -1.56995768e-02 -2.91461838e-02 -1.08463647e-02 -2.05587902e-02
 -2.12345579e-02 -8.68835081e-03 -1.49429428e-02 -4.62314134e-02
 -3.37718323e-03 -4.11750813e-02 -2.87304342e-02 -3.30671555e-02
 -1.99399207e-02 -5.44831051e-02 -1.90240099e-02 -1.55876885e-02
 -5.55065772e-02 -2.71379370e-02 -4.15434793e-02 -3.52303519e-02
 -7.08340316e-02 -3.76707148e-02 -6.01256475e-02 -6.49418364e-02
 -5.98923242e-02 -5.38555446e-02 -7.59325696e-02 -5.82137781e-02
 -5.88163180e-02 -7.35997680e-02 -7.64248584e-02 -5.97665622e-02
 -7.09906186e-02 -6.81353249e-02 -7.50725044e-02 -6.40662603e-02
 -5.51526746e-02 -6.64050632e-02 -6.25176063e-02 -6.44569892e-02
 -4.30040163e-02 -5.09001312e-02 -4.81463974e-02 -5.16257433e-02
 -4.37726529e-02 -2.29007077e-02 -5.12108124e-02 -1.51706895e-02
 -3.94702651e-02 -2.76988472e-04 -3.32802099e-02  1.11839004e-03
 -4.48194648e-03  9.95379913e-03 -3.08224650e-02 -2.17747706e-03
 -5.85994290e-03]",0.12420930232558139,0.0005813953488372093,0.0,0.8913095238095238,0.5989523809523809,0.0,0.1481951219512195,0.0014878048780487805,0.0,0.86925,0.56365,0.0,0.16805128205128206,0.0036923076923076922,0.0,0.8412105263157895,0.5262631578947369,0.0,0.19418918918918918,0.0071081081081081085,0.0,0.8126666666666666,0.4821388888888889,0.0,0.21665714285714285,0.013457142857142857,0.0,0.7919117647058823,0.46226470588235297,0.0,0.786875,0.454672619047619,0.0,0.0006195395879448904
3.92,0.13,4111,0.5393181818181818,0.03161542541176604,0.892909090909091,0.05103199450158612,0.07955410932950674,275.0,0.04020965064773762,0.882414335884181,0.12103949702720693,275.0,0.13426322050687356,0.7973664296187999,0.3780910565482865,4,0.2429004843536391,4,0.4758116895480914,-0.05402805752225798,11.0,1.0410726588584451,"[ 1.          0.26355205  0.37885394  0.42072572  0.47581169  0.25711911
  0.39772914  0.35245523  0.37736818  0.27624183  0.37583522  0.29390815
  0.33552606  0.25434792  0.33287287  0.26415998  0.33246013  0.25290361
  0.27894313  0.25635929  0.2938676   0.22428201  0.2652811   0.22187635
  0.27970417  0.2020168   0.25722653  0.20235299  0.23998507  0.19570762
  0.20441702  0.18544771  0.20649859  0.16371901  0.16943268  0.19734135
  0.1705178   0.12200065  0.18855541  0.15450277  0.1145888   0.11394608
  0.1288881   0.08885036  0.10915231  0.10913476  0.10674665  0.07730502
  0.10022505  0.05470362  0.09420485  0.0296079   0.06786514  0.04964477
  0.07505912  0.03477386  0.05420312  0.01566324  0.04294675  0.01924268
  0.05974037 -0.01096544  0.01207836  0.00844626  0.04595457 -0.01328244
  0.01375354 -0.00197251  0.01720921  0.00173069  0.01929079 -0.02697957
 -0.02749853 -0.03100686 -0.02292263 -0.05261179 -0.04004033 -0.01549867
 -0.05566017 -0.05380857 -0.02739776 -0.06294826 -0.05586049 -0.06373229
 -0.03831794 -0.06626172 -0.04969807 -0.09759006 -0.04873672 -0.09513084
 -0.08554876 -0.06537057 -0.05042855 -0.10118615 -0.05943813 -0.05409575
 -0.07954521 -0.06996312 -0.04105799 -0.0637656  -0.11178135 -0.04086312
 -0.07591221 -0.10011768 -0.09053559 -0.06885955 -0.10203949 -0.04857515
 -0.08100616 -0.05583934 -0.07231432 -0.06547408 -0.05863384 -0.06638188
 -0.07537391 -0.02826595 -0.07353986 -0.06383401 -0.06921149 -0.06224748
 -0.10053983 -0.03772338 -0.04646788 -0.04723436 -0.06109126 -0.04377868
 -0.07945295 -0.02710883 -0.08983662 -0.06205171 -0.05309479 -0.03989816
 -0.09676462 -0.04092972 -0.06899726 -0.08372686 -0.05220364 -0.05321765
 -0.09686993 -0.05998679 -0.05663732 -0.0734836  -0.08671533 -0.03000774
 -0.0877469  -0.02143967 -0.10012349 -0.04540881 -0.08207953 -0.03073187
 -0.07276253 -0.03587938 -0.07005578 -0.01172657 -0.07121111  0.00132875
 -0.07910046 -0.03685739 -0.06317954 -0.00522796 -0.08703127 -0.01349496
 -0.05166354 -0.02275841 -0.06466529 -0.01656089 -0.03490502 -0.01797009
 -0.07895249 -0.01663744 -0.01403691 -0.04347855 -0.04436879 -0.01022749
 -0.0592397  -0.01637146 -0.02947943  0.00129485 -0.05108437 -0.02217924
 -0.04314146 -0.01161824 -0.03607124 -0.02811078 -0.06739958 -0.02615297
 -0.02978506 -0.05212138 -0.06697474 -0.02672458 -0.0370907  -0.03499157
 -0.06293535 -0.02368165 -0.05686159 -0.06099509 -0.05315839 -0.02512595
 -0.0731417  -0.05919614 -0.05671937 -0.02432346 -0.10363245 -0.03395821
 -0.05841121 -0.06154824 -0.08861933  0.0062393  -0.06347005 -0.07657802
 -0.06537431 -0.03484755 -0.0985718  -0.03488266 -0.07703707 -0.07506171
 -0.08829344 -0.04218195 -0.12435655 -0.04483514 -0.07988423 -0.05658656
 -0.08278495 -0.03667346 -0.07271901 -0.06139153 -0.08609206 -0.01990859
 -0.09248355 -0.04013943 -0.04476799 -0.02558626 -0.09030697 -0.05117703
 -0.05056942 -0.04447811 -0.11630414 -0.00898027 -0.0633524  -0.07309336
 -0.0637588  -0.01827247 -0.08398964 -0.02990013 -0.0701854  -0.01796504
 -0.03979996 -0.01899661 -0.10216766 -0.00718528 -0.04211061 -0.01607109
 -0.05473473 -0.01548103 -0.04267587 -0.0419445  -0.0387188   0.00589483
 -0.04124822 -0.0317899  -0.0082447 ]",0.09169767441860466,0.0002558139534883721,0.0,0.922952380952381,0.707047619047619,0.0,0.10753658536585366,0.0006341463414634147,0.0,0.9063,0.673925,0.0,0.11935897435897436,0.001564102564102564,0.0,0.894,0.6525263157894737,0.0,0.12778378378378377,0.0015405405405405405,0.0,0.8874166666666666,0.6415555555555555,0.0,0.1346,0.0023714285714285716,0.0,0.8784411764705883,0.6290294117647058,0.0,0.8769642857142858,0.6270833333333333,0.0,0.0004600346227952193
3.92,0.13,5237,0.5637727272727272,0.04765017582547148,0.8241818181818182,0.09148652974054126,0.14929859783278102,1100.0,0.1793171526785124,0.802581328387803,0.25740941581076376,1100.0,0.4186430309934535,0.5839967307969499,0.6116995191696124,4,0.4177377576147483,4,0.6858551672037013,0.19132435201096068,12.0,1.0675301736826612,"[1.         0.5456509  0.63071946 0.65590912 0.68585517 0.55911403
 0.6152592  0.61085105 0.6264055  0.53957178 0.60794511 0.57582216
 0.59272542 0.54268975 0.57247781 0.5614125  0.55062762 0.54593905
 0.55291779 0.54769503 0.53664749 0.5496001  0.53499589 0.53926812
 0.5343169  0.54293376 0.51286069 0.51658984 0.531461   0.52229647
 0.49330955 0.51699242 0.51449393 0.49473047 0.51706453 0.48916377
 0.502931   0.49498395 0.4870369  0.48982011 0.47385821 0.46359863
 0.48661597 0.44187977 0.47005636 0.45178193 0.45592283 0.4467583
 0.44327833 0.45270981 0.42426597 0.44008308 0.44000179 0.42378612
 0.41869468 0.42486769 0.42412088 0.40871983 0.3748452  0.40464215
 0.3911241  0.37109799 0.36575278 0.39350874 0.35094485 0.38116243
 0.35325279 0.37096178 0.36723693 0.33905574 0.3495645  0.36280642
 0.33910119 0.34187551 0.31887135 0.35790064 0.33109493 0.32885021
 0.32918956 0.37025984 0.2963287  0.34133185 0.32035091 0.3360278
 0.30825837 0.31361676 0.32727043 0.29379867 0.30798654 0.3199932
 0.29806632 0.30315317 0.30131131 0.32350515 0.29139998 0.30097167
 0.30771442 0.30858796 0.286118   0.29909726 0.29876221 0.29053474
 0.28206239 0.29936851 0.29942744 0.29786601 0.26806448 0.31198148
 0.2789037  0.26811882 0.27876778 0.27081185 0.29219107 0.27500279
 0.27302962 0.30254613 0.2822396  0.27755102 0.29947332 0.29369859
 0.28331658 0.28651154 0.30124248 0.27904406 0.28970191 0.29330862
 0.2751744  0.26355713 0.28765174 0.25390844 0.28018426 0.25472736
 0.26932698 0.23938523 0.27760879 0.23652503 0.25858755 0.23028392
 0.2527493  0.22621513 0.22968163 0.24346663 0.24515479 0.21005379
 0.24909197 0.21915022 0.24365659 0.23299415 0.23509406 0.23610782
 0.22965868 0.2168417  0.23916686 0.21670579 0.23497563 0.21725316
 0.22899717 0.22690156 0.22968476 0.21670979 0.22547576 0.23599339
 0.20483416 0.20368449 0.21162695 0.2030055  0.18039532 0.20463015
 0.19315309 0.20327675 0.17374675 0.18888945 0.18218655 0.17967029
 0.16277133 0.20399071 0.14608928 0.16327297 0.1766551  0.15297654
 0.1597104  0.1604615  0.1480385  0.15503501 0.14872609 0.15585392
 0.15932931 0.12505182 0.14536265 0.15235917 0.13303412 0.13514292
 0.12693322 0.14847932 0.11665457 0.13492441 0.15251097 0.12354183
 0.14017355 0.12858294 0.13178678 0.13498174 0.11944048 0.1362213
 0.12299256 0.11668364 0.1185209  0.13000226 0.10672656 0.12878907
 0.10566247 0.12758477 0.10526391 0.11632462 0.11220579 0.114989
 0.08872637 0.12463739 0.11048048 0.09779483 0.1024877  0.10093516
 0.0920866  0.09066539 0.10650027 0.10888949 0.0713713  0.10375232
 0.10330371 0.08627342 0.08702452 0.09822545 0.08052965 0.08332174
 0.07823919 0.0982696  0.06562134 0.09218647 0.07772248 0.08594536
 0.0849359  0.09709167 0.07054861 0.10187012 0.07369783 0.0941311
 0.09000338 0.09889178 0.09870583 0.09293999 0.09341955 0.10164244
 0.09641078 0.10531696 0.09344592 0.10261475 0.10188572 0.08458389
 0.09985791 0.0833707  0.08929883]",0.15730232558139534,0.0015116279069767441,0.0,0.8652619047619048,0.5261904761904762,0.0,0.18126829268292682,0.0008780487804878049,0.0,0.842025,0.4741,0.0,0.19805128205128206,0.001641025641025641,0.0,0.8253157894736842,0.4427105263157895,0.0,0.20667567567567569,0.0018378378378378379,0.0,0.8205555555555556,0.43194444444444446,0.0,0.21134285714285714,0.001257142857142857,0.0,0.8108529411764706,0.4174705882352941,0.0,0.8075892857142857,0.4162797619047619,0.0,0.0008306025897415206
3.88,0.11,101,0.5558636363636364,0.035655288342360356,0.8626363636363638,0.06003297991675867,0.11870718157123684,366.66666666666663,0.021890734578483704,0.9018806012479452,0.09395143129135547,366.66666666666663,0.05468547032704121,0.8738513512341423,0.19960554483685494,4,0.29630151236651364,4,0.4136813325525461,-0.017516778488782435,14.0,1.0456198347107437,"[ 1.00000000e+00  8.93449019e-02  1.07433219e-01  2.43925542e-01
  4.13681333e-01  8.39863357e-02  1.11374574e-01  2.35725747e-01
  2.65955214e-01  8.44558419e-02  1.11844080e-01  2.05135514e-01
  1.36988311e-01  6.63186278e-02  1.39742103e-01  1.34185622e-01
  5.32666496e-02  5.71694641e-02  1.05686901e-01  1.00130420e-01
  2.58295150e-02  6.77288852e-02  6.95804659e-02  6.60752191e-02
  2.53565315e-02  9.65831566e-02  3.41115298e-02  6.63585560e-03
  4.90064707e-02  6.09479663e-02 -5.30737863e-03 -1.66988112e-02
  6.38277343e-02  3.54095703e-02 -4.56618974e-02 -1.39942325e-03
  8.60639388e-02  7.98619474e-03 -5.76316510e-02  2.32067647e-02
  8.27634859e-02 -5.87541790e-03 -8.43129550e-03  6.04253462e-02
  3.95814978e-02  1.86341341e-03  1.03399405e-02  5.19205611e-02
  3.91153938e-02 -2.91911849e-02  4.91247520e-02  7.08442924e-02
 -4.36500184e-02 -2.35104669e-02  4.77092787e-02  3.97896941e-02
 -1.54263667e-02 -7.26858916e-03  7.78247895e-02  5.22478538e-02
 -5.10546775e-02  3.10449775e-02  1.12825883e-01  3.31750294e-02
 -4.14377462e-02  3.81394301e-02  7.24713641e-02  4.50025694e-02
  4.92138101e-03  4.93363504e-02  7.48396089e-02  2.07185333e-02
  3.02090384e-03  4.72764985e-02  1.69664754e-02  1.97605459e-02
  3.35939005e-02  1.63675160e-02  2.98821210e-02  1.97588073e-02
  4.35227020e-02  3.24431395e-02 -1.65060167e-03  3.94587740e-02
  6.31440217e-03  2.47145899e-02 -6.85667255e-03  3.22014693e-02
  6.46515884e-03  1.08323388e-02  6.84896752e-03  4.55952393e-02
 -2.33419591e-02 -1.69235453e-02  6.29077008e-05  2.55592867e-02
 -5.25184574e-02 -3.05853047e-03  1.34497982e-02 -8.82154380e-03
 -4.70177526e-02 -7.01712096e-03 -1.62048244e-02 -2.84271470e-03
  1.05193950e-02 -4.56460349e-02 -1.54293561e-03  6.27394661e-04
  1.03651611e-02 -3.14553910e-02  1.72214209e-02 -1.40310919e-02
  3.90473036e-03 -5.74733852e-03  1.62732399e-03 -1.55921811e-02
 -6.50082377e-04  1.11389179e-02 -1.03424296e-02 -1.40070513e-02
  3.38797662e-02  2.97438996e-02 -4.01357886e-02  7.43915875e-03
  4.14523432e-02  5.46674299e-03 -4.04493973e-02  9.64802875e-03
  2.52138676e-02 -3.20534269e-02 -5.27447800e-02  7.91380586e-03
  1.87920079e-03 -6.84717323e-02 -3.69810266e-02  1.32688948e-02
 -3.89534423e-02 -5.96447954e-02 -3.69827652e-02 -1.25882508e-02
 -6.65499516e-02 -4.92447490e-02 -7.30892005e-02 -2.71011216e-02
 -8.73621398e-02 -2.03973571e-02 -5.33892337e-02 -2.06372886e-02
 -6.52921896e-02 -3.97889311e-02  6.83664699e-03 -8.93765725e-02
 -1.17947232e-01  3.09834811e-03 -5.07039779e-02 -1.07340653e-01
 -8.42004983e-02  2.39139384e-02 -5.62150394e-02 -1.08749247e-01
 -6.22761639e-02 -2.44792614e-02 -7.65422237e-02 -9.13986248e-02
 -1.89176398e-02 -2.57353599e-02 -9.08819607e-02 -4.96132102e-02
 -2.55374454e-02 -5.07914433e-03 -7.33788436e-02 -1.71345955e-02
 -1.57542597e-02 -3.81780970e-02 -5.19326336e-02 -4.97691828e-02
 -3.61484960e-03 -5.97802796e-02 -1.88302787e-02 -3.88910120e-02
 -5.97969217e-03 -5.06345931e-02  1.91645384e-02 -2.59684869e-02
 -2.80599991e-02 -2.49471791e-02  2.54621171e-02 -9.73348866e-03
 -2.41186449e-02  2.95772305e-03  5.33670192e-02 -2.80231980e-02
 -4.80839314e-02  2.66007827e-02  1.91524430e-02 -1.98268808e-02
 -5.66093550e-02  6.15881172e-02 -1.39671482e-02 -4.09715775e-02
 -4.46430786e-02  4.69089921e-02 -4.42523905e-02 -3.32602641e-02
  1.66709076e-02  3.23961213e-02 -4.77328566e-02  4.65830941e-04
  1.90322729e-02  1.88326198e-02 -3.22878528e-02  7.71277890e-03
  4.88221546e-02 -2.87843445e-02 -1.27472608e-02  3.64007960e-02
  3.33667940e-02 -4.56603193e-02  1.84632351e-02  2.42510292e-02
 -1.95652623e-03 -5.93831956e-02 -2.56818812e-02  3.02436172e-02
 -6.35996188e-02 -4.63012957e-02  1.68797689e-02 -5.54406843e-03
 -6.64425858e-02 -1.52432952e-02 -4.71553424e-03 -3.54968022e-02
 -9.63884400e-02  8.41352349e-03 -3.54513830e-02 -6.48120368e-02
 -6.62729293e-02 -1.72773678e-02 -4.11218193e-02 -5.61375952e-02
 -5.05022964e-02 -2.79927615e-02 -3.35492422e-02 -8.07266219e-02
 -1.20293550e-02 -1.50633570e-02 -2.36135613e-02 -2.27113498e-02
  9.72872513e-03 -2.76706097e-02 -4.15845211e-02  4.88168220e-03
 -1.61728828e-03 -1.45818304e-02  1.20232927e-02  3.42140780e-02
  8.94901237e-03  7.49499934e-03  2.63664319e-02  2.77398882e-02
 -2.57013481e-03]",0.125,0.0001627906976744186,0.0,0.8968333333333334,0.5627857142857143,0.0,0.1353658536585366,0.00012195121951219512,0.0,0.884275,0.531825,0.0,0.14207692307692307,0.0004871794871794872,0.0,0.8808421052631579,0.528342105263158,0.0,0.14616216216216216,0.0004054054054054054,0.0,0.8746666666666667,0.5162222222222222,0.0,0.14922857142857143,0.00031428571428571427,0.0,0.8722941176470588,0.508235294117647,0.0,0.8741964285714285,0.5188690476190476,0.0,0.0005924052312860337
3.88,0.11,707,0.589590909090909,0.051892072516740405,0.7735,0.09460455975941501,0.2163019715988641,550.0,0.10479268775648916,0.8235187503071563,0.27238609902600897,550.0,0.18831918835783337,0.6965148863975453,0.5265548229209002,4,0.42211386973813997,4,0.622232142630415,0.058289343240516295,12.0,1.086376404494382,"[ 1.          0.47489445  0.54377419  0.56401769  0.62223214  0.47616321
  0.52102321  0.53745768  0.53750569  0.47291955  0.51043065  0.52329479
  0.49148154  0.46005681  0.48688739  0.4859349   0.46922319  0.47778566
  0.49180012  0.45008339  0.44367891  0.4597401   0.43581408  0.44731966
  0.4226166   0.45570669  0.42948002  0.42534572  0.45030988  0.43486784
  0.40193473  0.41938494  0.43075594  0.42155817  0.40790892  0.4198919
  0.39725079  0.40517081  0.39356827  0.41763604  0.39472576  0.38412373
  0.40423265  0.40746247  0.40282031  0.37009543  0.39821092  0.36946013
  0.38030802  0.35814432  0.36875351  0.33201137  0.37168854  0.3303451
  0.32507571  0.36678437  0.32645666  0.33805112  0.30750755  0.3405824
  0.30876915  0.30388828  0.2986189   0.31874305  0.28921521  0.28281073
  0.29315075  0.28029378  0.27170799  0.26911255  0.29229916  0.28018875
  0.26005653  0.2691421   0.27403013  0.26024629  0.23502012  0.26630219
  0.2605097   0.24648716  0.23460022  0.26701738  0.24485367  0.22651423
  0.23898985  0.23893375  0.24406048  0.21326297  0.23071318  0.21807966
  0.22169801  0.21908733  0.21050155  0.21120726  0.19806588  0.2084059
  0.20086633  0.20016778  0.20886483  0.1931841   0.20264296  0.17958286
  0.20490507  0.20127864  0.20247699  0.1893356   0.20705498  0.19579526
  0.17555892  0.21042656  0.19142943  0.17117785  0.19255644  0.19490512
  0.19661133  0.18612865  0.18822339  0.16467066  0.19647583  0.16578244
  0.16127486  0.14735643  0.17726471  0.15230771  0.15057819  0.14517421
  0.1803999   0.12267     0.13959711  0.14790564  0.15138941  0.11930699
  0.135099    0.11472807  0.15389737  0.09019238  0.12631446  0.09868352
  0.13187773  0.09051904  0.09705003  0.13291817  0.10337511  0.09861359
  0.1134051   0.10328046  0.09851895  0.09005251  0.0939248   0.09309166
  0.08184718  0.08277635  0.0909503   0.0609146   0.07100068  0.08818172
  0.07515969  0.06464653  0.07383623  0.09673843  0.05614155  0.07636982
  0.08415525  0.07075993  0.04172473  0.06464217  0.05798375  0.05767372
  0.02330588  0.07202061  0.0404613   0.02491515  0.00654523  0.04799995
  0.03751727 -0.01093636  0.01450519  0.0395887   0.02719389 -0.0316711
  0.04266063  0.02709925 -0.01387091 -0.01990211  0.01417325  0.01435585
 -0.01187082 -0.02275726  0.00928662 -0.00260032 -0.01817695 -0.02919797
 -0.01706517 -0.0257703  -0.03360951 -0.01021468 -0.03263232 -0.03231513
 -0.03355202 -0.01229278 -0.05378605 -0.01413935 -0.05155441 -0.02142267
 -0.03342897 -0.01839876 -0.04349034 -0.03609343 -0.0531632  -0.0329197
 -0.06210472 -0.01978408 -0.05569077 -0.0200918  -0.05000815 -0.0107195
 -0.06541741 -0.02739843 -0.06188562 -0.02222369 -0.04529902 -0.03001488
 -0.04369461 -0.03883705 -0.02785458 -0.06081815 -0.04781943 -0.0435891
 -0.04000122 -0.05901359 -0.05175127 -0.06123344 -0.03264055 -0.04416944
 -0.06861857 -0.06833185 -0.03655714 -0.06430743 -0.05955399 -0.06329976
 -0.05564892 -0.05597418 -0.06417145 -0.05663995 -0.0439104  -0.0485678
 -0.07250906 -0.03714879 -0.04966295 -0.05950318 -0.06085942 -0.03631426
 -0.05885125 -0.05636799 -0.04489288 -0.04027402 -0.0547892  -0.05386002
 -0.0348862  -0.05489907 -0.05432795]",0.20655813953488372,0.0012093023255813954,0.0,0.8317142857142857,0.36854761904761907,0.0,0.22465853658536586,0.0007804878048780488,0.0,0.8074,0.329275,0.0,0.24205128205128204,0.0011794871794871796,0.0,0.7912631578947369,0.30089473684210527,0.0,0.2588918918918919,0.0013783783783783783,0.0,0.7726111111111111,0.2678055555555556,0.0,0.27794285714285716,0.0022,0.0,0.7496176470588235,0.2417058823529412,0.0,0.7458928571428571,0.23916666666666667,0.0,0.0005650949661501333
3.88,0.11,1313,0.5676363636363637,0.04083341485346334,0.8316363636363636,0.07482740471156117,0.15020169933541083,1100.0,0.07188849813271404,0.8851845357181783,0.19442937121445972,1100.0,0.17925317393752402,0.7878533179898539,0.3987708893135449,4,0.33246167596365767,4,0.52535900111319,0.151137300032773,15.0,1.0617455896007428,"[1.         0.32968594 0.35357967 0.4826445  0.525359   0.30936201
 0.37093862 0.44516475 0.3871067  0.30576291 0.35334829 0.41248946
 0.33165932 0.28932388 0.34801781 0.35475572 0.26975877 0.31601868
 0.34884235 0.28037982 0.26229101 0.28475152 0.28580674 0.24357904
 0.21220307 0.2787583  0.2593027  0.19987786 0.2355842  0.26738056
 0.1945608  0.2117032  0.23209285 0.23699163 0.21095886 0.23799209
 0.21591064 0.20711635 0.22831782 0.23332435 0.2081034  0.20550545
 0.22807371 0.24698882 0.23719231 0.24595975 0.26620032 0.21378363
 0.22738062 0.25477843 0.2311811  0.22625547 0.21697262 0.23178733
 0.22269489 0.20924522 0.22638762 0.20279029 0.20572596 0.21810523
 0.20572421 0.23068658 0.21221696 0.22728849 0.24727223 0.21920994
 0.20612485 0.21555502 0.22443021 0.21503961 0.21295533 0.24186901
 0.19351139 0.20035705 0.22237032 0.20486159 0.18857058 0.18028995
 0.23270488 0.20733485 0.17252122 0.19453449 0.21370642 0.19177405
 0.1631981  0.1756187  0.21006599 0.15694524 0.15800046 0.19178502
 0.20025431 0.13189952 0.18277348 0.17865966 0.18915848 0.12943548
 0.17347545 0.14891723 0.17159324 0.12866148 0.16757375 0.1380369
 0.14484123 0.13788607 0.14868304 0.13006434 0.17181796 0.15836829
 0.14735406 0.17693048 0.18281525 0.14851528 0.18240759 0.18762962
 0.18757487 0.15962032 0.16514051 0.19766602 0.16565241 0.15980722
 0.17045511 0.16456859 0.16086068 0.1465992  0.17333427 0.17180497
 0.15038626 0.18833763 0.18554928 0.17641551 0.16960943 0.15383207
 0.18093173 0.16401931 0.1443733  0.14959533 0.1617591  0.15580616
 0.14560374 0.15152984 0.15675187 0.13507632 0.13709243 0.13393951
 0.15849597 0.14032451 0.09897504 0.14914494 0.15466513 0.10017758
 0.10636051 0.13542327 0.12425996 0.10014898 0.14378305 0.14037329
 0.12692363 0.13554199 0.14943714 0.12791067 0.12608321 0.15525373
 0.13855681 0.12064217 0.14697134 0.15341109 0.12180338 0.1307199
 0.12822971 0.13964809 0.16003774 0.12729497 0.15794003 0.17153702
 0.14133744 0.15741119 0.18901715 0.16855932 0.15201148 0.16453983
 0.1566651  0.16376759 0.14910021 0.16705442 0.17526687 0.15141272
 0.14232027 0.16920442 0.16630833 0.13311832 0.16963648 0.13360513
 0.1394899  0.13674288 0.14170808 0.12490341 0.13555131 0.12428025
 0.14293853 0.13882471 0.13445406 0.12023391 0.13590176 0.14533194
 0.12461729 0.11947616 0.09617699 0.16350271 0.10083061 0.11517299
 0.12349319 0.12181482 0.11505006 0.08433683 0.1079324  0.1455192
 0.14738623 0.08618868 0.15904801 0.1584796  0.11300465 0.15379737
 0.16384895 0.17383411 0.10477526 0.17586189 0.16119451 0.14449759
 0.12780067 0.15737709 0.18112174 0.11524372 0.14289836 0.17491021
 0.16932185 0.10351025 0.15891561 0.17804621 0.1601729  0.14672323
 0.16021247 0.18100803 0.15025346 0.1670977  0.14933215 0.15038736
 0.14490675 0.15850374 0.16351027 0.14847831 0.15410624 0.14826105
 0.16001891 0.14661058 0.17552426 0.1542133  0.16460436 0.13765203
 0.16778344 0.16610506 0.14103318]",0.14993023255813953,0.00037209302325581393,0.0,0.8775952380952381,0.5071190476190476,0.0,0.16507317073170732,0.0003414634146341463,0.0,0.861725,0.482825,0.0,0.1788205128205128,0.0010769230769230769,0.0,0.846,0.4591578947368421,0.0,0.19318918918918918,0.0024594594594594594,0.0,0.8308055555555556,0.43905555555555553,0.0,0.20445714285714287,0.003657142857142857,0.0,0.8220588235294117,0.44041176470588234,0.0,0.8186011904761905,0.4336904761904762,0.0,0.0009844446207040506
3.88,0.11,2029,0.5421363636363635,0.038986938902133325,0.8962272727272728,0.08006726252923611,0.09071770537555646,1100.0,0.30923097663611937,0.7045167707995131,0.4156674981037864,1100.0,0.46856434115918744,0.5394921261784439,0.6387398500804926,4,0.5320791050248379,4,0.7043512959993079,0.26548565170486826,12.0,1.0293395980161837,"[1.         0.60291192 0.62208058 0.65507542 0.7043513  0.59155929
 0.62627322 0.68157589 0.61527914 0.59793253 0.59613118 0.66594231
 0.62901699 0.59852649 0.60247766 0.62941896 0.60528301 0.58223738
 0.60560675 0.62791256 0.57503398 0.57675104 0.58697653 0.60680072
 0.57802931 0.5832648  0.58961734 0.57289951 0.58454306 0.5692433
 0.61069305 0.55571411 0.57161187 0.5839912  0.5626379  0.54343845
 0.58772434 0.54938096 0.56527872 0.54002572 0.54954217 0.53778758
 0.55864858 0.55008465 0.55711948 0.55177295 0.5552626  0.53963508
 0.53532535 0.55337696 0.54445851 0.54972075 0.51563158 0.53403771
 0.53182834 0.53673606 0.54098825 0.53594274 0.53768656 0.53094871
 0.50823084 0.51772054 0.55344451 0.52183696 0.49770102 0.52139815
 0.54727589 0.49723344 0.51032181 0.50920274 0.5148195  0.48468352
 0.48781865 0.5044522  0.51680478 0.47777912 0.47207807 0.51241077
 0.50384684 0.481838   0.47897309 0.50662342 0.47899581 0.45166921
 0.47749345 0.48062859 0.4699643  0.42453058 0.46562581 0.45711538
 0.4322169  0.41547232 0.47216631 0.45261235 0.40082406 0.42983896
 0.4556632  0.42727305 0.40526421 0.42432587 0.43703298 0.39975315
 0.39615246 0.42800349 0.42941954 0.38753099 0.3963384  0.41935325
 0.42499676 0.38452628 0.40047753 0.40290364 0.39292164 0.36807666
 0.38863664 0.39038046 0.38042521 0.35347988 0.37079571 0.37431211
 0.37706598 0.36607393 0.37981783 0.37089938 0.35309125 0.36227993
 0.36118761 0.37956699 0.35292268 0.35573005 0.34620956 0.36810737
 0.35815211 0.35602299 0.36409462 0.35940363 0.36679297 0.33913861
 0.3638993  0.34895406 0.33834327 0.34153191 0.34679415 0.32334049
 0.32721141 0.32996528 0.32603682 0.32707161 0.31891569 0.30964273
 0.31749359 0.31143802 0.30898114 0.30502593 0.30150549 0.29542318
 0.29187598 0.29506462 0.28298227 0.28865252 0.28578762 0.27760495
 0.25878677 0.29036354 0.28389996 0.27498151 0.27039752 0.27996746
 0.23526952 0.26534797 0.24933918 0.266655   0.23684679 0.24816257
 0.24603345 0.23817855 0.24346754 0.24057588 0.24624614 0.20790276
 0.24403475 0.22802596 0.23863271 0.21160713 0.23535776 0.21724862
 0.20655758 0.210375   0.21389141 0.22272557 0.19400765 0.21805931
 0.20845857 0.20913884 0.18358483 0.1966732  0.20978832 0.19838825
 0.19298822 0.18338749 0.21237563 0.19816618 0.16050508 0.1859748
 0.20508997 0.175255   0.16988172 0.18476943 0.1816035  0.17549444
 0.15809433 0.17715599 0.18489985 0.15929234 0.15642744 0.19471328
 0.15847026 0.16441478 0.16124886 0.18390919 0.15936523 0.15369094
 0.14659858 0.16639602 0.14858789 0.156412   0.14607549 0.15733777
 0.136747   0.13958112 0.15122467 0.14942332 0.11639769 0.13908478
 0.15222665 0.12735492 0.11775419 0.13226063 0.11739564 0.11734012
 0.11668256 0.11065375 0.11485244 0.09107102 0.10200553 0.11124771
 0.0959747  0.07824682 0.0934623  0.0958884  0.08451508 0.07671368
 0.08592911 0.07883675 0.07316245 0.07487952 0.07168685 0.0843672
 0.06347542 0.08010896 0.07189954]",0.09758139534883721,6.976744186046511e-05,0.0,0.9150238095238096,0.6567142857142857,0.0,0.11046341463414634,0.0004878048780487805,0.0,0.900025,0.626025,0.0,0.1206923076923077,0.0003333333333333333,0.0,0.8916842105263157,0.6060526315789474,0.0,0.12986486486486487,0.0005135135135135136,0.0,0.8811666666666667,0.5894166666666667,0.0,0.1424,0.002142857142857143,0.0,0.8632647058823529,0.5637058823529412,0.0,0.8600892857142857,0.5598214285714286,0.0,0.000768001510270967
3.88,0.11,3001,0.5626818181818182,0.04064076140530963,0.8427727272727272,0.07255119309725175,0.1396653450871224,366.66666666666663,0.019233077962126238,0.8922101742616704,0.14350844175665173,183.33333333333331,0.06335426684754454,0.8177142913838213,0.3573684860410411,4,0.3335194397588493,4,0.526316167798603,-0.016555969006913668,14.0,1.0498273030972198,"[ 1.00000000e+00  2.96014442e-01  3.25985179e-01  4.01786551e-01
  5.26316168e-01  2.66133628e-01  3.31941748e-01  4.03487775e-01
  3.72515725e-01  2.28480850e-01  2.59991456e-01  3.66079539e-01
  2.61705619e-01  2.01867008e-01  2.61198492e-01  2.83397266e-01
  1.79272990e-01  1.88024306e-01  2.94049978e-01  2.09662563e-01
  1.43779092e-01  1.83311305e-01  1.93295536e-01  1.70095449e-01
  1.45168259e-01  1.87598080e-01  1.32139637e-01  1.34783681e-01
  1.12384734e-01  1.38469489e-01  9.18286911e-02  1.24821857e-01
  1.04706611e-01  1.07844843e-01  9.06272042e-02  1.21768445e-01
  1.08005012e-01  8.01178038e-02  7.83816797e-02  1.08721780e-01
  8.45333195e-02  7.73089336e-02  8.67989780e-02  1.15474387e-01
  7.43842623e-02  4.21792965e-02  5.46293596e-02  5.47451608e-02
  2.82105876e-02  5.25058285e-02  8.00680414e-02  5.55102160e-02
  5.47624657e-02  2.07055747e-02  7.15836759e-02  4.34246644e-03
  8.71361348e-03  2.84465552e-02  1.93702441e-02 -1.29595442e-02
 -1.90134253e-02  1.88540962e-02 -2.30371689e-02 -3.46417230e-02
 -3.80425388e-02  5.63711735e-04 -4.21911047e-02 -2.20314901e-02
  6.51909667e-03 -1.76069531e-02 -3.50691335e-02 -4.45772204e-02
 -2.71279796e-02  2.04207383e-02 -4.76216113e-02 -1.83322956e-02
 -1.42681018e-02  7.74343809e-03 -1.89108547e-02 -4.53206054e-02
  6.88243343e-04 -3.76864048e-02 -5.71877442e-02 -1.22920917e-02
  8.54894351e-03 -3.71658917e-02 -3.37831185e-02 -1.86799899e-02
 -1.22747868e-02 -5.84213977e-02 -5.16468300e-02  1.67519444e-02
 -2.37815823e-02 -4.85266414e-02 -3.94683728e-02  1.62216724e-02
 -4.65196491e-02 -7.32363531e-02 -1.59440275e-02 -2.45261517e-02
 -7.90637347e-02 -6.34664192e-02 -2.36896640e-02 -7.84717891e-02
 -8.19350160e-02 -9.01477758e-02 -1.68173377e-02 -9.53471268e-02
 -7.99370450e-02 -8.88885337e-02 -6.30534236e-02 -8.41570434e-02
 -7.38034476e-02 -9.14528617e-02 -9.80633411e-02 -7.82106797e-02
 -9.56155518e-02 -7.18769090e-02 -9.26111643e-02 -6.30773065e-02
 -9.51001415e-02 -7.24122838e-02 -9.03686512e-02 -8.92695789e-02
 -6.69510858e-02 -9.56445375e-02 -3.73014268e-02 -7.33350656e-02
 -6.21179184e-02 -2.42554997e-02 -1.05101095e-02 -4.77766641e-02
 -3.79796665e-02 -4.86678060e-03 -2.30103816e-02 -4.64028106e-03
 -2.25393400e-02  2.23563124e-02  3.78093570e-03 -4.39106472e-02
 -1.39450137e-02  3.05188631e-02  7.99509374e-03 -2.02041710e-02
  2.50608459e-02 -4.74069924e-03  5.91984980e-03 -1.12240524e-03
  1.79291159e-02  3.93840577e-02 -1.00346281e-02  1.59253044e-02
  9.07028306e-03  5.66190010e-02 -1.37278769e-03  1.84174625e-02
  3.05605723e-02  3.35115698e-02 -7.57855508e-03  1.86259195e-02
  6.40157589e-02  2.16927181e-02  2.25378998e-03  3.07419655e-02
  3.80731313e-02  4.35523718e-02  2.02898735e-02  5.74135632e-02
  5.68479438e-02  5.82590721e-02  2.10549287e-02  8.62440395e-02
  6.29815412e-02  3.27482203e-02  3.74887318e-02  6.85051504e-02
  4.30213623e-02 -5.03958509e-03  5.31787032e-02  3.97846349e-02
  3.96507912e-02 -1.48867918e-02  3.34006551e-02  3.93740826e-02
  2.36963134e-02 -1.65302600e-02  4.61306077e-02  2.97765207e-02
 -1.29782957e-02  7.24373014e-03  2.32728213e-02 -2.21350606e-02
 -2.69560259e-02  2.99233769e-04  2.28673718e-02 -4.38223423e-02
 -2.52650081e-02  6.49013951e-03 -2.17715365e-02 -3.83752683e-02
 -3.28336166e-02  9.84074613e-03 -4.59921640e-02 -3.84164562e-02
 -1.65297387e-02 -1.19140496e-02 -3.57955573e-02 -1.18123725e-02
  3.20949062e-02 -3.76172379e-02 -1.17821278e-02  1.40666424e-03
  1.00955684e-02 -2.11261264e-02  2.91946966e-03  6.89158637e-04
 -2.92996202e-02  3.38149000e-03 -4.76885851e-03  9.77767191e-03
 -3.99479671e-02  1.70998164e-02  9.27860306e-04 -2.66523951e-02
 -2.85134116e-03 -2.42858671e-03  2.80611176e-03 -2.24331343e-02
  6.48681698e-03  9.27122719e-04  1.20818587e-02 -4.27626776e-02
  1.37909190e-02 -1.34199719e-02 -2.48423953e-02 -2.62091549e-02
  2.25100678e-02 -1.31491037e-02 -6.11476399e-02 -2.05073332e-02
  1.22361882e-02 -3.69328527e-02 -4.90940050e-02 -2.52305399e-02
 -1.67288694e-02 -4.25196107e-02 -4.90676788e-02 -2.91526063e-02
  4.02269085e-03 -5.06346118e-02 -3.97868291e-02 -3.03591960e-02
 -3.86967782e-02 -5.04261548e-02 -5.88261482e-02 -4.05757672e-02
 -5.83500037e-02 -2.78901833e-02 -6.25036725e-02 -3.40154970e-02
 -2.33549479e-02]",0.14834883720930234,0.0005813953488372093,0.0,0.8745,0.522952380952381,0.0,0.1629268292682927,0.0013170731707317074,0.0,0.8629,0.501425,0.0,0.16925641025641025,0.0016923076923076924,0.0,0.8563947368421052,0.4931842105263158,0.0,0.17283783783783785,0.0015945945945945947,0.0,0.8476666666666667,0.4726666666666667,0.0,0.18025714285714287,0.0013142857142857142,0.0,0.8445588235294118,0.47597058823529415,0.0,0.8438690476190476,0.47327380952380954,0.0,0.0005471905122618121
3.88,0.11,4111,0.5608181818181819,0.03862716468030845,0.8477727272727272,0.06443490853579702,0.13226353646919628,220.0,0.023097297663332263,0.9026897856712567,0.0946731235712124,220.0,0.055820183255065395,0.8573293252749546,0.2714342384970359,4,0.22999604215457856,4,0.41574903450606815,0.015603940141046428,13.0,1.0505238256167624,"[ 1.00000000e+00  1.70091559e-01  2.38989736e-01  3.36948887e-01
  4.15749035e-01  1.71035709e-01  2.61878659e-01  3.30825604e-01
  2.07586338e-01  1.43466285e-01  2.02584412e-01  2.98925747e-01
  1.32989271e-01  1.66902608e-01  2.18928918e-01  1.80013655e-01
  1.25248172e-01  1.65754695e-01  2.30845455e-01  1.34453179e-01
  1.27311507e-01  1.41542824e-01  1.45373538e-01  9.49628725e-02
  7.41118132e-02  1.95657939e-01  9.82196304e-02  5.21881655e-02
  6.31106976e-02  1.17825239e-01  7.40321434e-02  3.29516638e-02
  8.87366218e-02  7.88335650e-02  4.21322863e-02  3.27522455e-02
  1.04460575e-01  3.00130725e-02  6.28072253e-02  8.90569608e-02
  2.82700767e-02  5.99206609e-02  2.54089828e-02  6.04658886e-02
  2.21467938e-02  1.77177382e-02  1.16952507e-02  8.90839548e-03
 -2.12240817e-02 -4.48347392e-04  2.68961884e-02  1.25895464e-02
 -4.32707365e-02  7.11337276e-03 -2.30678728e-02 -6.07517098e-03
 -5.36512995e-02 -1.10283287e-02 -1.26959994e-02 -6.74370980e-02
 -2.03617736e-02 -9.96225744e-03 -5.10427371e-02 -6.24904575e-02
 -2.03173500e-02 -7.77700177e-03 -7.51570715e-02 -7.51093893e-02
 -5.56627570e-03 -5.15977406e-02 -8.66812031e-02 -6.69515007e-02
 -5.99095378e-02 -9.55404004e-02 -7.41441134e-02 -8.83776028e-02
 -3.97332307e-02 -7.25783242e-02 -4.74477732e-02 -5.01858600e-02
 -2.34131085e-02 -7.26802058e-02 -5.51888723e-02 -3.38169695e-02
 -6.33776623e-02 -6.00699636e-02 -6.44502508e-02 -4.90509810e-02
 -8.73456916e-02 -7.52064384e-02 -4.07457010e-02 -7.08294098e-02
 -8.50628992e-02 -5.38377942e-02 -4.61021261e-02 -7.51154189e-02
 -6.25019180e-02 -2.79680281e-02 -6.46205384e-02  4.99572779e-03
 -9.46809492e-02  1.42749733e-02 -4.53683421e-02 -1.41188530e-02
 -3.05419429e-02 -4.08704788e-02 -4.41071974e-02 -6.26955036e-02
 -1.66418269e-02 -4.94625363e-02 -2.70446017e-02 -5.38439097e-02
 -3.29462545e-02 -5.09627764e-02  1.41767521e-02 -1.47877723e-02
  7.65454655e-03 -2.18573779e-02 -3.16872822e-02  7.61250717e-02
  1.38179082e-02  9.96063695e-03  2.58097701e-02  6.36768292e-02
 -1.55753539e-02  2.21697842e-02  6.59850920e-02  2.66443495e-02
  3.81874342e-02  8.19783579e-02  3.21394763e-02  3.59458068e-02
  3.15411354e-02  1.07555514e-01  2.27317926e-02  3.14891084e-02
  5.44544432e-02  5.60711731e-02  3.08896813e-02  3.90752127e-02
  9.98843086e-02  4.08820082e-03  6.53471600e-02  5.43736872e-02
  1.14039214e-01  3.29985258e-02  8.82604678e-02  9.70665520e-02
  5.86986888e-02  5.31992171e-02  6.13847486e-02  7.50198971e-02
  6.84500094e-02  6.18801217e-02  5.70743553e-02  7.83731056e-02
  3.51030255e-02  5.59519123e-02  8.00608157e-02  5.21667074e-02
  4.61442198e-02  6.47303536e-02  3.84296773e-02  3.01688209e-02
  7.94581300e-02  6.40810719e-02 -1.41982319e-02  8.54031202e-02
  2.67814524e-02  4.97711714e-02  7.57150731e-03  6.83074506e-02
  3.59853729e-02  2.54411084e-03  2.11302446e-02  2.00099740e-02
  1.67001029e-02  2.46661346e-03  2.15513790e-02 -2.00521166e-02
  1.10754517e-02  3.88501132e-03 -2.29142967e-02 -8.78051648e-03
  3.99370083e-02  1.35875636e-02 -2.03523302e-02  3.70748281e-02
  1.90095378e-02 -2.64257586e-02 -2.88863950e-03  4.80184857e-02
 -2.14780319e-02 -3.93792998e-03  1.90030206e-02 -2.32228621e-03
 -1.81735918e-02  3.49475181e-02  1.57386592e-02 -1.65834184e-02
  2.39231045e-02  1.95184331e-02  3.31291974e-02  1.28743067e-02
  3.64114258e-02  5.78077127e-02  2.38678189e-02  2.66525017e-02
  1.73699976e-02  4.25249328e-02  2.22700421e-02  5.40181630e-02
  6.89189784e-03  7.03892259e-02  6.31794112e-03  3.31638451e-02
  3.36126223e-02  4.73453076e-02  4.07266515e-02  1.33067908e-02
  8.22049675e-02  1.21304727e-03  6.63525757e-02  5.97095355e-02
  6.78706827e-02  3.11450199e-02  1.80550991e-02  5.35618684e-02
  4.26127797e-02  4.58473259e-02  4.85344719e-02  2.82551969e-02
  6.35810581e-03  1.89472224e-02  3.04415388e-02  1.39940647e-02
  5.06687868e-02  3.06889248e-04  3.20306260e-02  1.39653357e-02
  4.65844743e-03  8.98779384e-03  2.80969436e-02  3.79734438e-02
  2.09785696e-02  2.69501163e-02  1.32884112e-02  3.95625309e-02
  1.76410556e-02  4.72239603e-02  2.53024849e-02 -8.01685621e-03
  8.92707721e-03  2.26597625e-02  2.09920917e-02 -2.52281561e-03
  4.28615400e-02 -1.68061596e-02 -1.62842299e-02  5.61068885e-03
 -2.55678202e-02]",0.14081395348837208,0.0009069767441860465,0.0,0.8820476190476191,0.528452380952381,0.0,0.15453658536585366,0.00031707317073170733,0.0,0.868475,0.50505,0.0,0.16246153846153846,0.0004871794871794872,0.0,0.8584736842105263,0.4874210526315789,0.0,0.17162162162162162,0.0005675675675675675,0.0,0.8451388888888889,0.46947222222222224,0.0,0.18742857142857142,0.001,0.0,0.827764705882353,0.4500294117647059,0.0,0.8228869047619047,0.4407142857142857,0.0,0.0006450260240125673
3.88,0.11,5237,0.5564772727272728,0.03568453232294683,0.8613181818181819,0.061692703534708924,0.116362825956775,3.642384105960265,0.032784298013182174,0.9087781569012211,0.07351819994956588,137.5,0.03431636867970428,0.882057013207533,0.19155234197974672,4,0.2528621092428377,4,0.39589378302587497,-0.017356908612398646,13.0,1.0473111147957774,"[ 1.00000000e+00  1.14865507e-01  8.96196518e-02  2.63223044e-01
  3.95893783e-01  5.23697029e-02  8.89001149e-02  2.78434790e-01
  2.08346611e-01  2.75162839e-02  1.09159364e-01  2.86153996e-01
  9.74256136e-02  3.76805269e-02  1.26297716e-01  1.71785301e-01
  7.47468878e-02  3.31864915e-02  1.73676571e-01  1.10945760e-01
  1.89548494e-02  5.23643651e-02  1.27168507e-01  8.72643737e-02
  8.41065052e-03  5.25687742e-02  7.30327316e-02  4.25477443e-02
 -6.58390633e-03  4.50667571e-02  2.55220070e-02 -1.89676564e-02
  2.75790468e-02  4.00884914e-02 -1.38203183e-02 -2.34052345e-02
  4.31175938e-02  4.02364432e-02  6.03341475e-03 -2.47783736e-02
  6.25093538e-02  2.22784191e-02 -2.05549815e-02  3.11743965e-02
  1.80066109e-02 -1.68500198e-02  2.51898681e-02  3.97610912e-02
 -2.99359491e-03 -2.30003180e-02  3.71455458e-02  2.54423938e-02
 -3.94066532e-02 -1.05826673e-02  7.31221908e-02 -2.47546413e-03
 -2.18063278e-02 -4.38455213e-03  3.24162037e-02 -2.39376430e-02
 -7.13343163e-02  1.01171342e-02  4.34701925e-02 -6.01932721e-02
 -2.64569553e-02  2.57343957e-02 -4.68775348e-02 -6.46873075e-02
 -7.20036713e-03  2.61526912e-02 -4.76535290e-02 -4.12507052e-02
  9.61118416e-03  1.37041430e-02 -9.06916384e-02 -3.83086582e-02
  8.50838882e-03 -1.10928186e-02 -9.06788585e-02 -1.20215032e-02
  7.65368005e-03 -5.50771311e-02 -4.94066240e-02  1.25803623e-04
  2.34861328e-03 -8.57326269e-02 -2.72430260e-02 -1.24801737e-02
 -2.12763158e-02 -1.00400383e-01 -4.20459536e-02 -1.66696652e-02
 -5.11994948e-02 -1.21558018e-01 -1.01141509e-02  1.73803732e-02
 -8.05819863e-02 -8.81051241e-02 -3.75135785e-02 -2.33478711e-02
 -6.75671908e-02 -1.20935313e-01  1.56450964e-02 -7.62106424e-02
 -1.22221397e-01 -7.28241410e-02 -1.22163042e-02 -1.03610070e-01
 -1.05894076e-01 -1.77388596e-02 -4.01906195e-02 -7.65118838e-02
 -6.10167147e-02  7.21883371e-03 -5.08699903e-02 -5.91254448e-02
 -1.42350043e-02  2.91642750e-03 -2.43912061e-02 -5.05610073e-02
  1.65710174e-04 -5.32811266e-02 -4.55488410e-02 -2.56033140e-02
 -3.21275004e-03 -3.15795015e-02 -6.75739647e-02 -2.84257104e-03
 -2.41000412e-02 -3.76733424e-02 -2.51638978e-02  8.84276282e-03
  1.98875739e-02 -3.46183807e-02  4.03026705e-03  3.45892302e-02
  2.96641050e-03 -6.26149532e-02  3.12413680e-02  1.56850029e-02
 -2.26980398e-02 -5.45124887e-02  6.09762204e-02 -3.77184560e-02
 -5.28128480e-02 -3.82416250e-02  3.65060599e-02 -7.66552656e-02
 -1.26561888e-02 -1.97173536e-02  4.45520671e-02 -5.13485140e-02
  8.42836944e-04  2.00652872e-03  5.23199893e-03 -5.13921915e-02
  1.53147627e-03  1.46380658e-02 -3.90004002e-02 -1.95168461e-02
 -4.68244797e-02  6.88796215e-03 -1.34455620e-02 -2.33572793e-02
  7.58494226e-03 -2.50182808e-02 -3.89183831e-02 -2.38851870e-02
  2.96811607e-04 -3.15740947e-02 -3.07690994e-03 -5.83756504e-04
  1.37171228e-02 -1.43372661e-03 -7.10897238e-03 -4.75099083e-03
 -4.64465591e-02 -3.00839013e-02 -2.92470107e-02  1.15985875e-02
 -4.99379339e-02 -1.87818259e-02 -1.80801071e-02 -2.73382222e-02
 -6.05385901e-02 -1.14681355e-02  4.95097959e-03 -6.04952123e-02
 -9.63332294e-03 -7.00499761e-03 -1.64547419e-02 -5.20436894e-02
 -2.00200927e-02 -4.55927490e-02  2.88281347e-02 -5.49943767e-02
 -3.35842161e-02  6.52906524e-03 -2.11618268e-02 -7.33356592e-02
 -2.60566392e-02 -1.23529048e-02 -5.48372472e-02 -6.66755710e-02
  9.13123167e-03 -1.24530396e-02 -3.43076547e-02 -4.89965311e-02
 -9.01842162e-03 -2.53635608e-02 -4.17087000e-02 -1.73915295e-02
  3.02461288e-05 -3.98738874e-02 -2.36464016e-02 -6.22462597e-03
 -2.58258334e-02 -3.89936189e-02  6.76431022e-03  4.80710567e-03
 -3.95473859e-02 -1.82723972e-02 -8.47833319e-03 -1.60014710e-02
 -5.23227352e-02  1.79181343e-02  2.71150534e-02  3.46900366e-03
 -4.81076839e-02  1.96094342e-02  2.34320493e-02 -3.45216028e-02
 -8.41743329e-04  4.26627781e-02  3.95899983e-02 -4.19791055e-02
  3.80077115e-02  5.67589487e-02  1.68548152e-02 -5.33685358e-02
  2.68886249e-02  6.46133267e-02 -8.46057677e-03 -8.81797588e-03
  7.89317246e-02  2.23075342e-02 -3.58377471e-02  4.80587402e-02
  8.51862971e-02  1.22861376e-03 -9.28024844e-03  6.38111736e-02
  1.11878968e-01 -6.11597422e-03  1.30972361e-02  5.85848214e-02
  7.45419635e-02 -3.76167015e-02  2.10080714e-02  7.49121425e-02
 -1.17044642e-02]",0.1258139534883721,0.00030232558139534885,0.0,0.8938095238095238,0.5523095238095238,0.0,0.1394878048780488,0.00017073170731707316,0.0,0.879525,0.5245,0.0,0.147,0.00028205128205128203,0.0,0.8709473684210526,0.5066315789473684,0.0,0.15724324324324324,0.0001891891891891892,0.0,0.85475,0.48383333333333334,0.0,0.16994285714285715,0.0005142857142857143,0.0,0.8448529411764706,0.47491176470588237,0.0,0.8423511904761904,0.4757440476190476,0.0,6.610240266309513e-05
3.9,0.11,101,0.6015681818181818,0.047053353530990716,0.7702272727272728,0.08553278574918818,0.2570830942935685,275.0,0.04334841603509199,0.871709760357697,0.15445152216783453,275.0,0.07159202668116298,0.8291753225400204,0.23544195174948562,11,0.33358803165125317,11,0.47316546051470326,0.0046312111211362925,13.0,1.0880313342750738,"[ 1.00000000e+00  9.16454202e-02  1.83978524e-01  2.73086435e-01
  3.89657898e-01  1.28085540e-01  1.45180178e-01  3.76443631e-01
  1.68437129e-01  1.01284229e-01  1.13474713e-01  4.73165461e-01
  7.95706506e-02  9.64803063e-02  1.22961043e-01  2.21514360e-01
  9.11129696e-02  4.42121266e-02  2.83242021e-01  1.12018800e-01
  6.89122167e-02  2.45630029e-02  3.38527765e-01  6.71470971e-02
 -8.71407619e-04  9.22157466e-02  1.48334637e-01  4.73864190e-02
  2.85222258e-03  2.29773528e-01  5.35204768e-02  2.28402006e-02
 -8.08436538e-03  2.53253574e-01  1.62932249e-03 -1.89806064e-03
  2.42720180e-02  8.25655125e-02  4.47401098e-02 -2.42767357e-02
  1.52872974e-01  3.48978905e-02 -1.04496641e-02  1.31154665e-03
  1.62307057e-01  3.37625523e-02 -2.27023110e-02  4.30469677e-02
  6.21975950e-02  2.35065870e-02 -2.09089946e-02  1.36173641e-01
  2.57729567e-02  6.46133949e-03  3.74025424e-03  9.85656794e-02
  3.35803233e-02  1.01708489e-02  7.01343081e-03  3.45518153e-02
  5.92279130e-02 -2.80584280e-02  9.27365668e-02 -1.78491000e-02
  4.11250172e-02 -1.60204687e-02  3.22656123e-02  3.68082684e-02
  2.10395607e-02 -9.42300471e-04 -1.23024933e-02  8.84847351e-02
 -1.87430046e-02  4.89295276e-02 -3.56315369e-03  8.06928501e-02
 -3.96418194e-02  3.77204081e-02  5.91642538e-02  3.43794132e-02
 -1.12124314e-02  2.00467848e-02  5.14316762e-02 -7.39983376e-03
  4.26908860e-02 -6.19957830e-03  5.71237464e-02  8.50926036e-04
  2.41657782e-02  4.28730123e-02  6.88581084e-02 -6.92683819e-03
 -2.18228802e-02  8.76034557e-02  2.71664105e-02  1.71152161e-02
 -1.02141933e-02  8.86568420e-02 -2.09897913e-02 -1.42654711e-02
  5.70092780e-02  4.00572470e-02 -3.77173208e-02 -7.18741387e-02
  8.75087758e-02 -3.21452710e-02 -2.21886989e-02 -4.47918754e-02
  6.13429012e-02 -7.30970388e-02 -4.17643944e-02 -3.39231186e-02
  4.33134337e-02 -7.68955606e-02 -1.06266838e-01  1.78596071e-04
 -3.18036181e-02 -8.67745004e-02 -7.16031156e-02  2.95018309e-02
 -9.82886228e-02 -8.95746814e-02 -3.51940616e-02  2.01707783e-02
 -9.83592525e-02 -1.13565952e-01 -3.70328341e-03 -3.70538035e-02
 -7.46278559e-02 -7.57956527e-02  1.30679692e-02 -7.35899961e-02
 -9.92926890e-02 -4.81443210e-02 -2.28205021e-04 -6.47701679e-02
 -1.28750123e-01 -2.01893921e-02 -2.02995408e-02 -4.58836189e-02
 -1.20432995e-01  3.06214694e-02 -7.97721544e-02 -8.14355915e-02
 -7.12940368e-02  3.35317413e-02 -4.83477440e-02 -1.00522707e-01
 -1.28876722e-03  1.00954181e-02 -1.97192528e-02 -6.46304746e-02
  4.42338533e-02 -6.04493175e-02 -5.26080418e-02 -1.53206546e-02
  3.57613456e-02 -3.06239790e-03 -6.78557111e-02 -1.05605574e-02
  1.43598302e-02  8.59147553e-03 -5.36572688e-02  1.65598321e-02
 -6.17608000e-03 -3.99629329e-02 -5.34384221e-02  2.92642933e-02
  3.21279858e-02 -4.47809767e-02 -3.29082116e-02  2.87954570e-02
  2.72576950e-02 -5.60564640e-02  4.34526648e-03  3.43025446e-02
 -4.12974194e-02 -2.90476288e-02  2.87431650e-02  6.92034968e-02
 -6.63011518e-02  6.71186821e-03  2.34958488e-02  4.40077215e-02
 -4.60081708e-02  9.11237913e-03  6.47949371e-02 -6.78998835e-04
 -3.43401766e-02  5.01671775e-02  9.94515993e-02 -3.80356101e-02
  9.69552338e-03  3.72268475e-02  7.01720877e-02 -2.28247063e-02
 -5.35304255e-03  7.74160406e-02  5.87921065e-02 -4.49520310e-02
  4.55834941e-02  1.24750360e-01 -1.53477858e-02 -3.77861789e-03
  4.93523108e-02  1.04790579e-01 -1.67867213e-02  1.80154045e-02
  9.51926495e-02  4.89794895e-02 -2.51485091e-03  2.32188949e-02
  1.40285998e-01 -4.72241581e-02  3.32517065e-02  2.73576767e-02
  1.15592923e-01 -3.56225317e-02 -7.54038068e-04  6.21329538e-02
  1.74730822e-02 -2.28968893e-02  3.42132819e-02  9.15154960e-02
 -4.64080463e-02  3.14568818e-02  1.28922551e-02  1.03242798e-01
 -3.51100171e-02  1.60383508e-02  8.32745501e-02  9.47216437e-03
  1.32748903e-02  2.91932657e-02  9.65551401e-02 -6.88540005e-03
  3.75541741e-02  2.14155014e-02  8.41175108e-02 -3.04315510e-03
  1.44285086e-02  7.75075434e-02  3.40903025e-02  2.85139908e-02
  4.03938164e-02  1.20181998e-01 -8.29613892e-03  4.17945808e-02
  5.66553080e-02  7.51253125e-02  3.17673790e-02  1.15237887e-02
  8.75247708e-02  1.41587178e-02  4.62905997e-02  5.61214967e-02
  5.96135650e-02  3.28461635e-02  5.54140252e-02  5.36912807e-02
  6.58153962e-02]",0.2217906976744186,0.0005813953488372093,0.0,0.8032857142857143,0.27354761904761904,0.0,0.24165853658536585,0.0005121951219512195,0.0,0.7978,0.265175,0.0,0.2532307692307692,0.0012307692307692308,0.0,0.7805263157894737,0.24255263157894738,0.0,0.2647837837837838,0.002243243243243243,0.0,0.7711388888888889,0.255,0.0,0.28054285714285715,0.004314285714285714,0.0,0.7472058823529412,0.2255,0.0,0.7500892857142857,0.2294642857142857,0.0,0.0004636810964137862
3.9,0.11,707,0.6114090909090909,0.052108417650919364,0.7401363636363637,0.09546765061553357,0.2810405202858446,550.0,0.041912349722643,0.8615967690171444,0.20677706163385778,550.0,0.07392198790496712,0.8034907629097839,0.3286670181349615,11,0.3775702842567981,11,0.4928263712617692,-0.009270751668378678,15.0,1.1156560465912984,"[ 1.00000000e+00  2.29004052e-01  3.06346575e-01  3.90471137e-01
  4.67961240e-01  2.69007753e-01  3.04657191e-01  4.16612205e-01
  3.36152711e-01  2.19939088e-01  2.49954926e-01  4.92826371e-01
  2.37966015e-01  1.88381942e-01  2.26075489e-01  3.19925272e-01
  2.41713459e-01  1.40911251e-01  3.08769735e-01  2.38038862e-01
  1.57730346e-01  1.39116680e-01  3.80888881e-01  1.54203327e-01
  1.74490543e-01  1.29791977e-01  2.67031205e-01  1.61638647e-01
  1.33700104e-01  2.34830654e-01  1.82054033e-01  1.47730396e-01
  1.43133742e-01  2.65010749e-01  1.51389159e-01  1.53521950e-01
  1.46979572e-01  1.94647705e-01  2.10347972e-01  1.23109840e-01
  2.22744202e-01  1.55255068e-01  1.65118163e-01  1.12292350e-01
  2.27935240e-01  1.30771716e-01  1.43479608e-01  1.29055948e-01
  1.72632460e-01  1.58257993e-01  1.12814733e-01  1.66116466e-01
  1.00822421e-01  1.20164773e-01  1.05540941e-01  1.33207310e-01
  1.16739540e-01  9.95728687e-02  8.22060258e-02  1.05636597e-01
  1.05328335e-01  4.57696766e-02  1.21366648e-01  8.94268820e-03
  8.67873417e-02  3.88012426e-02  4.69187849e-02  5.85274320e-02
  1.39340520e-02  1.10337582e-02  5.78739654e-03  2.61272061e-02
 -2.56485553e-02  4.34649358e-02 -6.74628363e-02  2.88839927e-02
 -5.17688730e-02 -1.97123262e-02  2.27139853e-04 -1.67885523e-02
 -4.00383601e-02 -3.22685681e-02 -2.59457711e-02 -1.43829164e-02
 -1.76343610e-02 -5.70436770e-02  1.22207930e-02 -3.76618375e-02
 -1.33355942e-02 -6.26470332e-03 -6.52377235e-03  5.03568191e-03
 -5.51692841e-02  3.74828679e-02 -2.21249832e-02  1.65168301e-02
 -1.58118905e-02  2.51233973e-02 -2.17176648e-02  5.25320371e-03
 -1.18642745e-02 -1.15228282e-02  1.43521961e-02 -2.28128382e-02
  9.79163071e-03 -2.19365746e-02  3.53810614e-03 -2.82918853e-02
  1.34406893e-02 -1.62434061e-02 -1.91962933e-02  1.26600817e-02
 -2.69985989e-02  1.21419437e-02 -3.83903950e-02 -2.03474603e-02
 -2.11578519e-02 -3.71203220e-03 -5.40441991e-02  2.05799805e-04
 -1.46148035e-02 -4.29536900e-02 -3.86750029e-02 -1.80858287e-02
 -2.83686758e-02 -6.01986672e-02 -1.28782846e-02 -4.75004798e-02
 -3.20003843e-02 -6.67209652e-02 -1.72054938e-02 -2.44993658e-02
 -5.31334094e-02 -2.21235140e-02 -1.88880778e-02 -2.19393506e-02
 -4.22951685e-02  4.52648470e-03 -8.69954511e-03 -1.27750345e-03
 -1.32567101e-02  3.01061628e-04  1.59487357e-02 -1.79745585e-02
  3.61278619e-02 -6.62498039e-03  3.37589849e-02 -1.12347387e-02
  3.03468569e-02  2.43524014e-02  4.10009344e-02 -2.32464590e-02
  3.19026128e-02  3.07936637e-02 -2.21339356e-02  2.15443632e-02
  1.07593864e-02  1.84273923e-02 -2.31770126e-02 -1.74135876e-03
  3.08525049e-03  3.62346819e-03 -5.57876115e-02 -2.41280079e-02
  5.08714232e-03 -6.13061470e-02 -1.32902639e-02 -4.77648805e-02
  1.17217756e-02 -4.69904030e-02 -1.75750811e-02 -8.95880952e-03
  6.58320975e-04 -4.30427870e-02 -4.29049129e-02  1.35401748e-02
 -1.40506178e-02 -1.11205400e-02 -3.73169310e-02  3.42902064e-02
 -3.95806215e-02 -7.42568898e-03  1.47331630e-04  1.73220069e-03
 -2.41831675e-03 -5.53425156e-02  3.17252288e-02 -5.34141985e-03
  5.12219021e-03 -4.15221005e-02  5.46245567e-02 -2.70257675e-02
  1.51037502e-02 -1.81206429e-02  2.61055780e-02 -1.41044252e-02
 -4.43890359e-02  1.62460576e-02 -5.20900496e-03  4.75247541e-03
 -2.86228966e-02  2.42327006e-02 -2.85931126e-02 -5.31012026e-03
 -1.43003518e-02  1.69847299e-03 -5.55513090e-04 -1.82209134e-02
 -3.66908357e-03 -7.96717953e-03  1.65558351e-02 -2.87890392e-02
 -6.70707761e-03 -2.81129474e-02  1.75110756e-02 -4.12536963e-02
 -2.88935549e-02  1.86235989e-02 -6.94644132e-02 -2.26919528e-02
 -4.13548116e-02  3.76708161e-03 -3.92317249e-02 -3.98263074e-03
 -4.25454672e-02  7.35888420e-04 -3.51331299e-02 -1.60401435e-02
  8.48627158e-03 -3.21698676e-02  4.17847121e-03 -2.36390642e-03
  1.73227945e-02  1.33232560e-02 -6.33706131e-03 -2.45871774e-03
  2.44137651e-02 -1.14552532e-02  1.67658388e-02  4.09411031e-02
 -3.05516187e-03  1.93779504e-02  3.55988866e-03  3.44188051e-02
 -1.44681276e-03  1.71966373e-02  3.13023311e-02  1.60813842e-02
 -1.70446231e-02  2.65352899e-02  3.15620709e-02 -1.43307254e-02
  2.41619324e-03 -9.16266984e-03  4.63766567e-03 -6.34408247e-03
 -1.50323561e-02 -6.16331949e-03 -2.44750276e-02 -2.53838048e-02
 -4.15004241e-02]",0.251046511627907,0.0006511627906976744,0.0,0.7895952380952381,0.24788095238095237,0.0,0.2728048780487805,0.0013658536585365853,0.0,0.768925,0.2218,0.0,0.2921025641025641,0.0035384615384615385,0.0,0.7580526315789474,0.22823684210526315,0.0,0.30743243243243246,0.005432432432432433,0.0,0.7310277777777778,0.18958333333333333,0.0,0.31434285714285715,0.005971428571428571,0.0,0.7332352941176471,0.20091176470588235,0.0,0.7238392857142857,0.180625,0.0,0.0004169572860216557
3.9,0.11,1313,0.6035681818181817,0.04731778337968656,0.7610454545454545,0.08758527131924702,0.26724736835752827,1100.0,0.027001535303217937,0.8921914575837832,0.11978911722693138,550.0,0.06795722948507328,0.8291353119880138,0.2848724349217016,11,0.2916376681767459,11,0.49654309047144646,0.015921669598647978,10.0,1.085868084830404,"[ 1.00000000e+00  1.18949109e-01  2.64698648e-01  3.04645933e-01
  3.65431922e-01  1.99572672e-01  1.90439346e-01  3.89747995e-01
  2.54700647e-01  2.03562672e-01  1.84948761e-01  4.96543090e-01
  1.42388108e-01  1.84543670e-01  2.13298209e-01  2.21479339e-01
  2.13169369e-01  1.31515761e-01  3.37638581e-01  1.77966491e-01
  1.76305320e-01  1.50515521e-01  2.88692980e-01  1.58024208e-01
  1.27066952e-01  1.53616716e-01  1.53305989e-01  1.86308208e-01
  1.03504001e-01  2.76017608e-01  1.30239154e-01  1.51852281e-01
  9.65355763e-02  2.37841090e-01  1.51085473e-01  8.68152717e-02
  1.23307261e-01  1.34420101e-01  1.30850423e-01  7.86272987e-02
  2.08381851e-01  1.25412273e-01  1.17729314e-01  1.00235027e-01
  1.48973939e-01  1.46885603e-01  1.03057914e-01  1.06664123e-01
  1.06584217e-01  1.30536516e-01  7.99910782e-02  1.73466502e-01
  1.26672628e-01  9.84472342e-02  1.15285593e-01  9.39398188e-02
  1.18219360e-01  1.00067088e-01  1.21253050e-01  9.97763784e-02
  1.06510642e-01  1.14826171e-01  1.29032591e-01  7.34505917e-02
  9.26625986e-02  1.02259622e-01  5.01019459e-02  8.65284869e-02
  9.23739461e-02  7.68226404e-02  4.25065095e-02  5.36847979e-02
  9.40627498e-02  4.73033509e-02  8.10634773e-02  6.42616501e-02
  8.76523865e-02 -1.63874877e-03  9.04207815e-02  4.89287634e-02
  5.69135490e-02  1.14046716e-02  3.32486182e-02  4.27801936e-02
  1.05379407e-02  6.12508077e-02  1.86736397e-02  4.52888524e-02
 -3.50921704e-04  3.12698783e-02  2.93778873e-02  3.29840969e-02
  3.46818001e-02  1.89651229e-02  3.62651220e-02  2.70663470e-02
  3.82446354e-02  1.08770731e-02  3.06126669e-02 -4.78861392e-03
  2.03797322e-02  1.89838559e-02  2.40714069e-02  5.53304903e-02
  7.55138988e-03  4.44050959e-02 -3.24310789e-03  6.72542859e-02
  2.63238309e-02  3.76984643e-02  4.02849724e-02  2.82544113e-02
  3.55812119e-02  4.68903970e-02  1.66565737e-02  1.42065209e-02
  4.89209006e-02  4.49340315e-04  6.22240571e-02  1.52028648e-02
  4.46843385e-02  3.95988447e-02  1.53114927e-03  6.86386952e-02
  8.48177513e-03  3.83904138e-02  2.33007480e-02  2.06853236e-02
 -2.98734413e-04  5.28842021e-02  9.25285766e-03 -5.04792654e-03
  2.65383987e-02 -3.08521836e-02  2.10457565e-02 -4.63869740e-02
  6.45028299e-02 -2.09677912e-02 -1.76578498e-02 -1.54292385e-03
  1.13475259e-02 -2.18489803e-02 -4.33601265e-02 -1.60524540e-02
 -3.10766715e-02 -8.14757495e-03 -4.18057209e-02  2.77064462e-02
 -4.05806143e-02 -5.64281883e-02  1.68010684e-02 -5.00700990e-02
  2.33245293e-02 -6.36274332e-02  3.53117160e-02 -3.43912376e-02
  1.38550613e-02 -3.46819473e-02  8.36241917e-03 -4.04708577e-02
 -4.17358374e-02  6.01434683e-03 -1.20724767e-02  1.18453479e-02
 -3.13588316e-02  2.08353769e-02 -3.10914795e-02 -2.80123581e-02
  1.33852954e-02  1.27783007e-02 -4.94680625e-03 -7.85849889e-03
  1.12535848e-02  6.86055075e-03  2.00127939e-02  3.17649184e-03
  1.45856001e-02 -2.74989546e-02  2.53532388e-02  3.11986981e-02
 -4.59877427e-03  5.01964004e-02  9.95490380e-03  1.01367907e-02
  1.23925557e-02  5.98464716e-02  8.09176266e-04  1.75166388e-02
  9.11156707e-04  4.16163504e-02 -1.59740783e-02  1.51850819e-02
  2.76793401e-02 -4.80605188e-04 -1.97525019e-02  2.78667856e-02
  6.21195254e-02 -2.32201990e-02  6.39336671e-02 -3.66443493e-03
  2.20619729e-02  1.53642409e-02  4.67542210e-02  3.24189620e-02
 -5.22156840e-03  2.65646032e-02  2.40800756e-02  4.67129039e-02
 -1.50252809e-02  6.68302310e-02 -7.81286157e-03  1.17263871e-02
  2.01383377e-02  4.07317628e-02  4.76623720e-02  1.13379302e-03
  4.32239063e-02  2.75158974e-03  4.25679786e-02  7.52841439e-03
  5.68253884e-02  8.35382812e-03  1.30142142e-02  3.26189113e-02
  2.00957368e-02  3.17666385e-02  8.54333087e-03  5.58663500e-02
  2.21427557e-02  5.01084131e-02  5.26604464e-02  6.99604455e-02
  3.45246898e-02  1.19283936e-02  5.19101540e-02  1.95025296e-02
  5.93189184e-02 -1.95762649e-03  7.53539379e-02  2.90871524e-02
  3.78608196e-02  1.18057258e-02  5.38613642e-02  5.30545231e-02
 -3.41282593e-02  4.76927777e-02  2.41077534e-02  4.83872947e-02
 -3.50439232e-02  7.20253664e-02 -1.77928571e-02 -6.89203036e-04
 -1.06803610e-02  2.79509547e-02  4.89301862e-03 -5.31245751e-02
  1.64185655e-02  1.57116476e-02 -1.14285961e-02 -2.91537030e-02
  3.94007095e-02]",0.23237209302325582,0.001186046511627907,0.0,0.8104285714285714,0.2960952380952381,0.0,0.24846341463414634,0.001951219512195122,0.0,0.79765,0.2828,0.0,0.25584615384615383,0.0017948717948717949,0.0,0.7921842105263158,0.2743684210526316,0.0,0.2646216216216216,0.0018378378378378379,0.0,0.7796944444444445,0.2528888888888889,0.0,0.2705142857142857,0.0025714285714285713,0.0,0.77,0.24261764705882352,0.0,0.7715178571428571,0.24541666666666667,0.0,0.0005193931792758958
3.9,0.11,2029,0.5615454545454546,0.11590404623603222,0.8758181818181818,0.2321378188536904,0.4640541692672151,2.2044088176352705,0.2612596660960318,0.3803190748585455,0.004955223801005001,2.2044088176352705,0.2591677923860446,0.38308368653444297,0.008327234165999987,11,0.9767591981093625,11,0.9780403665762637,0.002123262104917347,6.0,1.0015594136604637,"[ 1.         -0.22760986 -0.24659987 -0.13676553  0.38429863 -0.2407291
 -0.24055263  0.43423818 -0.14960355 -0.24695618 -0.22887295  0.97804037
 -0.22763985 -0.24643938 -0.12409945  0.32680722 -0.24147469 -0.24017989
  0.48245782 -0.1622629  -0.24772078 -0.2280553   0.95762357 -0.22797994
 -0.24515781 -0.10740221  0.27387208 -0.24158351 -0.2404982   0.5297565
 -0.17168964 -0.24729896 -0.22780218  0.92900718 -0.22814995 -0.24509517
 -0.0893934   0.22233425 -0.24192222 -0.24113214  0.57515869 -0.18033546
 -0.24666627 -0.22826604  0.89636515 -0.22743015 -0.24517669 -0.06838602
  0.17670644 -0.24155469 -0.23975241  0.62071609 -0.18549424 -0.24400089
 -0.22559928  0.86166482 -0.2259035  -0.24295208 -0.04389299  0.13669206
 -0.24010963 -0.23796857  0.66402057 -0.18851974 -0.24234496 -0.22305767
  0.82312932 -0.22485703 -0.24068392 -0.01825985  0.10119316 -0.23834757
 -0.23637521  0.70118927 -0.19049085 -0.24022509 -0.21965078  0.78145109
 -0.22242017 -0.23822666  0.01072551  0.06797034 -0.23588893 -0.23414784
  0.73705193 -0.1911504  -0.23782902 -0.21510378  0.73656894 -0.22151924
 -0.23574486  0.04121154  0.03806171 -0.23408193 -0.23280476  0.76825493
 -0.19261404 -0.23589826 -0.21068469  0.68923925 -0.2202211  -0.23364539
  0.07447836  0.00935299 -0.23196069 -0.2314005   0.79576555 -0.19253898
 -0.23333487 -0.2045786   0.64060214 -0.21871071 -0.2316085   0.11050834
 -0.01555997 -0.22971292 -0.22984793  0.81840564 -0.19322169 -0.23144628
 -0.19800858  0.59027803 -0.21783156 -0.22942192  0.1492185  -0.0383424
 -0.22813995 -0.22780966  0.83524735 -0.19253578 -0.22865024 -0.19023588
  0.54136747 -0.21539607 -0.22666944  0.18790412 -0.05718353 -0.22519699
 -0.22507757  0.8449805  -0.19117369 -0.22551818 -0.18060886  0.4901359
 -0.21365303 -0.22410467  0.22842643 -0.07380841 -0.22290704 -0.22291415
  0.84878874 -0.19067687 -0.22263916 -0.17051792  0.43995871 -0.21180661
 -0.22147732  0.26863174 -0.08916941 -0.22034365 -0.21984466  0.8453211
 -0.18897738 -0.21950572 -0.15844336  0.39079511 -0.21006495 -0.2184908
  0.30881664 -0.1017237  -0.21769453 -0.21681596  0.83721558 -0.18831049
 -0.21711103 -0.14622189  0.34253757 -0.20809063 -0.21647431  0.35039333
 -0.11309847 -0.21553112 -0.21372469  0.82406946 -0.18737015 -0.21439934
 -0.13237598  0.29691666 -0.20620204 -0.21386874  0.39061903 -0.12156593
 -0.21233648 -0.21040353  0.80651398 -0.18582034 -0.21122648 -0.11764717
  0.25411873 -0.20376655 -0.21075846  0.43029508 -0.12874635 -0.20939628
 -0.2069994   0.78486613 -0.18456714 -0.20771622 -0.10009262  0.21342954
 -0.20181677 -0.20802775  0.46908545 -0.13394593 -0.20654042 -0.20296265
  0.75862121 -0.18223916 -0.20448217 -0.0814225   0.17499465 -0.19934049
 -0.20474876  0.50631534 -0.13806797 -0.20340974 -0.19894629  0.72872883
 -0.18085667 -0.20196096 -0.0606395   0.13922092 -0.19757843 -0.2021432
  0.54135351 -0.14210567 -0.20148036 -0.1953299   0.6946829  -0.17951774
 -0.19969417 -0.03804434  0.10547022 -0.19568984 -0.19983286  0.57453598
 -0.14451893 -0.19912784 -0.19175431  0.65865613 -0.17838692 -0.19748858
 -0.0137812   0.07482146 -0.19436992 -0.19819594  0.60362886 -0.14697437
 -0.19724063 -0.18855968  0.61883222]",0.12341860465116279,0.00011627906976744187,0.0,0.8772619047619048,0.6304285714285714,0.0,0.12324390243902439,0.0,0.0,0.87755,0.63475,0.0,0.12371794871794872,0.0002564102564102564,0.0,0.969,0.8630789473684211,0.0,0.12362162162162162,0.00013513513513513514,0.0,0.8773888888888889,0.6334722222222222,0.0,0.12374285714285714,2.857142857142857e-05,0.0,0.8772941176470588,0.6367647058823529,0.0,0.9450595238095238,0.8003571428571429,0.0,6.604820230776964e-06
3.9,0.11,3001,0.6050454545454546,0.04810733952010317,0.7616363636363636,0.08402410122564156,0.2744045084504642,3.642384105960265,0.03404409830945024,0.8763207440263302,0.09917831937562276,3.642384105960265,0.043847077101986084,0.8466073094274349,0.17309041380478454,11,0.371690483863912,11,0.4816768547501599,-0.01736275322188554,13.0,1.0959513375629537,"[ 1.00000000e+00 -2.55598309e-02  1.36098371e-01  1.61190211e-01
  3.13116081e-01  5.62114462e-02  7.08299672e-02  3.10166550e-01
  7.27265789e-02  1.20127629e-01  2.68658070e-03  4.81676855e-01
  2.97362350e-03  9.26952154e-02  9.04993016e-02  1.90200221e-01
  6.06985263e-02  9.89363117e-03  3.03783480e-01  4.76725091e-02
  9.66608868e-02 -3.75945964e-02  3.65745939e-01  5.02529955e-02
  2.33446384e-02  8.36222399e-02  1.53707091e-01  4.93146716e-02
 -1.18663827e-02  3.12186202e-01  3.26504433e-02  1.01200644e-01
 -1.75807365e-02  2.85225539e-01  2.29982060e-02  3.30350159e-02
  9.70035052e-02  7.84649065e-02  4.05588040e-02 -4.37028833e-02
  3.10384843e-01 -3.27377698e-03  4.72492515e-02 -5.85806592e-02
  1.86947204e-01  2.37194802e-02 -3.42424363e-02  1.06019620e-01
  4.21660956e-02  1.95397772e-02 -5.28111001e-02  2.57421433e-01
 -3.15247433e-02  3.93760130e-02 -3.90912262e-02  1.11943821e-01
  1.31210951e-02 -2.06223695e-02  1.24715389e-01  2.04728057e-02
 -3.93515922e-03 -3.58969774e-02  2.17431735e-01 -9.78191379e-03
  3.10837012e-02  9.74503790e-03  9.45407636e-02  2.59556923e-02
 -1.02132463e-02  1.23363538e-01  1.74364681e-02  1.39528991e-02
 -7.06307020e-02  1.75293993e-01 -1.04676955e-02  1.67267466e-03
  1.47787862e-02  6.73082155e-02 -6.50157849e-02 -1.76896530e-02
  1.38174101e-01 -1.83683515e-02 -2.35364075e-02 -9.12306556e-02
  1.20571178e-01 -2.34915546e-02 -2.35089901e-02 -6.21799938e-03
  5.04963091e-02 -5.66434981e-02 -7.57287649e-02  1.02197204e-01
 -1.02653017e-02 -3.56390079e-02 -9.78607217e-02  6.43663896e-02
 -2.26426855e-02 -2.98920604e-02  1.03404028e-04  4.17626828e-02
 -8.80609255e-02 -5.28176810e-02  9.91831073e-02  6.60433848e-03
 -3.87057810e-02 -6.60109700e-02  4.09968068e-02 -2.91229153e-02
 -3.21874111e-02  2.23484190e-02  3.73490224e-03 -7.55482421e-02
 -5.70445143e-02  7.48477832e-02 -3.12546465e-03 -5.75463295e-02
 -4.61247050e-02  2.06438489e-02 -7.04529460e-02 -4.72703478e-02
  1.30821718e-02 -1.14756294e-02 -8.46424118e-02 -9.68925710e-02
  5.90461008e-02 -4.46053316e-02 -2.03820739e-02 -5.53160342e-02
  2.40071572e-02 -7.96442752e-02 -2.93460010e-02  9.91004505e-03
  1.55149801e-02 -7.34255777e-02 -8.70383102e-02  4.88667890e-02
 -5.79288631e-02 -3.70968208e-02 -6.10107944e-02  1.49434230e-02
 -1.24065849e-01 -4.36575152e-02  5.25594434e-03 -9.32252952e-03
 -7.99889198e-02 -8.00812734e-02  1.59247396e-03 -6.28826363e-02
 -3.76936373e-02 -6.83678003e-02  1.46462790e-02 -1.41102509e-01
 -5.62623011e-02  9.86242522e-03 -2.47718626e-02 -8.75624859e-02
 -6.35113057e-02 -6.79699723e-03 -1.06779783e-01 -3.75635139e-02
 -5.54582850e-02  2.42617384e-02 -1.49117390e-01 -8.28642473e-03
 -2.28465777e-03 -3.49874629e-02 -2.79227952e-02 -5.32215833e-02
 -1.65630888e-02 -8.95800350e-02  2.10881942e-02 -2.79350545e-02
  2.46692929e-02 -8.18266867e-02 -1.38980726e-02  2.23635900e-02
  2.83939663e-04 -9.46582744e-03 -1.97318272e-02 -3.50373729e-03
 -7.23358043e-02  1.73108695e-02  1.44711281e-02  4.56044115e-02
 -7.60215160e-02  1.69941319e-02 -1.03110570e-02 -1.07475657e-02
  1.83793168e-02 -9.49478159e-03  1.43843210e-02 -6.61338016e-02
  3.01232254e-02  4.37760050e-02  3.14509277e-02 -4.82512898e-02
  1.03945014e-02 -2.06987349e-02 -2.27448125e-02  2.34435006e-02
 -4.10868405e-03  3.22501380e-02 -5.94600490e-02  3.00367886e-02
  1.25388494e-02  3.49804606e-02 -1.51806069e-02 -3.08219816e-02
 -2.18258311e-02 -3.73173695e-02  2.03849216e-02  1.10846632e-02
  1.95868223e-02 -4.92452447e-02  2.37368305e-02 -1.75827286e-02
  8.87168421e-03 -9.59199636e-03 -3.65752715e-02 -4.73656981e-02
 -3.91854528e-02  1.07159895e-02 -6.31019974e-03  1.43497650e-02
 -6.25301466e-02  8.59536406e-03 -1.31401311e-02 -6.07546340e-03
  4.55249727e-03 -8.58848521e-03 -1.89820799e-02 -5.24036307e-02
  4.19219136e-02  2.77929485e-02  1.26455652e-02 -5.33115191e-02
  1.41231037e-02 -1.96426023e-02 -2.79548780e-02  1.08294180e-02
  2.66606761e-02 -1.60963745e-02 -7.18048945e-02  2.95055936e-02
  3.22133046e-02 -1.68321853e-02 -3.29675513e-02 -2.57308060e-02
 -2.85705474e-02 -4.18086894e-02 -5.03079411e-03  2.51367479e-02
 -2.29430007e-02 -7.33510640e-02 -2.45030769e-03  3.52710876e-02
 -4.51382080e-03 -4.25170827e-02 -2.84196343e-03 -1.80865062e-02
 -7.06730478e-02]",0.22967441860465115,0.0005581395348837209,0.0,0.8102857142857143,0.2770238095238095,0.0,0.2451219512195122,0.0010487804878048781,0.0,0.791525,0.251775,0.0,0.2601282051282051,0.0021794871794871794,0.0,0.7795526315789474,0.2476578947368421,0.0,0.2735135135135135,0.0036756756756756758,0.0,0.7601388888888889,0.22733333333333333,0.0,0.2877142857142857,0.005914285714285714,0.0,0.7428235294117647,0.21282352941176472,0.0,0.746547619047619,0.23220238095238097,0.0,7.875131004359469e-06
3.9,0.11,4111,0.5699545454545455,0.05271706405875811,0.8515454545454545,0.11107889385998146,0.2684558084044882,3.642384105960265,0.2498962098421533,0.6186777320241496,0.14851505486133879,3.642384105960265,0.2211164661790237,0.5835616670468816,0.2760381547868724,11,0.7999948627552728,11,0.864838806907883,0.08084479528861438,22.0,1.0218731249659085,"[ 1.          0.07899988  0.05319494  0.33020535  0.52415967  0.09736771
  0.07893637  0.58562425  0.27303486  0.02528307  0.10227184  0.86483881
  0.05233683  0.058945    0.33466602  0.4437052   0.09188739  0.0441857
  0.65053593  0.21066592 -0.00301498  0.14157435  0.76248189  0.03361706
  0.06325563  0.34815808  0.36525982  0.06778603  0.02209344  0.6814983
  0.13331435 -0.01533338  0.16369523  0.65013844  0.02166136  0.04945796
  0.3638605   0.30471578  0.04335044  0.01149545  0.71304742  0.0648555
 -0.01489659  0.19415625  0.54209416  0.02063026  0.05010172  0.39913913
  0.2591373   0.00641217  0.0053182   0.73303764  0.01540317 -0.0168316
  0.22610223  0.4423217   0.01664631  0.01425725  0.4435764   0.19783939
 -0.02079777  0.02690357  0.68777631 -0.02175345 -0.00445043  0.25008217
  0.36352501  0.01630076 -0.01207725  0.4962741   0.1536491  -0.05561676
  0.06133722  0.62496497 -0.03372623  0.00440252  0.27384375  0.29777789
  0.0023075  -0.02405003  0.53531839  0.09139034 -0.0550584   0.0935662
  0.53930741 -0.03649481  0.00326325  0.29499809  0.24376818 -0.01891502
 -0.02499941  0.56163027  0.03390934 -0.05416011  0.12282525  0.44202832
 -0.04370692 -0.00744292  0.32057318  0.18516491 -0.04988863 -0.03276411
  0.55552335 -0.02339315 -0.06356551  0.14216039  0.35600806 -0.03964311
 -0.03116449  0.3526692   0.12791935 -0.08169782 -0.01207126  0.53109915
 -0.06607001 -0.05189266  0.1729898   0.27061441 -0.03202261 -0.04583192
  0.38424679  0.08897768 -0.10405031  0.01678321  0.4872183  -0.08820983
 -0.03570797  0.19655378  0.21147362 -0.04215542 -0.0517111   0.41851132
  0.03852265 -0.10497323  0.05914106  0.42403655 -0.08729078 -0.01379607
  0.21754469  0.17425806 -0.04879416 -0.04619849  0.45129089 -0.0176482
 -0.09318082  0.09524757  0.34926173 -0.08028182 -0.01084515  0.24296204
  0.13687537 -0.06980033 -0.02577156  0.45533561 -0.0598428  -0.07549978
  0.12655924  0.28406519 -0.06737853 -0.01670725  0.29143257  0.09563023
 -0.09187753  0.0037323   0.45095278 -0.08780293 -0.0559369   0.15589029
  0.23086997 -0.05849912 -0.02866496  0.32921963  0.06434884 -0.10695521
  0.03081881  0.42279137 -0.10308189 -0.03953385  0.17578171  0.19181243
 -0.06256479 -0.03345034  0.36531476  0.01977106 -0.11967248  0.06743806
  0.36987914 -0.11104987 -0.02688878  0.18344776  0.14477175 -0.08031233
 -0.04606312  0.38567337 -0.03612249 -0.12841711  0.09701794  0.30424019
 -0.10964085 -0.02583677  0.20476151  0.10106941 -0.10467391 -0.03376366
  0.39835261 -0.07943936 -0.10818576  0.12259102  0.24785098 -0.10137667
 -0.02713947  0.23311464  0.06292716 -0.13175861 -0.01258856  0.38987757
 -0.10909712 -0.09491407  0.13954666  0.19445449 -0.09823016 -0.0376179
  0.2626128   0.02096231 -0.14425183  0.01838888  0.36466333 -0.11847037
 -0.07536828  0.1555984   0.15964488 -0.09528493 -0.03909342  0.29686595
 -0.01977009 -0.16159112  0.04432467  0.32134646 -0.13342648 -0.06491649
  0.16162944  0.11172307 -0.10856618 -0.04757984  0.3228302  -0.0630528
 -0.16176587  0.07012749  0.27035592 -0.12400586 -0.05806326  0.174377
  0.07473155 -0.1221589  -0.04331107  0.3420076  -0.10613422 -0.14794159
  0.10051818  0.20608037 -0.12031815]",0.14590697674418604,0.00027906976744186045,0.0,0.8639523809523809,0.49685714285714283,0.0,0.14978048780487804,0.0006585365853658537,0.0,0.8646,0.5119,0.0,0.15071794871794872,0.0003846153846153846,0.0,0.8851578947368421,0.5586578947368421,0.0,0.15462162162162163,0.0015675675675675676,0.0,0.857,0.49816666666666665,0.0,0.15562857142857142,0.0028,0.0,0.8594411764705883,0.5050882352941176,0.0,0.8626190476190476,0.513452380952381,0.0,1.339543820998311e-05
3.9,0.11,5237,0.6051363636363637,0.048661442132485376,0.7559999999999999,0.08738837035170798,0.27274485502351314,2.2222222222222223,0.034643499761712514,0.8778090773760606,0.07049850807394717,3.642384105960265,0.036835255099927654,0.8440477149385684,0.17326894790645173,11,0.34854108042974286,11,0.4996433503166515,-0.018592261194612963,13.0,1.090336960797168,"[ 1.00000000e+00  9.49526213e-03  1.63388410e-01  1.88347222e-01
  3.58537213e-01  8.47364411e-02  6.68401505e-02  3.60869482e-01
  1.03734584e-01  1.06182563e-01  4.92833675e-04  4.99643350e-01
  1.71858483e-02  5.96676349e-02  5.93657445e-02  1.83129375e-01
  6.40474263e-02 -8.11880387e-02  2.93301748e-01  2.30722347e-02
  2.73058426e-02 -6.70391886e-02  3.30889958e-01 -2.80615209e-02
 -4.83029380e-02  1.18446741e-02  6.50759488e-02  4.42393219e-02
 -1.26030665e-01  2.58434836e-01 -2.45202609e-02  3.11275654e-02
 -7.42288462e-02  2.32228465e-01  9.58002000e-03 -6.81348507e-02
  3.80700919e-02  4.26013047e-02  6.69649064e-02 -1.27077758e-01
  2.39829056e-01 -1.63773154e-02 -1.53706966e-03 -6.52645112e-02
  1.73410314e-01 -1.20018094e-02 -8.10147136e-02  9.26036855e-02
 -3.07637732e-02  7.85600686e-02 -1.17565830e-01  2.07116804e-01
 -3.95662111e-02 -5.27451074e-03 -2.87538689e-02  7.69630018e-02
  2.37588686e-02 -6.02890339e-02  7.71644207e-02 -2.27993905e-02
  7.57749631e-02 -9.28641493e-02  1.66643017e-01  1.24184563e-03
 -2.17137279e-02 -2.60749488e-02  5.57621066e-02  5.21151374e-02
 -9.88581496e-02  8.26408266e-02 -3.16794438e-02  5.59549545e-02
 -7.14242179e-02  1.30383315e-01 -2.68277701e-02 -1.72729870e-02
 -2.96219228e-02 -7.79391458e-03  6.47816771e-02 -7.79658112e-02
  8.18437217e-02 -3.56430646e-02  3.96823961e-02 -7.89948098e-02
  7.78386743e-02 -9.54240274e-03 -2.69982382e-02  1.16146850e-02
 -1.72929860e-02  5.29374792e-02 -5.20141898e-02  1.02367030e-01
 -2.76548736e-02  3.66592067e-02 -4.23175087e-02  7.40774249e-02
  8.71910861e-03 -3.10570925e-02  1.84957859e-02 -3.41845626e-02
  7.74486929e-02 -7.03580782e-02  5.74172658e-02 -4.23203657e-02
  3.77310604e-02 -6.87800581e-02  4.44483596e-02  2.25760678e-02
 -4.71868006e-02  2.41983715e-02 -3.77077282e-02  4.88195800e-02
 -6.43578877e-02  3.26570163e-02 -4.45340698e-02 -1.55635446e-02
 -5.18399124e-02 -2.64406457e-02  6.44635970e-03 -4.64244560e-02
 -8.26389220e-03 -8.00266654e-02  2.84043617e-02 -8.54754535e-02
 -1.24594067e-02 -6.88538641e-02 -4.29308128e-02 -4.73634589e-02
 -5.39983810e-02  3.36364935e-03 -5.73163183e-02 -2.39174325e-02
 -9.38588639e-02  5.16784915e-03 -7.59397172e-02 -3.98623875e-02
 -7.89957621e-02 -5.70129994e-02 -4.35536403e-02 -1.05578782e-01
 -1.71587067e-02 -7.72434646e-02 -4.09042427e-02 -1.16571592e-01
 -1.14856435e-02 -7.27251083e-02 -3.49335746e-02 -7.99833341e-02
 -4.10370935e-02 -4.69220513e-02 -7.92938432e-02  1.21022808e-02
 -7.40645684e-02 -6.10780439e-03 -9.12985096e-02 -3.04842627e-02
 -2.05961621e-02 -2.90524261e-02 -4.56868721e-02 -3.90367125e-02
  3.18961002e-02 -6.65796867e-02  5.54354555e-03 -8.00771392e-03
  5.45164516e-03 -3.93362221e-02 -1.36612542e-03  3.85800676e-02
 -2.98376268e-02 -1.56944907e-03 -1.96562068e-02  4.29793819e-02
 -2.56644922e-02  3.56378268e-02  2.56368744e-03  2.01895148e-02
 -2.92886053e-02 -9.94857388e-03  4.91633732e-02 -2.61349460e-02
 -1.23660778e-02  1.08785296e-02  5.16103995e-02 -2.36522070e-02
  1.17227751e-02  4.74667873e-02  2.19875244e-02 -1.34317413e-02
 -1.65192134e-02  5.77705824e-02 -1.99800010e-02 -9.71096614e-03
  1.51407076e-02  2.63382696e-02 -1.71520404e-02 -1.87157754e-02
  2.49207181e-02 -3.79981906e-04 -4.63939812e-02 -5.76715395e-02
  2.11537546e-02 -1.78010571e-02 -5.32917480e-02 -2.53926004e-02
  3.70287129e-02 -4.61501833e-02 -7.97481072e-02  3.03614114e-02
 -7.73629827e-03 -8.00942812e-02 -6.54445026e-02 -8.57054426e-03
 -4.35493548e-02 -7.60282844e-02 -2.44755012e-02 -1.09804295e-02
 -5.90538546e-02 -7.81048521e-02 -3.00557116e-03 -4.39074330e-03
 -9.61287558e-02 -8.08123423e-02 -5.85686396e-05 -2.14189800e-02
 -7.52183229e-02 -2.20227608e-03 -2.50416647e-03 -5.48511976e-02
 -5.29984286e-02  6.29208133e-03 -1.00804724e-02 -7.22127518e-02
 -6.20270463e-02 -9.68858626e-03 -2.56921099e-02 -6.14804057e-02
  1.44402647e-02  1.93047950e-02 -5.02318937e-02 -4.04509309e-02
  5.14975477e-03  1.59663826e-02 -4.14042188e-02 -4.46464454e-02
  4.10237608e-02 -2.66915861e-02 -2.99695253e-02  1.22146564e-02
  3.39712395e-02 -6.82305604e-02 -3.59030522e-02  1.43878863e-02
  2.21751345e-03 -5.80577115e-02 -1.40164754e-02  5.05594972e-02
 -3.66073044e-02 -3.57187753e-02  4.01661826e-02  3.84476930e-02
 -6.50516642e-02]",0.23948837209302326,0.0014418604651162791,0.0,0.7995,0.27,0.0,0.2574878048780488,0.0015365853658536586,0.0,0.784975,0.245825,0.0,0.26879487179487177,0.002435897435897436,0.0,0.7707105263157895,0.2268421052631579,0.0,0.27862162162162163,0.003135135135135135,0.0,0.7683888888888889,0.2385,0.0,0.2893142857142857,0.0054,0.0,0.7547058823529412,0.22711764705882354,0.0,0.7416071428571429,0.2087797619047619,0.0,7.957825005806659e-06
3.86,0.11,101,0.5510454545454545,0.04935997391402661,0.8588181818181818,0.10602085402223142,0.11966351367104794,1100.0,0.28879950716447184,0.6449224317405317,0.46308874388606563,1100.0,0.4942240433672323,0.44494912831113753,0.7924712515821928,4,0.6003048422336748,3,0.8344212549681668,0.4003004133936542,15.0,1.0514775446602482,"[1.         0.79076028 0.79718849 0.83442125 0.82390096 0.7851094
 0.80205161 0.80349633 0.79290472 0.78780796 0.78820606 0.77279749
 0.78596936 0.77541341 0.77786909 0.76266272 0.75925482 0.75156522
 0.76049105 0.75083908 0.74281642 0.75705881 0.75438836 0.72146038
 0.74248209 0.73115303 0.71578012 0.72305276 0.73164553 0.7185324
 0.72142812 0.71478514 0.71966713 0.71407077 0.7189171  0.71368947
 0.71719177 0.70350772 0.70805664 0.70141366 0.70262053 0.71663683
 0.70510558 0.69798689 0.69333018 0.69804564 0.69642181 0.68277342
 0.69533871 0.68994455 0.68293285 0.681416   0.68003002 0.6622308
 0.69049579 0.6804512  0.66086791 0.67444417 0.66958526 0.66318014
 0.67008405 0.65575776 0.66512364 0.66410639 0.65520364 0.64067516
 0.65239602 0.65343636 0.64348698 0.64371854 0.65220433 0.63750932
 0.64279569 0.63106225 0.62826093 0.62441298 0.63565815 0.61283978
 0.62081421 0.61922604 0.61723349 0.60927038 0.61751831 0.59813722
 0.61777925 0.59957565 0.59616775 0.59511484 0.59705915 0.5819241
 0.59671351 0.58518226 0.58541382 0.58378999 0.58964728 0.57120583
 0.58353327 0.57321517 0.56350365 0.55928698 0.57586047 0.55263772
 0.55731751 0.55771561 0.55160789 0.54035014 0.54900247 0.53602021
 0.53976036 0.53607895 0.53445512 0.51669156 0.53960433 0.51732122
 0.52014563 0.51319348 0.51153399 0.51516716 0.50339806 0.49247338
 0.50382553 0.49792    0.50219541 0.48233861 0.4951061  0.49129381
 0.48141576 0.48403797 0.48291374 0.48261005 0.47050788 0.46382924
 0.47541923 0.4675631  0.46290639 0.45679867 0.46319122 0.44171688
 0.45064271 0.45636913 0.43941434 0.43883713 0.44145935 0.4297259
 0.43865173 0.41526245 0.42654327 0.42620392 0.42198725 0.40799403
 0.41735991 0.42045782 0.40326518 0.4080163  0.41188732 0.39307714
 0.40216951 0.39707275 0.39925492 0.37943378 0.39937322 0.38693798
 0.38689603 0.39349077 0.38559898 0.38162016 0.39451853 0.37688584
 0.38035248 0.37778901 0.38377718 0.37540968 0.38214706 0.36697634
 0.37741274 0.36985401 0.37230969 0.3613137  0.37073913 0.36045669
 0.36897814 0.36273955 0.3620197  0.35116634 0.37319902 0.35172468
 0.33861155 0.3545428  0.36811906 0.3398415  0.35092013 0.35229353
 0.3537978  0.34711916 0.3496105  0.33537943 0.3464224  0.33634215
 0.34328172 0.32719526 0.32270508 0.33102434 0.33371787 0.31584733
 0.33080328 0.32691967 0.32053844 0.31887896 0.32133463 0.31478687
 0.30831043 0.32026915 0.31250823 0.30040606 0.31515981 0.29984646
 0.29794912 0.30683929 0.30352661 0.29674099 0.31028159 0.29753718
 0.29506893 0.30692067 0.29518722 0.28604662 0.31107652 0.2865693
 0.28709827 0.29959225 0.29247357 0.26991695 0.29511338 0.2908254
 0.28181566 0.28399783 0.28465767 0.26739372 0.28700009 0.28278342
 0.26892107 0.27272078 0.27999341 0.26239639 0.26899113 0.26247902
 0.26263927 0.26134851 0.2708096  0.24084318 0.26600396 0.26384487
 0.25659532 0.25024975 0.26537223 0.24764433 0.25370381 0.24335005
 0.25281114 0.23966235 0.2450796 ]",0.11113953488372093,0.00018604651162790697,0.0,0.908,0.6534285714285715,0.0,0.12536585365853659,0.00036585365853658537,0.0,0.89505,0.624275,0.0,0.1365897435897436,0.0005128205128205128,0.0,0.8803947368421052,0.5923421052631579,0.0,0.14897297297297296,0.00043243243243243243,0.0,0.8674722222222222,0.5681111111111111,0.0,0.161,0.0006,0.0,0.8542941176470589,0.5488823529411765,0.0,0.8506547619047619,0.5413988095238095,0.0,0.0009318156280302032
3.86,0.11,707,0.5329999999999999,0.028478061731796282,0.9093636363636365,0.043417157746412395,0.06400557708836131,2.0036429872495445,0.14079259722965543,0.8447000628476901,0.08170517032038682,366.66666666666663,0.0530436312281229,0.8453431985447406,0.2693069036402945,4,0.32338751261069393,4,0.40129563120939393,-0.013435794384682176,13.0,1.038301847623002,"[ 1.00000000e+00  1.43939723e-01  2.67854544e-01  2.97199654e-01
  4.01295631e-01  1.67129686e-01  2.83056467e-01  2.31170841e-01
  3.53125917e-01  1.16774441e-01  3.02706177e-01  1.95811803e-01
  2.84008424e-01  1.45541126e-01  2.71113180e-01  1.54573533e-01
  2.23253821e-01  1.46275139e-01  2.04330281e-01  8.61334013e-02
  2.03568353e-01  9.18513424e-02  1.73793881e-01  1.12488767e-01
  1.78983524e-01  6.41778341e-02  1.74302107e-01  9.46863194e-02
  1.78060304e-01  5.28552559e-02  1.98697729e-01  8.67549315e-02
  1.26499400e-01  5.89402037e-02  1.80895281e-01  7.23436738e-02
  1.19096310e-01  9.17754397e-02  1.42596627e-01  4.36902935e-02
  1.48540355e-01  7.01302271e-02  1.53729999e-01  9.23440445e-03
  1.59145429e-01  5.70736919e-02  1.31782275e-01  3.79243651e-02
  1.11653076e-01  7.68724644e-02  7.03503107e-02  4.15979946e-02
  1.33185806e-01  5.04046152e-02  8.02780230e-02  7.89619056e-03
  1.37085222e-01  1.91141295e-02  1.00076796e-01  2.09125823e-02
  1.40004767e-01  4.20783053e-02  5.14555076e-02  1.42635774e-02
  1.27553253e-01 -4.94951377e-02  8.45165307e-02  8.51772080e-03
  1.17964632e-01  9.73411330e-04  5.30002579e-02 -2.20186799e-02
  1.08376011e-01 -5.34503852e-02  6.17990348e-02 -2.24136021e-02
  5.93031489e-02 -6.63534730e-02 -1.74173705e-03 -3.31311586e-02
  4.93396774e-02 -5.19779745e-02 -8.61652905e-03 -3.88002914e-02
  9.38379060e-03 -7.86716107e-02  1.38960726e-02 -5.10260179e-02
  2.46624374e-02 -3.78483349e-02  2.42443108e-03 -4.02674969e-02
  1.75618583e-02 -3.28923225e-02  1.19772930e-02 -3.48599104e-02
  2.25178707e-02  3.93912557e-03  3.78810849e-02 -4.33919357e-02
  6.72606348e-02 -5.24348137e-04  2.71635284e-02 -2.73592039e-02
  5.57889933e-02  2.05568073e-02  2.02887364e-02 -7.18119682e-03
  3.81399928e-02 -1.68904277e-03  4.38579339e-02 -1.66930942e-02
  4.09104739e-02 -1.62493638e-02  2.08579989e-02 -1.32064515e-04
  3.47897669e-02  7.63240031e-04 -1.91614910e-03 -1.30351522e-02
  4.33627567e-02 -1.52285272e-02  3.20524065e-02 -5.11803582e-02
  1.32055906e-02 -5.37315449e-03 -2.63632179e-02 -4.59218350e-02
  2.39641116e-02 -4.78894229e-02  9.48835812e-03 -6.67362388e-02
  4.27106725e-02 -7.78975257e-02 -8.68894034e-03 -5.83890361e-02
 -6.81376373e-03 -5.93767519e-02 -2.95033442e-02 -7.21952721e-02
  1.19327972e-02 -6.95660105e-02 -1.17366553e-02 -5.29971371e-02
 -2.65149197e-02 -7.09408047e-02  8.59041507e-03 -5.91945679e-02
 -2.93211601e-02 -2.55206793e-02 -6.72399094e-03 -4.41417082e-02
 -1.18569821e-02 -5.96740575e-02  2.30225656e-02 -2.74316152e-02
  1.97725947e-02 -4.38287191e-03  3.65672553e-02 -2.71491761e-02
  4.00996652e-02 -1.66085984e-02  5.95314310e-02 -1.86529101e-02
  4.08336784e-02 -1.46689260e-02  2.98981786e-02 -1.26545585e-03
  4.20959896e-02 -1.89833364e-02  6.22051167e-02  6.74216551e-04
  4.18501308e-02 -7.17260376e-03  5.52536009e-02 -4.07898403e-02
  2.30678107e-02  1.54944936e-03  3.16486442e-02 -4.38985915e-02
  4.64835606e-02 -5.17627932e-03  1.86688327e-02 -4.50475986e-02
  3.85521728e-02  1.34168340e-02  6.36638248e-03 -3.44425251e-02
  8.38955744e-02 -3.76924959e-02 -1.52788301e-02 -2.57204720e-02
  2.51007154e-02 -1.32968739e-02 -1.93674534e-02 -3.53090931e-02
  2.90001319e-02 -5.30269737e-02  3.23067548e-02 -6.13253681e-02
  2.08429570e-02 -8.13514622e-03 -7.17688036e-04 -4.75548914e-02
  1.79599928e-02 -4.86193310e-02 -1.00805221e-02 -5.57120663e-02
  1.13741684e-03 -4.20828091e-02 -1.22094013e-02 -5.78409455e-02
 -2.12618807e-02 -3.69777334e-02 -6.24455710e-04 -4.26390225e-02
  2.15386921e-03 -3.96349105e-02  1.08942962e-03 -5.03446232e-02
 -1.64026638e-02 -4.29694488e-02 -6.84195821e-03 -2.45175550e-02
 -2.09428613e-02 -4.70580721e-02  7.15430564e-03 -5.27193612e-02
  1.35496080e-02 -2.86907458e-02  1.63423610e-03 -3.77432253e-02
 -1.51037724e-02 -3.66221337e-02 -3.30474400e-02 -4.13035507e-02
 -2.58980527e-02 -4.01824591e-02 -2.04826224e-02 -6.61141666e-02
 -6.09928015e-03 -5.29364835e-02 -3.15026897e-02 -6.72631737e-02
 -1.50105401e-02 -6.30534025e-02 -4.84019895e-02 -6.60775863e-02
 -5.02205141e-02 -5.00370107e-02 -5.34704849e-02 -8.80253097e-02
 -1.21110673e-02 -3.34036415e-02 -5.41679178e-02 -6.84523243e-02
 -1.80827110e-02 -3.57583078e-02 -4.68773109e-02 -4.52623614e-02
 -1.67512887e-03]",0.07086046511627907,2.325581395348837e-05,0.0,0.9443095238095238,0.7511190476190476,0.0,0.07470731707317073,2.4390243902439026e-05,0.0,0.942125,0.744575,0.0,0.07571794871794872,2.564102564102564e-05,0.0,0.939921052631579,0.7383421052631579,0.0,0.07662162162162162,2.7027027027027027e-05,0.0,0.9391111111111111,0.7377222222222222,0.0,0.07822857142857143,0.0,0.0,0.9360588235294117,0.7238529411764706,0.0,0.9360714285714286,0.7249702380952381,0.0,8.848344052509542e-05
3.86,0.11,1313,0.5655909090909091,0.04386307112212347,0.8224090909090909,0.06494834247371248,0.14247350767248534,2.0036429872495445,0.20597187475360032,0.7669312385693999,0.09563982454271,1100.0,0.08774861056418846,0.7995170411096032,0.31430743591836524,4,0.45080244271059144,4,0.4803133275249027,-0.008099720894849923,13.0,1.0828296127835297,"[ 1.00000000e+00  1.48619939e-01  3.32123900e-01  3.27705440e-01
  4.80313328e-01  1.57476097e-01  3.69052438e-01  2.50951472e-01
  4.10749129e-01  1.57358636e-01  3.87012013e-01  2.31679415e-01
  3.47297142e-01  1.80408700e-01  4.21915229e-01  1.93067128e-01
  3.17658474e-01  1.92014594e-01  3.68328786e-01  1.51278000e-01
  3.04424668e-01  1.85301980e-01  3.47905210e-01  1.38991956e-01
  3.08599321e-01  2.11213454e-01  3.02158991e-01  1.48442732e-01
  3.22545968e-01  1.83841579e-01  3.06575115e-01  1.40820070e-01
  3.31978621e-01  1.21207557e-01  3.16323199e-01  1.60563496e-01
  2.82999724e-01  1.59993905e-01  3.21519575e-01  1.16916558e-01
  3.01795387e-01  1.46221318e-01  2.62675133e-01  1.16557626e-01
  2.92035730e-01  7.12134867e-02  2.37773808e-01  1.19134063e-01
  2.75160263e-01  7.91777203e-02  2.32268550e-01  1.31055388e-01
  2.58582104e-01  4.02681248e-02  2.85007332e-01  7.74131083e-02
  1.96022041e-01  7.84598556e-02  1.96530009e-01  5.62832411e-02
  1.69504377e-01  7.16355676e-02  1.98326195e-01  4.03555362e-02
  1.87575627e-01  5.37942154e-02  1.78924341e-01  1.63461367e-02
  1.55187225e-01  5.00169711e-02  1.17441838e-01  7.15740260e-04
  1.69487017e-01  1.49905075e-02  1.06901929e-01  1.41236074e-02
  1.60210302e-01  5.71379242e-03  8.52891196e-02  3.42941388e-02
  1.15188497e-01 -2.88297288e-02  1.07020153e-01 -1.86572133e-03
  9.73471443e-02  1.04953985e-02  8.97734173e-02 -3.01853580e-02
  9.72855204e-02 -1.24922789e-02  9.96512983e-02 -1.97686974e-02
  8.07631987e-02 -6.38585546e-03  7.72024005e-02 -4.30536832e-02
  9.24988898e-02 -6.19976199e-02  9.11490473e-02 -1.96504741e-02
  5.96275447e-02 -2.56078621e-02  1.03293721e-01 -4.95306125e-02
  4.73415005e-02 -2.70624763e-02  6.81374606e-02 -4.19376471e-02
  3.22498837e-02 -2.35941140e-02  6.19077893e-02 -6.08007214e-02
  7.13335397e-02 -2.58108565e-02  6.04712977e-02 -4.17077494e-02
  6.07936313e-02 -2.55751720e-02  1.38331531e-02 -6.39151759e-02
  6.60081295e-02 -6.48379130e-02 -8.67158179e-03 -3.65548751e-02
  4.97272791e-02 -4.73612799e-02  3.32916066e-02 -1.15911641e-02
  4.51139468e-02 -3.29316906e-02  4.25748707e-02 -1.19500964e-02
  3.66174826e-02 -3.60403583e-02  4.73064264e-02 -6.57040507e-02
  3.05176083e-02 -1.45507965e-02  2.21636304e-02 -3.61886314e-02
  2.61457472e-02 -3.19092062e-02  4.65885617e-02 -8.07274946e-02
  5.48250785e-02 -4.01641991e-02  3.61784502e-02 -4.98930447e-02
  1.96869405e-02 -3.84238500e-02  5.37848802e-02 -5.86868172e-02
  1.59836560e-02 -2.70413045e-02  6.19905851e-02 -5.93988951e-02
  4.46629873e-02 -3.66153279e-02  4.67314568e-02 -3.63488315e-02
  5.21461218e-03 -2.64401386e-02  3.42779010e-02 -4.85050788e-02
  3.69409873e-02 -3.24841758e-02  2.87726435e-02 -3.38898555e-02
  4.51466921e-02 -3.95499351e-02  1.33278811e-02 -3.90978046e-02
  2.13787638e-02 -5.47532262e-02  1.85982165e-02 -6.66930275e-02
  1.47959470e-02 -5.40904364e-02  4.08121921e-02 -4.11905369e-02
 -7.41147951e-03 -2.91267255e-02  3.64403310e-02 -6.36394347e-02
  6.18202176e-03 -3.97224710e-02  4.79345508e-02 -7.50712683e-02
  4.24601053e-02 -4.57106711e-02  2.57271243e-02 -7.11758006e-02
  5.88033419e-02 -4.31342339e-02 -1.25878544e-02 -5.15440490e-02
  6.24573383e-02 -7.66560330e-02  7.47100263e-03 -4.83729950e-02
  4.89820605e-02 -5.59467220e-02 -5.60641630e-04 -5.52712428e-02
  3.74762671e-02 -4.24271805e-02  1.99630353e-02 -6.93411375e-02
  4.17248803e-02 -7.48155831e-02  2.07374994e-02 -3.68345115e-02
  7.16003416e-04 -5.21926248e-02  4.84509457e-02 -8.31753477e-02
  3.54894223e-02 -4.96901474e-02  1.21054516e-02 -8.18062668e-02
  5.38021435e-02 -5.53810390e-02 -1.07705515e-02 -5.91833085e-02
  3.44837852e-03 -6.66453611e-02  8.86120017e-03 -6.05639629e-02
 -2.05687901e-03 -6.06506120e-02  1.19205798e-02 -1.03839633e-01
 -4.32945868e-03 -5.21475988e-02 -1.38168330e-02 -8.98929859e-02
 -9.18426224e-03 -9.33421098e-02  1.85782709e-03 -8.63687864e-02
  1.64299027e-02 -8.36498630e-02  1.31664129e-02 -5.86553400e-02
 -6.55777470e-03 -8.62197510e-02  2.65184429e-02 -7.57164413e-02
  7.57450621e-03 -9.03501409e-02 -1.56238305e-02 -9.11612037e-02
 -8.11172740e-03 -8.50239683e-02  1.63440159e-02 -1.06364495e-01
 -2.46340491e-02 -7.24521892e-02  1.25109344e-02 -1.30912674e-01
 -2.62561748e-02]",0.13774418604651162,0.00011627906976744187,0.0,0.8916428571428572,0.5263095238095238,0.0,0.14448780487804877,4.878048780487805e-05,0.0,0.88525,0.509175,0.0,0.15176923076923077,0.00010256410256410256,0.0,0.8775526315789474,0.4977894736842105,0.0,0.1602162162162162,0.00010810810810810811,0.0,0.8682777777777778,0.46955555555555556,0.0,0.16794285714285714,0.00011428571428571428,0.0,0.8581764705882353,0.4486470588235294,0.0,0.856279761904762,0.4424702380952381,0.0,9.507344846182062e-05
3.86,0.11,2029,0.531,0.023891801560748445,0.9161363636363637,0.03712484521491508,0.05895460206655016,4.104477611940299,0.01117149801470964,0.920955277266339,0.04847303783487167,4.104477611940299,0.016840508374346357,0.9115080369263385,0.09518972582913147,3,0.1719095397356266,4,0.2582793947797885,0.007114526706987659,13.0,1.0367265058381772,"[ 1.00000000e+00 -5.52346915e-03  4.10086776e-02  1.51851434e-01
  2.58279395e-01 -2.76997952e-02  2.21303315e-02  2.69055544e-02
  1.94398613e-01 -2.89189576e-02  8.02748090e-02  5.81340179e-02
  1.54668039e-01  3.63011860e-02  5.48005029e-02  1.28193640e-02
  6.15326749e-02 -2.22053878e-02  1.33684709e-02 -6.87206018e-02
  5.69630647e-02 -4.43292461e-02  4.07143125e-02 -3.75446062e-02
  1.22855206e-02  3.30184694e-02  5.87824049e-03 -2.00628252e-03
 -4.41166149e-03  4.76520972e-02 -1.78946077e-02 -4.00878666e-02
  1.74550361e-02  4.62354308e-03 -1.48039099e-02 -5.66635890e-03
 -1.90300259e-02 -2.52655589e-02 -1.66601820e-02  1.55632289e-02
  1.26256759e-02 -3.43024329e-02  4.57416878e-02  2.18994389e-02
 -4.36997339e-02  1.38431688e-02  3.94706197e-02 -9.63865314e-03
 -4.55560060e-02  2.29451847e-02  2.33056117e-02 -1.53775472e-02
  9.40605697e-04  3.20996685e-02  2.63963095e-02 -6.22306337e-03
 -1.41075864e-02  2.36474364e-02  1.08159434e-02  2.87830863e-02
 -1.53792166e-02 -5.65702371e-03  3.42791631e-02  2.20323120e-02
 -4.57480248e-02 -1.92921608e-03  5.11988907e-02  5.44006569e-03
 -5.24463312e-02  2.70656155e-02 -3.85229956e-03 -5.23769305e-02
 -3.82399417e-02  1.98351351e-02 -2.32103518e-02 -1.94994770e-02
 -2.13202141e-02 -4.02154930e-02 -9.58860425e-03  2.76342445e-02
 -5.72206342e-02 -9.03949740e-03  5.29182012e-02  3.80892839e-03
 -5.46621104e-02  1.54880704e-02  4.66471332e-02 -1.67708756e-02
 -2.74212045e-02 -1.00387036e-02  3.48444532e-02  5.61095761e-02
 -6.06082865e-02  4.91701219e-02  7.92123688e-02  5.54225878e-02
 -1.51235550e-02  1.05563638e-02  8.51213405e-02  2.61181276e-02
 -3.56508911e-02  1.03490816e-02  6.62429943e-02  6.66034213e-02
  2.12106448e-03  1.34922474e-02  7.10351501e-02  2.02768872e-02
  3.38292341e-02 -3.73710875e-03 -7.87017952e-05  4.97514250e-02
  1.00039181e-02  8.71535503e-03 -1.23610879e-02  7.81616146e-02
  2.68711778e-02 -3.26642091e-02  5.78584935e-02  4.17290205e-02
 -1.12104064e-02 -3.39358393e-02  1.75432775e-02  4.42875443e-02
 -1.03008725e-02  9.84743436e-03  3.54748853e-02 -1.41665616e-02
  2.68864411e-02  1.45871222e-02 -5.37250480e-03  5.99867808e-03
 -9.01397894e-03  2.04960939e-02 -5.16990389e-02  2.61639178e-02
  1.60982307e-02 -1.65211422e-02 -1.78097052e-02  7.28557168e-03
 -9.37607534e-03  4.15708674e-02 -3.22732554e-02  2.13870254e-02
  1.84494724e-02  2.21078794e-02 -1.15758416e-02  4.32012551e-02
  6.75172820e-03  3.01980151e-02 -2.55072177e-02  4.62919530e-02
 -2.09562098e-02 -8.07902887e-04 -4.10875839e-02  2.30512788e-02
 -4.25478940e-02  1.99419787e-02  4.92932170e-03 -1.30621131e-03
  2.37890656e-02  3.78735865e-02 -3.52291040e-03 -6.46046342e-03
 -1.10470064e-02  4.53790803e-02 -6.96897923e-02 -2.15086555e-02
  2.99704613e-02  1.54899783e-02 -5.61729804e-02  9.61487225e-03
  1.93370651e-02  3.73042080e-02 -1.56352189e-02  2.21198039e-02
  2.08312409e-02  1.51278819e-02 -7.59755105e-03 -3.36209640e-02
 -3.57871713e-03  1.32716098e-02 -2.32568915e-03 -3.11149080e-02
  3.30239546e-02  6.35983755e-02  8.42531677e-03 -1.64037027e-03
  2.55021072e-03  6.77534215e-02  1.69951586e-02 -2.96446835e-03
 -1.24979814e-02  3.23851754e-02 -6.29798339e-03 -1.20013424e-02
  7.61479049e-03  8.38287572e-02 -1.31012255e-02  1.14618773e-02
  2.77800302e-02  5.12263171e-02  2.90330582e-02  1.01377792e-02
  2.25325624e-03  3.39444931e-02 -2.83566997e-02  2.20056011e-02
  2.51318340e-02  5.02271109e-02  3.24486479e-02  6.13740788e-02
  1.72117760e-02  5.05520028e-02  5.04327236e-02  1.94623407e-02
 -8.21006225e-03  2.95449605e-02 -1.35005264e-02 -1.47890894e-02
 -2.20889705e-02  2.93901463e-02 -4.63420700e-04 -6.16677967e-03
  1.34493532e-02 -2.74149697e-02  3.78407089e-02 -3.27054338e-02
  1.05287330e-02 -2.48564459e-02 -1.56664270e-02 -1.03590301e-02
 -6.49474470e-02 -2.11811061e-02  1.49249267e-02 -2.31735903e-02
  2.99545165e-02 -4.31384641e-03 -1.18761350e-03  2.00775093e-02
  2.70338963e-02 -1.82452225e-02 -3.93216655e-02  4.18392712e-02
  1.14010623e-02 -6.35598764e-02 -1.75599036e-02  5.88638323e-03
 -2.17860197e-02 -1.97766027e-02 -2.10651658e-02  2.38179910e-02
 -4.83771417e-02  1.45298505e-03 -9.72951794e-03  1.81315649e-02
 -2.22005840e-02 -1.96065251e-02 -4.61621121e-02  2.12747306e-02
 -5.63995462e-02]",0.06406976744186046,0.0,0.0,0.9539285714285715,0.7781666666666667,0.0,0.06531707317073171,0.0,0.0,0.950475,0.7668,0.0,0.06625641025641026,0.0,0.0,0.9507894736842105,0.7699473684210526,0.0,0.06824324324324324,0.0,0.0,0.9483055555555555,0.7619166666666667,0.0,0.07002857142857143,0.0,0.0,0.9438235294117647,0.7496470588235294,0.0,0.9459821428571429,0.7590476190476191,0.0,1.3235887180125762e-05
3.86,0.11,3001,0.5493636363636363,0.04288785106058639,0.8635454545454546,0.08755866982290801,0.10823078960819224,1100.0,0.22642770508332516,0.7248645078703287,0.3912939571070642,1100.0,0.44698497943255827,0.48370140553793595,0.7326285141946001,4,0.5248628899985031,4,0.7842899298020146,0.30436416782818415,15.0,1.0619340413638905,"[1.         0.70536412 0.7117036  0.76148516 0.78428993 0.67999867
 0.72881058 0.72582434 0.74566462 0.69613599 0.72767358 0.7084382
 0.73345393 0.7090431  0.72055804 0.68932889 0.72213259 0.69712886
 0.7105028  0.69803021 0.70690191 0.67871756 0.70446201 0.68598015
 0.69010867 0.67184294 0.69084939 0.6556306  0.68746464 0.66415929
 0.66006757 0.66478898 0.68581506 0.65364105 0.66369854 0.67634375
 0.6726843  0.62981337 0.65639165 0.64739613 0.65707686 0.63207313
 0.65495821 0.63669248 0.66157238 0.62856455 0.64608876 0.62976235
 0.65760673 0.61939866 0.62708456 0.61431552 0.64690308 0.59966573
 0.63077105 0.60325991 0.62894885 0.58564563 0.62370509 0.58937564
 0.61447168 0.5879054  0.61367465 0.57710943 0.60888796 0.57825171
 0.59720265 0.58324782 0.603681   0.56428713 0.58819738 0.57912155
 0.58686297 0.53924885 0.58835721 0.56238383 0.55567959 0.5542559
 0.57008173 0.54470124 0.54505625 0.55303859 0.56107646 0.52628994
 0.5300417  0.53231122 0.53169656 0.51774173 0.52645281 0.52804912
 0.52134488 0.49529118 0.51820698 0.51810492 0.49946243 0.49216529
 0.51858295 0.47816391 0.48873399 0.47936171 0.50238261 0.45921523
 0.47786971 0.47903375 0.47788172 0.45376733 0.48872648 0.45704027
 0.46620841 0.43772761 0.47527448 0.44552758 0.46714655 0.43680676
 0.46796759 0.42954338 0.44612273 0.42155128 0.45034053 0.41577014
 0.42849566 0.42483621 0.43222567 0.41018642 0.43194122 0.41612739
 0.41974333 0.39843281 0.4159015  0.41485457 0.4048894  0.40538023
 0.40460495 0.40814058 0.41291751 0.39160699 0.39274623 0.38908678
 0.3784484  0.3683474  0.38417324 0.37428837 0.36588575 0.36616044
 0.36153134 0.35558062 0.36200041 0.36381286 0.35303866 0.35374562
 0.34555914 0.34249259 0.34239052 0.34509232 0.33394135 0.32160459
 0.32667797 0.31908439 0.32639353 0.32087508 0.31349763 0.30369308
 0.31248446 0.29147039 0.30619074 0.29474332 0.2973896  0.28720829
 0.29540678 0.2725585  0.2875753  0.26745057 0.27742775 0.26050843
 0.26684792 0.2559934  0.26850278 0.25268896 0.25495848 0.24507361
 0.25965813 0.25257713 0.26314721 0.23717382 0.240413   0.25246531
 0.23621921 0.22455566 0.2312719  0.24636901 0.21454697 0.21350004
 0.22466301 0.22900767 0.21222418 0.21745819 0.21557743 0.2126715
 0.20761012 0.21173864 0.21400816 0.21872958 0.19906192 0.21305354
 0.20271161 0.20217727 0.20245196 0.20167669 0.19890658 0.18465531
 0.2033901  0.18542083 0.17286793 0.19664235 0.19077194 0.17511873
 0.18746749 0.18819925 0.17847501 0.16659532 0.18072277 0.17070208
 0.17372512 0.16976923 0.17257612 0.15727488 0.16762882 0.16879285
 0.16335472 0.1629562  0.17285306 0.15639082 0.15035979 0.16265303
 0.16241514 0.15306766 0.16239642 0.15296863 0.15480587 0.16650622
 0.14923494 0.16691978 0.15369367 0.14849647 0.14329926 0.15721057
 0.14468247 0.15587023 0.13428806 0.15116386 0.14359506 0.14462327
 0.13430614 0.15460349 0.14568828 0.15434384 0.13208845 0.15742543
 0.1422848  0.14412205 0.12283632]",0.10472093023255814,0.0001627906976744186,0.0,0.9136428571428571,0.637452380952381,0.0,0.11670731707317074,0.00046341463414634144,0.0,0.90425,0.6231,0.0,0.1266923076923077,0.0005128205128205128,0.0,0.8898157894736842,0.5959210526315789,0.0,0.13743243243243244,0.0009729729729729729,0.0,0.87725,0.5706944444444444,0.0,0.14634285714285714,0.0007714285714285715,0.0,0.8696176470588235,0.5549705882352941,0.0,0.8659523809523809,0.5444345238095238,0.0,0.0009156347196480106
3.86,0.11,4111,0.5296363636363637,0.027367109414148043,0.9180909090909092,0.037233793412716154,0.057310403209222004,2.0072992700729926,0.15974794624365699,0.8166566949272096,0.04608735961110417,2.0072992700729926,0.043146485055622116,0.9030414498865006,0.08888406764932338,4,0.3277502848934258,4,0.25724741347868746,-0.005661048402303199,11.0,1.0345746043128619,"[ 1.00000000e+00 -8.81525428e-02  8.35473345e-03  1.13651928e-01
  2.57247413e-01 -1.21064832e-01  1.06590767e-01  5.55561800e-02
  1.72922001e-01 -9.33210224e-02  1.52960619e-01  2.97944548e-02
  4.87990336e-02 -4.05338441e-02  1.96504821e-01 -3.20330591e-02
  5.52312410e-02  4.78980230e-03  1.13958853e-01 -8.07457408e-02
  1.03240447e-01  1.34545119e-02  6.85248794e-02 -4.03401565e-02
  8.29899325e-02  1.34693934e-02  7.28646750e-02 -3.22685950e-02
  7.30285995e-02 -3.86620866e-02  4.63697115e-02  1.06824590e-02
  7.00777406e-02 -5.80064859e-02  5.22087708e-02  2.57644945e-02
  2.12249687e-02  5.20996467e-03  7.05695143e-02 -1.37052111e-02
  4.07720084e-02 -1.29481384e-02  5.40507652e-02 -4.06532325e-02
  1.75536069e-03  4.96751640e-02  4.57287864e-02 -1.67812787e-02
  9.50733320e-02 -6.76871668e-04  1.54722505e-04  4.85817284e-03
  7.79614348e-02  1.05333076e-02  2.01548201e-02 -6.28945627e-03
  7.00925138e-02  3.25753466e-03  2.82263815e-02  6.30313526e-02
  7.65247212e-02 -3.68053190e-02  1.03964516e-01  3.87688912e-02
 -7.90217419e-04  1.86674192e-02  7.20984328e-02  1.94244919e-02
  5.97406732e-02 -1.15593102e-02  4.51504114e-02  2.80892015e-02
  3.33857999e-02  9.62708354e-03  1.82023900e-02 -1.42061543e-02
  4.08642133e-02  1.38267888e-02 -1.36636934e-02  2.00950717e-02
  3.01696420e-02 -2.45967108e-02  5.22383171e-02  9.40050042e-03
  2.67657252e-02  1.95406395e-02  3.69058642e-02 -1.90467847e-02
  1.79906885e-02 -8.90664570e-03 -2.56384132e-03  1.42082354e-02
  8.02935555e-03 -6.34629444e-03  3.11442366e-02 -3.40513885e-02
  1.81933289e-02  5.38970833e-04  4.78656261e-02 -1.24119369e-02
  2.40323882e-02 -2.53628446e-02  2.25569587e-02 -6.94614790e-02
  8.16132761e-04 -9.68766106e-03 -2.13777511e-02 -3.08353389e-02
  6.18000812e-02 -4.05075386e-02 -4.50470644e-02 -9.78903546e-03
  2.21902854e-02 -7.35599183e-02 -1.14790767e-02 -2.25760186e-02
 -5.80394193e-03 -2.50976540e-02  9.17398776e-04 -1.18188972e-02
 -1.59053651e-02 -1.49336807e-02  6.52099809e-04 -4.81499849e-02
  2.27207749e-02  1.26700389e-02  2.43839633e-02 -3.10651899e-03
  2.06760317e-02 -1.39650148e-02  4.27447068e-02 -1.69397081e-02
  3.79905692e-02  5.58202488e-03  3.71082879e-02 -2.74941891e-02
 -1.35477626e-02 -2.73995401e-03 -7.22063646e-04  1.50038071e-02
  8.82492729e-03 -4.81739276e-02  2.59755403e-02 -5.83985598e-03
 -5.43257540e-04  1.13107570e-02  3.83720158e-02  2.23570117e-02
  3.06329966e-03 -5.33424071e-02 -1.58518761e-02  1.46281810e-02
  1.29873691e-03 -5.01889078e-02  2.17280580e-02  4.50575508e-02
 -3.65316146e-02 -5.03141165e-02  6.19935521e-02  2.40737975e-02
 -4.49936837e-02 -1.89786310e-02 -9.35711851e-03  5.18245604e-03
 -3.21441504e-02  2.06767253e-03 -1.82722455e-02 -1.95330632e-02
  9.30763982e-03 -1.65434884e-02 -7.96818190e-03 -4.97597926e-02
 -5.04274622e-02  1.06071734e-02 -2.23945191e-02 -1.97834806e-02
 -1.44868822e-02  1.21213187e-02 -1.47760155e-02 -9.47941703e-03
 -5.60489996e-02  3.34628197e-03 -3.78521807e-02  4.50872055e-02
 -3.48626059e-02  2.94507378e-02 -3.67910932e-02 -1.62872506e-02
 -5.25676511e-02  3.30572950e-02 -6.32860567e-02  9.22405715e-03
 -4.83679458e-02  2.08634600e-02 -4.26928111e-02 -1.28059021e-02
 -4.64007427e-02  2.17844572e-02 -5.10147900e-02  1.27054056e-02
  1.36770901e-02 -1.38133922e-02 -2.26778320e-02  1.21271391e-02
 -3.83142997e-02  1.67560679e-02 -4.35214950e-02 -8.26346614e-03
 -3.41145944e-02 -1.34706615e-02  2.27070856e-05  5.39067785e-02
 -9.10240462e-02  8.30888031e-03  1.19661247e-02  4.14789087e-03
 -5.71758780e-02  2.29378579e-02 -4.88151833e-02 -1.40102122e-02
 -1.85497380e-02  1.19303191e-02 -2.31637853e-02  2.69885202e-02
 -3.38821909e-02  3.96741289e-02  1.93342109e-02 -2.78515141e-03
 -4.72623221e-02  4.32806861e-02  1.03601756e-03  5.73946790e-03
 -6.54204252e-02 -2.15328746e-03 -7.73901917e-03 -3.03556883e-03
 -1.51787167e-02  3.23271403e-03  2.76084128e-02 -3.16077755e-03
 -2.67794036e-02  2.27797537e-02 -2.47822640e-03  1.32812064e-04
 -3.12295264e-02  6.97427542e-02 -5.28302621e-02  8.20437353e-03
  5.30420179e-03  1.44726564e-02 -5.45948248e-02  2.38795571e-02
 -5.25027923e-03 -1.73312509e-03 -6.36500421e-02  3.40435304e-02
 -4.46937226e-03 -3.49768783e-03 -3.81387343e-02  2.45352553e-02
 -4.00672216e-02]",0.0617906976744186,0.0,0.0,0.9516666666666667,0.7699761904761905,0.0,0.06470731707317073,0.0,0.0,0.94945,0.765225,0.0,0.06820512820512821,0.0,0.0,0.9456315789473684,0.7546315789473684,0.0,0.07021621621621621,0.0,0.0,0.9440833333333334,0.7445277777777778,0.0,0.07322857142857143,0.0,0.0,0.9392058823529412,0.7299411764705882,0.0,0.9421428571428572,0.7404464285714286,0.0,1.1251176345496825e-05
3.86,0.11,5237,0.5671590909090909,0.04066769053830089,0.8160454545454544,0.06262658255864843,0.14947526873854142,2.0072992700729926,0.0828865609572089,0.8354627880506938,0.13874786424163554,1100.0,0.20528071283563135,0.7859003782319715,0.34629757410783546,4,0.3495677319752276,4,0.4296074081179529,0.13862179752625703,15.0,1.0836602885253819,"[1.         0.28413226 0.2844445  0.4145793  0.42960741 0.24314481
 0.32423233 0.33733607 0.34423002 0.2614923  0.33465322 0.3144981
 0.30864374 0.23791049 0.35026772 0.29921481 0.28719385 0.26376948
 0.35081605 0.22137052 0.29626985 0.2938923  0.29037741 0.22446587
 0.28527199 0.26511687 0.26273933 0.20763013 0.29664426 0.23845177
 0.23762667 0.22173539 0.27925066 0.21855434 0.24051447 0.23157681
 0.25277151 0.16481857 0.25186514 0.23402789 0.22720055 0.23697024
 0.24231174 0.25363388 0.22404291 0.21257982 0.23722974 0.21204536
 0.2546804  0.20341994 0.24063221 0.23959955 0.21809954 0.20450453
 0.25254075 0.19432666 0.23791309 0.18317581 0.22504543 0.17707582
 0.23011969 0.19990605 0.22128672 0.2103815  0.22307013 0.19556788
 0.23338121 0.2132261  0.21221504 0.21602569 0.24938923 0.16588608
 0.2029124  0.18894547 0.24722617 0.11968341 0.21757552 0.18372071
 0.15545303 0.11598949 0.21330214 0.16707093 0.15716029 0.14724965
 0.23990495 0.17204745 0.18570906 0.16689884 0.18461673 0.18764036
 0.18737313 0.17920089 0.2083222  0.14336204 0.22326903 0.18688879
 0.16946666 0.16148038 0.21454586 0.18242945 0.14277996 0.18733936
 0.20892758 0.12676932 0.18850523 0.17182692 0.1794863  0.11624295
 0.1513449  0.1817895  0.18210174 0.12214925 0.18777708 0.16048238
 0.16698282 0.17366921 0.1772723  0.15171601 0.14375133 0.18135711
 0.20408267 0.13719815 0.14198178 0.15696669 0.19341353 0.15126021
 0.14733021 0.20056004 0.18332387 0.15426916 0.19148143 0.17190578
 0.19328645 0.15111152 0.21326254 0.18383592 0.1712139  0.17539646
 0.18171094 0.15499571 0.20032054 0.1701285  0.18476309 0.16249765
 0.20126237 0.19288258 0.15942128 0.19141834 0.18190121 0.16580237
 0.16787461 0.15601801 0.21814743 0.20165508 0.17222846 0.20422552
 0.19373541 0.16391528 0.1669389  0.15855911 0.17414509 0.17832765
 0.15722115 0.16527403 0.16655925 0.19025779 0.14808286 0.16888406
 0.17790992 0.15351257 0.15498374 0.17307355 0.16337047 0.13452332
 0.13214577 0.18966104 0.1673956  0.11073396 0.16417135 0.13898697
 0.12404707 0.1459856  0.15230008 0.13909859 0.12357922 0.17469873
 0.11247156 0.11549518 0.11543551 0.14898501 0.14486906 0.10906829
 0.11248542 0.15781025 0.10810224 0.12174225 0.16669517 0.11332439
 0.09666768 0.11784078 0.11680813 0.10861429 0.06122415 0.11426803
 0.13448976 0.0849677  0.1075073  0.09604421 0.12340551 0.07293207
 0.08599262 0.09154167 0.08897816 0.08949796 0.11183    0.08975052
 0.11073767 0.10196437 0.10209065 0.10221693 0.07510819 0.1213844
 0.06201138 0.0963263  0.10688302 0.10024164 0.08087354 0.07230779
 0.08536834 0.11275124 0.05685503 0.0786292  0.09556007 0.05841441
 0.07321336 0.09035179 0.08313093 0.0670321  0.09515883 0.11345619
 0.05236636 0.09574523 0.05704711 0.07339851 0.08105789 0.08892482
 0.08847163 0.07682258 0.06229779 0.10743666 0.06447472 0.06714803
 0.10032561 0.07013357 0.04939899 0.08679721 0.05623326 0.05095837
 0.02693292 0.1082064  0.04403327]",0.13927906976744187,0.00013953488372093022,0.0,0.8919761904761905,0.5392857142857143,0.0,0.14870731707317073,7.317073170731707e-05,0.0,0.882275,0.5154,0.0,0.15766666666666668,0.0001794871794871795,0.0,0.8751842105263158,0.5061578947368421,0.0,0.16654054054054054,0.0004054054054054054,0.0,0.8639722222222223,0.48083333333333333,0.0,0.17491428571428572,0.00034285714285714285,0.0,0.8561176470588235,0.46644117647058825,0.0,0.8503869047619048,0.45300595238095237,0.0,0.0001627021791541224
3.9,0.15,101,0.593659090909091,0.025497721094084783,0.7533181818181818,0.05218314458244538,0.24689642073627516,1100.0,0.08767019653255889,0.8039638252088097,0.15481911897452297,4.0,0.2822705687800587,0.5083530597812583,0.44755142640264967,4,0.5227968352176261,4,0.8251073975210246,0.1815797434939817,14.0,1.100903414374917,"[ 1.          0.43062188  0.16426485  0.47395919  0.8251074   0.42443254
  0.1662555   0.41157361  0.7678403   0.41718702  0.13836614  0.39620349
  0.76076095  0.40849383  0.12961755  0.40180955  0.75390315  0.37737677
  0.14379133  0.38593714  0.74214843  0.38654285  0.12280044  0.41085014
  0.73289756  0.38063044  0.1361396   0.41078005  0.71023744  0.39547267
  0.13178565  0.38222223  0.71428504  0.40024411  0.10801397  0.38020597
  0.72395341  0.36901628  0.10610849  0.38408741  0.67848171  0.37378772
  0.11004531  0.35452881  0.65164851  0.36281223  0.07981826  0.34355332
  0.64562533  0.33915133  0.0845897   0.35171861  0.6261929   0.32978968
  0.09620424  0.32833465  0.63279974  0.33645191  0.06942643  0.33327226
  0.61442348  0.32386258  0.06095478  0.32463445  0.60244721  0.31194169
  0.05654545  0.31861127  0.5965348   0.30602929  0.04896381  0.31698272
  0.60820473  0.29677842  0.03136678  0.31769186  0.58799307  0.28997601
  0.00865127  0.30076328  0.58285989  0.27983513  0.01436811  0.29574088
  0.58701827  0.27982043  0.00606263  0.30657619  0.5727597   0.25805032
  0.0193464   0.30811994  0.54926497  0.26543638  0.01165398  0.29719984
  0.54741487  0.27187706  0.00896927  0.29445973  0.54467477  0.23580769
 -0.00122699  0.27669654  0.51856541  0.24141375 -0.00808479  0.26572105
  0.52433763  0.24217828 -0.01900489  0.26481634  0.51753522  0.22869894
 -0.02424885  0.25957239  0.47311969  0.22851807 -0.02270509  0.23607765
  0.48634807  0.23173105 -0.02277519  0.25442451  0.48549875  0.22342558
 -0.01856142  0.25023672  0.48047635  0.21667856 -0.01941074  0.24604894
  0.47122548  0.23241079 -0.0245993   0.24419884  0.45518691  0.2105299
 -0.01810324  0.22899488  0.43080217  0.2254829  -0.0364795   0.21401247
  0.44341748  0.20961049 -0.04239191  0.22551623  0.44323662  0.20030423
 -0.04251739  0.22961922  0.42063189  0.20529722 -0.04587055  0.21536065
  0.42061718  0.2044479  -0.0533968   0.22040904  0.4223271   0.20354319
 -0.04678996  0.21861432  0.4263747   0.19006386 -0.05192314  0.2109773
  0.41706845  0.17992298 -0.05794632  0.21496951  0.40186449  0.17556903
 -0.05890642  0.20983634  0.390889    0.17132586 -0.06231497  0.19646777
  0.38586659  0.17125577 -0.06822738  0.18137459  0.39236266  0.14770565
 -0.08009287  0.19276757  0.36374945  0.15169786 -0.07693528  0.17511515
  0.36206551  0.15663547 -0.08195768  0.17515584  0.36622389  0.1541723
 -0.08024776  0.17180267  0.36531918  0.13651988 -0.07453093  0.17000796
  0.36013062  0.14557518 -0.09301796  0.16326094  0.35254898  0.14378047
 -0.10232422  0.14967082  0.34569118  0.13441882 -0.09916662  0.14197841
  0.34055801  0.13429334 -0.08760747  0.12855446  0.33881868  0.12921556
 -0.09518911  0.13516129  0.32022087  0.11562544 -0.09876383  0.1115004
  0.31920539  0.11956227 -0.11903088  0.10881568  0.32570145  0.09105983
 -0.11581789  0.1027925   0.30293056  0.07997357 -0.12362108  0.08430546
  0.29028583  0.09492657 -0.13787965  0.07577843  0.29016035  0.09057262
 -0.13978514  0.07637679  0.27406639  0.07358865 -0.13751755  0.05944821
  0.26381474  0.07173855 -0.14187149  0.05592888  0.26024002  0.06315613
 -0.14711545  0.04985031  0.23824835]",0.18958139534883722,2.325581395348837e-05,0.0,0.8166904761904762,0.3651904761904762,0.0,0.1919268292682927,4.878048780487805e-05,0.0,0.97035,0.87755,0.0,0.19407692307692306,2.564102564102564e-05,0.0,0.8122631578947368,0.35376315789473683,0.0,0.19516216216216217,5.4054054054054054e-05,0.0,0.9650833333333333,0.8562222222222222,0.0,0.19517142857142858,0.0,0.0,0.8104411764705882,0.34852941176470587,0.0,0.963422619047619,0.8480059523809523,0.0,2.81948519492886e-05
3.9,0.15,707,0.6148181818181818,0.05097649758256371,0.7396818181818182,0.07651731020057213,0.28970001400854317,2.0,0.8769343759836238,0.10884132500401902,0.004953758720443957,2.0,0.9221147884564915,0.0906350479666018,0.0010343660379138642,4,0.9368029407232286,4,0.9367414028226634,0.0047677802611689425,5.0,1.149629106322854,"[ 1.         -0.88305507  0.79120871 -0.84954484  0.9367414  -0.87830288
  0.81024329 -0.8693278   0.92635476 -0.86082101  0.79783566 -0.86302291
  0.92636874 -0.86654955  0.80693788 -0.85671802  0.91481757 -0.8532575
  0.79802383 -0.85351853  0.91452348 -0.85246717  0.79260336 -0.84892655
  0.90552932 -0.84787519  0.79098454 -0.84666362  0.91050948 -0.84638861
  0.7914668  -0.8391942   0.8974056  -0.8466827   0.79109261 -0.83956839
  0.8877152  -0.83851703  0.78955389 -0.83916623  0.88695283 -0.83423312
  0.78452159 -0.83674309  0.89015232 -0.83095353  0.77662421 -0.8303581
  0.88450389 -0.82922663  0.77392096 -0.82366503  0.87683447 -0.82494272
  0.77587582 -0.82256663  0.87521564 -0.81405983  0.76929082 -0.81789454
  0.87267261 -0.81745932  0.76356228 -0.81469505  0.86212575 -0.81162271
  0.76241173 -0.8173983   0.86734622 -0.80803504  0.75241326 -0.80557884
  0.86037305 -0.80685654  0.75957461 -0.8047084   0.85503268 -0.79620161
  0.75104874 -0.80500249  0.85473859 -0.79424675  0.74252286 -0.79769328
  0.85117889 -0.78957466  0.73554969 -0.7914685   0.85407031 -0.79142145
  0.73253837 -0.78632813  0.8411944  -0.78558484  0.73255235 -0.78506952
  0.84361754 -0.78401816  0.72790823 -0.7745748   0.82810451 -0.78128695
  0.731576   -0.77758612  0.82004692 -0.76830297  0.72110925 -0.7747748
  0.82790451 -0.76867716  0.71607695 -0.76552472  0.8196867  -0.76136796
  0.71057637 -0.76481449  0.82117328 -0.76221043  0.70391127 -0.7554843
  0.80915383 -0.76258462  0.71068444 -0.75492193  0.80195269 -0.7534824
  0.70814141 -0.75482785  0.80204678 -0.75059098  0.70116823 -0.75015576
  0.79950374 -0.74622696  0.69660422 -0.75161437  0.80184678 -0.74310758
  0.69118375 -0.74189601  0.79759083 -0.74378984  0.69321871 -0.73947287
  0.78961334 -0.73709677  0.68826652 -0.73813415  0.78613374 -0.73630644
  0.68874878 -0.73190936  0.7787724  -0.73116607  0.69070364 -0.73383626
  0.77700571 -0.72524936  0.67837612 -0.72667491  0.77352612 -0.72678808
  0.68010301 -0.72502812  0.7689621  -0.71854231  0.67421426 -0.72354154
  0.76975243 -0.71658745  0.67034648 -0.71809311  0.76386368 -0.71346806
  0.66725506 -0.71730277  0.76481422 -0.70871587  0.65842112 -0.7120823
  0.76444003 -0.70676101  0.65626626 -0.70733011  0.76026419 -0.7070551
  0.65542378 -0.70623171  0.75290284 -0.70432389  0.65310871 -0.70272415
  0.75019959 -0.69771093  0.65040547 -0.69882841  0.7513781  -0.69334691
  0.64584145 -0.69640527  0.75077594 -0.6951937   0.64011291 -0.69281761
  0.74682807 -0.69215442  0.63740966 -0.68728906  0.73877047 -0.69011946
  0.64107744 -0.68564228  0.73381828 -0.68459092  0.63915054 -0.68865359
  0.73197149 -0.68255595  0.6303967  -0.6792433   0.72663112 -0.68052099
  0.63235156 -0.67884114  0.72315153 -0.67080262  0.62731926 -0.676418
  0.72829189 -0.67459029  0.6251644  -0.66778406  0.71596437 -0.67333168
  0.62673109 -0.66691362  0.70829495 -0.66663861  0.62768163 -0.66518672
  0.70419921 -0.66141814  0.62552677 -0.66897439  0.70351695 -0.65938317
  0.61583637 -0.6611969   0.70159006 -0.65820467  0.6197321  -0.65963022
  0.69733411 -0.64887448  0.61353528 -0.65720708  0.70092177 -0.65110944
  0.6117686  -0.65090219  0.68898243]",0.22967441860465115,0.0,0.0,0.7749285714285714,0.20635714285714285,0.0,0.22975609756097562,0.0,0.0,0.989875,0.951,0.0,0.22994871794871796,0.0,0.0,0.7758157894736842,0.20489473684210527,0.0,0.23005405405405405,0.0,0.0,0.9894722222222222,0.9448055555555556,0.0,0.23014285714285715,0.0,0.0,0.7777647058823529,0.2068529411764706,0.0,0.9864583333333333,0.9302380952380952,0.0,6.666097067452694e-06
3.9,0.15,1313,0.5847727272727272,0.02022471893990982,0.8234545454545454,0.03861079367780143,0.16381982729397493,4.0,0.43138158448907216,0.5854060725313587,0.055166390989627286,4.0,0.4391550827055989,0.497705017114847,0.06301086607512789,8,0.6389509694750257,4,0.7769835191805853,0.00309206113795936,5.0,1.131118881118881,"[ 1.         -0.15815259 -0.27354133 -0.08402835  0.77698352 -0.14944377
 -0.24124974 -0.13486961  0.74748538 -0.11338804 -0.28375332 -0.14150012
  0.73170782 -0.14136167 -0.29119321 -0.13369491  0.72874722 -0.12979231
 -0.3130688  -0.12508034  0.69934333 -0.15004916 -0.32722761 -0.12246955
  0.65397921 -0.14286485 -0.32847522 -0.13591323  0.63362813 -0.15021049
 -0.33815474 -0.14263798  0.6299524  -0.16241238 -0.33511155 -0.1411193
  0.6123676  -0.15174665 -0.33206836 -0.14874767  0.62384271 -0.16089953
 -0.32445165 -0.14570447  0.61307108 -0.15337705 -0.32760073 -0.14275553
  0.62750097 -0.15948091 -0.32760656 -0.14733488  0.61763295 -0.15033969
 -0.32608787 -0.14653133  0.62748931 -0.16478122 -0.3390049  -0.1373901
  0.6473021  -0.16407191 -0.32609953 -0.14501847  0.63662471 -0.15797971
 -0.34511459 -0.14807331  0.63204536 -0.17323062 -0.34288077 -0.14807914
  0.60998128 -0.16408939 -0.34136209 -0.14736983  0.61902827 -0.15728205
 -0.3437018  -0.13365508  0.62054695 -0.17100845 -0.35509432 -0.10317074
  0.58700193 -0.15495982 -0.35052662 -0.11384812  0.58099232 -0.14886761
 -0.34138539 -0.11232944  0.58017712 -0.15425634 -0.32695551 -0.11619366
  0.57173937 -0.13830194 -0.34149129 -0.1063373   0.56482614 -0.14521518
 -0.31943886 -0.10257897  0.56705995 -0.13993235 -0.32177857 -0.10186967
  0.57234278 -0.15365875 -0.31416185 -0.09730197  0.55027871 -0.14604203
 -0.3172167  -0.10259645  0.547939   -0.13914045 -0.32860921 -0.10412679
  0.57842334 -0.15977426 -0.32180187 -0.09041204  0.5403048  -0.13233893
 -0.32404734 -0.11785902  0.56621562 -0.14606534 -0.34163214 -0.10871779
  0.5731172  -0.15521821 -0.3309664  -0.1056746   0.56772848 -0.15217502
 -0.31572714 -0.0881957   0.55166819 -0.14231866 -0.31349333 -0.07986385
  0.54027567 -0.12860391 -0.32874424 -0.0973544   0.57452417 -0.13542291
 -0.34166127 -0.07754162  0.56994482 -0.15076806 -0.3173692  -0.0623966
  0.53406592 -0.12485724 -0.30822797 -0.06850046  0.5226734  -0.12028954
 -0.31738085 -0.05935923  0.51504503 -0.11948599 -0.31505279 -0.05093314
  0.53109366 -0.14235945 -0.30133804 -0.05856151  0.49907316 -0.12783532
 -0.302059   -0.05470894  0.49682769 -0.12703177 -0.30887799 -0.05390539
  0.49458222 -0.13466014 -0.29821226 -0.05696024  0.49681604 -0.1224699
 -0.29821808 -0.04781901  0.4823745  -0.13538692 -0.29284101 -0.04315707
  0.46488395 -0.11404963 -0.3050429  -0.04926093  0.48083834 -0.13154018
 -0.30423935 -0.04621774  0.4777835  -0.13468927 -0.29214335 -0.04021977
  0.46558161 -0.12931219 -0.29743784 -0.04246524  0.47553221 -0.13236704
 -0.29744366 -0.04623521  0.48996209 -0.15066696 -0.28749306 -0.04776555
  0.48080921 -0.14152574 -0.28983277 -0.05010526  0.4709412  -0.13543353
 -0.28678958 -0.04706207  0.46402797 -0.14153739 -0.28984442 -0.03639633
  0.46402214 -0.15069027 -0.27765418 -0.03030413  0.44724672 -0.13087748
 -0.28985608 -0.02268741  0.44266737 -0.13850585 -0.27461682 -0.01354618
  0.43584838 -0.13546266 -0.27004912 -0.02879709  0.43045965 -0.13089496
 -0.27615298 -0.02118038  0.42364066 -0.14004784 -0.26396273 -0.0196617
  0.42587447 -0.13171599 -0.26325343 -0.00828083  0.42505927 -0.13172181
 -0.25106318 -0.01438469  0.42433831]",0.16937209302325582,0.0,0.0,0.834047619047619,0.41764285714285715,0.0,0.16943902439024391,0.0,0.0,0.9877,0.942375,0.0,0.16966666666666666,0.0,0.0,0.8334736842105264,0.41376315789473683,0.0,0.1698108108108108,0.0,0.0,0.9865,0.9331944444444444,0.0,0.16982857142857144,0.0,0.0,0.8357058823529412,0.4175,0.0,0.9852083333333334,0.9254761904761905,0.0,1.2087925503274675e-05
3.9,0.15,2029,0.5597045454545454,0.024763040224435772,0.8672272727272727,0.06307314067319121,0.11149106098424998,1100.0,0.25237960896619444,0.681523790740208,0.4781086065726799,1100.0,0.44649645924937986,0.38102798850729924,0.8560121158275308,4,0.6044596654184985,2,0.8882655172327504,0.2629912848643552,13.0,1.071492755251039,"[ 1.00000000e+00  8.41684200e-01  8.88265517e-01  8.58668116e-01
  8.84111617e-01  8.45373538e-01  8.58445443e-01  8.48665654e-01
  8.55256507e-01  8.63167564e-01  8.33963835e-01  8.45518700e-01
  8.47539214e-01  8.48239523e-01  8.38637354e-01  8.19342432e-01
  8.45160388e-01  8.28525091e-01  8.21779384e-01  8.09714426e-01
  8.39925101e-01  8.16434296e-01  8.04546957e-01  8.03907846e-01
  7.98698396e-01  8.09465915e-01  7.86349566e-01  7.90477630e-01
  7.85642636e-01  7.91465360e-01  7.74633227e-01  7.63514017e-01
  7.70676162e-01  7.74232934e-01  7.70343688e-01  7.50851929e-01
  7.70208050e-01  7.62319758e-01  7.53485718e-01  7.56077524e-01
  7.37728350e-01  7.44693659e-01  7.41572542e-01  7.37683297e-01
  7.23707625e-01  7.40384904e-01  7.16500426e-01  7.17575192e-01
  7.05884690e-01  7.14386256e-01  6.98696707e-01  7.14231402e-01
  6.92257637e-01  7.03990122e-01  6.92674075e-01  6.89927415e-01
  6.83949836e-01  6.89398104e-01  6.71029714e-01  6.77226895e-01
  6.60966053e-01  6.64306772e-01  6.47652259e-01  6.45851347e-01
  6.46157984e-01  6.43785779e-01  6.20866266e-01  6.31633786e-01
  6.15372945e-01  6.08055945e-01  6.07594454e-01  6.06364834e-01
  6.12009938e-01  5.93070255e-01  5.90520431e-01  5.83203431e-01
  5.91114489e-01  5.71997186e-01  5.73446408e-01  5.65932572e-01
  5.65471081e-01  5.65580882e-01  5.55407420e-01  5.54571473e-01
  5.53735525e-01  5.56327332e-01  5.45011286e-01  5.42461461e-01
  5.39911637e-01  5.36022391e-01  5.28883012e-01  5.13390299e-01
  5.35977338e-01  5.14771702e-01  5.23450888e-01  5.13099807e-01
  5.31687799e-01  5.10285327e-01  5.19732642e-01  4.96419456e-01
  5.12347823e-01  4.94550725e-01  5.01141578e-01  4.93646959e-01
  4.89954549e-01  4.92368736e-01  4.96674419e-01  4.77950789e-01
  4.91022694e-01  4.90383583e-01  4.83066583e-01  4.74429379e-01
  4.69219929e-01  4.67812689e-01  4.70207659e-01  4.54518110e-01
  4.62448384e-01  4.58952811e-01  4.51832648e-01  4.50996700e-01
  4.41216911e-01  4.42291677e-01  4.44115355e-01  4.43476244e-01
  4.26447274e-01  4.38947887e-01  4.27257385e-01  4.21851098e-01
  4.14730935e-01  4.25340050e-01  4.12506964e-01  4.17206319e-01
  4.02659356e-01  4.03162829e-01  4.03469466e-01  3.95974846e-01
  3.98389033e-01  3.93750875e-01  3.92737308e-01  3.98382412e-01
  3.87460038e-01  3.79965419e-01  3.83896646e-01  3.92772669e-01
  3.60141186e-01  3.79497307e-01  3.71234559e-01  3.75165786e-01
  3.54905898e-01  3.71227938e-01  3.48308425e-01  3.62326078e-01
  3.47975950e-01  3.43337793e-01  3.36217629e-01  3.45093652e-01
  3.35510699e-01  3.25534074e-01  3.26805675e-01  3.38538160e-01
  3.22474155e-01  3.11729401e-01  3.13946751e-01  3.11968219e-01
  3.05616184e-01  2.99441769e-01  2.89661980e-01  2.97966711e-01
  2.91221003e-01  2.76674039e-01  2.71267753e-01  2.63950753e-01
  2.64828683e-01  2.51424304e-01  2.50785192e-01  2.47289619e-01
  2.47024964e-01  2.29621538e-01  2.30499468e-01  2.33288110e-01
  2.23882778e-01  2.25903292e-01  2.18979965e-01  2.16055684e-01
  2.16736777e-01  2.11901783e-01  1.93927065e-01  1.95947579e-01
  1.97396801e-01  1.84563714e-01  1.76872258e-01  1.82517363e-01
  1.75022743e-01  1.73615503e-01  1.73547684e-01  1.67195650e-01
  1.62931948e-01  1.59810831e-01  1.56118422e-01  1.41768294e-01
  1.51786901e-01  1.43149697e-01  1.43081878e-01  1.35015966e-01
  1.41606819e-01  1.28202439e-01  1.30991082e-01  1.16818574e-01
  1.17893340e-01  1.09433756e-01  1.08972264e-01  1.04137270e-01
  9.83565279e-02  9.50385747e-02  9.38281710e-02  8.46196744e-02
  8.74083171e-02  7.64859434e-02  8.13629194e-02  7.31001713e-02
  7.11216390e-02  6.64834812e-02  6.03090663e-02  6.17582882e-02
  4.91220374e-02  5.20883002e-02  3.75413362e-02  4.47034816e-02
  3.24416870e-02  3.00886986e-02  2.69675816e-02  2.36688447e-02
  2.30297333e-02  1.45893652e-02  1.75748441e-02  9.50893220e-03
  1.19231188e-02 -1.41839615e-04  5.70010107e-03  5.06098971e-03
  2.53038130e-03  3.03385464e-03 -5.20967728e-03  1.00671958e-03
 -1.14326950e-02 -4.49123135e-04 -1.57449995e-02 -8.18918172e-03
 -1.20592110e-02 -1.61260765e-02 -1.82822287e-02 -1.90989601e-02
 -1.72560658e-02 -2.26431360e-02 -2.19428265e-02 -1.95286399e-02
 -2.51125462e-02 -2.51803653e-02 -3.28526048e-02 -2.54936233e-02
 -3.43084475e-02]",0.12351162790697674,6.976744186046511e-05,0.0,0.8786904761904762,0.5295952380952381,0.0,0.12719512195121951,2.4390243902439026e-05,0.0,0.973175,0.89675,0.0,0.1272051282051282,0.0,0.0,0.8742631578947369,0.5166052631578948,0.0,0.129,8.108108108108108e-05,0.0,0.9692222222222222,0.8851666666666667,0.0,0.1288857142857143,2.857142857142857e-05,0.0,0.8722941176470588,0.5089117647058824,0.0,0.9676190476190476,0.8772023809523809,0.0,0.0008932595003924865
3.9,0.15,3001,0.61775,0.014071449172639685,0.7617272727272726,0.023524033780141902,0.25259245417912385,2.0,0.4237057444796251,0.3802601121478836,0.025526876127152636,4.0,0.44509235740946124,0.29878145888571317,0.012100156055436271,4,0.7633607851014378,4,0.85317115358245,0.004466396518768819,5.0,1.1929949455399729,"[ 1.         -0.26107212 -0.32919035 -0.20524328  0.85317115 -0.25279859
 -0.27984691 -0.2626816   0.8080538  -0.22713382 -0.28389435 -0.25440807
  0.78854167 -0.23432498 -0.27055055 -0.26159923  0.7895645  -0.22919517
 -0.28691897 -0.27893092  0.80508873 -0.22284819 -0.30835765 -0.25422943
  0.80925527 -0.26796554 -0.2744789  -0.25827687  0.76824491 -0.23408679
 -0.26620537 -0.26136104  0.79801667 -0.24538494 -0.28668078 -0.23351583
  0.772471   -0.25450265 -0.27115654 -0.26316849  0.77978125 -0.24719239
 -0.29259522 -0.25489496  0.79626876 -0.25534683 -0.28650213 -0.2364809
  0.7818269  -0.24514675 -0.28862302 -0.25502975  0.80434795 -0.23494666
 -0.30717188 -0.24893666  0.81865502 -0.24938853 -0.2969718  -0.24695056
  0.79189219 -0.22686747 -0.28677172 -0.26139243  0.7897713  -0.23405863
 -0.28574889 -0.25215562  0.77750987 -0.2371428  -0.27336837 -0.26127333
  0.76935544 -0.23297626 -0.27016511 -0.25710679  0.765308   -0.21745202
 -0.25682131 -0.25608397  0.74893958 -0.21232221 -0.25265477 -0.26834539
  0.77049736 -0.20719239 -0.27723717 -0.2436439   0.78287788 -0.2276678
 -0.25978638 -0.24262107  0.76336575 -0.22664498 -0.25876356 -0.25077551
  0.73878335 -0.22658543 -0.2514533  -0.25071596  0.73062892 -0.21420491
 -0.26685844 -0.2547634   0.74300944 -0.21414536 -0.28008314 -0.24648987
  0.76771093 -0.21915608 -0.28316731 -0.24546705  0.7595565  -0.23045423
 -0.26982351 -0.2567652   0.73183039 -0.2221807  -0.25744299 -0.25766893
  0.72367595 -0.21294389 -0.24916946 -0.25253911  0.72059179 -0.21192107
 -0.26143089 -0.25344284  0.72790204 -0.21693179 -0.2705486  -0.2492763
  0.73206858 -0.21687224 -0.26445551 -0.25139719  0.7258407  -0.21077915
 -0.25836242 -0.25351808  0.71961282 -0.20879305 -0.25733959 -0.25249526
  0.71652865 -0.20777022 -0.25631677 -0.25147243  0.71344448 -0.2067474
 -0.25529395 -0.25044961  0.71036032 -0.20572458 -0.25427112 -0.24942679
  0.70727615 -0.20470175 -0.2532483  -0.24840396  0.70419198 -0.20367893
 -0.25222547 -0.24738114  0.70110781 -0.2026561  -0.25120265 -0.24635831
  0.69802365 -0.20163328 -0.25017983 -0.24533549  0.69493948 -0.20061045
 -0.249157   -0.24431267  0.69185531 -0.19958763 -0.24813418 -0.24328984
  0.68877115 -0.19856481 -0.24711135 -0.24226702  0.68568698 -0.19754198
 -0.24608853 -0.24124419  0.68260281 -0.19651916 -0.24506571 -0.24022137
  0.67951865 -0.19549633 -0.24404288 -0.23919855  0.67643448 -0.19447351
 -0.24302006 -0.23817572  0.67335031 -0.19345069 -0.24199723 -0.2371529
  0.67026615 -0.19242786 -0.24097441 -0.23613007  0.66718198 -0.19140504
 -0.23995159 -0.23510725  0.66409781 -0.19038221 -0.23892876 -0.23408443
  0.66101365 -0.18935939 -0.23790594 -0.2330616   0.65792948 -0.18833657
 -0.23688311 -0.23203878  0.65484531 -0.18731374 -0.23586029 -0.23101595
  0.65176115 -0.18629092 -0.23483746 -0.22999313  0.64867698 -0.18526809
 -0.23381464 -0.22897031  0.64559281 -0.18424527 -0.23279182 -0.22794748
  0.64250865 -0.18322245 -0.23176899 -0.22692466  0.63942448 -0.18219962
 -0.23074617 -0.22590183  0.63634031 -0.1811768  -0.22972334 -0.22487901
  0.63325614 -0.18015397 -0.22870052 -0.22385619  0.63017198 -0.17913115
 -0.2276777  -0.22283336  0.62708781]",0.23555813953488372,0.0,0.0,0.7653809523809524,0.28,0.0,0.23590243902439023,0.0,0.0,0.996275,0.981675,0.0,0.23615384615384616,0.0,0.0,0.7652368421052631,0.2794736842105263,0.0,0.23632432432432432,0.0,0.0,0.996,0.9797222222222223,0.0,0.23622857142857143,0.0,0.0,0.7655588235294117,0.28,0.0,0.9957142857142857,0.9782738095238095,0.0,1.1198748052666453e-05
3.9,0.15,4111,0.6116818181818183,0.02256079939677423,0.7607727272727272,0.024676878795897975,0.25197793595635215,4.0,0.4021925906676844,0.34234990380453806,0.01649894211394612,4.0,0.380631506962376,0.4776272021959969,0.021883142024264834,12,0.8495052403056834,4,0.7441963997370799,0.0057995740664839495,5.0,1.1508629581241834,"[ 1.         -0.26912698 -0.2237095  -0.17002347  0.7441964  -0.24208622
 -0.19000844 -0.25202113  0.71364566 -0.17559932 -0.23922026 -0.22658862
  0.73907817 -0.23227559 -0.2473777  -0.15636951  0.68986634 -0.23882478
 -0.21206839 -0.19197231  0.67746096 -0.18031804 -0.2447431  -0.20971816
  0.72528677 -0.16395821 -0.25290055 -0.16189235  0.67314685 -0.19663293
 -0.21919948 -0.18871087  0.63593579 -0.16000377 -0.23562548 -0.17820723
  0.67629717 -0.15696456 -0.24590689 -0.13996982  0.66894385 -0.18429881
 -0.24338341 -0.15691155  0.64241373 -0.14898949 -0.24539626 -0.17678136
  0.65825783 -0.17127168 -0.24982149 -0.15508107  0.63143931 -0.18608943
 -0.2153163  -0.16989882  0.61742568 -0.17770976 -0.2189374  -0.18471658
  0.64739453 -0.18213499 -0.21963041 -0.15555185  0.6235041  -0.17163134
 -0.21951929 -0.17117372  0.6169549  -0.14912693 -0.22394452 -0.14866931
  0.61706601 -0.15274803 -0.2238334  -0.17468371  0.62090935 -0.17503021
 -0.21545373 -0.17003625  0.60609159 -0.16584642 -0.21453849 -0.16912102
  0.60327462 -0.16200309 -0.22935624 -0.15408103  0.60338573 -0.19174971
 -0.21351214 -0.14570136  0.59310432 -0.18417416 -0.20674071 -0.16878767
  0.60653606 -0.18193907 -0.21863037 -0.15828403  0.58718196 -0.18475605
 -0.20812673 -0.14778039  0.552899   -0.17052019 -0.19681896 -0.17006257
  0.57913564 -0.15548021 -0.21536893 -0.14382594  0.59124753 -0.19935157
 -0.19579261 -0.16157178  0.58389421 -0.17311494 -0.20314593 -0.1913184
  0.59227388 -0.17673604 -0.21796368 -0.17627842  0.58492056 -0.20355457
 -0.18799483 -0.17616731  0.56637059 -0.19517489 -0.18041928 -0.17978841
  0.55901727 -0.1764027  -0.21389812 -0.16848064  0.59271834 -0.21280963
 -0.19432179 -0.16010097  0.56670394 -0.18657299 -0.19047846 -0.18611537
  0.57135139 -0.17153301 -0.20902843 -0.16361096  0.57519472 -0.18554664
 -0.20811319 -0.14776685  0.54998444 -0.18089918 -0.1960013  -0.1655127
  0.56582855 -0.17625173 -0.22867602 -0.15340081  0.55847523 -0.17614061
 -0.22483268 -0.14955748  0.55858635 -0.16110063 -0.22845379 -0.14944636
  0.55576937 -0.16845395 -0.22834267 -0.14933525  0.54841605 -0.16541474
 -0.23569599 -0.14549191  0.54025861 -0.16823172 -0.236389   -0.1424527
  0.54410194 -0.16892473 -0.23547376 -0.14153747  0.54128496 -0.16800949
 -0.23455852 -0.14062223  0.53846798 -0.16709425 -0.23364328 -0.13970699
  0.53565101 -0.16617901 -0.23272804 -0.13879175  0.53283403 -0.16526377
 -0.23181281 -0.13787651  0.53001705 -0.16434854 -0.23089757 -0.13696128
  0.52720007 -0.1634333  -0.22998233 -0.13604604  0.52438309 -0.16251806
 -0.22906709 -0.1351308   0.52156611 -0.16160282 -0.22815185 -0.13421556
  0.51874913 -0.16068758 -0.22723661 -0.13330032  0.51593216 -0.15977234
 -0.22632138 -0.13238508  0.51311518 -0.15885711 -0.22540614 -0.13146985
  0.5102982  -0.15794187 -0.2244909  -0.13055461  0.50748122 -0.15702663
 -0.22357566 -0.12963937  0.50466424 -0.15611139 -0.22266042 -0.12872413
  0.50184726 -0.15519615 -0.22174518 -0.12780889  0.49903028 -0.15428091
 -0.22082995 -0.12689365  0.49621331 -0.15336568 -0.21991471 -0.12597842
  0.49339633 -0.15245044 -0.21899947 -0.12506318  0.49057935 -0.1515352
 -0.21808423 -0.12414794  0.48776237]",0.2235813953488372,2.325581395348837e-05,0.0,0.7783571428571429,0.19242857142857142,0.0,0.2241219512195122,0.0,0.0,0.99195,0.962175,0.0,0.22402564102564101,0.0,0.0,0.7784210526315789,0.19294736842105265,0.0,0.22405405405405404,0.0,0.0,0.9909444444444444,0.9568611111111112,0.0,0.22394285714285714,0.0,0.0,0.7787647058823529,0.19344117647058823,0.0,0.990297619047619,0.9537797619047619,0.0,1.3847523666105487e-05
3.9,0.15,5237,0.5912727272727273,0.01566606586972973,0.8136818181818182,0.025789156219473246,0.17318273381539454,4.0,0.2846785529333435,0.56684949343257,0.11460250359015835,4.0,0.3611228549437919,0.5093891222302727,0.011398092705916895,4,0.6748686637390697,4,0.7128650347412748,0.004901642759255262,5.0,1.1354179880756057,"[ 1.         -0.21491637 -0.36459489 -0.11291148  0.71286503 -0.20227097
 -0.27677062 -0.207747    0.67364013 -0.1585475  -0.28524054 -0.22646858
  0.67883909 -0.18162138 -0.2614084  -0.21878747  0.6088592  -0.17300519
 -0.22016708 -0.22632231  0.60474158 -0.13176386 -0.23360128 -0.19191543
  0.6459829  -0.17253584 -0.20789899 -0.16963036  0.60924014 -0.17262424
 -0.23687224 -0.20482605  0.63555443 -0.17954709 -0.25062953 -0.15520321
  0.61683285 -0.2016859  -0.23021461 -0.17237772  0.59034175 -0.15299813
 -0.26167    -0.19264637  0.59647579 -0.14002965 -0.24870152 -0.21726732
  0.64796878 -0.13824791 -0.27860983 -0.20958621  0.63079427 -0.11783299
 -0.29484927 -0.21557398  0.64530982 -0.1135691  -0.26759991 -0.23958294
  0.66572474 -0.09750648 -0.29844331 -0.21233358  0.65880189 -0.14356582
 -0.27274102 -0.20713461  0.58633985 -0.1237629  -0.24020428 -0.22243897
  0.59153881 -0.11514671 -0.24029269 -0.2215923   0.5787166  -0.128904
 -0.24441031 -0.20272445  0.57024668 -0.11158322 -0.2065862  -0.2273454
  0.61303508 -0.12347036 -0.26041507 -0.17275827  0.5899612  -0.14312702
 -0.22197897 -0.19147985  0.56005288 -0.11152536 -0.23480119 -0.21207159
  0.58823732 -0.1277648  -0.23147237 -0.18978652  0.55584685 -0.13127043
 -0.24087737 -0.18552263  0.54302464 -0.1329059  -0.20492341 -0.20424421
  0.54138916 -0.10720361 -0.22458007 -0.21706642  0.55932193 -0.10045758
 -0.24081951 -0.21280253  0.58408915 -0.11576194 -0.2458722  -0.18368302
  0.57903645 -0.12423186 -0.21768777 -0.19650524  0.55254535 -0.09014805
 -0.24417887 -0.21274467  0.56022646 -0.12937296 -0.22872824 -0.20071126
  0.53125322 -0.12075677 -0.20737824 -0.2169507   0.52868267 -0.1071763
 -0.2099488  -0.19218349  0.539781   -0.11222899 -0.1885988  -0.20158848
  0.54746211 -0.09864852 -0.19458657 -0.19732459  0.56104259 -0.1173701
 -0.22355982 -0.17690967  0.54822037 -0.12677509 -0.20997934 -0.20588292
  0.52172927 -0.1054251  -0.21844926 -0.20751839  0.53469776 -0.11637716
 -0.22256688 -0.18429825  0.53058013 -0.12049478 -0.20276396 -0.19525031
  0.51279363 -0.09385742 -0.20004714 -0.19595071  0.51892767 -0.10574455
 -0.21286935 -0.19168682  0.51635712 -0.1126674  -0.2154399  -0.18400571
  0.51968593 -0.11088566 -0.2204926  -0.19092856  0.50686372 -0.09978733
 -0.21281149 -0.19162896  0.49932887 -0.1014228  -0.21102974 -0.18642999
  0.50111062 -0.10305828 -0.21266522 -0.18558332  0.49854007 -0.10221161
 -0.21181855 -0.18473666  0.49596952 -0.10136494 -0.21097188 -0.18388999
  0.49339896 -0.10051827 -0.21012521 -0.18304332  0.49082841 -0.09967161
 -0.20927855 -0.18219665  0.48825786 -0.09882494 -0.20843188 -0.18134998
  0.48568731 -0.09797827 -0.20758521 -0.18050331  0.48311675 -0.0971316
 -0.20673854 -0.17965664  0.4805462  -0.09628493 -0.20589187 -0.17880997
  0.47797565 -0.09543826 -0.2050452  -0.17796331  0.4754051  -0.09459159
 -0.20419853 -0.17711664  0.47283455 -0.09374492 -0.20335186 -0.17626997
  0.47026399 -0.09289826 -0.2025052  -0.1754233   0.46769344 -0.09205159
 -0.20165853 -0.17457663  0.46512289 -0.09120492 -0.20081186 -0.17372996
  0.46255234 -0.09035825 -0.19996519 -0.17288329  0.45998178 -0.08951158
 -0.19911852 -0.17203662  0.45741123]",0.18293023255813953,0.0,0.0,0.8191666666666667,0.3185,0.0,0.18351219512195122,0.0,0.0,0.99335,0.9648,0.0,0.1838974358974359,0.0,0.0,0.8201052631578948,0.3199736842105263,0.0,0.18432432432432433,0.0,0.0,0.9920833333333333,0.9566111111111111,0.0,0.1844,0.0,0.0,0.8205882352941176,0.3190588235294118,0.0,0.9915178571428571,0.9535119047619047,0.0,1.2440819063586548e-05
