r,epsilon,seed,global_activity_mean,global_activity_std,wall_density_mean,wall_density_std,mean_wall_velocity,global_period,global_period_power,global_spectral_entropy,global_lowfreq_power,wall_period,wall_period_power,wall_spectral_entropy,wall_lowfreq_power,global_ac_peak_lag,global_ac_peak_value,wall_ac_peak_lag,wall_ac_peak_value,wall_ac_late_mean,max_cluster_lifetime,mean_cluster_lifetime,wall_ac,frame_25,motif_25,comp_25,frame_50,motif_50,comp_50,frame_75,motif_75,comp_75,frame_100,motif_100,comp_100,frame_125,motif_125,comp_125,frame_150,motif_150,comp_150,frame_175,motif_175,comp_175,frame_200,motif_200,comp_200,frame_225,motif_225,comp_225,frame_250,motif_250,comp_250,frame_260,motif_260,comp_260,odd_even_motif_index,long_memory_score
3.86,0.095,101,0.6210454545454547,0.06172923078966963,0.730909090909091,0.11618594387325434,0.4312840320264105,3.7931034482758625,0.32510546794119227,0.6706604111993849,0.033033898444570386,3.7931034482758625,0.364592876270557,0.6247546505470926,0.055238925148403575,19,0.5727611602866077,15,0.6390579605285127,-0.004126851104243594,11.0,1.078181574359662,"[ 1.         -0.09573906 -0.4763318   0.12054577  0.58117991 -0.18389917
 -0.41343277  0.3073581   0.49975422 -0.35349678 -0.31360464  0.45100894
  0.24636208 -0.39467513 -0.20654619  0.63905796  0.11616082 -0.45387724
 -0.11324432  0.63111702 -0.02326046 -0.43394993  0.07972695  0.54393646
 -0.19332335 -0.40980442  0.25589278  0.42479802 -0.32010842 -0.32950611
  0.44811102  0.25835947 -0.42523314 -0.24425493  0.55667553  0.09086178
 -0.40488952 -0.09847357  0.53842481 -0.05181651 -0.43005221  0.06669067
  0.46402128 -0.17722408 -0.38305865  0.23819139  0.37005733 -0.29392589
 -0.36380478  0.39247036  0.24944344 -0.36213988 -0.26285628  0.4592325
  0.13735777 -0.40149382 -0.1144485   0.443498   -0.01591805 -0.38345826
  0.03537351  0.43037768 -0.15227824 -0.40020292  0.20773746  0.33434442
 -0.25424391 -0.36740063  0.33057282  0.25043312 -0.34115509 -0.26834389
  0.37002994  0.12342153 -0.34863074 -0.12177889  0.41428075 -0.03019101
 -0.38094415  0.03540201  0.37552067 -0.13950332 -0.39079522  0.1846118
  0.31210036 -0.24509334 -0.35633993  0.23413994  0.2577103  -0.26000746
 -0.27028674  0.31426072  0.11370349 -0.33573951 -0.12391153  0.35444026
  0.01023175 -0.35722887  0.00327059  0.34385454 -0.1207409  -0.39374211
  0.11781649  0.31883879 -0.18877734 -0.31742322  0.18496432  0.18967831
 -0.24528568 -0.22256631  0.26016285  0.11348097 -0.29392088 -0.10755513
  0.29734252 -0.00710231 -0.33970313 -0.01212273  0.30540501 -0.07319801
 -0.32381647  0.08167503  0.25879014 -0.15597059 -0.30922771  0.21222436
  0.1878028  -0.23537596 -0.19056157  0.24039215  0.10608936 -0.30155125
 -0.09410065  0.31908646  0.01254171 -0.31088805  0.01635562  0.26148836
 -0.05490088 -0.31098645  0.09484177  0.25641874 -0.14790365 -0.25293008
  0.189264    0.1563938  -0.21425649 -0.16594633  0.26912764  0.11659294
 -0.27236885 -0.06175919  0.27861661  0.01239879 -0.27479368  0.03481194
  0.25578036 -0.04289124 -0.26097632  0.13260138  0.17430569 -0.12806984
 -0.20118737  0.21490166  0.13227634 -0.18646994 -0.11862996  0.24707949
  0.08586963 -0.22455659 -0.0468966   0.26558033  0.03984861 -0.26073311
  0.06456983  0.21503501 -0.04929105 -0.20453789  0.14127442  0.17039149
 -0.12007024 -0.15231597  0.19937977  0.08611285 -0.1786785  -0.08102953
  0.22538642  0.07272315 -0.20071274 -0.0126144   0.1952219   0.01743313
 -0.20456404  0.08248127  0.16143304 -0.04106493 -0.17878391  0.1274545
  0.10510224 -0.11666841 -0.12277848  0.19558189  0.07283781 -0.17529503
 -0.08202344  0.19028574  0.03430424 -0.2027964   0.04578314  0.17145953
 -0.03277102 -0.18556285  0.07715897  0.12197335 -0.06594766 -0.16048677
  0.14810869  0.09809633 -0.15726683 -0.11092801  0.15288356  0.06911952
 -0.15842437 -0.04023543  0.1854777   0.0125622  -0.20037412  0.05351336
  0.14513196 -0.0267244  -0.16503723  0.12011632  0.10592495 -0.09787092
 -0.14146721  0.13640705  0.09439641 -0.12278872 -0.08453121  0.14910404
  0.0227846  -0.13197858 -0.02026693  0.13688369  0.02773701 -0.1695326
  0.06754945  0.12355522 -0.06816768 -0.14691152  0.11345325  0.11133486
 -0.08867749 -0.13201665  0.14855138  0.07572158 -0.14646538 -0.05777931
  0.14365929  0.01977648 -0.14265169]",0.25576190476190475,0.00019047619047619048,0.0,0.80735,0.2932,0.0,0.26694736842105266,0.001,0.0,0.7914444444444444,0.2331111111111111,0.0,0.2712352941176471,0.001411764705882353,0.0,0.7809375,0.212875,0.0,0.2734666666666667,0.0032,0.0,0.7912142857142858,0.2595,0.0,0.275,0.0017692307692307693,0.0,0.7861666666666667,0.24233333333333335,0.0,0.7925,0.24275862068965517,0.0,0.24668959455577102,6.164608632723082e-06
3.86,0.095,707,0.634409090909091,0.05177631881548403,0.7017272727272728,0.09554493555779815,0.4078267742461224,3.819444444444444,0.052696943874333595,0.8531694776882371,0.07918125880721269,3.819444444444444,0.07584878611468061,0.8239373274289878,0.10514285122659177,4,0.2912771326643224,15,0.36838512292396036,-0.009458278142347416,13.0,1.1183714865256447,"[ 1.00000000e+00 -1.03431825e-01 -1.94586686e-01  1.51555041e-01
  3.49298585e-01  1.66167852e-02 -1.53604588e-01  9.49270774e-02
  3.40969129e-01 -1.87945840e-01 -1.32591003e-01  2.77731156e-01
  9.75169259e-02 -1.66468734e-01 -1.31563133e-01  3.68385123e-01
  6.91673538e-02 -2.57075852e-01 -8.62201367e-02  3.29630776e-01
  7.01063719e-03 -1.68275968e-01  1.75346305e-02  1.97370156e-01
 -2.93299384e-03 -1.88143653e-01  7.08787925e-02  1.87426525e-01
 -5.36546880e-02 -1.78084369e-01  2.44205138e-01  1.14332709e-01
 -1.12291543e-01 -1.13768705e-01  2.64738001e-01  1.09437109e-01
 -8.82732212e-02 -1.57399074e-01  2.43462553e-01  5.92133380e-02
 -1.32453116e-01  1.09996470e-02  1.42965784e-01  3.23231323e-02
 -8.21824950e-02  3.33521913e-02  1.92738482e-01 -2.19528251e-02
 -1.82782470e-01  2.27505288e-01  1.16536723e-01 -6.37807135e-02
 -7.97492379e-02  9.30981684e-02  9.30803732e-02 -4.93089285e-02
 -1.09540975e-01  1.09561644e-01  2.78501152e-02 -1.07637072e-01
  1.03184245e-02  8.69635329e-02  3.80633027e-02 -1.27264848e-01
  8.13813941e-02  1.40152886e-01 -3.87051836e-02 -8.05140884e-02
  1.12662146e-01  6.48953691e-02  1.46561794e-02 -5.05722960e-02
  3.51042259e-02  8.23030878e-02  1.20988810e-03 -4.30714295e-02
  1.08279293e-01  9.70719426e-03 -7.94215734e-02  9.83190556e-02
  6.85291008e-02 -4.21981882e-03 -4.25432643e-02  2.91742194e-02
  1.17374757e-01  1.18833422e-02 -5.29332152e-02  1.22335001e-01
  9.78666273e-03  3.36863608e-02  3.32050448e-02  9.34359032e-02
  1.77166480e-02 -2.30792103e-02  6.64774878e-02  1.40238266e-01
 -6.64518757e-02 -2.11070971e-02  1.05828210e-01  6.45344286e-02
 -1.06697028e-02 -2.55735778e-02  6.60264143e-02  1.32460078e-02
 -9.72074336e-02  2.92987544e-02  4.17290281e-02 -6.24406281e-02
 -8.38002979e-02  1.67623038e-02  5.90851439e-02 -9.48251851e-02
 -8.03860193e-02  3.52002699e-02  5.90827670e-02 -6.14495363e-02
 -8.03539943e-02  4.96032510e-02  4.61688004e-02 -8.87688609e-02
  5.37234787e-03  4.02091457e-02 -1.16786211e-02 -6.63475127e-02
 -3.54080921e-02  7.95942695e-02 -2.52917766e-03 -1.28487028e-01
 -4.82188529e-02  1.37986463e-01 -4.97998145e-02 -6.56651330e-02
 -2.13334009e-02  9.71544200e-02 -5.61891823e-02 -6.96164900e-02
  2.49710386e-02  6.42547393e-02 -9.80858746e-02 -4.97191576e-02
  5.13585678e-02  6.76690178e-02 -1.34505417e-01 -7.22828672e-02
  1.57276130e-01 -1.65511088e-02 -1.11157027e-01 -4.84365546e-02
  1.13422149e-01  2.38478006e-03 -1.13700620e-01 -4.65613084e-03
  1.00404977e-01 -7.39201854e-02 -6.69498610e-02  4.40347167e-02
  2.26062429e-02 -8.00008411e-02 -9.64156853e-02  1.19184274e-01
  2.74970888e-02 -1.19442322e-01 -5.96577830e-02  1.38514880e-01
 -2.18168420e-02 -2.68310657e-02 -4.12370179e-02  1.09169462e-01
 -1.98447288e-02 -3.37355573e-02  1.91399862e-04  8.33783080e-02
 -7.49961248e-02 -1.07130805e-02 -7.20817673e-04  6.45236702e-02
 -4.50715334e-02 -9.67700895e-02  4.27164921e-02  4.27330988e-02
 -2.30277012e-02 -4.48852938e-02  2.18357614e-02  2.23330899e-02
  1.29063653e-02 -5.92586268e-02  3.08303961e-02  4.04910786e-04
 -3.09648171e-02 -5.78188383e-02  1.04131862e-02 -1.55653962e-02
 -8.37642072e-02 -2.25031013e-02  1.13550519e-02 -4.09446327e-02
 -7.68128664e-02 -5.44241375e-02 -2.10295051e-02  1.08369571e-02
 -9.36930141e-02 -3.54022438e-02 -3.39434717e-02 -8.53280434e-03
 -7.07221403e-02 -1.34788184e-02 -2.14461767e-02 -2.74218440e-02
 -8.12152969e-02  1.48659999e-02 -1.70016507e-02 -4.28770273e-02
 -6.33440575e-02 -8.02362277e-03  2.98007116e-02 -2.09880038e-02
 -6.67630898e-02 -1.64562846e-02  3.13093039e-02 -4.97666948e-02
 -5.07338023e-04 -4.58533050e-02  3.92117545e-03 -5.43191803e-02
 -1.04853710e-02 -2.94930348e-02 -3.54687021e-02 -5.99363153e-02
 -1.91072434e-02 -5.25030643e-02  2.61509361e-02 -8.79771752e-02
 -3.82026947e-02  2.45693804e-02 -3.32246556e-02 -3.93381199e-03
 -5.27136354e-02 -4.32880992e-02  1.04363293e-03 -2.18786091e-02
 -5.97385338e-02 -1.88578590e-02 -3.18904498e-02  2.18846138e-02
 -5.67361731e-02  9.96768111e-03 -2.19515724e-02 -2.79272397e-02
 -2.53377336e-03  3.23546273e-02  3.47451323e-03 -4.23693765e-02
 -3.38708820e-02  3.18371268e-02  5.12211181e-02 -5.33776570e-02
  9.85793893e-03  2.37991819e-02  2.97736608e-02 -7.88600993e-02
  4.16710156e-02]",0.2874285714285714,0.00014285714285714287,0.0,0.78055,0.2084,0.0,0.3,0.001,0.0,0.7608888888888888,0.172,0.0,0.30829411764705883,0.0017058823529411764,0.0,0.781625,0.215125,0.0,0.3142666666666667,0.0029333333333333334,0.0,0.7542142857142857,0.172,0.0,0.3249230769230769,0.0025384615384615385,0.0,0.7408333333333333,0.15733333333333333,0.0,0.7526724137931035,0.18767241379310345,0.0,0.18330755979314803,6.484226645564402e-06
3.86,0.095,1313,0.6217727272727274,0.05445843437320032,0.7308181818181818,0.10059036478511899,0.38756435810247414,3.846153846153846,0.12938784024622288,0.8369926397953653,0.04242232063578059,3.846153846153846,0.13226772444255236,0.8099186431827539,0.1037833656528554,19,0.3393498691757098,19,0.42075128647461746,-0.002317172193926278,9.0,1.0810919849381389,"[ 1.00000000e+00 -1.26969914e-01 -1.78487886e-01  1.51903743e-01
  3.26654201e-01  2.24933524e-02 -1.23017329e-01  8.03112310e-02
  3.64051184e-01 -9.74064369e-02 -1.52173536e-01  3.09564325e-01
  6.66394676e-02 -8.88587255e-02 -1.21269088e-01  3.53564108e-01
  9.22887914e-02 -1.25442674e-01 -1.32800947e-01  4.20751286e-01
  5.66845557e-03 -1.63029621e-01 -9.35601460e-03  2.17781505e-01
  6.04496548e-02 -1.67096983e-01  4.91913292e-02  1.86311378e-01
 -7.89024222e-02 -1.85158132e-01  2.13688136e-01  7.99251137e-02
 -7.70930957e-02 -1.98000913e-01  2.63841494e-01  1.03641950e-01
 -1.09252580e-01 -1.64813583e-01  2.32131236e-01  7.85655297e-02
 -1.16636861e-01 -6.17251067e-02  1.30717491e-01  1.16411738e-01
 -1.99047544e-01  2.58866099e-03  2.05018770e-01  2.01118149e-02
 -2.08093143e-01  1.52673492e-01  1.05814398e-01  2.09491804e-02
 -2.17587967e-01  9.93946844e-02  1.76558627e-01 -5.51723434e-02
 -1.68997097e-01  7.66632216e-02  1.07107696e-01 -6.65686177e-02
 -7.93853910e-02  2.81535571e-02  1.36178486e-01 -1.59514867e-01
 -9.50648277e-02  1.26958871e-01  8.29364329e-02 -1.85526494e-01
  3.67062983e-02  8.47751202e-02  7.66907350e-02 -1.94707678e-01
 -1.50221357e-03  1.32541048e-01  9.73178110e-03 -1.40098818e-01
 -1.07201518e-02  1.01624694e-01 -4.19535005e-02 -1.06154338e-01
  7.26129838e-03  1.11206441e-01 -1.08014003e-01 -6.12193484e-02
  4.40056791e-02  1.02271107e-01 -1.18641693e-01 -6.00993791e-02
  5.30393710e-02  1.30375653e-01 -1.42130305e-01 -6.30281581e-02
  1.35463467e-01  5.01800608e-02 -1.23908724e-01 -5.04741707e-02
  1.14947095e-01 -5.09902604e-03 -9.84317391e-02 -7.39000710e-04
  8.81415639e-02 -5.97565479e-02 -6.92196475e-02  8.97986496e-04
  8.36617311e-02 -7.87471861e-02 -6.54410791e-02  1.63564220e-02
  1.22203015e-01 -7.33808092e-02 -1.18991056e-01  5.55192703e-02
  1.28445095e-02 -5.83715993e-02 -1.62782954e-02  1.79690783e-02
  2.04259773e-02 -1.58550773e-02 -8.81419767e-02  7.65899317e-02
 -6.75204726e-04 -6.69498313e-02 -1.32445386e-03  5.11688324e-02
 -2.37456287e-02 -2.81316616e-02 -4.53361444e-02  1.04811449e-01
  4.16446471e-02 -1.13299773e-01  1.47679705e-02  5.22644708e-02
  5.95583050e-02 -3.69867799e-02 -2.15023368e-02  8.85596259e-02
  3.28573210e-02 -1.01250380e-01  8.63242448e-02  4.99386432e-02
 -3.85571347e-02  1.56692731e-03  7.08539022e-02  1.25607904e-02
  2.78404965e-03 -5.63029664e-02  4.85773825e-02  1.14787570e-01
 -5.50858441e-02  8.46574439e-03  3.44547169e-02  7.52681361e-02
 -3.27688510e-03 -4.41179885e-02  4.72177985e-02  5.87947951e-02
 -8.91711089e-02  3.52350375e-02  3.35443585e-02 -2.07057224e-02
 -4.99715057e-02  3.24789259e-03  3.79812467e-02 -3.35485033e-02
 -8.80387157e-02 -1.57661870e-03  7.90087899e-02 -5.90373948e-02
 -5.32635769e-02  2.09740267e-03  1.46773977e-02 -3.32157317e-02
 -8.86043955e-02  2.23249811e-02  5.54648093e-02 -9.34673382e-02
 -8.07603185e-03  3.44297429e-02 -5.61398240e-02 -5.94183114e-02
 -6.45982486e-02  5.92173702e-02  1.74410607e-02 -1.18082109e-01
  9.36406948e-03  5.94699256e-02 -5.08288154e-02 -4.59534488e-02
  2.50678312e-04  1.97413975e-02 -6.41656109e-03 -7.05128516e-02
  3.24660476e-02  1.96125195e-02 -4.58682028e-02 -4.35526057e-02
  3.49957687e-02  3.73481207e-02 -4.69322870e-02 -4.63768377e-02
  9.88292734e-02  4.52007575e-02 -1.21909511e-01 -7.14619711e-03
  5.52300537e-02 -7.03829682e-03 -7.06175694e-02  2.64536040e-02
  1.24247382e-02 -1.11056587e-02 -5.32944391e-02  1.41956332e-02
  3.36185602e-02 -4.94497550e-02 -3.06851478e-02  6.88044932e-02
  3.98833884e-02 -5.00646135e-02 -4.83338265e-02  7.43432094e-02
  4.91882492e-02 -7.85257453e-02 -9.58344901e-03  6.86202468e-02
  9.77336231e-03 -5.52581343e-02 -2.25985692e-02  3.60115370e-02
 -3.62319130e-03 -9.53313410e-02  4.89085264e-02  8.02882068e-02
 -1.20132552e-01 -1.43537518e-02  8.47912107e-02  5.03070587e-02
 -6.30684696e-02 -7.39837933e-02  7.76838163e-02  6.63503044e-02
 -9.76831762e-02  8.88952828e-03  2.80355689e-02  3.43264047e-02
 -7.35906236e-02  2.47149106e-03  6.98937711e-02 -4.14447231e-02
 -5.95844121e-02  5.10313234e-02  6.46143168e-02 -7.87547836e-02
 -3.99106063e-02  5.79912262e-02  7.66880411e-02 -5.86317522e-02
 -2.99106709e-02  5.35791857e-02  7.04790980e-02 -5.04287194e-02
  1.50921109e-02]",0.26104761904761903,0.0007142857142857143,0.0,0.80775,0.29625,0.0,0.2748421052631579,0.0007368421052631579,0.0,0.7925555555555556,0.2451111111111111,0.0,0.2832352941176471,0.00023529411764705883,0.0,0.774625,0.22525,0.0,0.29506666666666664,0.001,0.0,0.773,0.22071428571428572,0.0,0.30438461538461536,0.001153846153846154,0.0,0.7490833333333333,0.18808333333333332,0.0,0.7445689655172414,0.17844827586206896,0.0,0.2343136924135376,7.040548114634652e-06
3.86,0.095,2029,0.621,0.05694814227954156,0.7315454545454546,0.10728201038415582,0.40121304408711994,3.7931034482758625,0.1428879404364882,0.7421578977374667,0.07459287533004913,3.7931034482758625,0.15872615237694376,0.6908495817228703,0.1452090107382311,19,0.4787497897628525,19,0.6013699268969077,0.0073253551018134045,15.0,1.0749398877905423,"[ 1.00000000e+00 -2.80646092e-02 -2.74556652e-01  2.13776001e-01
  5.27736364e-01 -2.90273138e-02 -2.16965860e-01  3.09261699e-01
  5.03265807e-01 -1.96712813e-01 -1.57273306e-01  4.76084519e-01
  2.65282219e-01 -2.19354472e-01 -7.56949970e-02  5.67785322e-01
  1.71717042e-01 -3.14894314e-01  6.81894459e-03  6.01369927e-01
 -4.80275182e-03 -2.61957988e-01  1.37307921e-01  4.85293564e-01
 -7.06378822e-02 -2.57786563e-01  2.74073461e-01  4.15697235e-01
 -2.27702554e-01 -1.41162610e-01  4.55217272e-01  1.95941604e-01
 -2.35962186e-01 -1.22171859e-01  5.25695089e-01  1.42805367e-01
 -3.41478756e-01  3.39030362e-02  5.13486127e-01  6.04671791e-03
 -2.59651280e-01  1.09204782e-01  4.59602389e-01 -8.00757658e-02
 -2.58140985e-01  3.01364353e-01  3.64001512e-01 -2.19514215e-01
 -1.69909849e-01  4.12938907e-01  2.17247465e-01 -2.48037504e-01
 -1.18948188e-01  4.91837416e-01  1.23456817e-01 -2.93646317e-01
  1.86309139e-02  4.54376432e-01  1.93979092e-02 -2.50395186e-01
  1.32429300e-01  3.94799196e-01 -1.09334982e-01 -2.47822162e-01
  2.57370543e-01  3.17595737e-01 -1.82589109e-01 -1.59299493e-01
  3.54685141e-01  2.25883156e-01 -2.48236108e-01 -1.21765557e-01
  4.34227749e-01  1.19266517e-01 -2.58051776e-01 -1.71910127e-04
  4.02648396e-01  2.92231810e-03 -2.36503295e-01  1.40044627e-01
  3.56019221e-01 -7.91474341e-02 -2.17968513e-01  2.42347588e-01
  2.93635087e-01 -1.86760740e-01 -1.55365661e-01  3.26629394e-01
  2.12148400e-01 -2.33389916e-01 -8.77134099e-02  3.23400491e-01
  1.22076586e-01 -2.55575606e-01  6.25359104e-03  3.64695626e-01
 -6.09693642e-03 -2.23157130e-01  9.83493273e-02  3.19063118e-01
 -9.07244189e-02 -1.94542219e-01  2.07135654e-01  2.59565587e-01
 -1.49140552e-01 -1.54079316e-01  2.48679955e-01  2.09048115e-01
 -2.04542986e-01 -8.35167675e-02  2.97934787e-01  1.12365839e-01
 -2.34335806e-01 -2.00443448e-02  2.93812618e-01  1.44987637e-02
 -1.97676467e-01  9.10505448e-02  2.74786392e-01 -8.20801119e-02
 -1.90928642e-01  1.45731039e-01  2.50978604e-01 -1.54817236e-01
 -1.43272212e-01  2.33524877e-01  1.38541370e-01 -1.59480105e-01
 -1.04699243e-01  2.34475803e-01  8.84001626e-02 -2.18060674e-01
  4.52438209e-03  2.33969066e-01  1.42901071e-02 -1.79323269e-01
  3.58004239e-02  2.32714829e-01 -5.17331550e-02 -1.85316703e-01
  1.13095504e-01  1.75629262e-01 -1.20770116e-01 -1.51877864e-01
  1.56243235e-01  1.40641277e-01 -1.60892230e-01 -1.18688192e-01
  1.98328236e-01  1.01868398e-01 -1.69297628e-01 -4.48627777e-02
  1.88780404e-01  2.70532071e-02 -1.73523198e-01  2.05232752e-02
  1.86736301e-01 -3.46681567e-02 -1.93442690e-01  9.80064875e-02
  1.68645708e-01 -6.86594737e-02 -1.45433693e-01  1.26560363e-01
  1.57518144e-01 -1.39421933e-01 -1.14261052e-01  1.73135395e-01
  9.17253791e-02 -1.37681141e-01 -8.87208744e-02  1.69699691e-01
  5.29948650e-02 -1.84310317e-01  1.69172882e-03  1.71106585e-01
 -1.93049609e-02 -1.72489396e-01  3.75001663e-02  1.33913438e-01
 -4.84960459e-02 -1.73202934e-01  9.07466944e-02  1.51907521e-01
 -1.41374757e-01 -1.21681904e-01  1.15369909e-01  9.03929584e-02
 -1.14631111e-01 -1.04957351e-01  1.27543397e-01  5.07268120e-02
 -1.85788503e-01 -1.06988181e-02  1.35725188e-01 -2.01814133e-02
 -1.53078496e-01 -8.04608980e-03  1.40498348e-01 -6.41731541e-02
 -1.86801976e-01  6.99354562e-02  1.12886995e-01 -9.95374022e-02
 -1.31623148e-01  6.88456550e-02  1.05666397e-01 -1.42842677e-01
 -1.16581728e-01  9.61300005e-02  7.61837793e-02 -1.76772959e-01
 -5.59772378e-02  1.06474589e-01  6.21118632e-03 -1.68548802e-01
 -2.73199613e-02  1.45254359e-01 -3.84856895e-02 -1.70592906e-01
  3.25370286e-02  1.05150914e-01 -6.77378096e-02 -1.57544820e-01
  5.72873398e-02  1.16120933e-01 -1.19209583e-01 -1.06230592e-01
  9.10787463e-02  7.04460596e-02 -1.30130346e-01 -6.21098905e-02
  1.32538317e-01  5.02960699e-02 -1.38784910e-01 -3.11253811e-02
  1.32073946e-01 -9.15909608e-03 -1.54651671e-01  3.15995410e-02
  1.36057240e-01 -3.20922869e-02 -1.26577460e-01  2.88689724e-02
  1.27195874e-01 -9.01134868e-02 -1.23797635e-01  1.08618382e-01
  6.30015110e-02 -1.10677079e-01 -1.01750820e-01  7.38371992e-02
  6.74644689e-02 -1.60216553e-01 -6.51525163e-02  1.18291799e-01
  6.51340609e-04 -1.87494007e-01 -4.04869362e-02  1.37658813e-01
 -6.49956580e-02]",0.25657142857142856,0.000619047619047619,0.0,0.798,0.29335,0.0,0.2692631578947368,0.0011578947368421054,0.0,0.7892777777777777,0.2738333333333333,0.0,0.28394117647058825,0.0025882352941176473,0.0,0.7596875,0.2084375,0.0,0.29973333333333335,0.003,0.0,0.747,0.2032142857142857,0.0,0.3173076923076923,0.0043076923076923075,0.0,0.7270833333333333,0.18308333333333332,0.0,0.7348275862068966,0.20724137931034484,0.0,0.23004911648465057,6.712414071809006e-06
3.86,0.095,3001,0.6210909090909091,0.05368841849963301,0.7361818181818182,0.09756100020156916,0.3760772995793255,3.846153846153846,0.07753713842811395,0.8152342048327519,0.04137131418687574,3.846153846153846,0.09290338057375276,0.7864752019020615,0.05030753605408013,15,0.3868803264194576,15,0.44771180147286344,0.00040324013038460114,12.0,1.0862508383635143,"[ 1.00000000e+00 -2.41337998e-01 -1.55841485e-01  4.63924318e-02
  3.58150042e-01 -1.27511111e-01 -2.10988007e-01  1.02384613e-01
  3.03481076e-01 -2.26643199e-01 -1.49793064e-01  3.04458746e-01
  4.58002049e-02 -1.04484252e-01 -2.23564293e-01  4.47711801e-01
 -8.84887300e-02 -1.26943328e-01 -2.06254195e-01  4.15487995e-01
 -8.21624330e-02 -1.93865528e-01 -8.22353816e-02  3.15614392e-01
 -1.17169960e-01 -1.95312115e-01  7.00912488e-02  2.30168207e-01
 -1.17529455e-01 -2.72985415e-01  2.66749022e-01  5.31127785e-02
 -1.37286430e-01 -2.60318904e-01  3.23614698e-01 -1.37384739e-03
 -1.65029888e-01 -2.08524011e-01  3.42935743e-01 -6.28414822e-02
 -1.74971773e-01 -6.42967399e-02  2.47033674e-01 -7.75589328e-02
 -1.94251191e-01  5.31370021e-02  1.52696254e-01 -7.52666865e-02
 -2.59112083e-01  1.90973698e-01  7.25848109e-02 -1.26196818e-01
 -1.97866779e-01  2.77265541e-01  2.24274524e-02 -1.12493575e-01
 -1.72834157e-01  2.75718232e-01 -4.77056635e-02 -1.45641236e-01
 -7.40442238e-02  2.01815024e-01  7.77591561e-04 -2.03389139e-01
  4.92018159e-02  1.23745786e-01 -6.69989997e-02 -1.49998339e-01
  1.22781972e-01  7.24700773e-02 -2.80668762e-02 -1.96812802e-01
  1.91617820e-01  2.12256265e-02 -9.26012925e-02 -1.40475043e-01
  1.78628255e-01  3.19819119e-02 -1.13577339e-01 -5.27001696e-02
  1.54258952e-01  5.35680502e-03 -8.22045022e-02  1.21832466e-02
  8.72551342e-02  2.30940993e-02 -1.60273740e-01  1.06989490e-01
  4.13957850e-02 -2.87911456e-02 -1.16698030e-01  1.08276262e-01
  3.40049205e-02 -3.29710934e-02 -1.24434472e-01  1.50337684e-01
  2.56589428e-02 -2.75999096e-02 -7.44369284e-02  5.72818522e-02
  6.29760568e-02 -7.45967118e-02 -4.21877112e-03  5.33155024e-02
  6.34650432e-03 -8.65495440e-02  9.20201417e-02 -5.43787439e-03
  7.03251679e-02 -1.13702568e-01  9.73409650e-02  1.70749857e-02
  1.57881815e-02 -1.07803467e-01  6.35525094e-02  2.79128899e-02
  4.79841524e-02 -6.17583554e-02 -2.23712318e-02  1.15342186e-01
 -2.10931294e-02  7.65577027e-03  9.87509962e-03  9.08096455e-02
 -1.36279801e-01  8.72618216e-02 -3.44699611e-02  6.97328777e-02
 -1.16977858e-01  2.18226527e-02  3.83686794e-02  5.34004175e-02
 -8.45995471e-02  3.36636815e-03  2.42920228e-02  2.18365074e-02
 -1.81827401e-02 -8.93751445e-02  5.21274680e-02 -3.06582735e-02
  5.59955215e-03 -8.48270945e-02  7.86743787e-02 -7.97285395e-02
  4.99983960e-02 -1.00813977e-01  9.11776529e-02 -3.65800255e-02
 -5.04152800e-02 -1.64132580e-02  8.56657565e-02 -7.60800577e-02
 -2.81472762e-02 -1.60312380e-02  3.69410678e-02  2.39289472e-02
 -1.53149038e-01  1.03394349e-01 -3.36505025e-02  2.44933069e-02
 -8.70778084e-02  8.66346927e-02 -2.75378035e-02  2.41338118e-02
 -8.95611279e-02  9.79501535e-02 -2.68102062e-02  4.27611579e-03
 -6.43149076e-02  9.52844943e-02  3.16513764e-02 -1.01836981e-01
  5.72345038e-02  1.51730507e-02  6.08187704e-02 -1.07236000e-01
  3.84639002e-02  4.02056730e-02  3.74358385e-02 -1.39214951e-01
  1.01996265e-01  1.80488917e-03  5.90752042e-02 -1.05027135e-01
  7.07588303e-02  5.48813702e-02 -4.26270064e-02 -1.11951070e-02
  9.76513183e-02  3.86617870e-02 -8.02862750e-02  1.26688040e-02
  7.26724792e-02  7.25543862e-02 -1.37047807e-01  6.11016986e-02
  5.55985039e-02  6.59362951e-02 -1.31890221e-01  4.39461045e-02
  6.47085216e-02  3.74513224e-02 -1.10495712e-01  7.81026622e-02
  6.76919225e-02 -4.29553380e-02 -8.40616779e-02  9.09011532e-02
  7.27678895e-02 -1.15985052e-01 -2.58136933e-02  7.01387045e-02
  8.87772973e-02 -1.60279752e-01  5.87346282e-03  5.63260065e-02
  4.94717609e-02 -1.87596013e-01  2.48801893e-02  3.85608765e-02
  1.08764813e-02 -1.36988934e-01  7.60464441e-02  6.57676836e-02
 -6.03437271e-02 -9.53738108e-02  4.82022655e-02  8.32913799e-02
 -1.19260341e-01 -5.48770383e-02  4.23760500e-02  1.36418221e-01
 -1.53526354e-01 -3.43056627e-02  4.68424812e-02  9.83821173e-02
 -1.61740352e-01 -4.66071223e-03  5.22640255e-02  5.14044173e-02
 -1.69049598e-01  3.50441846e-02  1.14495700e-01 -7.30381692e-02
 -9.59157404e-02  3.02859593e-02  1.22763482e-01 -9.04264635e-02
 -8.05662290e-02  6.71758772e-02  1.26438037e-01 -1.45836944e-01
 -3.23469325e-02  4.69726039e-02  8.54046143e-02 -1.33220793e-01
 -1.76069569e-02  1.00872219e-01  3.36009881e-02 -1.42044327e-01
  8.64473706e-03]",0.25352380952380954,9.523809523809524e-05,0.0,0.80935,0.2839,0.0,0.26721052631578945,0.0005263157894736842,0.0,0.786,0.22672222222222221,0.0,0.2762352941176471,0.0012352941176470588,0.0,0.7825,0.218625,0.0,0.28773333333333334,0.0033333333333333335,0.0,0.7643571428571428,0.19957142857142857,0.0,0.2979230769230769,0.003384615384615385,0.0,0.7749166666666667,0.25383333333333336,0.0,0.7543103448275862,0.2025862068965517,0.0,0.2348154374813353,7.014256041256605e-06
3.86,0.1117,101,0.5395000000000001,0.02856372461070795,0.8917272727272728,0.05187150366590486,0.07954499706443151,550.0,0.1698576076365707,0.8301951004234451,0.2654828731004699,550.0,0.3764231195775076,0.6635048982241257,0.5286121366140959,3,0.39097300760466874,4,0.563111888863665,0.04810436838272356,10.0,1.0475224263135412,"[ 1.          0.44922564  0.48352542  0.54429577  0.56311189  0.46423252
  0.48614783  0.49820654  0.5589769   0.42940972  0.51242113  0.50899619
  0.48895725  0.45230433  0.5271485   0.44122492  0.48538128  0.50278756
  0.46388626  0.44553667  0.49279223  0.45472946  0.49522762  0.39719907
  0.48049     0.42835341  0.41986041  0.42713059  0.45749264  0.3732584
  0.4489534   0.42891446  0.43590513  0.38545789  0.45636435  0.41802207
  0.47034567  0.3475359   0.43843504  0.39615504  0.39076124  0.35889685
  0.42642461  0.35514615  0.39930251  0.37503406  0.40595513  0.34002424
  0.37094531  0.35738427  0.35789704  0.33898843  0.37807675  0.32453032
  0.37009653  0.35653548  0.3753516   0.34207737  0.33527372  0.32368154
  0.33039269  0.32358905  0.33902646  0.28520052  0.35300779  0.30256055
  0.33630131  0.30894595  0.32072515  0.30406492  0.32794908  0.30143226
  0.31349097  0.27993723  0.30495173  0.26605043  0.3203429   0.2780629
  0.28815275  0.27965976  0.27989302  0.25647538  0.30879899  0.25807224
  0.2951917   0.23095015  0.26497041  0.26661352  0.27726239  0.21977825
  0.27013299  0.24671535  0.25032732  0.23338757  0.22799376  0.25159842
  0.24197509  0.19265819  0.25821708  0.2097387   0.26881971  0.2195028
  0.24310745  0.23461446  0.26694537  0.18974805  0.2403823   0.22006385
  0.21832826  0.20560574  0.21034804  0.21002228  0.22686953  0.18796824
  0.21833029  0.20307989  0.16304827  0.20241609  0.19364359  0.14657505
  0.18763223  0.16055638  0.18894957  0.17707788  0.17703163  0.17388619
  0.20114906  0.10002132  0.18247372  0.14047323  0.16266804  0.15727424
  0.14512303  0.14676613  0.20274795  0.12189241  0.14887577  0.12179992
  0.1831293   0.12085661  0.1424924   0.12470184  0.14323844  0.10123796
  0.11132781  0.14844726  0.11320418  0.09823329  0.1370421   0.11024576
  0.12061512  0.09860733  0.09856108  0.13623956  0.06017256  0.07898867
  0.09386707  0.09551017  0.08053929  0.09118816  0.07480744  0.09756127
  0.08259039  0.03552185  0.09601269  0.06583766  0.08268491  0.06433532
  0.07076697  0.08423552  0.08784749  0.03712074  0.07255084  0.05054305
  0.0741477   0.05269893  0.04814365  0.0649909   0.07170206  0.05983036
  0.03303403  0.02172135  0.03546941  0.03260349  0.0210113   0.01730685
  0.02964507  0.02790948  0.00928038  0.02133909  0.03001911 -0.03591179
 -0.01005876  0.01354589  0.0019537  -0.02118442 -0.01729295 -0.00861293
 -0.06947578 -0.05431788 -0.02057712 -0.05468988 -0.03108522 -0.09448824
 -0.03230805 -0.052906   -0.06787689 -0.05102964 -0.08007434 -0.07505254
 -0.05651593 -0.09288935 -0.08476836 -0.08002606 -0.08289199 -0.0916645
 -0.08833204 -0.10330293 -0.09490242 -0.11071184 -0.11892533 -0.10038872
 -0.11226042 -0.11540586 -0.10024795 -0.1509747  -0.10878719 -0.13248434
 -0.14238718 -0.11540382 -0.14079032 -0.12563242 -0.14144183 -0.13810938
 -0.14012449 -0.13397235 -0.14302437 -0.14813867 -0.14170703 -0.14710083
 -0.15587334 -0.13339901 -0.18243641 -0.14418663 -0.15464849 -0.17468742
 -0.16318773 -0.17505942 -0.15145477 -0.15150102 -0.18392442 -0.14567464
 -0.16261439 -0.16772868 -0.1598872  -0.15345556 -0.17433303 -0.14931853
 -0.17470503 -0.16827339 -0.17028849]",0.0818095238095238,0.0,0.0,0.93675,0.69695,0.0,0.08363157894736842,0.0,0.0,0.9401666666666667,0.7178888888888889,0.0,0.08841176470588236,0.0,0.0,0.9299375,0.682,0.0,0.09313333333333333,0.0,0.0,0.927,0.6782142857142858,0.0,0.09907692307692308,0.0,0.0,0.9124166666666667,0.632,0.0,0.9148275862068965,0.6454310344827586,0.0,0.6814106349206349,0.0006217869176227961
3.86,0.1117,707,0.5631363636363637,0.03651188530595264,0.8279090909090909,0.054923011480459125,0.13480223554556567,3.846153846153846,0.03917912036633518,0.8931995465880078,0.07720102951819156,275.0,0.04505946977782525,0.8918179696130346,0.1511704410567995,3,0.19438746694443507,8,0.2717666676380213,-0.007438262304231734,12.0,1.0821055133079849,"[ 1.00000000e+00  1.17058260e-02  7.62060278e-02  1.57596594e-01
  1.73036657e-01  8.14570620e-03  6.64431853e-02  5.32531891e-02
  2.71766668e-01 -3.54334820e-02  1.19126747e-01  9.38819894e-02
  1.40965801e-01  4.03915705e-03  1.24783040e-01  3.40781881e-02
  8.41756897e-02 -1.50798242e-02  1.12532534e-01 -1.14982549e-02
  1.25155174e-01 -1.56262536e-02  8.23396100e-02  2.09305678e-02
  9.42964988e-02  5.63312280e-02  9.43739681e-02  7.43154975e-02
  1.16703431e-01 -4.73464257e-02  3.33783892e-02  4.66458548e-02
  9.22228208e-02 -5.35695519e-02  9.53139805e-02  5.86802128e-02
  1.75259096e-02 -5.72159329e-03  7.90333476e-02  2.58242829e-02
  1.24589447e-02 -2.56816681e-02  7.41417246e-02  7.90338706e-02
  1.54522316e-02  7.07360204e-02  1.07271915e-01 -2.56246023e-02
  2.51386509e-02  6.01677007e-02  5.53530239e-02  1.87192563e-02
  1.39045796e-02  1.05352653e-01  1.26820096e-01 -5.58023129e-02
  4.57032671e-02  4.60748775e-02  5.24738687e-02  3.32564917e-02
 -3.03251473e-02  4.06928449e-02  2.73275067e-02 -7.71142943e-02
 -4.96194705e-02  5.30422706e-02  2.89536741e-02 -6.36277211e-04
 -4.54700224e-02  1.75233343e-02 -2.58035657e-02  8.50164545e-04
 -4.85041162e-02  2.55275664e-02 -1.11062012e-02 -4.62331236e-02
 -4.43546680e-02  9.76603900e-02 -4.36114471e-02 -2.06371589e-02
 -9.54229017e-03  4.87551890e-02 -6.97386284e-02 -4.65889981e-02
 -4.30283553e-02  2.51512885e-02 -6.63946574e-02  2.35465706e-02
 -6.39406467e-03  5.85696527e-03 -7.27931256e-02  4.59535030e-02
 -1.31076005e-02  5.67542306e-02 -9.80792132e-02  1.91952152e-03
 -1.57910103e-02  4.56955012e-02 -9.25626455e-02  3.27017734e-02
 -2.03319493e-02  3.72997783e-02 -1.00958368e-01  4.70840703e-02
  2.87077869e-02  5.83752074e-02 -6.09597035e-02  2.14472986e-02
 -5.43644438e-02 -2.25244265e-02 -1.14736124e-01  3.33063147e-02
 -1.75548112e-02 -6.77501855e-02 -2.82006002e-02  1.82174594e-02
 -8.52079060e-02 -2.99241173e-02 -5.13140910e-02  4.39887662e-02
 -4.50338990e-02 -6.03964921e-02 -4.12769878e-02  1.58643301e-02
 -8.47226869e-02  6.98005560e-04 -6.28926795e-03  1.04822976e-02
 -3.80308896e-02 -5.94208634e-02  3.30436455e-02  2.11851524e-02
 -5.39110852e-03 -2.11043855e-02 -2.89327526e-02  9.77573910e-03
 -1.74662734e-02 -1.47467242e-02 -1.72134622e-02 -1.61761001e-02
 -6.61961325e-02 -1.69397244e-02 -2.91132851e-02 -3.02485199e-02
 -3.28905998e-02  2.25685309e-02  5.47592323e-02 -4.81757236e-02
 -3.77466064e-02  5.38768088e-02 -6.02538822e-03 -6.05659561e-02
 -4.72984906e-02  2.82400372e-02 -3.25032534e-02 -6.89616791e-02
 -6.54010363e-02  5.72003763e-02  3.02734314e-02 -6.04314210e-02
 -4.69886135e-02  2.44313652e-03 -3.72043215e-02 -7.51695923e-02
 -2.40556551e-02 -5.77724445e-03 -2.80083118e-02 -6.83215214e-02
 -3.91445104e-02 -2.97318289e-02  1.75273243e-02 -3.39995532e-02
  5.39086941e-04  3.57434787e-02  4.64668216e-03 -4.30254114e-02
  1.04470947e-03 -3.08931806e-02  4.78343795e-02 -4.45526600e-02
  3.80296841e-02  3.77355429e-02 -1.22844894e-02 -2.46333920e-02
  3.53462743e-02 -3.14243971e-02 -2.42272811e-03 -5.39496056e-02
  8.20265748e-03 -1.31873163e-02 -1.33061155e-02 -3.92166248e-02
  6.98231811e-02  2.21141611e-03  1.91727495e-03 -7.24804988e-04
  4.40110675e-02 -3.46390234e-02  2.68474881e-02 -5.09040199e-03
  2.40866090e-02 -5.00429463e-02  3.16983042e-02  5.31657472e-02
  2.65894863e-02 -2.94579268e-02  3.77052815e-02 -3.93943130e-03
  1.79380829e-03 -6.79905535e-02  1.29096035e-02  8.76067836e-03
 -1.17882018e-02 -4.74055339e-02 -9.36279378e-03 -1.63500673e-02
 -6.93738573e-03 -3.58615854e-02  2.41180809e-02  4.42540207e-02
  2.63681469e-02 -7.10298378e-02  3.38838424e-04  7.60527082e-02
 -8.80010540e-03 -7.15406508e-02  7.13155008e-02  2.96707880e-02
  7.43972059e-03 -7.74753046e-03  6.34458038e-02  5.92968786e-02
 -5.79160555e-03 -4.89431635e-02  6.89623715e-02 -1.35425034e-02
 -3.29352223e-02  5.28285975e-03  4.18187547e-02 -3.01499049e-03
 -1.11940416e-02  3.30514213e-02  1.77928280e-03 -3.31722977e-02
  1.07224812e-02 -1.51880281e-02  6.28737804e-02  2.10537256e-02
 -7.87047408e-03  1.59449077e-02  3.28918152e-02  3.96761553e-03
 -3.56651576e-04  1.65902559e-02  5.16193057e-02  9.24281403e-05
 -3.77055007e-04  1.59041009e-02  3.58646988e-02 -3.87908825e-02
 -1.66576879e-02]",0.13076190476190477,0.0,0.0,0.89805,0.5482,0.0,0.13405263157894737,5.2631578947368424e-05,0.0,0.9004444444444445,0.5542222222222222,0.0,0.13758823529411765,0.0,0.0,0.89575,0.54125,0.0,0.14253333333333335,0.0,0.0,0.8867857142857143,0.5098571428571429,0.0,0.14984615384615385,0.0,0.0,0.88825,0.5315833333333333,0.0,0.8772413793103448,0.49646551724137933,0.0,0.5370120133667502,0.00010128102243060363
3.86,0.1117,1313,0.5730454545454544,0.044640459912024026,0.8024545454545454,0.07930592507540729,0.1668629048249749,2.0072992700729926,0.08741749208888315,0.8088097517082531,0.2243668170536709,275.0,0.14919660067494708,0.7124746463156839,0.5594817510530127,4,0.41031015284304806,4,0.6219075402410946,-0.06965820972338277,14.0,1.0916398713826367,"[ 1.00000000e+00  4.34042785e-01  5.70633858e-01  5.27956553e-01
  6.21907540e-01  4.49035405e-01  5.55888796e-01  5.02299834e-01
  5.81038363e-01  4.35593855e-01  5.37423731e-01  4.19548764e-01
  5.24921250e-01  4.10588892e-01  4.78344807e-01  3.92269225e-01
  4.97712669e-01  3.59566250e-01  4.51278141e-01  3.56317127e-01
  4.37117361e-01  3.25059578e-01  4.15184128e-01  3.06739912e-01
  3.86888390e-01  2.87839447e-01  3.70772342e-01  2.50077478e-01
  3.44680222e-01  2.49138410e-01  3.19891615e-01  1.82432431e-01
  2.89321301e-01  1.75676177e-01  2.66558918e-01  1.33471493e-01
  2.30313334e-01  1.77518042e-01  1.88937799e-01  1.29709045e-01
  2.10509279e-01  1.17929277e-01  1.68517467e-01  1.07736850e-01
  1.64035789e-01  7.00813178e-02  1.61793208e-01  4.62282955e-02
  1.48674449e-01  5.10709333e-02  1.41443833e-01  1.63417328e-02
  1.44260246e-01  5.76038650e-02  8.06934703e-02  2.50073257e-02
  1.11008467e-01  1.85349013e-02  9.44535350e-02  2.07350365e-02
  7.42495578e-02  3.35095519e-03  8.64612433e-02 -1.39621688e-02
  6.34018915e-02  1.42556453e-02  7.49972997e-02 -1.38626995e-02
  2.65365464e-02  5.61159763e-03  8.53618781e-03 -5.91981992e-03
  1.13526004e-02 -1.53185762e-02  5.60288923e-03 -3.03593342e-03
 -3.48015818e-02 -2.17235267e-02 -8.37539903e-04 -5.36683100e-02
  1.35777641e-02 -3.40875768e-02  1.15125768e-02 -2.89256311e-02
 -3.32281740e-02 -5.33594522e-02 -1.35764836e-02 -4.67520798e-02
 -5.04028667e-02 -6.03806800e-02 -7.55339328e-03 -5.66996395e-02
 -2.41438039e-02 -8.40597924e-02 -3.33651670e-02 -6.15882061e-02
 -5.94218079e-02 -9.84145892e-02 -4.85136344e-02 -9.26718448e-02
 -6.00095733e-02 -1.03303156e-01 -5.70867248e-02 -8.01798135e-02
 -7.72552233e-02 -9.96255987e-02 -8.51375957e-02 -8.50329014e-02
 -7.33647943e-02 -1.04407729e-01 -8.18989226e-02 -9.27413638e-02
 -8.39995886e-02 -1.41131160e-01 -1.05719950e-01 -7.39932634e-02
 -1.05000720e-01 -1.36837325e-01 -6.23286396e-02 -9.84660464e-02
 -1.09273009e-01 -1.03528523e-01 -6.22646490e-02 -9.26203494e-02
 -1.09896253e-01 -1.04839002e-01 -1.05527978e-01 -1.05494241e-01
 -1.02534172e-01 -1.15580232e-01 -9.81658970e-02 -7.79316662e-02
 -9.37266646e-02 -1.06701767e-01 -9.58273305e-02 -9.95135960e-02
 -1.03093426e-01 -8.72309532e-02 -1.11082234e-01 -8.57535314e-02
 -8.92978822e-02 -8.28661615e-02 -1.23991604e-01 -7.92205997e-02
 -5.32046625e-02 -1.32740346e-01 -9.14764722e-02 -5.89206366e-02
 -7.55093056e-02 -1.03661387e-01 -7.03473599e-02 -7.03845802e-02
 -8.32887254e-02 -7.97478579e-02 -7.89914076e-02 -6.02380821e-02
 -7.90303696e-02 -8.25747205e-02 -8.25409835e-02 -7.31474523e-02
 -6.66447742e-02 -6.44783760e-02 -1.01267539e-01 -4.21487043e-02
 -1.00619266e-01 -7.38451370e-02 -1.04994508e-01 -5.58517451e-02
 -8.75109575e-02 -6.44213521e-02 -7.09984708e-02 -4.78733868e-02
 -9.33705879e-02 -3.63134574e-02 -7.10054376e-02 -3.33906089e-02
 -8.96575522e-02 -2.75414285e-02 -7.30386296e-02 -6.79813781e-02
 -3.96908651e-02 -3.82471801e-02 -6.93255938e-02 -6.41973851e-02
 -4.45794316e-02 -4.59911213e-02 -8.35029973e-02 -2.20741083e-02
 -8.12673835e-02 -2.56202009e-02 -7.25983072e-02 -3.78033744e-02
 -6.23773684e-02 -1.24764136e-02 -7.39087859e-02 -3.84620972e-02
 -5.35698609e-02 -4.39161934e-03 -6.72694183e-02 -2.68346937e-02
 -4.05325095e-02 -1.74074255e-02 -4.84858392e-02 -1.67591529e-02
 -5.78845955e-02 -3.75794074e-02 -5.79235575e-02 -3.76183694e-02
 -7.37202975e-02 -3.32500943e-02 -6.50512213e-02 -3.48054402e-02
 -6.29575220e-02 -2.31745534e-02 -7.73797928e-02 -4.13523053e-02
 -7.66960415e-02 -3.32995064e-02 -7.52895769e-02 -2.17750555e-02
 -9.40126488e-02 -1.54256644e-03 -9.70134213e-02 -2.68764940e-02
 -8.97188144e-02 -2.61217854e-02 -7.38935624e-02 -1.89690931e-02
 -7.53424723e-02 -5.73118601e-02 -7.61041476e-02 -6.09643886e-02
 -1.17302289e-01 -5.87642534e-02 -7.82792543e-02 -7.33284388e-02
 -9.14334917e-02 -5.89131348e-02 -9.35696363e-02 -6.82409337e-02
 -1.00693817e-01 -5.94654215e-02 -1.08576189e-01 -4.57018735e-02
 -9.76680156e-02 -8.25282566e-02 -9.26834632e-02 -6.80419953e-02
 -1.16394571e-01 -6.21218576e-02 -8.59021809e-02 -6.19834263e-02
 -1.15465952e-01 -5.76151512e-02 -1.11097677e-01 -4.02380367e-02
 -1.18292815e-01 -4.37486506e-02 -8.41513799e-02 -5.16310230e-02
 -1.05007113e-01]",0.1605238095238095,0.0004761904761904762,0.0,0.87125,0.48195,0.0,0.168,5.2631578947368424e-05,0.0,0.8685,0.4713333333333333,0.0,0.17747058823529413,0.0,0.0,0.8613125,0.44625,0.0,0.1786,0.0002666666666666667,0.0,0.8581428571428571,0.4471428571428571,0.0,0.18,0.0,0.0,0.8630833333333333,0.449,0.0,0.86,0.4406896551724138,0.0,0.45897614035087714,6.17076757920883e-05
3.86,0.1117,2029,0.5936818181818181,0.043509023477514897,0.7431818181818182,0.06539296345495814,0.22496979764940228,2.0,0.08608181417491259,0.8824926533364508,0.09733283985108565,550.0,0.08931100781611313,0.8668219861954806,0.24452561392390088,4,0.21363598362021238,4,0.36794528851348685,-0.03146844279957497,19.0,1.1366796440489433,"[ 1.00000000e+00  7.82524477e-02  1.31380481e-01  2.37801262e-01
  3.67945289e-01  1.92759601e-02  1.93146130e-01  1.92063408e-01
  2.41712677e-01  6.75130783e-02  1.97947002e-01  1.45987341e-01
  1.60414114e-01  9.23651649e-02  2.46329068e-01  1.65658615e-02
  1.73428736e-01  1.10549619e-01  1.24058384e-01 -4.57905625e-03
  1.65039290e-01  1.03368077e-01  7.22326907e-02  1.72291109e-02
  1.82885530e-01  4.99962665e-02  4.22459118e-02  4.32891021e-02
  1.61402399e-01 -4.29355155e-03  7.07217120e-02  1.03653582e-01
  9.07333957e-02  9.92897521e-03  7.71653336e-02  6.54530520e-02
  6.31624258e-02  5.73205603e-04  1.05786082e-01 -1.40578125e-02
  8.69032403e-02 -4.34252658e-02  7.37700238e-02 -6.13901005e-02
  7.75474706e-02 -3.36478277e-02  3.63425529e-02 -2.94355352e-02
  7.65504004e-02  3.64282044e-02 -5.19179328e-03  2.89479810e-02
  9.46865378e-02 -2.51573570e-02  1.62781606e-02  4.89201334e-02
  6.98695902e-02 -8.80891829e-03  2.71668709e-02 -3.44801838e-04
  2.47115304e-02 -3.98586532e-02  3.99882284e-02  1.46024676e-02
  5.78915697e-03  6.68739870e-03  6.28593516e-02 -4.45189685e-02
 -1.29399518e-02  1.04253142e-02  2.54318808e-02 -3.10695006e-02
  8.38505361e-03  1.36800678e-02 -1.12225312e-02 -4.10050644e-02
  5.74523317e-03  1.95680533e-03 -3.23674489e-02 -1.56149113e-03
  2.49926428e-02 -4.54721150e-02  6.88725200e-02  3.69640747e-02
  1.88740573e-02  2.76500327e-03  1.42765530e-01  5.99801464e-02
  1.19824129e-02 -6.47876065e-04  7.87641599e-02 -2.67781453e-02
 -1.84392117e-02  1.22217976e-02  1.04679203e-01 -3.77766650e-02
  1.42884125e-02  5.14721062e-02  2.06266169e-02 -1.21998357e-02
  5.56646330e-02  4.71412194e-02  1.81317450e-02  1.93198839e-02
  6.36543724e-02 -3.09684759e-02  8.35211076e-02 -1.03286818e-02
  2.86910268e-02  4.07832492e-03  8.98680968e-02  1.75673242e-02
 -8.39823075e-03  1.14882701e-02  9.37992770e-02 -1.67679110e-02
 -2.21024567e-02  9.46579873e-02  9.34303171e-02 -4.72378518e-02
  2.04816684e-02  5.11426777e-02  6.62941928e-02 -4.30650907e-02
  6.00218741e-02  2.30885460e-02  4.43279000e-02 -8.65804003e-02
  6.05226054e-02 -5.96111865e-02 -8.75401354e-03 -4.03725617e-02
  3.40145915e-02 -5.83373963e-02  3.71639280e-02 -2.81793145e-02
  8.52121739e-03 -7.41192180e-02  5.09999253e-02 -4.42510333e-02
 -4.53337550e-02 -1.78616137e-02  3.37686182e-02 -8.83461371e-02
  1.15519597e-02 -6.06038644e-02 -4.43191152e-03 -6.26243593e-02
  1.05548894e-02 -4.06317121e-02 -2.53001094e-03 -8.21265269e-02
 -4.55050578e-03 -7.92670875e-02 -1.03396628e-02 -3.14735996e-02
 -3.81609983e-02 -7.40313704e-02 -2.54318808e-03 -5.14589290e-02
 -1.51976351e-03 -8.06331177e-02 -4.26500108e-03 -4.24062337e-02
 -3.83191240e-02 -1.03179205e-01 -1.11566455e-02 -7.25379611e-02
  5.18300852e-03 -5.45072408e-02 -3.12869234e-02 -5.74457431e-02
  1.69414100e-02 -5.00445827e-02 -2.68242653e-02 -5.17751804e-02
 -5.02488283e-03 -6.60679853e-02 -9.94742321e-02 -3.16580796e-02
 -3.51566103e-02 -5.41646352e-02 -9.33688238e-02  7.73717754e-03
 -6.25826317e-02 -8.02378035e-02 -5.88535009e-02 -3.42803305e-02
 -7.87992990e-02 -5.37912829e-02 -3.36148849e-02 -1.45014429e-02
 -6.87319638e-02 -2.15468206e-02 -8.76148058e-02 -3.84486992e-02
 -4.13674358e-02 -5.18718128e-02 -1.03058414e-01 -5.32641973e-02
 -4.10116530e-02 -3.58615873e-02 -1.03765587e-01 -3.02964417e-02
  2.09955769e-02 -7.77341468e-02 -9.39881494e-02 -1.77891394e-04
 -8.41711798e-02 -9.75745277e-02 -5.73469146e-02 -1.69743529e-02
 -7.71477641e-02 -1.03306584e-01 -6.82488020e-02 -6.28088392e-02
 -1.26171118e-01 -1.25272877e-01 -9.64478822e-02 -9.36169932e-02
 -9.82267962e-02 -6.07532053e-02 -1.41895839e-01 -5.96331484e-02
 -1.03379058e-01 -4.45013990e-02 -1.46564939e-01 -3.49743265e-02
 -8.36001704e-02 -7.93681122e-02 -1.36207707e-01 -5.96946417e-02
 -8.20364831e-02 -8.58732271e-02 -8.75840592e-02 -3.47459228e-02
 -1.17676255e-01 -6.07795596e-02 -1.15010081e-01 -5.44413551e-02
 -1.17658686e-01 -3.26419727e-02 -8.75006040e-02 -5.95936170e-02
 -7.89398551e-02 -5.84735601e-02 -9.02370568e-02 -4.82217449e-02
 -3.10892663e-02 -6.49786750e-02 -8.47597588e-02 -6.62744271e-02
 -9.45591588e-02 -2.59699473e-02 -1.02522544e-01 -4.49977379e-02
 -8.34552219e-05 -6.23827784e-02 -6.74274269e-02  1.77342346e-02
 -3.98301027e-02]",0.19847619047619047,0.0003333333333333333,0.0,0.83795,0.3468,0.0,0.2143157894736842,0.0006315789473684211,0.0,0.8346666666666667,0.3487222222222222,0.0,0.23247058823529412,0.001411764705882353,0.0,0.80875,0.300625,0.0,0.24886666666666668,0.0006666666666666666,0.0,0.7881428571428571,0.267,0.0,0.2672307692307692,0.0013846153846153845,0.0,0.7795833333333333,0.2608333333333333,0.0,0.7722413793103449,0.24948275862068967,0.0,0.3039105193035378,7.524689914990902e-05
3.86,0.1117,3001,0.5646363636363636,0.0394202825673022,0.8231818181818182,0.056599579474535096,0.1373016788799495,2.0,0.35662688510835416,0.6989168733268514,0.07648868666018237,2.0,0.10022201855545809,0.837435971786351,0.25338762009956006,8,0.3684961749130575,4,0.37294315616663243,0.01202737050684866,19.0,1.0787467238503694,"[ 1.00000000e+00  1.27731113e-01  2.38203278e-01  2.04502594e-01
  3.72943156e-01  8.30799449e-02  2.28160300e-01  1.05726950e-01
  3.35180089e-01  5.31724077e-02  1.79910293e-01  8.02824895e-02
  2.73605347e-01  4.20201108e-02  2.23333939e-01  4.70856908e-02
  2.26219577e-01  4.64756823e-02  1.95154877e-01  6.85680279e-02
  2.23477471e-01  6.85126792e-02  2.32141890e-01  2.23947700e-02
  2.75414500e-01  6.72926622e-02  1.42950251e-01  6.87594031e-02
  1.31646917e-01  4.70723227e-02  1.65954677e-01  6.76425786e-02
  1.89465920e-01  3.37400838e-02  1.96608250e-01  4.37202076e-02
  1.69697048e-01 -1.01500396e-02  1.54898068e-01  2.39513353e-02
  8.81545542e-02 -5.63232975e-02  1.01527132e-01 -1.51274369e-02
  3.07333118e-02 -3.13453138e-02  7.91268506e-02 -6.52478086e-02
  7.00034593e-02 -2.11109613e-02  4.75553341e-02 -1.51811439e-02
  5.67744129e-02 -2.15699335e-02  3.76155492e-02 -1.30087069e-02
  1.05009410e-01  5.27841459e-03  5.25580604e-02  2.59165665e-03
  1.20712966e-01 -4.36294450e-02  5.11316584e-02  6.07979831e-03
  1.19286564e-01 -6.54750667e-02  4.06372138e-02  1.18510744e-02
  6.76441031e-02 -8.09872475e-02  7.41285802e-02 -1.50122834e-02
  2.79074785e-02 -5.54546041e-02  4.85809270e-02 -5.90055994e-02
  3.67552989e-03 -1.15055788e-01  1.57324030e-02 -6.63139750e-02
  4.47128492e-02 -6.05905426e-02  4.33417959e-02 -5.78080971e-02
  5.52954765e-02 -4.09398728e-02  4.53078479e-02 -4.80897071e-02
  9.62296034e-02 -4.86997156e-02  4.60613878e-02 -1.47015332e-02
  6.09560552e-02 -3.94327929e-02  9.06975462e-02 -3.23936560e-02
  6.16064026e-02 -4.16202398e-02  7.86810120e-02 -1.60322477e-02
  6.94544282e-02 -8.55103632e-02  8.79479347e-02 -4.23409457e-02
  4.88213186e-02  1.93773270e-02  5.88014423e-02 -2.18260385e-02
  9.62952713e-02 -4.32680367e-02  6.71009352e-02 -1.20044560e-02
  6.48656445e-02  1.90527396e-02  8.90347395e-02  3.89651432e-02
  1.40717540e-01  2.26440738e-02  1.40004339e-01  6.08989476e-02
  1.13647797e-01  6.06372138e-02  1.48961684e-01  4.43161444e-02
  1.27622878e-01  2.78918824e-02  1.57467562e-01  5.55566240e-02
  8.42874146e-02  2.22087890e-02  1.38911202e-01  3.06668230e-02
  9.20322477e-02 -4.45900736e-02  1.40219401e-01 -1.34296854e-02
  6.21247105e-02  3.20228665e-02  1.53639823e-01  8.50411891e-03
  1.57286506e-01  1.92452874e-02  1.36708745e-01  3.42431474e-02
  7.93428513e-02  1.66063733e-02  1.16939873e-01  3.01990560e-03
  8.57719797e-02 -1.46168685e-02  1.07864325e-01 -1.03790566e-03
  6.04307115e-02 -1.49726481e-02  1.13738794e-01 -1.21902026e-02
  1.17488669e-01 -6.22552256e-02  8.71850136e-02 -4.33760371e-04
  3.54947085e-02 -3.12051831e-03  5.34335552e-02 -4.26986016e-02
  9.75704025e-02 -7.44211545e-02 -9.45689074e-03 -2.04552197e-02
  3.10811175e-02 -8.26324646e-02  3.62498901e-02 -6.83956495e-02
  1.03746944e-01 -3.06954355e-02  2.85932397e-02 -1.58007681e-02
  9.95859400e-02 -6.54143238e-02  8.25038257e-02 -1.22094339e-02
  6.77048459e-02 -2.27517223e-02  2.02712322e-02 -4.03884964e-02
  4.29182375e-02 -3.82639031e-02  2.45204186e-02 -2.82837794e-02
  4.31171176e-02 -6.77586702e-02  3.97725074e-02 -7.76431063e-02
  1.85368943e-02 -3.64472458e-02  5.25350767e-02 -3.65025945e-02
  1.85293893e-02 -5.63193105e-02  3.47397614e-02 -6.64101316e-02
 -1.13781478e-02 -4.99933746e-02  3.69121984e-02 -7.62467239e-02
 -2.19757849e-02 -4.43252910e-02  1.48601917e-02 -3.36873149e-02
 -4.19805928e-05 -1.32202515e-02  6.44108938e-02 -3.59779543e-02
  3.03020140e-02 -2.61010231e-02  7.49935212e-02 -5.45343144e-02
 -3.96540705e-03 -1.92204274e-02  1.85784058e-02 -6.55447216e-02
  1.71041599e-02 -2.29299639e-02 -1.83204245e-02 -7.53813139e-02
 -1.90366744e-03 -8.88645891e-02 -7.63460467e-03 -7.25510246e-02
  3.00337135e-03 -4.84851221e-02 -4.88933189e-02 -3.20683650e-02
  2.77749700e-02 -5.28525109e-02  1.19053678e-02 -4.17630676e-02
  3.79448272e-02 -6.96416992e-02 -1.83117469e-02 -2.50533845e-02
  7.83090499e-03 -3.16485591e-02 -8.49016446e-03 -2.52672745e-02
 -1.78199408e-02  6.75735100e-03 -3.98165988e-02 -5.16791651e-02
  1.24208613e-02 -4.62653103e-02 -3.53223300e-02 -7.48017941e-02
  7.84708745e-03 -4.27771687e-02 -8.50944270e-02 -5.22101375e-02
 -2.85374219e-03 -4.58288529e-02 -1.92780042e-02 -7.51263815e-02
 -1.00589253e-02]",0.13504761904761906,0.0,0.0,0.8959,0.52535,0.0,0.14378947368421052,5.2631578947368424e-05,0.0,0.8870555555555556,0.5114444444444445,0.0,0.14994117647058824,0.0,0.0,0.87625,0.483875,0.0,0.1542,0.0,0.0,0.8759285714285714,0.48278571428571426,0.0,0.16176923076923078,7.692307692307693e-05,0.0,0.8655,0.4563333333333333,0.0,0.8648275862068966,0.4554310344827586,0.0,0.4919317874815243,1.3198826079633066e-05
3.86,0.1283,101,0.5860909090909091,0.024020652271268362,0.8089090909090908,0.04213280851924077,0.19116592272329974,4.014598540145985,0.15638668899183047,0.7986887446262882,0.094952950918952,4.014598540145985,0.20488646504853772,0.6401309822215129,0.3901573834935636,4,0.45465584862026964,4,0.7431616637519911,0.022254338268834696,14.0,1.0703717069649945,"[ 1.00000000e+00  3.11125618e-01  9.80608408e-02  3.74521009e-01
  7.43161664e-01  3.35037389e-01  3.23526932e-02  3.21615706e-01
  6.97481822e-01  3.43585745e-01 -9.85408565e-03  3.38302017e-01
  6.82985056e-01  2.93697259e-01 -3.50493745e-02  3.11002406e-01
  6.07490879e-01  2.48473664e-01 -4.86336465e-02  2.51327890e-01
  5.96923423e-01  2.79331560e-01 -8.94716848e-02  2.63805556e-01
  5.40265724e-01  2.42702166e-01 -8.55882199e-02  1.80629671e-01
  5.28329527e-01  1.66751742e-01 -1.26146923e-01  1.66132906e-01
  4.88227070e-01  1.80421237e-01 -1.32505735e-01  1.64895233e-01
  4.56262568e-01  1.84760949e-01 -1.84042296e-01  1.43173006e-01
  4.26858635e-01  1.49779630e-01 -1.84088141e-01  1.13312826e-01
  4.50314159e-01  1.30161726e-01 -1.56703307e-01  1.07410262e-01
  4.31608748e-01  1.39622576e-01 -2.06591794e-01  9.80346341e-02
  4.15463907e-01  1.30703196e-01 -1.84328098e-01  1.17737760e-01
  4.12121912e-01  1.53423138e-01 -1.82092709e-01  1.01592919e-01
  4.23687084e-01  1.41486942e-01 -1.58180938e-01  8.96567229e-02
  4.35252256e-01  1.50491545e-01 -1.64083502e-01  9.65570038e-02
  4.29805938e-01  1.37363520e-01 -1.28560715e-01  5.05978273e-02
  4.45300420e-01  1.20026850e-01 -1.36567602e-01  5.32894637e-02
  4.42414672e-01  1.30400194e-01 -1.66707117e-01  8.76204229e-02
  4.25990496e-01  1.34460571e-01 -1.39145371e-01  7.42130631e-02
  4.02340860e-01  1.56444931e-01 -1.68372392e-01  7.78171931e-02
  4.23868973e-01  1.52823601e-01 -1.38706324e-01  9.76972315e-02
  4.05796722e-01  1.75720455e-01 -1.38854592e-01  1.12912379e-01
  4.07752777e-01  1.95600494e-01 -1.36898537e-01  1.06730479e-01
  4.45100552e-01  1.89418594e-01 -1.00007009e-01  1.03109149e-01
  4.28220129e-01  1.98143863e-01 -1.30146524e-01  9.76628310e-02
  4.09970966e-01  1.91785051e-01 -1.43730796e-01  7.94136678e-02
  4.01964079e-01  1.81673842e-01 -1.33813699e-01  6.11645045e-02
  4.06760038e-01  1.68545817e-01 -1.54167184e-01  5.31576176e-02
  3.73147460e-01  1.52857223e-01 -1.62630318e-01  4.25901617e-02
  3.69805464e-01  1.52075796e-01 -1.86000620e-01  5.20510116e-02
  3.54116870e-01  1.12429586e-01 -1.98393063e-01  1.70696932e-02
  3.21696121e-01  9.58284986e-02 -1.83354828e-01 -1.63571693e-03
  3.18810372e-01  1.05745595e-01 -1.99043422e-01 -2.41714337e-03
  2.89862686e-01  6.91162016e-02 -2.12627694e-01 -2.06663066e-02
  2.69052953e-01  5.90049925e-02 -2.09479811e-01 -2.47438838e-02
  2.56837422e-01  6.77302608e-02 -2.20047267e-01 -5.06747544e-02
  2.54407920e-01  4.69205284e-02 -2.34823367e-01 -5.26480094e-02
  2.37071251e-01  3.51612439e-02 -2.10278438e-01 -4.55708165e-02
  2.39027305e-01  6.22667427e-02 -1.98536353e-01 -4.70878246e-02
  2.49856896e-01  6.07497346e-02 -2.20537914e-01 -4.09231254e-02
  2.25294766e-01  5.10947724e-02 -2.14829462e-01 -5.31386567e-02
  2.25882080e-01  4.91215174e-02 -2.16802717e-01 -6.53541881e-02
  2.12754055e-01  4.66920156e-02 -2.34595633e-01 -6.31187986e-02
  2.06115909e-01  4.00538693e-02 -2.25870365e-01 -6.67401289e-02
  2.10176286e-01  4.15536771e-02 -2.26931126e-01 -7.54825974e-02
  2.00977570e-01  3.23549617e-02 -2.31008703e-01 -8.51375597e-02
  1.89218286e-01  2.82773845e-02 -2.30421389e-01 -8.15334296e-02
  1.87701278e-01  3.44420837e-02 -2.31482151e-01 -7.74730527e-02
  1.84079947e-01  2.31390461e-02 -2.30438590e-01 -8.92323372e-02
  1.77441801e-01  1.90614689e-02 -2.31955598e-01 -9.07493453e-02
  1.63121947e-01  2.77867372e-02 -2.35576928e-01 -9.22663534e-02
  1.64165508e-01  1.34668836e-02 -2.32429045e-01 -9.63439306e-02
  1.52406224e-01  1.19498755e-02 -2.30929237e-01 -1.02525830e-01
  1.48784894e-01  1.34496833e-02 -2.39671705e-01 -1.04042838e-01
  1.42146747e-01 -3.43073936e-03 -2.33963253e-01 -1.05559846e-01
  1.27826894e-01  5.29452893e-03 -2.35024014e-01 -1.04060038e-01
  1.34447840e-01 -8.87370511e-04 -2.30963637e-01 -1.05120800e-01
  1.25705371e-01 -1.94813176e-03 -2.29920076e-01 -1.11758946e-01
  1.19067225e-01 -9.04570764e-04 -2.36101976e-01 -1.13275954e-01
  1.12429079e-01 -1.26638553e-02 -2.35514662e-01 -1.17353531e-01
  1.03230363e-01 -1.41808634e-02 -2.34014854e-01 -1.18414292e-01
  9.96090328e-02 -1.52416246e-02 -2.32515046e-01 -1.19475054e-01
  9.59877025e-02 -1.63023859e-02 -2.31015238e-01 -1.20535815e-01
  9.23663722e-02]",0.17785714285714285,0.00014285714285714287,0.0,0.8301,0.44435,0.0,0.18068421052631578,0.0,0.0,0.964,0.8613333333333333,0.0,0.18529411764705883,0.0,0.0,0.8261875,0.4361875,0.0,0.1862,6.666666666666667e-05,0.0,0.9506428571428571,0.8085,0.0,0.18707692307692309,7.692307692307693e-05,0.0,0.8278333333333333,0.4315,0.0,0.9415517241379311,0.7713793103448275,0.0,0.5963168772893772,1.6244741494755156e-05
3.86,0.1283,707,0.5657727272727273,0.017453657647875848,0.8652727272727272,0.03745807573830414,0.13805790683000582,4.014598540145985,0.20723067599508838,0.6036830688201216,0.2487027880065069,4.014598540145985,0.19600860219377492,0.5209239318280655,0.4839650911821362,4,0.8216662813045089,4,0.9103332305240704,-0.019295639632894924,18.0,1.0639391906997542,"[ 1.00000000e+00  4.32774265e-01  1.24713548e-01  4.38648872e-01
  9.10333231e-01  4.50013065e-01  7.71610935e-02  4.63356337e-01
  8.51801604e-01  4.65001842e-01  2.73586158e-02  4.34251720e-01
  8.10728275e-01  4.35897225e-01 -1.37147129e-02  4.09376205e-01
  7.72894509e-01  3.91584334e-01 -2.01423908e-02  3.80271588e-01
  7.36321228e-01  3.56000591e-01 -6.31947979e-02  3.41448283e-01
  6.90029258e-01  3.43093788e-01 -1.05257666e-01  3.18822791e-01
  6.57685078e-01  2.93562255e-01 -1.28872696e-01  2.61822594e-01
  6.29840946e-01  2.36562058e-01 -1.53477266e-01  1.99332811e-01
  5.92278125e-01  1.95759675e-01 -1.78081836e-01  1.59519966e-01
  5.58944406e-01  1.49467705e-01 -2.17894680e-01  1.18717583e-01
  5.19131562e-01  1.33321339e-01 -2.46999297e-01  1.02571217e-01
  4.73829131e-01  1.08716769e-01 -2.87801681e-01  7.14875215e-02
  4.37255849e-01  8.51017383e-02 -3.16906298e-01  5.11120535e-02
  4.09411717e-01  6.47262703e-02 -3.38271305e-01  1.35492328e-02
  3.84807147e-01  3.04030123e-02 -3.48928085e-01 -9.07625877e-03
  3.72889883e-01  1.84857481e-02 -3.64084912e-01 -2.32435466e-02
  3.54493493e-01  8.54756214e-03 -3.69793996e-01 -2.57130679e-02
  3.50763487e-01  8.05711911e-03 -3.67044876e-01 -2.62035109e-02
  3.47033482e-01  7.56667609e-03 -3.64295757e-01 -2.66939540e-02
  3.43303476e-01  7.07623307e-03 -3.61546637e-01 -2.71843970e-02
  3.39573470e-01  6.58579005e-03 -3.58797517e-01 -2.76748400e-02
  3.35843464e-01  6.09534702e-03 -3.56048397e-01 -2.81652830e-02
  3.32113459e-01  5.60490400e-03 -3.53299278e-01 -2.86557260e-02
  3.28383453e-01  5.11446098e-03 -3.50550158e-01 -2.91461691e-02
  3.24653447e-01  4.62401796e-03 -3.47801038e-01 -2.96366121e-02
  3.20923441e-01  4.13357494e-03 -3.45051919e-01 -3.01270551e-02
  3.17193436e-01  3.64313191e-03 -3.42302799e-01 -3.06174981e-02
  3.13463430e-01  3.15268889e-03 -3.39553679e-01 -3.11079412e-02
  3.09733424e-01  2.66224587e-03 -3.36804560e-01 -3.15983842e-02
  3.06003418e-01  2.17180285e-03 -3.34055440e-01 -3.20888272e-02
  3.02273413e-01  1.68135982e-03 -3.31306320e-01 -3.25792702e-02
  2.98543407e-01  1.19091680e-03 -3.28557201e-01 -3.30697132e-02
  2.94813401e-01  7.00473779e-04 -3.25808081e-01 -3.35601563e-02
  2.91083395e-01  2.10030757e-04 -3.23058961e-01 -3.40505993e-02
  2.87353390e-01 -2.80412265e-04 -3.20309841e-01 -3.45410423e-02
  2.83623384e-01 -7.70855287e-04 -3.17560722e-01 -3.50314853e-02
  2.79893378e-01 -1.26129831e-03 -3.14811602e-01 -3.55219284e-02
  2.76163372e-01 -1.75174133e-03 -3.12062482e-01 -3.60123714e-02
  2.72433367e-01 -2.24218435e-03 -3.09313363e-01 -3.65028144e-02
  2.68703361e-01 -2.73262738e-03 -3.06564243e-01 -3.69932574e-02
  2.64973355e-01 -3.22307040e-03 -3.03815123e-01 -3.74837004e-02
  2.61243350e-01 -3.71351342e-03 -3.01066004e-01 -3.79741435e-02
  2.57513344e-01 -4.20395644e-03 -2.98316884e-01 -3.84645865e-02
  2.53783338e-01 -4.69439947e-03 -2.95567764e-01 -3.89550295e-02
  2.50053332e-01 -5.18484249e-03 -2.92818644e-01 -3.94454725e-02
  2.46323327e-01 -5.67528551e-03 -2.90069525e-01 -3.99359156e-02
  2.42593321e-01 -6.16572853e-03 -2.87320405e-01 -4.04263586e-02
  2.38863315e-01 -6.65617155e-03 -2.84571285e-01 -4.09168016e-02
  2.35133309e-01 -7.14661458e-03 -2.81822166e-01 -4.14072446e-02
  2.31403304e-01 -7.63705760e-03 -2.79073046e-01 -4.18976876e-02
  2.27673298e-01 -8.12750062e-03 -2.76323926e-01 -4.23881307e-02
  2.23943292e-01 -8.61794364e-03 -2.73574807e-01 -4.28785737e-02
  2.20213286e-01 -9.10838667e-03 -2.70825687e-01 -4.33690167e-02
  2.16483281e-01 -9.59882969e-03 -2.68076567e-01 -4.38594597e-02
  2.12753275e-01 -1.00892727e-02 -2.65327448e-01 -4.43499028e-02
  2.09023269e-01 -1.05797157e-02 -2.62578328e-01 -4.48403458e-02
  2.05293263e-01 -1.10701588e-02 -2.59829208e-01 -4.53307888e-02
  2.01563258e-01 -1.15606018e-02 -2.57080088e-01 -4.58212318e-02
  1.97833252e-01 -1.20510448e-02 -2.54330969e-01 -4.63116748e-02
  1.94103246e-01 -1.25414878e-02 -2.51581849e-01 -4.68021179e-02
  1.90373240e-01 -1.30319308e-02 -2.48832729e-01 -4.72925609e-02
  1.86643235e-01 -1.35223739e-02 -2.46083610e-01 -4.77830039e-02
  1.82913229e-01 -1.40128169e-02 -2.43334490e-01 -4.82734469e-02
  1.79183223e-01 -1.45032599e-02 -2.40585370e-01 -4.87638900e-02
  1.75453218e-01]",0.13276190476190478,0.0,0.0,0.86825,0.58075,0.0,0.13121052631578947,0.0,0.0,0.9934444444444445,0.9725,0.0,0.13194117647058823,0.0,0.0,0.867625,0.5771875,0.0,0.13286666666666666,0.0,0.0,0.9915714285714285,0.9646428571428571,0.0,0.13407692307692307,0.0,0.0,0.8651666666666666,0.5695833333333333,0.0,0.9898275862068966,0.9573275862068965,0.0,0.7329327380952382,1.1309414773161895e-05
3.86,0.1283,1313,0.5499999999999998,2.220446049250313e-16,0.9000000000000002,2.220446049250313e-16,0.11111111111111113,550.0,0.2561100037630847,0.4652580592457551,0.6916793149308798,550.0,0.2561100037630847,0.4652580592457551,0.6916793149308798,1,0.9981818181818182,1,0.9981818181818182,0.6909090909090909,1.0,1.0,"[1.         0.99818182 0.99636364 0.99454545 0.99272727 0.99090909
 0.98909091 0.98727273 0.98545455 0.98363636 0.98181818 0.98
 0.97818182 0.97636364 0.97454545 0.97272727 0.97090909 0.96909091
 0.96727273 0.96545455 0.96363636 0.96181818 0.96       0.95818182
 0.95636364 0.95454545 0.95272727 0.95090909 0.94909091 0.94727273
 0.94545455 0.94363636 0.94181818 0.94       0.93818182 0.93636364
 0.93454545 0.93272727 0.93090909 0.92909091 0.92727273 0.92545455
 0.92363636 0.92181818 0.92       0.91818182 0.91636364 0.91454545
 0.91272727 0.91090909 0.90909091 0.90727273 0.90545455 0.90363636
 0.90181818 0.9        0.89818182 0.89636364 0.89454545 0.89272727
 0.89090909 0.88909091 0.88727273 0.88545455 0.88363636 0.88181818
 0.88       0.87818182 0.87636364 0.87454545 0.87272727 0.87090909
 0.86909091 0.86727273 0.86545455 0.86363636 0.86181818 0.86
 0.85818182 0.85636364 0.85454545 0.85272727 0.85090909 0.84909091
 0.84727273 0.84545455 0.84363636 0.84181818 0.84       0.83818182
 0.83636364 0.83454545 0.83272727 0.83090909 0.82909091 0.82727273
 0.82545455 0.82363636 0.82181818 0.82       0.81818182 0.81636364
 0.81454545 0.81272727 0.81090909 0.80909091 0.80727273 0.80545455
 0.80363636 0.80181818 0.8        0.79818182 0.79636364 0.79454545
 0.79272727 0.79090909 0.78909091 0.78727273 0.78545455 0.78363636
 0.78181818 0.78       0.77818182 0.77636364 0.77454545 0.77272727
 0.77090909 0.76909091 0.76727273 0.76545455 0.76363636 0.76181818
 0.76       0.75818182 0.75636364 0.75454545 0.75272727 0.75090909
 0.74909091 0.74727273 0.74545455 0.74363636 0.74181818 0.74
 0.73818182 0.73636364 0.73454545 0.73272727 0.73090909 0.72909091
 0.72727273 0.72545455 0.72363636 0.72181818 0.72       0.71818182
 0.71636364 0.71454545 0.71272727 0.71090909 0.70909091 0.70727273
 0.70545455 0.70363636 0.70181818 0.7        0.69818182 0.69636364
 0.69454545 0.69272727 0.69090909 0.68909091 0.68727273 0.68545455
 0.68363636 0.68181818 0.68       0.67818182 0.67636364 0.67454545
 0.67272727 0.67090909 0.66909091 0.66727273 0.66545455 0.66363636
 0.66181818 0.66       0.65818182 0.65636364 0.65454545 0.65272727
 0.65090909 0.64909091 0.64727273 0.64545455 0.64363636 0.64181818
 0.64       0.63818182 0.63636364 0.63454545 0.63272727 0.63090909
 0.62909091 0.62727273 0.62545455 0.62363636 0.62181818 0.62
 0.61818182 0.61636364 0.61454545 0.61272727 0.61090909 0.60909091
 0.60727273 0.60545455 0.60363636 0.60181818 0.6        0.59818182
 0.59636364 0.59454545 0.59272727 0.59090909 0.58909091 0.58727273
 0.58545455 0.58363636 0.58181818 0.58       0.57818182 0.57636364
 0.57454545 0.57272727 0.57090909 0.56909091 0.56727273 0.56545455
 0.56363636 0.56181818 0.56       0.55818182 0.55636364 0.55454545
 0.55272727 0.55090909 0.54909091 0.54727273 0.54545455 0.54363636
 0.54181818 0.54       0.53818182 0.53636364 0.53454545 0.53272727
 0.53090909 0.52909091 0.52727273]",0.1,0.0,0.0,0.9,0.65,0.0,0.1,0.0,0.0,1.0,1.0,0.0,0.1,0.0,0.0,0.9,0.65,0.0,0.1,0.0,0.0,1.0,1.0,0.0,0.1,0.0,0.0,0.9,0.65,0.0,1.0,1.0,0.0,0.7899999999999999,0.0009105092938033277
3.86,0.1283,2029,0.6157727272727271,0.023063020022581267,0.737,0.030882475171645062,0.2829212454212454,2.0,0.06500807997294146,0.8986863509734059,0.05656679526840494,2.0,0.09773345421577517,0.8351435598893835,0.06189969175793841,8,0.1795541361462874,4,0.35425412258126027,0.00027932387192178596,23.0,1.1558311947533504,"[ 1.00000000e+00 -2.03639310e-01 -7.31674769e-03 -5.52988276e-02
  3.54254123e-01 -1.54789820e-01  5.93575446e-02 -1.36370222e-01
  2.83953865e-01 -3.44504814e-02 -9.19645410e-02 -1.01818702e-01
  3.32803355e-01 -5.23248499e-02 -3.35830712e-02 -4.69640644e-02
  1.95779239e-01 -6.54332285e-02  5.73443904e-03 -1.19742637e-01
  2.24325612e-01 -5.24239825e-02 -9.08740825e-02 -5.53560194e-02
  2.13695549e-01 -6.30540463e-02  9.35277857e-03 -8.15232104e-02
  1.82762368e-01 -2.24973787e-02 -8.52158993e-03 -1.47057478e-01
  2.07781908e-01 -8.32656563e-02 -4.06939281e-02 -9.46811553e-02
  1.15939377e-01 -5.59584406e-02 -2.64455247e-02 -9.82575541e-02
  9.80650081e-02  1.67209990e-02 -6.46230102e-02 -6.97111810e-02
  1.31377371e-01 -6.91163855e-02 -4.91354494e-02 -4.94576303e-02
  1.32566962e-01 -6.31608045e-02 -2.88818988e-02 -7.20979888e-02
  1.36234868e-01  8.47011724e-03 -6.33419121e-02 -5.88981031e-02
  1.57727576e-01 -7.61281098e-02 -5.26203412e-02 -7.32456391e-02
  1.65970832e-01 -6.31188638e-02 -1.48317606e-03 -9.83643123e-02
  1.71926413e-01  1.26775331e-03 -4.19483367e-02 -3.62653703e-02
  1.74355162e-01 -4.52025546e-02 -5.50567153e-02  6.85368411e-02
  5.51558479e-02 -5.88504432e-03 -6.20722524e-03  2.55933657e-02
  1.14776475e-01  9.60251644e-03 -4.79115432e-02  5.78572109e-02
  1.17205224e-01 -3.56286341e-02 -3.59508150e-02  3.87436851e-02
  1.27926794e-01 -4.27318654e-02  9.37184253e-03  9.04966161e-03
  1.57712325e-01 -3.67762844e-02 -2.63273282e-02 -3.84691640e-02
  1.86449338e-01 -7.35239729e-02 -1.18882852e-02 -6.11095224e-02
  2.03176056e-01 -3.42064627e-02 -4.88266133e-02  6.99456677e-03
  1.25822133e-01 -2.70117243e-02 -4.63978648e-02 -1.08798017e-02
  1.03181775e-01  2.78429130e-02 -5.82670861e-02 -1.09293680e-02
  1.17430178e-01 -8.02592699e-04 -8.69125917e-02  8.08502526e-03
  1.18619769e-01 -5.61814889e-03 -3.80631017e-02 -3.48584501e-02
  1.05511391e-01  1.57658946e-03 -4.64054904e-02 -5.62596511e-02
  1.03174149e-01 -1.99980936e-03 -7.85778286e-02 -5.63092174e-02
  9.11142884e-02 -1.40596702e-02 -5.60366028e-02 -2.42360118e-02
  3.03460109e-02 -6.86493185e-03 -4.05490420e-02 -2.65732533e-02
  1.24716424e-02  2.16814412e-02 -6.91945477e-02 -2.79287008e-03
  7.31407873e-02 -2.25011915e-02 -5.61853017e-02  4.35783052e-02
  5.87932514e-02 -3.08435802e-02 -3.11657611e-02 -1.36631398e-02
  8.02859594e-02 -4.74787913e-02 -2.87370127e-02  9.06872557e-03
  9.57735202e-02 -4.27623677e-02 -4.95662949e-03 -2.43427700e-02
  8.49528167e-02 -4.75779239e-02 -1.45381756e-02 -2.08655038e-02
  7.18444381e-02 -2.25583834e-02 -5.02373463e-02 -1.11924507e-02
  4.21504146e-02 -3.79544371e-02 -3.22714708e-02  3.24659232e-03
  6.48822800e-02 -2.35153941e-02 -1.00093413e-01  4.62815747e-02
  4.47202364e-02 -9.13373368e-02 -2.36965018e-02  2.61195310e-02
  1.87436851e-02 -5.40844533e-03 -5.56782004e-02  2.43065485e-03
  9.86674292e-02 -8.75283576e-02 -2.81803451e-02 -2.02097036e-02
  1.33218950e-01 -9.46315890e-02 -1.39319417e-02 -9.48813269e-03
  9.38023067e-02 -6.73243733e-02 -1.99866552e-02 -4.28996283e-02
  1.43890954e-01 -8.99647317e-02 -4.01486989e-02  2.87312935e-02
  1.12957773e-01 -9.58288056e-02 -8.31188638e-04 -5.91935945e-03
  9.98493947e-02 -8.63463921e-02 -2.47107044e-02 -2.37937280e-02
  1.37927748e-01 -8.63959584e-02 -1.99942808e-02 -2.50824516e-02
  1.47410161e-01 -8.64455247e-02  9.79124964e-03 -6.67867696e-02
  1.39067772e-01 -1.04319893e-01  1.45076732e-02 -7.16023258e-02
  1.33013059e-01 -6.27147078e-02 -1.07902011e-03 -1.09331808e-02
  9.83624059e-02 -6.81155276e-03 -1.66657135e-02 -3.12858641e-02
  1.01839672e-01 -5.57601754e-02 -2.74864169e-02 -3.97864837e-03
  7.31941664e-02 -7.84005338e-02  2.13630731e-02 -4.44438090e-02
  8.51548947e-02 -3.90830235e-02 -2.98732247e-02 -4.32542179e-02
  1.10174435e-01 -6.64893718e-02 -1.91516538e-02  4.35611477e-03
  6.24649700e-02 -1.09432847e-01  4.62872939e-03 -7.67152798e-02
  7.79525307e-02 -7.96473167e-02 -8.47964922e-03 -4.56905919e-02
  1.02972071e-01 -1.07053665e-01 -1.08168907e-02 -2.41978839e-02
  7.20388905e-02 -7.12629873e-02 -1.43932895e-02 -5.28433896e-02
  6.24573444e-02 -8.56105233e-02 -1.92088457e-02 -7.07177581e-02
  6.36469355e-02 -9.39529120e-02 -1.32532647e-02 -1.35754456e-02
  5.88313793e-02]",0.23438095238095238,0.00038095238095238096,0.0,0.7748,0.31095,0.0,0.23794736842105263,0.0004210526315789474,0.0,0.9533333333333334,0.8137777777777778,0.0,0.24376470588235294,5.882352941176471e-05,0.0,0.7691875,0.30775,0.0,0.24793333333333334,0.0004,0.0,0.936,0.7795714285714286,0.0,0.25284615384615383,0.00015384615384615385,0.0,0.7626666666666667,0.30391666666666667,0.0,0.9296551724137931,0.7662068965517241,0.0,0.5029102396640168,2.2421278579389013e-05
3.86,0.1283,3001,0.5655454545454545,0.025121029351968804,0.8530909090909091,0.0605241567782568,0.1430170893727628,550.0,0.18967027484688315,0.7059850337729842,0.31299357255207805,550.0,0.4761872240857267,0.3809207343772114,0.7573763837909567,4,0.5170620120983529,4,0.9177780020198193,-0.02366927672346176,10.0,1.0371352785145889,"[ 1.          0.73057706  0.81363266  0.73545427  0.917778    0.72908712
  0.76747207  0.73024178  0.87782166  0.72759718  0.73868339  0.72123002
  0.85764224  0.71858542  0.73587589  0.70360901  0.85491145  0.70220526
  0.72445914  0.69219226  0.84101299  0.68458425  0.70683813  0.67705295
  0.81098347  0.66572239  0.68053116  0.64330087  0.79584416  0.62948861
  0.664151    0.60706709  0.78326326  0.59697738  0.64777084  0.58076011
  0.75687958  0.57315211  0.6102962   0.57058421  0.72072251  0.56553462
  0.58778849  0.55792661  0.68572958  0.54791361  0.55155471  0.52921464
  0.65825846  0.52044249  0.52036104  0.50546608  0.62078382  0.4890954
  0.49025481  0.46295133  0.60184525  0.44913907  0.4751155   0.44657117
  0.58050169  0.42895965  0.45865863  0.41274238  0.5515596   0.40257597
  0.42482985  0.38255944  0.52153007  0.37122888  0.39348276  0.35245321
  0.49638725  0.34360435  0.36461738  0.32979209  0.46628101  0.31970238
  0.3382337   0.31209437  0.43369308  0.29455955  0.31309087  0.28067058
  0.41095525  0.26685831  0.28407208  0.25421019  0.38193645  0.23535781
  0.25745828  0.22643225  0.35532265  0.21261998  0.2335563   0.20245356
  0.32389886  0.18228363  0.20321995  0.16839465  0.29860262  0.15691068
  0.18156955  0.13294148  0.27307625  0.12153421  0.14999235  0.11152121
  0.25049184  0.10398991  0.13244804  0.10018116  0.22410816  0.08629219
  0.11102777  0.07488492  0.20020618  0.05859095  0.08828994  0.04850124
  0.17746835  0.03717068  0.0630704   0.02832182  0.15224882  0.01683784
  0.03273405  0.00550728  0.12447087 -0.00838169  0.01255463 -0.01971225
  0.10560901 -0.02724355 -0.00367212 -0.03221644  0.08690056 -0.0434703
 -0.01865801 -0.05340659  0.07447308 -0.06086119 -0.03232634 -0.06583408
  0.05444707 -0.07716464 -0.05242906 -0.08469594  0.03186266 -0.09470894
 -0.0686558  -0.09960513  0.02082944 -0.1019429  -0.07837146 -0.10428067
  0.01119049 -0.10537759 -0.08676956 -0.11019707  0.00403324 -0.11509325
 -0.09400352 -0.11998943 -0.00699998 -0.12488562 -0.10503673 -0.12598254
 -0.0205149  -0.13211957 -0.11219398 -0.13313979 -0.02379618 -0.13416
 -0.11423441 -0.13518021 -0.02707746 -0.13620043 -0.11627484 -0.13722064
 -0.03035874 -0.13824085 -0.11831526 -0.13926107 -0.03364001 -0.14028128
 -0.12035569 -0.1413015  -0.03692129 -0.14232171 -0.12239612 -0.14334192
 -0.04020257 -0.14436214 -0.12443655 -0.14538235 -0.04348385 -0.14640256
 -0.12647697 -0.14742278 -0.04676513 -0.14844299 -0.1285174  -0.14946321
 -0.05004641 -0.15048342 -0.13055783 -0.15150363 -0.05332769 -0.15252385
 -0.13259826 -0.15354406 -0.05660897 -0.15456427 -0.13463868 -0.15558449
 -0.05989025 -0.1566047  -0.13667911 -0.15762492 -0.06317153 -0.15864513
 -0.13871954 -0.15966534 -0.06645281 -0.16068556 -0.14075997 -0.16170577
 -0.06973408 -0.16272598 -0.14280039 -0.1637462  -0.07301536 -0.16476641
 -0.14484082 -0.16578663 -0.07629664 -0.16680684 -0.14688125 -0.16782705
 -0.07957792 -0.16884727 -0.14892168 -0.16986748 -0.0828592  -0.17088769
 -0.15096211 -0.17190791 -0.08614048 -0.17292812 -0.15300253 -0.17394834
 -0.08942176 -0.17496855 -0.15504296 -0.17598876 -0.09270304 -0.17700898
 -0.15708339 -0.17802919 -0.09598432]",0.13566666666666666,0.0005238095238095238,0.0,0.8653,0.56175,0.0,0.1416842105263158,0.00036842105263157896,0.0,0.9683888888888889,0.9018888888888889,0.0,0.14547058823529413,0.00023529411764705883,0.0,0.8535,0.5394375,0.0,0.14826666666666666,6.666666666666667e-05,0.0,0.959,0.8734285714285714,0.0,0.15376923076923077,7.692307692307693e-05,0.0,0.8428333333333333,0.5109166666666667,0.0,0.9505172413793104,0.8472413793103448,0.0,0.6772301025092897,0.0004302421245662343
3.86,0.145,101,0.5696818181818182,0.040956058896463386,0.7668181818181818,0.05857290434976691,0.1596812597113947,4.044117647058823,0.034838344465763095,0.870572249508798,0.03853092263748147,4.044117647058823,0.04212201556123399,0.8768309274348666,0.039380913278569414,4,0.31429203230154384,4,0.2852901918918179,-0.0008920055939774706,10.0,1.068533063085888,"[ 1.00000000e+00 -6.09388191e-02 -4.03359120e-01  1.75906819e-01
  2.85290192e-01  2.98376721e-04 -2.19351674e-01 -1.09089048e-01
  2.16686978e-01  3.06171745e-02 -1.51044319e-01 -5.84510690e-02
  9.28835236e-02  8.92045660e-02 -7.03671950e-02 -1.42941064e-01
  1.15710602e-01  8.81834059e-02 -7.14003997e-02 -6.97797487e-02
  5.32862500e-02  6.37355671e-02 -3.66612466e-02 -9.73230407e-02
  5.70949604e-02  8.08053434e-02 -3.77064959e-02 -7.45080069e-02
  1.09949139e-01  1.60291259e-03 -5.41928773e-02 -2.17897128e-05
 -1.25414579e-02  2.66221018e-02 -8.40885823e-03 -6.55295502e-02
 -5.16755632e-03  8.37721387e-03 -1.56209247e-02 -4.49186718e-02
 -3.04946484e-02  6.38691522e-02  6.74846021e-03 -1.13088281e-01
  5.28202349e-02  4.86956284e-02 -7.97941474e-03 -2.18239851e-02
 -7.49699707e-02  7.91535956e-03  9.43297473e-02 -4.66933837e-02
 -6.09715584e-02 -8.11332841e-03  9.99330979e-02  7.93134598e-03
 -5.35976568e-02  1.38104076e-02  3.88336481e-02 -2.18040568e-02
 -2.72535655e-02  3.04465796e-02  3.81068134e-03 -5.06602064e-02
  1.98433112e-02 -1.07141879e-03 -5.19602529e-03  8.79439380e-03
  1.83524130e-02  1.90938107e-02 -4.89228327e-03 -4.59653445e-03
  1.42478443e-02  1.58564507e-02  6.44428020e-03 -5.15556651e-02
  2.16977362e-03  6.33989762e-02  1.86997345e-03 -7.10859270e-03
  3.73425310e-02  1.77527032e-02  2.42273138e-02 -5.94968657e-03
  1.06784922e-02  3.87971860e-02 -1.43367551e-02 -1.18488955e-02
 -2.74519723e-02 -9.04119789e-03  1.68612959e-02 -1.95066108e-02
 -1.78859599e-02 -4.77479401e-03  2.46567573e-02 -3.46680901e-02
  1.11199803e-02 -1.41910158e-02 -4.34887630e-02 -7.86630533e-03
  1.53984287e-02 -2.14030823e-02 -1.97824314e-02 -3.98058635e-02
  1.78942816e-02  6.50072541e-02 -1.19749254e-02 -6.82163642e-02
  3.63010046e-02  4.45461663e-02  9.96085516e-03 -2.59614026e-02
 -5.04557773e-04  2.71684870e-02  3.01140401e-02  8.76570584e-03
 -7.70571843e-02 -5.66236895e-03  1.58029947e-01 -1.11508691e-01
 -1.09442391e-01  1.03716953e-01  2.67227286e-02 -6.21956147e-02
 -4.37848403e-02 -1.97147628e-03  6.01490241e-02 -3.93685363e-02
 -7.61700474e-02  4.91121513e-02  1.58517424e-02 -3.55357368e-02
  6.71123156e-03  1.18729846e-02  5.54448551e-02  2.12811037e-02
 -4.99678629e-02  3.90963291e-02  7.29602803e-02 -2.47867291e-02
 -2.13955271e-02  2.43804988e-02 -1.15417591e-02 -3.15651912e-02
 -5.21704853e-03 -4.48769538e-03  3.29053133e-02 -5.82171854e-02
 -3.18690427e-02  6.20611535e-02 -2.28824834e-02 -5.30474392e-02
  2.85129890e-02  2.87966932e-02  1.26949714e-03 -2.84618543e-02
 -1.40378309e-02  8.51678848e-02 -2.58281460e-02 -6.88085188e-02
  9.17883441e-02  1.16986669e-02 -1.14081739e-02 -3.36357614e-02
 -5.07141879e-03  9.23757904e-02 -3.98186746e-02 -1.07972188e-01
  4.20375024e-02  3.03183597e-03 -2.75908133e-02 -3.00117708e-03
 -4.15732392e-02  4.08543976e-02  4.99908571e-02 -7.86625058e-02
 -2.31665161e-02  3.18838247e-02  2.02554543e-02 -4.03822507e-02
 -8.20377214e-02  3.48373710e-02  4.61779858e-02 -6.03976896e-02
 -1.77050724e-02  6.42687033e-03  3.18151707e-03  8.34327010e-03
  4.66431250e-03 -6.97610249e-03  6.88390682e-02  3.20496017e-02
 -2.63959924e-02  2.60195450e-03  2.27712354e-02  5.53102844e-02
 -3.49329610e-02 -7.04095700e-02  7.07594098e-02  4.58820180e-02
 -8.05671895e-02 -1.09308806e-02  4.72028688e-02 -4.92192385e-02
 -1.75594427e-02  2.73373299e-02 -1.52094386e-02 -4.62656922e-02
  1.01215954e-02  1.79331527e-02 -2.85883222e-02 -1.63684542e-02
  9.10043525e-03 -5.77281761e-02  1.45458925e-02  2.94155649e-02
 -5.11077167e-02 -6.65659303e-03  5.28141031e-02  3.98608305e-02
 -9.31044866e-03 -3.28749829e-02  5.17688539e-02  4.50064876e-02
 -1.12229066e-02 -8.46880731e-02  4.01412499e-04  3.86736744e-02
 -4.18496072e-02 -3.36044455e-02 -1.60970135e-02  7.16772057e-03
  4.14773206e-02 -1.91724289e-02 -3.61004079e-02  2.68993458e-02
  2.63158413e-02 -4.62580274e-02  3.05910049e-03  8.64241329e-03
 -7.81801757e-04 -1.72641318e-02 -2.84010840e-03  5.00181216e-02
  1.76249213e-02 -1.60931811e-02  6.29229969e-03  2.64615806e-02
  9.53360160e-03 -1.18147327e-02  3.61774931e-02  1.21913991e-02
 -4.74862446e-03 -4.06708823e-02 -3.71147792e-03  6.54791821e-02
 -2.12350059e-02 -9.42424790e-02  2.44152090e-02  4.90048452e-02
 -1.34034108e-02]",0.139,0.00019047619047619048,0.0,0.89885,0.5749,0.0,0.13873684210526316,0.0004210526315789474,0.0,0.9075,0.6086111111111111,0.0,0.13823529411764707,0.0002941176470588235,0.0,0.902125,0.58375,0.0,0.1382,0.0003333333333333333,0.0,0.8973571428571429,0.5604285714285714,0.0,0.13807692307692307,7.692307692307693e-05,0.0,0.9074166666666666,0.6068333333333333,0.0,0.9023275862068966,0.5868965517241379,0.0,0.5866414225987291,1.9579201436875684e-05
3.86,0.145,707,0.6149545454545454,0.054043313666596315,0.6175454545454545,0.0773796586335707,0.3500268073355505,4.044117647058823,0.07436826616985445,0.848179908436608,0.02492980872902252,4.014598540145985,0.08494961362785786,0.8504959484718981,0.03651479645801566,4,0.27825076999882764,8,0.26827733345245414,-0.0009375493609019944,11.0,1.143987874705288,"[ 1.00000000e+00 -1.73955213e-01 -3.49184405e-01  1.61132729e-01
  2.68078440e-01 -2.09421757e-02 -2.45209258e-01  1.58024928e-02
  2.68277333e-01 -1.20457431e-01 -7.75461380e-02  5.97653005e-02
  5.69016393e-02  3.15701001e-02 -1.05435543e-01 -9.69064476e-03
  1.82811884e-01 -8.77201374e-03 -1.29076507e-01  7.20939842e-03
  1.57199909e-01 -2.40223748e-02 -9.19459877e-02 -4.22024061e-02
  2.07954977e-01 -2.36371466e-02 -1.15054171e-01  2.21312700e-03
  1.01567406e-01 -9.05456056e-03 -1.12617876e-01 -4.61731441e-02
  1.64508794e-01 -5.81909480e-03 -1.30904810e-01  2.76226107e-02
  1.16655303e-01  1.23728721e-02 -7.90841797e-02 -4.10341638e-02
  8.59556879e-02 -1.68084566e-02 -4.67749100e-02 -6.88835413e-02
  6.46722089e-02  2.64352355e-02 -7.25732206e-02  1.33428437e-02
  8.66598917e-02  1.54733433e-02 -1.02780083e-01 -1.89150853e-02
  1.18169991e-01 -3.57231378e-02 -1.19815120e-01  8.91938037e-03
  8.83095738e-02 -5.54883305e-02 -1.00331230e-01 -2.22329601e-02
  8.31544370e-02 -7.99619701e-03 -6.37334913e-02 -4.33701315e-02
  1.01306376e-01  5.25443782e-03 -6.58920830e-02 -4.39704092e-02
  4.29711886e-02  6.31882408e-02 -4.67146102e-02 -1.01280063e-01
  8.77331671e-02  8.61614295e-02 -1.04210600e-01 -5.26823415e-02
  5.22123026e-02  1.72382647e-02 -7.74416950e-02 -2.87236469e-02
  1.26693595e-02  5.51722935e-03 -3.17742657e-02 -1.20899940e-02
  2.29208542e-04  1.30411640e-02  1.42396089e-02 -7.94548448e-02
 -2.96712358e-02  9.90632650e-02 -4.19644568e-02 -7.47010927e-02
  6.20738713e-03  8.81414004e-02 -1.56883051e-02 -1.38310255e-01
  7.87512458e-02  1.24246386e-01 -6.51801648e-02 -6.75510731e-02
  3.51061690e-02  6.81486003e-02 -5.77362852e-02 -7.70347064e-02
  3.54913972e-02  2.62882001e-02 -2.94490942e-02 -4.01705776e-02
  3.89532256e-02  3.98452527e-02 -6.80065314e-02 -8.88684136e-03
  1.95607033e-02  6.32311393e-02 -7.24425526e-02 -3.07831560e-02
  1.48582918e-02  8.50987394e-02 -9.46052575e-02 -6.17891888e-02
  9.90156611e-02  4.68076925e-02 -1.01545071e-01 -4.64874871e-02
  9.60979262e-02  4.43827106e-02 -1.05488339e-01 -4.23465706e-02
  1.05326482e-01  4.63262526e-02 -3.95504065e-02 -2.77639845e-02
  3.48850312e-02  8.94498621e-02 -5.63590815e-02 -6.28321236e-02
  7.21618579e-02  4.52720048e-02 -7.14631349e-02  1.06972410e-02
 -1.84894657e-03  3.60147342e-02 -4.14713224e-02  1.17358016e-03
  7.19067807e-02  5.15828261e-02 -9.24210783e-03 -8.08369045e-03
  1.30788401e-02  9.09507472e-02 -9.61602287e-03 -1.05321516e-01
  8.81665186e-02  1.10887363e-01 -1.06321068e-01  1.05335321e-02
  1.75387323e-02  6.07164153e-02 -6.15590894e-02 -6.51818938e-02
  1.30050790e-01  3.58635831e-02 -9.53353048e-02  7.61375773e-02
 -8.22079548e-03  6.48698898e-02 -2.40033146e-02 -4.26226477e-02
  5.19504095e-02  4.15353439e-02 -7.04185740e-02  4.78742573e-02
 -1.95165751e-02  5.70806164e-03 -4.16786576e-02  1.53905302e-03
  1.33254751e-02  1.09945943e-02 -5.13085985e-02  3.61657798e-02
 -3.05059369e-02  2.40989215e-02  2.57901194e-02 -6.28166948e-02
 -9.26822235e-04  8.12335537e-02 -3.59943389e-02 -6.01140095e-02
  5.30518874e-03  5.68734744e-02 -4.49051642e-02 -5.18309317e-02
  4.34212137e-02  4.51524391e-02 -5.02866638e-02 -1.34225299e-03
  1.97802500e-02  5.01325539e-02 -4.60656921e-02 -3.42078956e-03
  3.22054891e-02 -2.02288421e-02  3.21111797e-03 -2.24268390e-02
 -1.26514563e-02  2.21156605e-03 -2.21040915e-03 -1.21327218e-02
 -1.22262006e-02  2.55974526e-02 -3.79619277e-03 -4.25659466e-02
  1.60209629e-02  7.84329929e-03 -3.40030549e-02 -8.28566521e-03
 -2.12845782e-02  1.00132041e-02 -1.73694020e-02  1.16109232e-02
 -2.94762878e-02 -2.01536305e-02  1.92283366e-02 -1.11908422e-02
 -2.95037575e-02 -9.06034260e-03 -8.03246272e-04  9.27855423e-03
 -1.99287560e-02 -1.87303111e-02  1.58304067e-02 -4.19579545e-02
  3.48884191e-02  5.22838352e-03 -5.48374072e-02  2.93740356e-02
  3.03060903e-02 -3.07452063e-02 -3.23169439e-02  1.23389980e-02
 -2.40456409e-03 -2.50059483e-02 -1.67488520e-02  4.72009638e-03
  3.67369943e-02 -1.54709743e-02 -3.88315017e-02  2.41239318e-02
 -8.61270409e-03  7.50221438e-03 -3.63551791e-02 -1.66709074e-02
  3.89194569e-02 -3.73547310e-02 -1.76847990e-03 -1.82967186e-02
 -6.73665925e-03  3.89448161e-02 -1.50478292e-02 -2.75539892e-02
  1.05360542e-02]",0.2298095238095238,0.0016190476190476191,0.0,0.81465,0.2924,0.0,0.23094736842105262,0.002368421052631579,0.0,0.8390555555555556,0.37472222222222223,0.0,0.22994117647058823,0.0015294117647058824,0.0,0.828,0.326,0.0,0.229,0.0008666666666666666,0.0,0.8503571428571428,0.4082142857142857,0.0,0.23023076923076924,0.0018461538461538461,0.0,0.8221666666666667,0.31366666666666665,0.0,0.8495689655172414,0.39655172413793105,0.0,0.3413546947307938,1.7652105194322555e-05
3.86,0.145,1313,0.5951363636363636,0.04836160710028476,0.6856363636363637,0.07162436447729824,0.26871638910573337,3.9855072463768115,0.10703561417242063,0.7949749246261697,0.022273188151480123,3.9855072463768115,0.12092131153721163,0.7966266994264,0.029983591757713052,4,0.5121044367853512,4,0.5382005291079681,-0.0009882078255127782,21.0,1.0886258660508084,"[ 1.00000000e+00 -6.76348546e-02 -5.20721818e-01  4.01939516e-02
  5.38200529e-01 -3.65387950e-02 -4.83178573e-01  1.14159262e-02
  4.60313059e-01 -2.63211765e-02 -3.83724951e-01  2.97303846e-02
  3.37491834e-01 -3.02899432e-02 -2.99720730e-01 -1.56279584e-02
  2.78211308e-01 -2.73806344e-03 -2.45078429e-01  1.63638121e-02
  2.44381215e-01 -7.32867259e-03 -2.28780931e-01  1.53173828e-02
  2.13209258e-01  1.35214853e-02 -1.64137599e-01  4.86946053e-02
  1.68359988e-01 -8.92212412e-03 -1.25698643e-01  2.04256531e-02
  9.87014594e-02 -4.86261470e-04 -7.19423863e-02 -9.99236097e-03
  8.03111028e-02 -2.86231125e-02 -6.90676640e-02  1.90867381e-02
  6.10347013e-02 -6.42252950e-02 -4.46733262e-02  2.70231936e-02
  5.12502578e-02 -3.36286426e-02 -4.04034858e-02  1.78799244e-02
  4.80547667e-02 -2.84727573e-02 -4.56256034e-02  3.25277676e-02
 -8.38090150e-04  7.06319302e-03 -7.30908294e-03  4.89998969e-03
  5.45837668e-03  2.21804732e-03  3.64558085e-02  4.43570916e-02
 -3.03983424e-02  2.50948317e-02  1.13540641e-02 -2.32748104e-02
 -1.80316621e-02 -2.10174549e-02  3.75204918e-02  3.77766218e-03
 -3.90801535e-02  2.57825432e-02  1.49544470e-02 -7.90130660e-03
 -1.59488326e-02  1.94198441e-02  1.09953463e-02 -1.83172586e-02
 -1.95309615e-02  2.86193164e-02  3.85472260e-02 -4.49365563e-02
  1.06465990e-03  6.93931661e-03  4.37031114e-02 -3.85176541e-02
 -1.99838315e-02  4.63964186e-02  1.08814990e-02 -4.45033813e-02
 -1.79951541e-02  5.04117224e-02 -3.38356696e-02 -8.35273083e-02
  6.19654791e-02  4.30308771e-02 -7.46316865e-02 -5.97644790e-02
  1.11423612e-01  3.70451499e-02 -9.15044897e-02 -1.63862254e-02
  8.86030308e-02  2.77697795e-02 -1.02806487e-01 -1.76871913e-02
  1.16796085e-01  7.23036114e-03 -6.79020447e-02 -9.61863454e-03
  8.89137704e-02 -3.28020461e-02 -6.59133674e-02 -9.27961177e-03
  7.96383999e-02 -2.71370877e-02 -3.18949704e-02 -1.84256343e-03
  6.20116530e-02 -2.37532923e-02 -4.56005657e-02  1.66039962e-02
  6.61493922e-02 -5.49349160e-02 -3.66556299e-02  1.22582576e-02
  2.19316307e-02 -8.89852750e-03 -5.93654219e-03  1.74141430e-02
  2.05082295e-02 -2.13411059e-02 -1.40713312e-02  2.05434019e-02
  2.74938138e-03 -2.00850135e-03 -6.23326796e-02  2.32956889e-02
  1.52481629e-02 -5.08155714e-03 -3.61662519e-02  2.70564561e-02
  4.43272619e-02 -3.75165317e-02 -6.41710017e-02  5.81621817e-02
  1.58134391e-02 -8.60324167e-02 -1.55989137e-02  5.19219179e-02
 -4.34900740e-03 -9.06230258e-02 -9.18001153e-03  1.05046666e-01
 -2.65380803e-02 -1.07495829e-01  2.29341942e-02  1.01087565e-01
  6.46217042e-03 -9.09534605e-02  2.78355430e-02  9.56109112e-02
  1.36248817e-03 -1.19589719e-01 -1.40913895e-02  1.23426993e-01
 -4.49113779e-03 -1.10757552e-01  2.71518151e-03  7.77013446e-02
 -2.87943228e-03 -1.01425979e-01 -3.73172258e-02  1.12351250e-01
 -9.61910319e-03 -9.46204388e-02  2.64894928e-03  1.16621090e-01
  7.94141149e-03 -1.13896840e-01  2.86553675e-03  1.12407453e-01
  2.61334346e-02 -1.44314854e-01  1.96624418e-02  1.63760111e-01
  1.54076334e-03 -1.48141854e-01  2.89940153e-02  1.10559465e-01
 -1.44459949e-02 -1.36029710e-01  1.95865436e-02  1.18118949e-01
 -1.57469608e-02 -1.61508426e-01  4.57529713e-02  1.00614637e-01
 -2.23641964e-02 -1.18130173e-01  8.75567069e-03  1.23745958e-01
 -1.39186678e-02 -1.70821746e-01  4.31510395e-02  1.27252189e-01
 -3.67392491e-02 -1.50226125e-01  1.53911603e-02  1.42908512e-01
 -1.95653723e-02 -1.41780596e-01  7.88787973e-03  1.45783234e-01
 -1.17513521e-02 -1.36879247e-01  5.32389703e-03  1.66256421e-01
 -4.19186842e-03 -1.26661629e-01 -2.93922405e-02  1.35206898e-01
 -1.77750284e-02 -1.56193598e-01  2.90487773e-02  1.20615258e-01
 -1.56542497e-02 -1.39519128e-01  2.09139883e-02  1.29946831e-01
 -3.89839042e-02 -1.36135333e-01  2.51838287e-02  1.32953655e-01
 -1.09132853e-02 -1.01230891e-01  4.64441039e-03  1.22792240e-01
 -1.01876248e-02 -1.39745745e-01  1.62571469e-02  1.12885361e-01
 -1.30061440e-02 -7.94005357e-02 -5.42285287e-03  8.61436277e-02
 -8.35933180e-03 -1.01844145e-01  1.49545642e-03  8.93953219e-02
 -2.70042249e-02 -6.13785629e-02 -5.12177919e-03  8.64447014e-02
 -3.17269353e-02 -4.45816579e-02 -6.04577323e-03  7.03355079e-02
  1.15288830e-02 -4.70232053e-02 -6.46069417e-03  6.68758143e-02
  3.22469397e-02]",0.1910952380952381,0.002,0.0,0.85425,0.4094,0.0,0.19136842105263158,0.0017894736842105263,0.0,0.8705555555555555,0.5003333333333333,0.0,0.191,0.0013529411764705882,0.0,0.85775,0.4200625,0.0,0.19,0.0017333333333333333,0.0,0.8799285714285714,0.52,0.0,0.1896153846153846,0.0007692307692307692,0.0,0.86275,0.429,0.0,0.8731034482758621,0.5037068965517242,0.0,0.45423017087401757,2.155975344385483e-05
3.86,0.145,2029,0.6099090909090908,0.05509900930548825,0.6303636363636365,0.0708125216550046,0.3493559592603308,2.0,0.1474639736752525,0.7180654616949422,0.02333904121923035,4.014598540145985,0.13306755588658695,0.7819672340241861,0.03661547316832516,4,0.6031460775928632,4,0.536036093700743,3.0512224250184447e-05,13.0,1.110328262610088,"[ 1.00000000e+00 -8.57442827e-02 -4.80557959e-01  3.27246956e-02
  5.36036094e-01 -3.24653321e-02 -4.66808035e-01  1.12835007e-02
  5.18932807e-01 -8.54717341e-02 -3.64806724e-01  2.82703743e-02
  3.50642200e-01  6.04080439e-03 -3.20787033e-01 -1.89081991e-02
  3.84690635e-01  7.54693008e-04 -3.06681110e-01 -3.03451748e-02
  2.92933129e-01  4.58753430e-02 -3.05977875e-01 -6.77469725e-02
  3.18628782e-01  6.28622166e-02 -2.77206790e-01 -6.75942168e-02
  2.56234566e-01  5.56016316e-02 -2.67049815e-01 -7.84807131e-02
  2.81963182e-01  5.88298195e-02 -2.42066158e-01 -6.31123146e-02
  2.30608218e-01  4.24714931e-02 -1.60719357e-01 -4.97513524e-02
  2.06642070e-01  8.10523174e-02 -1.35541220e-01 -9.09076166e-02
  1.56582546e-01  7.93921174e-02 -1.29237600e-01 -1.10730336e-01
  1.43850131e-01  1.15609507e-01 -1.50840312e-01 -8.26382851e-02
  1.33675631e-01  1.07086445e-01 -1.25823693e-01 -7.95716150e-02
  1.57785773e-01  1.16142462e-01 -1.58465658e-01 -6.18068186e-02
  1.07920729e-01  9.41837504e-02 -1.42352300e-01 -8.34095314e-02
  1.78228278e-01  6.47787355e-02 -1.68325884e-01 -6.13397893e-02
  9.77045044e-02  6.47370105e-02 -1.63996737e-01 -3.68736493e-02
  1.35573332e-01  6.27208120e-02 -1.43545470e-01 -5.82818814e-02
  1.30125702e-01  5.38417520e-02 -1.71460565e-01 -7.46072449e-02
  1.92080470e-01  5.45120242e-02 -2.07049407e-01 -6.08902841e-02
  1.75722144e-01  1.94736615e-02 -2.06184654e-01 -1.97845070e-02
  2.04298749e-01  1.10791551e-02 -1.85571869e-01  1.49759251e-02
  1.65472957e-01 -9.06660050e-03 -1.59487254e-01  5.22942730e-02
  1.77571442e-01 -3.88605768e-02 -1.60629938e-01  4.24428095e-02
  1.32011344e-01 -4.74166010e-02 -1.66305010e-01  3.73182160e-02
  1.60264913e-01 -2.58973382e-02 -1.97005465e-01  2.65602746e-02
  1.68543007e-01 -2.44821060e-02 -1.80536107e-01  4.21231539e-02
  1.77048544e-01 -2.88617395e-02 -2.09196162e-01  4.84597368e-02
  1.45669056e-01 -5.77162751e-02 -1.60093602e-01  6.76485275e-02
  1.56149066e-01 -8.14879422e-02 -1.59584848e-01  5.90925033e-02
  1.02463630e-01 -4.98029422e-02 -1.37159107e-01  2.07842277e-02
  1.62766960e-01 -1.83124229e-02 -1.85633120e-01  2.99687992e-02
  1.69782577e-01 -9.83984859e-03 -1.86030844e-01  1.55849464e-02
  2.28823431e-01 -3.78208692e-02 -1.82835619e-01 -2.00038956e-02
  1.62608822e-01  2.92890936e-03 -1.98643466e-01 -1.75206677e-02
  1.77232261e-01  1.73908301e-02 -1.90526890e-01  4.58203729e-03
  1.54723070e-01  3.14967523e-02 -1.73863052e-01 -4.36645319e-02
  1.91329421e-01  2.83795952e-02 -1.86239468e-01 -3.03035697e-02
  1.54834101e-01  6.36905066e-02 -2.00784839e-01 -5.62771539e-02
  1.93414925e-01  8.83181644e-02 -2.19862599e-01 -3.56314060e-02
  1.88128814e-01  4.24350303e-02 -2.21845835e-01 -4.92373360e-02
  2.44483197e-01  2.37132689e-02 -2.20463565e-01 -4.60421109e-02
  2.16858175e-01  3.94376661e-02 -1.67929575e-01 -6.83897837e-02
  2.17366929e-01  2.52482940e-02 -1.96266594e-01 -7.31583786e-02
  1.78152176e-01  3.04509555e-02 -1.10937882e-01 -8.08408878e-02
  1.91318657e-01  5.35886934e-02 -1.50152636e-01 -3.10263307e-02
  1.21478137e-01  5.44534463e-02 -1.18273155e-01 -5.55429578e-02
  1.32670145e-01  6.20195428e-02 -1.37545396e-01 -3.72936077e-02
  8.22216589e-02  5.09056028e-02 -7.37776723e-02 -4.54936334e-02
  1.08823790e-01  1.46047637e-02 -8.97800001e-02 -1.23516762e-02
  7.47248682e-02  1.53079987e-02 -7.49291179e-02 -3.26919126e-02
  9.58881325e-02  2.25180966e-02 -9.90897464e-02 -2.63553297e-02
  8.98900240e-02  2.83042002e-02 -6.53973100e-02 -6.44691246e-02
  1.25200935e-01  1.77407395e-02 -9.44463263e-02 -6.41548510e-02
  8.43677070e-02  4.56053474e-02 -9.35815734e-02 -3.55452831e-02
  1.29811393e-01  3.14159753e-02 -1.04501033e-01  5.04297754e-03
  1.13291548e-01 -7.76581527e-03 -9.11071076e-02  1.13465976e-02
  9.47642678e-02 -1.23399295e-02 -1.16724693e-01  1.36683076e-02
  1.00711889e-01  2.53344169e-02 -1.14014022e-01 -1.46357487e-02
  1.17926206e-01  4.96060762e-02 -1.36523212e-01 -2.71736830e-02
  1.38927953e-01  2.56728912e-02 -1.36531975e-01 -3.11643551e-02
  1.67926482e-01  2.21997356e-02 -1.67199466e-01 -2.86481643e-02
  1.68985716e-01 -3.57936790e-03 -1.43122287e-01 -1.12723293e-02
  1.74026859e-01  1.30844700e-02 -1.75958733e-01 -2.83426528e-02
  1.46434800e-01]",0.21971428571428572,0.0015238095238095239,0.0,0.8247,0.27095,0.0,0.22142105263157894,0.0007894736842105263,0.0,0.8515555555555555,0.4081666666666667,0.0,0.22076470588235295,0.001176470588235294,0.0,0.823,0.260625,0.0,0.22046666666666667,0.0008666666666666666,0.0,0.8652142857142857,0.46035714285714285,0.0,0.21923076923076923,0.0010769230769230769,0.0,0.8324166666666667,0.2836666666666667,0.0,0.843103448275862,0.3870689655172414,0.0,0.33566642653012624,1.661068252804703e-05
3.86,0.145,3001,0.625,0.061920036410607095,0.5944545454545456,0.08944867866940504,0.4371065814371825,4.014598540145985,0.1404608621182841,0.7633244744313756,0.03382429898998702,4.014598540145985,0.15909321091500359,0.7658333883785317,0.04460155782906423,4,0.5367516301126258,4,0.5089393440149174,-0.003812365996016099,3.0,1.1256670683422276,"[ 1.00000000e+00 -5.34647402e-02 -4.88262960e-01  7.85739335e-02
  5.08939344e-01 -3.84699015e-02 -4.10271351e-01  2.82995777e-02
  4.80884135e-01 -1.06481563e-01 -2.93522510e-01  3.70452491e-02
  3.19134965e-01 -3.29087869e-02 -2.88374500e-01 -1.90991922e-02
  3.60767783e-01 -5.50928778e-02 -2.25279666e-01  2.52481398e-02
  2.74513718e-01 -2.65895088e-02 -2.27454027e-01 -2.24377180e-02
  3.10276450e-01 -2.66804696e-02 -1.95668038e-01  7.64395316e-03
  2.40497462e-01 -1.23167452e-02 -1.89131783e-01 -3.12682805e-02
  2.79478773e-01 -5.23651910e-02 -1.65804377e-01  3.03742674e-02
  1.84640109e-01  1.12347406e-02 -1.99098557e-01 -3.31555534e-02
  2.55246338e-01 -5.51356107e-02 -1.52162727e-01  6.50827994e-04
  1.93799917e-01  3.22617694e-02 -1.70370076e-01 -3.12540750e-02
  2.42060984e-01 -3.91585287e-02 -1.23876335e-01 -5.57105904e-02
  1.56754106e-01  8.12520138e-02 -1.52246585e-01 -7.00672121e-02
  1.88919178e-01  1.74944755e-04 -1.14210396e-01 -1.09230445e-01
  1.53416614e-01  4.58485463e-02 -1.23706095e-01 -4.92281748e-02
  2.13860974e-01  1.53329210e-02 -1.06374791e-01 -1.13830167e-01
  1.41242488e-01  7.52091753e-02 -1.09369290e-01 -1.08303075e-01
  1.95310632e-01  1.74234238e-02 -9.97394393e-02 -8.98995992e-02
  1.01545172e-01  1.00149939e-01 -9.26340451e-02 -1.43455543e-01
  1.79032715e-01  8.32058519e-02 -5.71233454e-02 -1.71383703e-01
  1.01805340e-01  1.47625922e-01 -1.40284847e-01 -1.60554631e-01
  1.85351993e-01  1.10734080e-01 -1.01618577e-01 -1.87599645e-01
  1.68469882e-01  1.38290262e-01 -1.58016083e-01 -1.21096174e-01
  1.97983447e-01  7.10997717e-02 -1.02305596e-01 -1.24468723e-01
  1.87351535e-01  8.20558924e-02 -1.72462633e-01 -7.42502722e-02
  1.73437003e-01  7.16130054e-02 -1.07347407e-01 -9.54241673e-02
  1.44246615e-01  9.40572645e-02 -1.01126193e-01 -1.29727511e-01
  1.36076152e-01  1.08357981e-01 -1.00080942e-01 -1.74509830e-01
  1.21971563e-01  1.26825497e-01 -1.23527261e-01 -1.55790281e-01
  1.28886900e-01  6.95448437e-02 -1.16863957e-01 -1.52409597e-01
  1.61557069e-01  1.07959082e-01 -1.19795448e-01 -1.06672988e-01
  1.64369647e-01  8.06620361e-02 -1.34215078e-01 -1.10488659e-01
  1.75198718e-01  5.05874677e-02 -1.43585794e-01 -1.16031400e-02
  1.12426028e-01 -2.70819976e-02 -8.03019357e-02 -6.84427366e-02
  9.23243043e-02 -1.27823142e-02 -4.92111016e-02 -2.08757924e-02
  7.63263724e-02  1.06080998e-02 -5.88968581e-02 -8.77512416e-02
  1.10573811e-01  3.32413834e-02 -1.14031103e-01 -6.68852845e-02
  1.16669009e-01  5.98514097e-02 -1.02696934e-01 -1.04913338e-01
  1.12033199e-01  3.47637801e-02 -5.59511613e-02 -7.65989938e-02
  7.26799086e-02  5.92273982e-02 -5.09291671e-02 -1.12102591e-01
  7.36611190e-02  2.63753074e-02 -4.50240262e-02 -9.00374133e-02
  6.08187583e-02  6.39053661e-02 -2.02443345e-02 -1.09254957e-01
  7.70768584e-02  7.54285600e-02 -2.51332096e-02 -6.09308827e-02
  3.46299718e-02  6.01877586e-02 -1.71446686e-02 -1.24271679e-01
  5.64420838e-02  2.87239125e-02 -9.22016872e-03 -9.33698693e-02
 -1.54833123e-02  6.33504325e-02 -4.89229694e-03 -1.12271340e-01
  4.47079827e-02  3.83258110e-02 -1.00962128e-02 -1.04345807e-01
  1.79790428e-02  5.01020704e-02 -3.76452913e-02 -7.16126298e-02
  1.66888616e-02  7.40315129e-03  3.26857268e-04 -5.39662849e-02
 -9.85105385e-03  4.10824835e-02 -1.87646706e-02 -9.67292450e-02
  2.42703682e-02  3.15227432e-02  2.46354735e-02 -6.27338393e-02
 -2.71163713e-03  6.19194549e-02 -2.50707762e-02 -1.21466779e-01
  5.86788782e-02  4.78778739e-02 -3.46305165e-02 -1.24335262e-01
  3.78830319e-02  1.13371148e-01 -7.77085172e-02 -1.62237300e-01
  9.12570536e-02  6.32238416e-02 -6.66263803e-02 -1.02298037e-01
  8.99038642e-02  6.86879256e-02 -9.08308632e-02 -7.97287946e-02
  1.02563270e-01 -2.29028269e-03 -6.70613674e-02 -4.92680418e-02
  6.44722083e-02  2.67811925e-02 -8.11659566e-02 -4.58873578e-02
  8.19925369e-02 -5.50279222e-03 -4.81565802e-03 -6.88296122e-02
  2.44588179e-02  4.47776334e-02 -2.39071859e-02 -9.05726463e-02
  2.15893017e-02  3.63530724e-02 -2.62085960e-02 -8.64348318e-02
  3.70892384e-02  4.24482707e-02 -5.13592338e-02 -3.74166347e-02
  7.07055624e-02 -7.88909329e-03 -2.72746973e-02 -1.45943267e-02
  4.06940022e-02  8.62103933e-03 -2.99541562e-02 -2.18186344e-02
  6.45895142e-02]",0.24961904761904763,0.004142857142857143,0.0,0.8081,0.2745,0.0,0.2506842105263158,0.0037368421052631578,0.0,0.8320555555555555,0.3673888888888889,0.0,0.2530588235294118,0.0037058823529411765,0.0,0.8060625,0.2755625,0.0,0.2528666666666667,0.004066666666666666,0.0,0.8359285714285715,0.3697857142857143,0.0,0.2523846153846154,0.004384615384615384,0.0,0.8135833333333333,0.2961666666666667,0.0,0.8313793103448276,0.33741379310344827,0.0,0.3126733812377853,1.3093639783561681e-05
3.88,0.095,101,0.6271363636363636,0.05786920633050288,0.7201818181818181,0.10855230677321015,0.4237654309837692,3.900709219858156,0.2685187024546904,0.732814739263125,0.03357480090761911,3.900709219858156,0.28759667099635045,0.6995771332499117,0.06248609302924153,4,0.4469691564721366,8,0.5126069154913268,-0.003206506517908347,15.0,1.0785568413887,"[ 1.00000000e+00 -1.32147211e-01 -3.41743405e-01  5.27285275e-02
  5.10469493e-01 -8.29490175e-02 -3.14688321e-01  1.06399949e-01
  5.12606915e-01 -2.21148076e-01 -3.21578712e-01  1.82600223e-01
  3.59519540e-01 -2.26421147e-01 -3.11652066e-01  2.75076090e-01
  2.74241756e-01 -2.84385449e-01 -2.57987658e-01  3.12079162e-01
  1.73459868e-01 -2.43287881e-01 -2.64722348e-01  3.91439732e-01
  1.51051346e-01 -3.28186934e-01 -1.74256558e-01  4.18183415e-01
  6.27689662e-02 -2.87705153e-01 -1.49827340e-01  4.10447193e-01
  4.80079949e-02 -3.84473901e-01 -2.25461401e-02  3.70004086e-01
 -4.55864304e-02 -3.76001861e-01  1.78612974e-02  3.93438786e-01
 -1.18201992e-01 -3.90674462e-01  1.58109107e-01  2.95608190e-01
 -1.50530447e-01 -3.18310587e-01  1.86728207e-01  3.17974029e-01
 -1.98911465e-01 -3.06596894e-01  2.92407742e-01  2.18051999e-01
 -2.56557353e-01 -2.20820348e-01  2.64308443e-01  2.01057921e-01
 -2.81496355e-01 -1.87126259e-01  3.17134033e-01  1.15482763e-01
 -2.90687183e-01 -1.10681914e-01  2.90510381e-01  1.06217592e-01
 -3.27584250e-01 -5.02157871e-02  3.27824853e-01 -2.27917717e-03
 -2.94120205e-01  5.23566728e-03  2.96951003e-01 -4.84502654e-03
 -3.38732153e-01  5.29722412e-02  2.96773961e-01 -9.63620449e-02
 -2.91225623e-01  1.31642680e-01  2.47303041e-01 -1.40588249e-01
 -2.78361711e-01  1.64416594e-01  2.63178561e-01 -2.15829675e-01
 -2.46670686e-01  1.68408393e-01  2.21578222e-01 -2.02884406e-01
 -1.95766803e-01  2.08207057e-01  1.43332201e-01 -2.34218344e-01
 -1.05665716e-01  1.98474785e-01  1.21878922e-01 -1.84701736e-01
 -1.22957169e-01  2.04713718e-01  8.68362308e-02 -2.43957930e-01
 -3.12387624e-02  1.97370254e-01  5.94410907e-02 -2.25693602e-01
 -4.52955756e-02  1.98431801e-01  5.34124255e-03 -2.15441528e-01
 -2.30854370e-02  2.02586314e-01 -1.78177268e-02 -2.12904335e-01
 -7.20290314e-03  2.13305488e-01 -9.62867783e-02 -1.74032860e-01
  6.23723933e-02  1.79034286e-01 -1.13118143e-01 -1.60620491e-01
  8.36553435e-02  1.80799991e-01 -1.23621903e-01 -1.56154577e-01
  1.37415135e-01  1.40438241e-01 -1.11752510e-01 -1.03552018e-01
  1.28995795e-01  1.32018901e-01 -1.57047575e-01 -1.07416772e-01
  1.87228815e-01  6.43436690e-02 -1.11307051e-01 -1.25561069e-01
  1.39693629e-01  6.20892202e-02 -1.56379087e-01 -8.05990471e-02
  1.63439730e-01  1.20869351e-03 -1.57157889e-01 -6.61781324e-02
  1.23315037e-01  2.44133503e-02 -1.71059002e-01 -2.80781455e-02
  1.51229979e-01 -1.50955549e-02 -1.65821600e-01  6.16440117e-03
  1.56230323e-01 -6.00296761e-04 -1.68224736e-01  4.73503402e-02
  1.52209868e-01 -1.71946042e-02 -1.37832616e-01  5.62894817e-02
  1.66468069e-01 -1.39672797e-02 -1.76651390e-01  1.27563455e-01
  1.36135664e-01 -7.34605307e-02 -1.17491182e-01  7.66309155e-02
  1.81639130e-01 -9.76953752e-02 -1.45509123e-01  1.46829013e-01
  1.12116535e-01 -8.77547020e-02 -1.13811085e-01  1.06081519e-01
  1.72440988e-01 -1.13221122e-01 -1.25004976e-01  1.52749231e-01
  1.11709148e-01 -1.22263263e-01 -6.74691009e-02  1.35288052e-01
  1.18089755e-01 -1.80071864e-01 -5.57694350e-02  2.04463577e-01
  6.60673135e-02 -1.91591183e-01 -2.38553795e-02  1.58071596e-01
  4.01197655e-02 -1.95551322e-01 -1.00642796e-02  1.98857764e-01
 -3.63532359e-02 -1.71033733e-01  5.26979638e-03  1.41678977e-01
 -3.62118636e-02 -1.77064265e-01  5.60249926e-02  1.52161095e-01
 -6.82359320e-02 -1.80624632e-01  3.78806956e-02  1.36791349e-01
 -5.99195918e-02 -1.48392163e-01  1.07448978e-01  1.38312984e-01
 -1.19968314e-01 -1.58138462e-01  9.73982924e-02  1.32891226e-01
 -9.26761734e-02 -1.80837344e-01  1.58635907e-01  1.28863758e-01
 -1.78630062e-01 -1.08480482e-01  1.70119556e-01  8.49629813e-02
 -1.62280427e-01 -1.34644047e-01  2.32054316e-01  3.81179262e-02
 -2.03955109e-01 -5.53437929e-02  1.94859875e-01  1.59675021e-02
 -1.86299556e-01 -5.43565892e-02  2.41053473e-01 -5.50307397e-02
 -2.04985297e-01  1.85276897e-02  2.02153342e-01 -6.05268409e-02
 -2.04160807e-01  5.04417451e-02  1.88475259e-01 -1.01511392e-01
 -1.89976950e-01  9.50250370e-02  1.40012884e-01 -1.01370020e-01
 -1.70785433e-01  1.45847563e-01  1.32053632e-01 -1.57235874e-01
 -1.47648107e-01  2.00385856e-01  9.61721237e-02 -1.38111688e-01
 -1.17032956e-01  1.88264777e-01  1.23085534e-01 -1.85342487e-01
 -1.07322327e-01]",0.27180952380952383,0.0003333333333333333,0.0,0.78185,0.247,0.0,0.2885263157894737,0.001,0.0,0.7745555555555556,0.2122777777777778,0.0,0.29376470588235293,0.0018235294117647058,0.0,0.763875,0.1955,0.0,0.30366666666666664,0.0024666666666666665,0.0,0.7507857142857143,0.19321428571428573,0.0,0.31384615384615383,0.004153846153846154,0.0,0.7585833333333334,0.225,0.0,0.7338793103448276,0.1775,0.0,0.21264293758529054,6.249323558267494e-06
3.88,0.095,707,0.6396818181818181,0.053823268340709614,0.6969090909090908,0.10040595287083744,0.4289956218496077,3.928571428571429,0.12898040178449707,0.8306718157508297,0.056301100745713935,3.928571428571429,0.14370453955118873,0.8151448056526618,0.07036556932604385,8,0.39356267203239026,8,0.45259327049569065,-0.0034113090624818126,10.0,1.1178186060075823,"[ 1.00000000e+00 -1.39285107e-01 -2.17795229e-01  1.02721081e-01
  3.20916111e-01 -9.01632429e-03 -2.07459815e-01  4.95385371e-02
  4.52593270e-01 -1.67843525e-01 -2.01126552e-01  8.87022275e-02
  2.87030783e-01 -7.52254580e-02 -2.98890207e-01  2.29959300e-01
  2.48950170e-01 -1.86654794e-01 -1.86656517e-01  2.14961967e-01
  1.79368808e-01 -1.33402417e-01 -1.72602595e-01  3.02592510e-01
  1.19590338e-01 -1.85092967e-01 -1.13883945e-01  2.03927101e-01
  1.19750680e-01 -1.72786809e-01 -1.01605660e-01  2.70789415e-01
  3.91203644e-02 -1.78994494e-01 -7.67864266e-02  2.53621313e-01
  5.03854055e-02 -2.11041549e-01 -9.50110759e-03  2.26222393e-01
 -2.17339863e-02 -1.44657985e-01 -4.57622152e-03  2.31147279e-01
 -6.40954745e-02 -1.86284953e-01  5.34685717e-02  1.76500614e-01
 -7.32592752e-02 -1.94263356e-01  4.46441587e-02  1.95263335e-01
 -1.33850963e-01 -1.67245481e-01  1.42928523e-01  1.34755264e-01
 -1.12159999e-01 -1.75451782e-01  1.01808178e-01  9.69304212e-02
 -1.04078972e-01 -1.48801167e-01  1.45029764e-01  5.49361930e-02
 -5.40384806e-02 -1.63687011e-01  1.07288539e-01  1.05427561e-01
 -1.28974626e-01 -1.39346527e-01  1.91005467e-01  2.20083641e-02
 -6.99723333e-02 -9.03750256e-02  7.50673573e-02  9.18038402e-02
 -1.10218797e-01 -7.60374605e-02  1.07807276e-01  4.96423775e-02
 -1.30203653e-01 -6.13326354e-02  8.42432728e-02  9.64709824e-02
 -1.51485397e-01 -3.92186661e-02  7.25971875e-02  1.03465212e-02
 -1.06460301e-01 -6.10070319e-02  7.73827115e-02  1.93850480e-02
 -1.12189237e-01 -6.21993215e-02  1.18149886e-01 -1.15651450e-02
 -1.18875671e-01 -8.91907192e-03  5.01720071e-02 -4.30777050e-02
 -1.09865017e-01 -1.69860110e-02  1.05144276e-01 -3.24586482e-02
 -1.37854176e-01  4.24950314e-02  5.99939068e-02 -1.91949910e-02
 -7.95585307e-02  2.85666871e-02  8.08109889e-02 -2.92605463e-02
 -1.05460537e-01  6.76467602e-02  5.40908450e-02 -2.47307927e-02
 -1.19388882e-01  6.62872361e-02  7.62048143e-02 -1.06318608e-01
 -8.82016210e-02  5.01602500e-02  4.98717720e-03 -3.54820154e-02
 -1.18812426e-01  7.76568748e-02  9.30964705e-02 -1.47194995e-01
 -7.32807086e-02  8.58772642e-02  2.23297107e-02 -8.66449629e-02
 -9.39722128e-02  1.07089479e-01  4.58241844e-02 -1.24186163e-01
 -8.53845633e-02  1.04828200e-01  3.45174867e-02 -1.15937901e-01
 -6.51298482e-02  1.01720912e-01  7.78412500e-04 -9.52880532e-02
 -9.80507850e-02  1.13831962e-01  8.38069011e-03 -1.25475854e-01
  1.15612578e-02  9.35913355e-02 -1.67917149e-02 -9.07651917e-02
 -3.70846406e-02  1.04093984e-01 -3.57354547e-02 -9.57038620e-02
  4.00084899e-02  3.99788945e-02  1.11488950e-02 -9.74585185e-02
 -8.15865874e-03  1.17239260e-01 -4.36699238e-02 -7.52609320e-02
  4.19375771e-02  6.09284466e-02  4.67854757e-03 -1.09818144e-01
  5.38486024e-02  6.28644259e-02 -3.48661871e-02 -3.88700612e-02
  3.14929510e-02  3.69853731e-02  5.18331554e-04 -7.48913945e-02
  8.66045822e-02  7.66835580e-02 -3.33043599e-02 -7.34062925e-02
  8.70206950e-02  4.33396163e-02 -4.73441939e-02 -4.74852790e-02
  1.20745985e-01  3.18935566e-02 -6.55255411e-02 -4.61674116e-02
  1.05888014e-01  4.73558556e-02 -4.37788319e-02 -4.61185588e-02
  8.87756557e-02  6.99207022e-02 -1.13615965e-01 -6.85578275e-02
  1.57525096e-01  2.37242974e-02 -1.11652113e-01 -1.69974700e-02
  6.86674988e-02  5.34474363e-02 -1.52126475e-01  3.32102555e-02
  7.65763730e-02  2.32596359e-02 -1.09327893e-01 -7.34772345e-03
  6.34104212e-02  7.38903663e-02 -1.69724474e-01  7.82284590e-02
  7.81988636e-02  3.70558143e-02 -1.36450062e-01  2.54131750e-02
  1.20658057e-01 -2.49491694e-02 -1.10617584e-01  6.66033541e-02
  9.00472519e-02 -4.96985695e-02 -9.69309220e-02  4.45313454e-02
  9.41818730e-02 -7.76319833e-02 -5.10876890e-02  4.34062657e-03
  1.30951815e-01 -9.22620568e-02 -8.64023746e-02  7.14865835e-02
  1.15164216e-01 -1.47192365e-01  2.41356644e-03  6.50559192e-02
  7.26912383e-02 -1.05011896e-01 -1.20771449e-02  8.62123890e-02
  8.16740203e-02 -1.27929914e-01  1.81804887e-02  6.55208848e-02
  7.90176091e-02 -1.25315160e-01  1.04808096e-02  1.22240918e-01
 -2.10283044e-02 -1.19460646e-01  5.05741271e-02  8.43324586e-02
  1.34315058e-02 -1.23241792e-01  4.27350859e-02  1.18397136e-01
 -5.92781253e-02 -6.60430082e-02  1.14225515e-02  1.05119695e-01
 -2.28754437e-02]",0.29738095238095236,0.0002380952380952381,0.0,0.7561,0.18035,0.0,0.31205263157894736,0.002157894736842105,0.0,0.7786111111111111,0.21766666666666667,0.0,0.31988235294117645,0.002058823529411765,0.0,0.7423125,0.161125,0.0,0.3268,0.0016666666666666668,0.0,0.7692142857142857,0.23007142857142857,0.0,0.33576923076923076,0.003923076923076923,0.0,0.7255833333333334,0.16575,0.0,0.7503448275862069,0.20655172413793105,0.0,0.1889837076288005,6.915968853711739e-06
3.88,0.095,1313,0.6398636363636363,0.061261210814129545,0.6821818181818181,0.11176584140865725,0.4752663987992999,3.900709219858156,0.10879135496114449,0.8178385093577542,0.05395638895229424,3.900709219858156,0.12720348736602402,0.7892979416503981,0.10084579968328955,4,0.3839849542289232,8,0.4881396176328573,-7.742046164614758e-05,9.0,1.1112098326669628,"[ 1.00000000e+00 -8.66485171e-02 -2.63411121e-01  1.27948730e-01
  4.69561445e-01 -2.32587552e-02 -2.46338753e-01  9.48055481e-02
  4.88139618e-01 -9.24009950e-02 -2.89151902e-01  1.78363569e-01
  3.50148485e-01 -1.37292895e-01 -2.57444910e-01  2.50825209e-01
  3.35303876e-01 -1.61753220e-01 -2.28648964e-01  2.64572368e-01
  2.83058937e-01 -1.64146490e-01 -2.37357881e-01  3.49485349e-01
  2.19558835e-01 -2.26475558e-01 -1.64193620e-01  3.46000436e-01
  1.42440328e-01 -2.02305529e-01 -1.30328484e-01  3.56577201e-01
  9.06638028e-02 -2.21203109e-01 -1.05171346e-01  3.90961033e-01
  3.81846571e-02 -2.08158571e-01 -2.97601322e-03  3.47005960e-01
  1.37997551e-02 -1.99221254e-01  3.41413773e-03  3.12641462e-01
  7.66314430e-03 -2.25321027e-01  1.10624410e-01  3.02707259e-01
 -1.16270281e-01 -1.80204697e-01  1.75988390e-01  1.98502789e-01
 -4.89320814e-02 -1.66147909e-01  1.99480939e-01  2.39097734e-01
 -1.03778437e-01 -1.28802749e-01  2.72875438e-01  1.66705708e-01
 -1.11295149e-01 -9.71500086e-02  2.39652864e-01  1.16121389e-01
 -1.26583031e-01 -7.43097993e-02  2.69381667e-01  8.99422242e-02
 -1.79948722e-01 -3.77426832e-02  2.39099250e-01  4.16999741e-02
 -1.65369269e-01 -1.33038187e-03  2.31975530e-01  4.05280205e-02
 -1.71192280e-01  2.28396463e-02  2.23605353e-01 -5.55608564e-03
 -1.67867991e-01  1.03126709e-01  2.00939291e-01 -5.70481220e-02
 -1.52585916e-01  1.00394699e-01  1.83911397e-01 -6.40421683e-02
 -1.66962111e-01  1.24694401e-01  1.66080319e-01 -1.02693844e-01
 -1.18491462e-01  1.81898190e-01  1.27504066e-01 -1.09742141e-01
 -7.13718029e-02  1.80387496e-01  9.34783083e-02 -1.32148855e-01
 -7.44676935e-02  1.70377871e-01  1.44391590e-01 -1.67709529e-01
 -4.84279796e-02  1.71075603e-01  4.69460405e-02 -1.30310118e-01
 -1.62274331e-02  1.33176830e-01  1.05241471e-01 -1.32289225e-01
  8.85031231e-03  1.49236947e-01  2.06362826e-02 -1.30629525e-01
  4.35980244e-02  1.26985049e-01  1.93055446e-02 -1.30086607e-01
  3.79801091e-02  1.38001117e-01 -1.93461309e-02 -1.16782721e-01
  4.21869753e-02  1.25184978e-01 -1.52437977e-02 -1.25077476e-01
  5.30230880e-02  1.19098649e-01 -6.53054518e-02 -9.10575254e-02
  6.04003483e-02  1.05814096e-01 -4.48536237e-02 -1.08838322e-01
  7.83592621e-02  1.45007770e-01 -7.76038143e-02 -5.56875037e-02
  8.79740585e-02  1.02248872e-01 -6.46638090e-02 -4.62817734e-02
  5.69890205e-02  1.11081656e-01 -6.93197558e-02 -3.53953790e-02
  6.84986435e-02  8.98168663e-02 -7.96681215e-02 -2.96284567e-02
  9.52409781e-02  4.34443019e-02 -5.51090716e-02 -2.44847628e-02
  8.13583375e-02  5.49036432e-02 -8.01423429e-02 -5.54446599e-02
  1.21120989e-01  3.22768160e-03 -6.12505711e-02 -4.70260389e-02
  9.01108098e-02  2.25375856e-02 -7.66138757e-02 -4.88754724e-02
  1.27924383e-01 -1.06055963e-02 -7.97891584e-02 -2.59810118e-02
  8.79971400e-02  2.73125100e-02 -9.90003371e-02  1.96831242e-02
  9.10078307e-02  3.83929484e-03 -1.06098916e-01  3.25331805e-03
  5.74253455e-02  5.73320236e-03 -1.18032479e-01  5.28944342e-05
  5.06112548e-02 -6.20037959e-02 -8.68984341e-02  1.88652741e-02
  1.67654522e-02 -4.30617423e-02 -9.30892962e-02  3.19098124e-02
  5.83475072e-02 -6.24025948e-02 -9.12999217e-02  6.05218327e-02
  2.33597806e-02 -6.48501160e-02 -9.88920558e-02  7.20063148e-02
  2.09122594e-02 -7.85779418e-02 -6.73438482e-02  6.92451945e-02
  3.17192616e-02 -8.70566218e-02 -5.42490282e-02  5.92858506e-02
  5.19368827e-02 -8.62292158e-02 -1.14205160e-02  5.35885431e-02
  5.77792277e-02 -1.12199315e-01 -4.25232180e-03  6.42407305e-02
 -9.15002017e-04 -9.46082513e-02  4.38795876e-02  4.43520721e-02
  3.55978628e-02 -1.52704393e-01  3.16324258e-02  5.94753621e-02
 -2.72790113e-02 -1.29420911e-01  4.71447375e-02  5.19335098e-02
 -3.38588951e-02 -1.12762706e-01  4.69347524e-02  5.50235927e-02
 -3.97612990e-02 -5.24136640e-02  3.21946763e-02  5.72562402e-02
 -5.53085288e-02 -7.71875876e-02  3.28130163e-02  6.89206778e-02
 -8.87401689e-02 -4.88891664e-02  1.06365400e-02  5.99484432e-02
 -1.07457793e-01 -7.67038102e-02  4.92824078e-02  5.57860511e-02
 -1.13828611e-01 -1.28456344e-02  4.27819162e-02  2.49055462e-02
 -1.02369269e-01 -2.60005134e-02  2.79373071e-02  5.33048676e-03
 -1.12119547e-01 -1.76361437e-02  8.02350778e-03  1.08870247e-03
 -1.15114874e-01]",0.308952380952381,0.0007619047619047619,0.0,0.75475,0.1954,0.0,0.3426842105263158,0.004526315789473684,0.0,0.7138333333333333,0.13944444444444445,0.0,0.37529411764705883,0.010941176470588235,0.0,0.6865625,0.127125,0.0,0.4096,0.014666666666666666,0.0,0.6525,0.12664285714285714,0.0,0.44753846153846155,0.02646153846153846,0.0,0.61525,0.12383333333333334,0.0,0.5954310344827586,0.09267241379310345,0.0,0.13101760655409264,4.415381584845888e-06
3.88,0.095,2029,0.6070000000000001,0.06587591641591306,0.7764545454545456,0.1353620489558305,0.41347008123450796,3.8732394366197185,0.309213214920509,0.6300820216002969,0.09293559577959155,3.8732394366197185,0.2997692776173515,0.6219060495131002,0.17349227174907958,31,0.6387028657616893,4,0.6906795134395087,0.006911277368733488,7.0,1.0322697606961566,"[ 1.         -0.02537899 -0.14650917  0.11064658  0.69067951 -0.04928165
 -0.15255041  0.16938185  0.65810865 -0.09996202 -0.18860877  0.30097908
  0.53605612 -0.14087949 -0.18164771  0.42977396  0.38827594 -0.1673653
 -0.19558407  0.51308311  0.30026747 -0.16630032 -0.17680336  0.59650908
  0.17406983 -0.19426014 -0.12772859  0.6246287   0.08283638 -0.17966784
 -0.08001103  0.65048678 -0.01729892 -0.20364403  0.03543109  0.61162607
 -0.05751682 -0.21371357  0.12313208  0.57095532 -0.10115004 -0.22115666
  0.24156553  0.47827672 -0.13601267 -0.22451374  0.31312719  0.3957692
 -0.15067882 -0.19996956  0.43243613  0.28210658 -0.15453204 -0.20112282
  0.51673758  0.17677614 -0.18072648 -0.14335099  0.53969092  0.10432289
 -0.18249271 -0.08244213  0.58254937  0.02206344 -0.22755529  0.00147999
  0.55708473 -0.0438086  -0.23387484  0.09214345  0.48523001 -0.07334483
 -0.24992705  0.1898554   0.44275057 -0.11842185 -0.25591056  0.26830543
  0.37489392 -0.14312783 -0.22355923  0.36582704  0.29200707 -0.17070832
 -0.22175002  0.44226361  0.20166353 -0.19939794 -0.17578341  0.48154662
  0.12735693 -0.22087894 -0.12754083  0.50099804  0.05837673 -0.23773447
 -0.04071532  0.49240251 -0.0297197  -0.24285693  0.03096316  0.45125005
 -0.06827459 -0.25352501  0.12635448  0.40669804 -0.10958718 -0.27696175
  0.22025734  0.33949767 -0.16276408 -0.25463581  0.28498972  0.26389296
 -0.16159671 -0.24872615  0.35678502  0.1805677  -0.1928406  -0.2017095
  0.40404974  0.13953205 -0.20670479 -0.12984204  0.42253772  0.0563236
 -0.22145889 -0.07650669  0.43200704  0.00192076 -0.25290756  0.01025973
  0.40482031 -0.0283597  -0.25042765  0.0816757   0.3486232  -0.06507568
 -0.27316346  0.1528436   0.29538857 -0.09920852 -0.26334367  0.22195337
  0.23412757 -0.14138215 -0.23741343  0.27502621  0.18054247 -0.16630734
 -0.22712636  0.32710674  0.11096373 -0.20277525 -0.16151851  0.34919903
  0.05651759 -0.2257014  -0.11782923  0.33567088  0.03124194 -0.23917182
 -0.04078105  0.32660807 -0.02804889 -0.27108642  0.01490379  0.27540134
 -0.04615923 -0.26523584  0.10250239  0.2519646  -0.09525011 -0.2653535
  0.14302577  0.19575306 -0.12936851 -0.2698197   0.19884187  0.13104788
 -0.15836529 -0.22834867  0.26113679  0.10377319 -0.17395157 -0.18391516
  0.27059168  0.0485093  -0.20073011 -0.14244413  0.28029464  0.00921018
 -0.23195957 -0.06405319  0.25872569 -0.02002024 -0.25945346 -0.01862738
  0.23852836 -0.06031167 -0.26934845  0.04305457  0.20607296 -0.08049456
 -0.27266222  0.10136585  0.15600422 -0.1074923  -0.25823139  0.14457341
  0.13344296 -0.14555105 -0.25400052  0.18092281  0.08573815 -0.17637231
 -0.2070574   0.21892079  0.03018288 -0.19721147 -0.16002632  0.23346844
  0.02230137 -0.21004006 -0.10526161  0.21315429 -0.02861399 -0.22648738
 -0.06241895  0.22055106 -0.05049011 -0.24242413 -0.00456052  0.1869721
 -0.07029367 -0.25999501  0.06109063  0.14436005 -0.09729141 -0.25024875
  0.09078531  0.12038251 -0.08356151 -0.2494332   0.17097052  0.07909878
 -0.13714661 -0.21109919  0.17059035  0.03286799 -0.13214265 -0.1862492
  0.18027888  0.01861004 -0.18632628 -0.14072101  0.17371126 -0.00307574
 -0.21136829 -0.09220148  0.15529376]",0.21919047619047619,4.761904761904762e-05,0.0,0.842,0.41165,0.0,0.22894736842105262,0.0014210526315789475,0.0,0.8047222222222222,0.32672222222222225,0.0,0.23888235294117646,0.005058823529411765,0.0,0.785125,0.27875,0.0,0.24573333333333333,0.006666666666666667,0.0,0.7787857142857143,0.2777857142857143,0.0,0.2541538461538462,0.006923076923076923,0.0,0.7796666666666666,0.29383333333333334,0.0,0.7870689655172414,0.3235344827586207,0.0,0.31372480620858334,6.351728013187392e-06
3.88,0.095,3001,0.6527272727272727,0.05654296983725324,0.6368181818181818,0.0945028313013263,0.5244730023539088,3.928571428571429,0.047107496620392764,0.8978546400345102,0.06524944319042081,3.928571428571429,0.050712534490243086,0.888427110181109,0.13268640298164133,8,0.2676474320561176,8,0.3570842631053158,-0.003801734758408216,15.0,1.1461060209424083,"[ 1.00000000e+00 -6.81903780e-02 -1.25202040e-01  2.12072012e-01
  1.87097366e-01  1.28933593e-01 -6.82053105e-02  3.86419055e-02
  3.57084263e-01 -4.91836164e-02 -4.12097376e-02  7.80932331e-02
  9.46130922e-02  3.66899206e-02 -1.02695368e-01  8.66041327e-02
  1.26480845e-01 -4.56910248e-02 -6.52012409e-02  3.95823545e-02
  9.92577948e-02 -3.75549082e-02 -1.23711741e-01  8.63211315e-02
  4.95061149e-02 -4.25963510e-02 -4.30065093e-02 -6.91392818e-04
  6.09921447e-02 -2.67193438e-02 -7.16500342e-02  3.17686103e-02
  5.87083653e-02 -4.03067669e-02 -9.83202061e-03  2.26909932e-03
 -2.12064146e-02 -3.33505232e-02 -6.79954992e-02  5.22189810e-02
  3.07006678e-02 -8.99593459e-02  2.31018666e-02  2.18079605e-02
 -7.79844997e-02 -1.70292865e-03 -3.77416268e-03  2.90048057e-02
  2.17375046e-02  1.72278669e-02  1.08165519e-02  2.53132131e-03
  9.27443083e-03  2.37306693e-02 -4.02940218e-03  8.71740891e-02
  1.33388296e-02  7.03717335e-05  4.96729376e-02  1.46531784e-02
  2.20116725e-02 -2.01613544e-02  2.94412114e-02  9.32670277e-02
  8.23454440e-03  1.20784479e-03  8.90891845e-02 -8.77383669e-03
  5.35250854e-02  4.12013250e-03  1.80951680e-02  7.80112098e-02
  1.27496924e-02 -4.43961512e-02  5.40670277e-02 -1.48914244e-02
  1.68696146e-02  2.71754772e-02  5.41656238e-03 -1.67448972e-02
  1.38917924e-02  4.54399916e-02  4.33409958e-02 -1.87603134e-02
 -6.82113676e-03  3.83349282e-02  1.81029076e-02  2.66440927e-03
 -1.56659341e-02  3.11512067e-02  8.61496398e-03  4.27357485e-02
 -1.73574636e-02 -1.49266733e-02  5.53028445e-02  3.50153005e-02
 -1.15764656e-02  2.09896630e-02  2.22405805e-02  4.44932331e-02
 -2.46549240e-02 -3.06359325e-02  7.10152164e-02 -1.32677007e-02
 -6.21636889e-02  2.95487670e-02  1.38696672e-02 -3.33652453e-02
 -5.52074452e-02 -3.29825543e-02  3.87460960e-02  1.23787371e-02
 -1.21139576e-01 -1.20158999e-02  5.33368106e-02 -2.27749093e-02
 -8.33770861e-02 -2.64361744e-02  2.78534939e-02  3.72478469e-02
 -1.26914769e-01  2.89272412e-02  4.91162732e-02 -4.37912824e-02
 -2.93072822e-02  9.26862611e-04  5.32084337e-02 -1.90155108e-03
 -7.94337452e-02  7.41040433e-02  7.85429308e-02 -3.67590725e-02
 -5.21975709e-02  2.07896104e-02  1.19627572e-01 -4.09722909e-02
 -2.90331143e-02  4.70078553e-02  2.85155686e-02 -1.19408591e-02
 -5.71676744e-02  5.37234976e-02  4.89732583e-02 -9.37850781e-02
 -2.29679373e-02  2.29099322e-02  2.98936432e-02 -1.79844156e-02
 -4.66559966e-02  5.79147589e-02 -7.77706504e-03 -2.42334928e-02
 -4.28599611e-02 -2.88849256e-02  9.25094274e-02 -5.46167517e-02
 -8.13866554e-02  1.11984563e-01 -1.38437562e-02 -6.22030180e-02
 -3.83448131e-02  3.73491351e-02  3.36445870e-02 -7.76412219e-02
 -3.32902466e-02  7.50838635e-02 -4.08335244e-02 -5.65403859e-02
 -1.82692255e-02  2.84137336e-02 -1.57673905e-02 -6.50381618e-02
 -4.40718019e-02  4.24168253e-02 -2.35156002e-02 -6.49112992e-02
 -2.87037594e-02  5.40092749e-02 -4.08277196e-02 -2.59689363e-02
  6.94421368e-03  3.34608549e-03 -1.57338241e-02  8.92454914e-04
 -4.09838582e-03  4.38431043e-02 -4.73756139e-02  5.41492192e-03
  6.79544456e-02 -3.06762711e-03  2.25500815e-03  8.19302802e-03
  1.59263053e-02  1.83015721e-02 -2.19142542e-02 -1.98073505e-02
  9.46743362e-02  3.40009464e-03 -5.59435512e-02  8.65959304e-03
  1.03263894e-01 -6.85331931e-02 -2.94847048e-02  4.74400126e-02
  1.61958463e-02 -3.49766023e-02 -9.83210474e-03  2.95634050e-02
  1.89739524e-02 -7.42019665e-02  4.06545034e-02  1.53050739e-02
  1.32338398e-02 -3.51531837e-02 -3.40364478e-02  1.45204269e-02
  2.69408066e-02 -7.77006993e-02 -3.02468058e-03  1.43789263e-02
  1.67819549e-02 -6.40723908e-02 -4.99631737e-02  4.22304853e-02
  1.31598927e-03 -4.12040591e-02 -2.50589831e-02  3.31682213e-02
  6.42607918e-03 -4.18267627e-02 -4.79697145e-02  5.36536726e-02
  1.59549082e-02 -1.06808139e-02 -3.99955413e-02  6.35850465e-02
  5.15291025e-03 -5.25574215e-02  4.03646879e-03  7.52561544e-02
 -1.44634313e-02 -5.11442663e-02 -3.55359167e-02  4.28092749e-02
 -2.17304380e-02 -1.77218571e-02 -7.20315474e-03 -3.30615490e-02
 -2.93999895e-02 -4.21872443e-02 -5.83753089e-02  1.74250592e-02
 -5.36247752e-02 -2.56670908e-02  4.32645249e-03 -3.38812766e-02
 -1.99062411e-02 -4.93551501e-02 -4.12193280e-02  4.67961933e-02
 -7.05526053e-03]",0.3506666666666667,0.0015238095238095239,0.0,0.7184,0.129,0.0,0.38163157894736843,0.00568421052631579,0.0,0.7117777777777777,0.13116666666666665,0.0,0.39894117647058824,0.006352941176470588,0.0,0.688125,0.1155,0.0,0.40226666666666666,0.006,0.0,0.6814285714285714,0.10928571428571429,0.0,0.4196153846153846,0.005846153846153846,0.0,0.67275,0.09691666666666666,0.0,0.6770689655172414,0.09827586206896552,0.0,0.11129238650925957,4.805028216748083e-06
3.88,0.1117,101,0.5659545454545455,0.04458136307790843,0.8290909090909091,0.08044812506482846,0.14715969151651537,550.0,0.1529922599037928,0.8307804126240708,0.24217897544911762,550.0,0.3699213515149438,0.6608620465575047,0.5344572232031398,4,0.42144853077166533,4,0.6366431780452979,0.032926409168162606,13.0,1.0638049690890004,"[ 1.00000000e+00  4.42694187e-01  4.77688209e-01  5.43176420e-01
  6.36643178e-01  4.24708327e-01  4.58706307e-01  4.97914350e-01
  4.95863294e-01  4.39668451e-01  4.36736281e-01  4.51362534e-01
  4.72782299e-01  4.21797518e-01  4.06516990e-01  4.31448439e-01
  4.31913026e-01  4.17628539e-01  3.95439570e-01  4.37342032e-01
  4.02983481e-01  4.10994997e-01  3.85588048e-01  3.97698657e-01
  3.91433580e-01  4.05881055e-01  3.64026654e-01  3.74847517e-01
  3.89180065e-01  3.84549518e-01  3.28763307e-01  3.40988844e-01
  4.08877770e-01  3.30093219e-01  2.98071534e-01  3.53139620e-01
  3.31831764e-01  3.33930881e-01  2.91667847e-01  3.23852521e-01
  2.75562160e-01  3.42569972e-01  2.94279611e-01  2.45580618e-01
  3.08668114e-01  3.23817926e-01  2.71837104e-01  2.67500261e-01
  3.11624662e-01  3.10505799e-01  2.59814722e-01  3.04641460e-01
  2.98785015e-01  3.26870596e-01  3.03276953e-01  2.85710637e-01
  3.30422447e-01  3.25906827e-01  3.14367839e-01  2.79945438e-01
  2.97202261e-01  3.17153504e-01  2.95960576e-01  2.72660638e-01
  3.29720807e-01  3.19650341e-01  2.59828885e-01  2.96342508e-01
  3.18285834e-01  3.21559768e-01  2.89831787e-01  3.03640775e-01
  2.87364205e-01  3.19433951e-01  3.14394771e-01  2.85067506e-01
  3.06717127e-01  3.11395735e-01  3.08463566e-01  2.80834678e-01
  3.07988066e-01  3.44680466e-01  2.78537978e-01  3.13532000e-01
  2.95620901e-01  2.98307426e-01  3.03803299e-01  2.78281422e-01
  2.72718682e-01  3.13510175e-01  2.77568173e-01  2.67089075e-01
  2.42269535e-01  2.95294459e-01  2.60348498e-01  2.34009357e-01
  2.24934932e-01  2.72979650e-01  2.67531837e-01  2.12511812e-01
  2.27138064e-01  2.59092883e-01  2.39713261e-01  1.90899339e-01
  1.88669507e-01  2.62062200e-01  1.96213418e-01  1.73909520e-01
  2.08201205e-01  2.31319349e-01  1.74307240e-01  1.91449136e-01
  1.71252249e-01  2.11047701e-01  1.48123193e-01  2.02080310e-01
  1.70237401e-01  1.85974623e-01  1.53544305e-01  1.65246282e-01
  1.54473480e-01  1.56163964e-01  1.36669414e-01  1.27594990e-01
  1.02188041e-01  1.19508712e-01  1.19679595e-01  8.92413601e-02
  9.71379482e-02  9.94158415e-02  9.74797135e-02  3.93566362e-02
  9.31988252e-02  7.21846740e-02  1.01853705e-01  3.14971965e-02
  4.00961215e-02  8.93156569e-02  5.23776134e-02  5.78734865e-02
  3.66805586e-02  4.67990852e-02  6.06080728e-02  5.10611672e-02
  2.69439640e-02  7.53973137e-02  5.63113964e-02  5.30855226e-02
  4.68023357e-03  7.02833726e-02  3.64483811e-02  2.90723349e-02
  2.60252377e-02  6.56419127e-02  3.78980973e-02  4.79016961e-02
  3.97594641e-02  2.64710184e-02  4.17996076e-02  3.84588059e-02
 -7.13713563e-03  3.42417664e-02  6.03991131e-02 -8.37394504e-03
  8.12388990e-04  5.14365981e-02  4.83895009e-02  1.64316644e-02
  3.66677889e-03  3.07052391e-02  4.87282479e-02  2.10993604e-02
  2.06828340e-02  1.55287262e-02  6.83748738e-02  1.82375408e-03
  1.75609756e-02 -1.34616501e-03  5.22023195e-02  1.78437678e-02
  1.23959555e-02  1.90666465e-02  5.03191279e-02 -4.40719286e-03
  2.27461952e-02 -8.50930451e-03  3.21672607e-02 -8.80602733e-03
  1.37634808e-03 -1.44277406e-02  7.40065706e-03  1.78128882e-02
 -1.66605914e-02 -4.66490986e-03  8.44174087e-03 -1.45644931e-02
  1.42872732e-02  1.44581558e-02 -9.48027072e-03 -2.88598925e-02
 -9.02357762e-03 -4.43781707e-02 -2.55378972e-02 -4.82504266e-02
 -4.93692899e-02 -8.98190177e-02 -4.08931868e-02 -3.68019874e-02
 -7.52596325e-02 -8.41042013e-02 -5.00423724e-02 -5.39705831e-02
 -1.09578017e-01 -5.69106465e-02 -7.47068179e-02 -7.16116600e-02
 -9.97130286e-02 -7.98767138e-02 -8.88362104e-02 -1.15826610e-01
 -9.64627761e-02 -1.11743305e-01 -1.21992547e-01 -7.63485448e-02
 -1.30142673e-01 -1.33598403e-01 -1.09024506e-01 -1.11139411e-01
 -1.09563855e-01 -1.36784110e-01 -1.07115079e-01 -1.44053122e-01
 -1.16606030e-01 -1.44528622e-01 -1.27386726e-01 -1.33473027e-01
 -1.22358459e-01 -1.69537851e-01 -1.32551747e-01 -1.38293263e-01
 -1.48951138e-01 -1.80972824e-01 -1.24206359e-01 -1.52014024e-01
 -1.68111817e-01 -1.47866869e-01 -1.56532662e-01 -1.46529063e-01
 -1.34648309e-01 -1.33366457e-01 -1.44841597e-01 -1.52396420e-01
 -1.36071789e-01 -1.44916358e-01 -1.29587769e-01 -1.46860380e-01
 -1.70862655e-01 -1.42892003e-01 -1.52438908e-01 -1.75853775e-01
 -1.16980300e-01]",0.15185714285714286,0.0005238095238095238,0.0,0.87665,0.52845,0.0,0.16573684210526315,0.00031578947368421053,0.0,0.8612777777777778,0.4852222222222222,0.0,0.17858823529411766,0.00023529411764705883,0.0,0.8440625,0.451125,0.0,0.19346666666666668,0.0007333333333333333,0.0,0.8278571428571428,0.4307142857142857,0.0,0.21361538461538462,0.0008461538461538462,0.0,0.7991666666666667,0.3855,0.0,0.7918103448275862,0.37551724137931036,0.0,0.455671425528376,0.0005468559799739003
3.88,0.1117,707,0.545409090909091,0.03438506426674376,0.8786363636363637,0.055783302694481354,0.09280014397667802,2.029520295202952,0.060829883652194446,0.8799018476154564,0.11104668750568443,550.0,0.07088499423054033,0.8228888140889843,0.35486145904485533,4,0.2490590825131907,4,0.47870224722492166,-0.06112127773973656,17.0,1.0428355632283124,"[ 1.00000000e+00  1.71501470e-01  3.15010110e-01  3.32272154e-01
  4.78702247e-01  1.81695650e-01  3.23956033e-01  3.24525958e-01
  3.08815423e-01  1.58306402e-01  3.53152936e-01  2.33319169e-01
  2.42440982e-01  1.76229153e-01  2.43992491e-01  1.45020553e-01
  1.85441749e-01  1.35510379e-01  2.32275775e-01  1.17023378e-01
  1.92090348e-01  1.34231217e-01  1.79871190e-01  1.02597679e-01
  1.61596658e-01  9.32999740e-02  9.49056866e-02  1.08409679e-01
  1.67408659e-01  2.23176054e-02  8.19407138e-02  8.16740407e-02
  1.18549656e-01 -2.27833477e-02  7.10605960e-02  3.76088754e-02
  6.92657134e-02 -1.13409106e-02  4.59848736e-02  2.65162883e-02
  4.96212373e-02 -1.42932680e-02  2.25823469e-02  3.96319211e-02
  3.93652480e-02 -3.10162913e-02  1.33754248e-02  4.87903133e-02
  8.24743015e-03 -4.16839399e-02  5.21600039e-02  3.58253406e-02
  5.72001135e-03 -3.41987433e-02  6.08934575e-02  4.66436492e-02
 -5.37257577e-03 -8.81264675e-06  3.16480253e-02  2.53259774e-02
  1.27493647e-02 -7.55581846e-03  5.91584526e-02  1.02628704e-02
 -1.06548521e-03  2.49609165e-02  4.24221499e-02 -5.88471127e-02
  1.45466618e-02  7.29082338e-02  5.92825540e-02 -5.36725196e-02
  7.02225495e-02  7.53738433e-02  2.96121832e-02  1.45257770e-02
  7.39364162e-02  3.75632428e-02  1.78821882e-02  6.70677427e-02
  5.78242420e-02  4.77441435e-02  3.39059944e-02  8.97710523e-02
  3.94147437e-02  4.10204562e-02  4.55476215e-02  9.07626561e-02
 -1.98950933e-02  3.84664787e-02  4.90490188e-02  3.29135455e-02
 -1.40963717e-02 -7.48435152e-03  5.13021591e-02 -3.99544881e-02
 -4.25184854e-02  1.75162823e-02 -4.95321450e-02 -6.92131997e-02
 -6.00913859e-02 -2.63496931e-02 -6.83533026e-02 -1.40408038e-01
 -5.59525807e-02 -6.33236958e-02 -1.21395295e-01 -1.21874438e-01
 -6.51727822e-02 -6.81617181e-02 -1.51902264e-01 -8.24790096e-02
 -5.08221717e-02 -1.32690332e-01 -8.32923082e-02 -8.43955792e-02
 -8.42505930e-02 -1.33358645e-01 -9.85678845e-02 -1.23879375e-01
 -7.38572231e-02 -1.06472346e-01 -9.88112585e-02 -8.99019140e-02
 -6.34638531e-02 -1.10473770e-01 -1.12201170e-01 -1.07674005e-01
 -4.74267675e-02 -1.33663828e-01 -6.84102830e-02 -8.09868957e-02
 -4.97417170e-02 -1.02594540e-01 -5.25723874e-02 -8.64357673e-02
 -5.08084094e-02 -1.11801462e-01 -3.75710897e-02 -1.13171406e-01
 -4.60321963e-02 -5.73605519e-02 -4.71896711e-02 -7.89681960e-02
 -2.31031381e-02 -7.01130554e-02 -3.24008426e-02 -1.34294234e-01
  2.09002179e-02 -8.24538996e-02 -9.83769036e-02 -3.16626326e-02
 -1.00184100e-02 -6.37078306e-02 -7.50361862e-02 -5.04705108e-02
 -2.57056455e-02 -1.16537354e-01 -4.60650325e-02 -3.90280737e-02
 -5.93332569e-02 -7.35830652e-02 -3.50342546e-02 -1.88212783e-02
 -1.32450459e-02 -7.71595512e-02 -2.79739967e-02 -5.09881633e-02
 -4.33270760e-02 -5.69527558e-02 -3.03022255e-02  2.19121029e-03
 -7.02751839e-02 -5.96926439e-02 -1.61375256e-02 -5.37589560e-02
 -6.04926632e-02 -5.51289000e-02 -6.52089986e-02 -6.69363980e-02
 -5.90628414e-02 -5.22383519e-02 -8.77749274e-02 -4.69287926e-02
 -4.65713372e-02 -7.81373928e-02 -6.37968021e-02 -4.02801939e-02
 -5.51541308e-02 -7.58709732e-02 -6.32035782e-02 -1.17206995e-02
 -6.22761980e-02 -5.96214184e-02 -5.61300409e-02 -3.36492204e-02
 -8.44171883e-02 -5.75541887e-02 -5.78208618e-02 -6.16331162e-02
 -8.88169927e-02 -2.25143809e-02 -9.43566466e-02 -6.31114679e-02
 -7.71488070e-02 -4.59036283e-02 -8.79072378e-02 -5.24923493e-02
 -7.88396279e-02 -8.93313857e-02 -8.60524775e-02 -4.31214878e-02
 -1.36038051e-01 -6.03469527e-02 -6.49958049e-02 -8.25787253e-02
 -1.42735180e-01 -3.05259219e-02 -9.27672314e-02 -1.11186750e-01
 -1.18757055e-01 -3.49257263e-02 -1.38067374e-01 -9.15908035e-02
 -1.20235406e-01 -4.68416319e-02 -1.45813570e-01 -8.09716848e-02
 -1.04397511e-01 -9.84096191e-02 -1.43122212e-01 -1.05409999e-01
 -9.31542636e-02 -1.00525379e-01 -1.16023444e-01 -7.39290522e-02
 -1.01737057e-01 -6.50739115e-02 -1.22933042e-01 -8.18877172e-02
 -7.27659035e-02 -1.01622976e-01 -7.26751212e-02 -9.42285614e-02
 -6.44441091e-02 -4.65579371e-02 -6.20560026e-02 -5.66922394e-02
 -5.46615883e-02 -5.72255856e-02 -5.77047280e-02 -7.75849726e-02
 -3.75754357e-02 -4.59823385e-02 -7.46269413e-02 -5.15219924e-02
 -3.63448039e-02 -2.28408110e-02 -8.36213942e-02 -2.54590121e-02
 -1.63371984e-02]",0.10976190476190475,0.0008095238095238096,0.0,0.90805,0.6623,0.0,0.1231578947368421,0.0009473684210526315,0.0,0.8958333333333334,0.6464444444444445,0.0,0.13217647058823528,0.0027647058823529413,0.0,0.88575,0.63525,0.0,0.135,0.0024666666666666665,0.0,0.8781428571428571,0.6192857142857143,0.0,0.14623076923076922,0.005153846153846154,0.0,0.8689166666666667,0.6094166666666667,0.0,0.8677586206896551,0.6092241379310345,0.0,0.6321109428926766,7.060352689085388e-05
3.88,0.1117,1313,0.5605909090909089,0.061184266464589715,0.8405454545454545,0.13981049748359944,0.15267582559175213,550.0,0.538696670302087,0.5279288344821887,0.6404315996353933,550.0,0.7337636790275762,0.3032150642520643,0.8666624989854018,4,0.6624035568451939,4,0.8897994144141925,0.08975321697054969,18.0,1.0548773531089561,"[ 1.00000000e+00  8.37678732e-01  8.60647911e-01  8.68036907e-01
  8.89799414e-01  8.37281020e-01  8.51413677e-01  8.44429161e-01
  8.52327209e-01  8.39020140e-01  8.32500704e-01  8.25283648e-01
  8.33514862e-01  8.23507325e-01  8.00710086e-01  8.27864986e-01
  8.09762519e-01  7.93055292e-01  7.96679676e-01  8.13181704e-01
  7.90340494e-01  7.78573263e-01  7.96194021e-01  7.96839356e-01
  7.82093076e-01  7.75529669e-01  7.90359946e-01  7.71006836e-01
  7.89048703e-01  7.50627309e-01  7.75356182e-01  7.65769754e-01
  7.67477163e-01  7.37238642e-01  7.62200055e-01  7.55636648e-01
  7.34322591e-01  7.40404289e-01  7.33696284e-01  7.42059412e-01
  7.27721556e-01  7.34035794e-01  7.15279678e-01  7.37827748e-01
  7.01442560e-01  7.12784737e-01  6.96731159e-01  7.26255430e-01
  6.75597357e-01  6.93727166e-01  7.05069342e-01  6.89436873e-01
  6.69662655e-01  6.91280565e-01  6.78438576e-01  6.70523900e-01
  6.63394786e-01  6.63996150e-01  6.67519907e-01  6.57556342e-01
  6.45964996e-01  6.46333819e-01  6.53446303e-01  6.37625266e-01
  6.19057719e-01  6.36634505e-01  6.29649989e-01  6.22941984e-01
  6.09911427e-01  6.21718684e-01  6.04778917e-01  6.05889332e-01
  5.99646407e-01  6.07223972e-01  5.80561494e-01  5.87384783e-01
  5.77798355e-01  5.71932568e-01  5.72898385e-01  5.67585621e-01
  5.62417454e-01  5.73715659e-01  5.57153030e-01  5.49879319e-01
  5.54477834e-01  5.57637138e-01  5.33168147e-01  5.32594126e-01
  5.32585812e-01  5.23319866e-01  5.16146781e-01  5.08508617e-01
  4.99110758e-01  5.06675638e-01  5.00533340e-01  4.80193415e-01
  4.79720020e-01  4.89943468e-01  4.70910841e-01  4.62386487e-01
  4.56608642e-01  4.67397796e-01  4.49018818e-01  4.45333834e-01
  4.52999341e-01  4.42206242e-01  4.33405376e-01  4.35678491e-01
  4.38881766e-01  4.27246449e-01  4.14913512e-01  4.22491077e-01
  4.12439569e-01  4.15265706e-01  3.89954497e-01  3.89713643e-01
  3.94035647e-01  3.85743833e-01  3.60156113e-01  3.78707031e-01
  3.73538864e-01  3.53431479e-01  3.56257617e-01  3.55130573e-01
  3.46097168e-01  3.41846477e-01  3.36213230e-01  3.27500307e-01
  3.31533116e-01  3.15435567e-01  3.14396466e-01  3.04068447e-01
  3.16661266e-01  2.89678306e-01  3.00178265e-01  2.87612788e-01
  2.87227335e-01  2.68238679e-01  2.74087837e-01  2.64545381e-01
  2.56894532e-01  2.51349227e-01  2.44597251e-01  2.33980037e-01
  2.33462671e-01  2.17031956e-01  2.17953801e-01  2.15155006e-01
  2.04449849e-01  1.90809615e-01  1.95496072e-01  1.90560445e-01
  1.74186385e-01  1.66315680e-01  1.76451185e-01  1.53974428e-01
  1.55549923e-01  1.41545234e-01  1.45446129e-01  1.29625092e-01
  1.40125050e-01  1.11426368e-01  1.23510136e-01  1.08154178e-01
  1.12608095e-01  9.04205339e-02  1.06733994e-01  8.97502558e-02
  7.63865321e-02  8.81937888e-02  7.40005313e-02  5.76137870e-02
  6.29538936e-02  5.81062092e-02  4.67034323e-02  4.70156002e-02
  3.49152032e-02  3.36435620e-02  1.92177645e-02  2.20439017e-02
  5.41276358e-04  1.30901244e-02 -5.43345157e-03 -1.04257336e-02
 -1.48083378e-02 -1.67649152e-02 -3.45908710e-02 -3.64155347e-02
 -4.34440219e-02 -3.89901043e-02 -5.61184400e-02 -5.56177032e-02
 -5.74423670e-02 -6.38172052e-02 -6.47117088e-02 -7.77422660e-02
 -8.54244021e-02 -7.72938150e-02 -9.89723252e-02 -1.00985558e-01
 -1.08856263e-01 -9.95629754e-02 -1.26545935e-01 -1.25391550e-01
 -1.31533848e-01 -1.26193741e-01 -1.46854149e-01 -1.42444203e-01
 -1.53017446e-01 -1.48330988e-01 -1.67684098e-01 -1.67051448e-01
 -1.69529760e-01 -1.67256645e-01 -1.83310223e-01 -1.78114714e-01
 -1.83282881e-01 -1.82826116e-01 -1.96233811e-01 -1.89033384e-01
 -1.96294411e-01 -2.00677015e-01 -2.07617560e-01 -2.08977144e-01
 -2.06194978e-01 -2.20997913e-01 -2.25279891e-01 -2.15710092e-01
 -2.22273499e-01 -2.31872611e-01 -2.27230124e-01 -2.19985726e-01
 -2.34323581e-01 -2.31729984e-01 -2.32115436e-01 -2.32588831e-01
 -2.37800969e-01 -2.43157705e-01 -2.49212061e-01 -2.41590525e-01
 -2.48895523e-01 -2.56068608e-01 -2.51382150e-01 -2.52785705e-01
 -2.57909901e-01 -2.62612988e-01 -2.61967653e-01 -2.63980886e-01
 -2.71939533e-01 -2.76045626e-01 -2.71359169e-01 -2.80348603e-01
 -2.84121529e-01 -2.89346351e-01 -2.84150842e-01 -2.89608204e-01
 -2.94776371e-01 -2.96978172e-01 -2.96288867e-01 -3.00394960e-01
 -3.04966133e-01]",0.14314285714285716,0.0009047619047619047,0.0,0.87865,0.57115,0.0,0.1744736842105263,0.002,0.0,0.8330555555555555,0.48883333333333334,0.0,0.21058823529411766,0.002058823529411765,0.0,0.78625,0.4140625,0.0,0.2577333333333333,0.0044666666666666665,0.0,0.7295,0.3362857142857143,0.0,0.3093076923076923,0.01776923076923077,0.0,0.6731666666666667,0.27808333333333335,0.0,0.6626724137931035,0.2675862068965517,0.0,0.412243079616462,0.00034110042841743857
3.88,0.1117,2029,0.5501363636363636,0.037522472605269794,0.8741818181818182,0.06746557126257156,0.10266420520210129,550.0,0.09856870661294317,0.846284719086692,0.2717297705327909,550.0,0.19298168466201351,0.741656357165616,0.48235794971665535,4,0.41081610080029585,4,0.5871392351239251,-0.03917054464684941,16.0,1.047608671968624,"[ 1.00000000e+00  3.81119636e-01  4.25309591e-01  4.98976036e-01
  5.87139235e-01  3.69200143e-01  4.25439254e-01  4.29200262e-01
  4.58443164e-01  3.52835754e-01  3.85074603e-01  4.53747803e-01
  3.50170374e-01  3.72873033e-01  3.97605672e-01  4.18343715e-01
  3.33224953e-01  3.86951100e-01  3.58239671e-01  3.70472855e-01
  3.52296266e-01  3.56089957e-01  3.63395262e-01  3.37196797e-01
  3.40957805e-01  3.37793636e-01  3.46547890e-01  2.77472880e-01
  3.46146079e-01  3.15985701e-01  2.88272921e-01  3.20028788e-01
  3.01336533e-01  2.76136717e-01  2.73390164e-01  2.74220592e-01
  2.63034546e-01  2.57807713e-01  2.48618966e-01  3.14811884e-01
  2.21736613e-01  2.12998166e-01  2.78708101e-01  2.56021250e-01
  1.91906802e-01  2.24080285e-01  2.23879380e-01  2.40622827e-01
  1.97480011e-01  1.73761827e-01  2.29485271e-01  2.06348120e-01
  1.50705848e-01  2.06396610e-01  2.13701915e-01  1.43595573e-01
  1.48387913e-01  1.92610551e-01  1.50949367e-01  1.29776831e-01
  1.19073769e-01  1.45320723e-01  1.56072275e-01  9.59197410e-02
  1.13727203e-01  1.35463895e-01  8.62965007e-02  9.50834375e-02
  8.78593057e-02  9.31019461e-02  7.94356197e-02  9.11531376e-02
  6.74349541e-02  6.72013660e-02  5.60153208e-02  9.42133814e-02
  7.50054604e-02  3.63075403e-02  6.40361270e-02  9.72736252e-02
  2.16256885e-02  3.34085726e-02  6.56474217e-02  2.29549053e-02
 -1.27143844e-02 -2.47849851e-03  3.22406318e-02 -2.04383756e-02
 -3.42027512e-02 -7.50549670e-03  2.47006694e-02 -2.39837417e-02
 -5.36938198e-02 -5.02628510e-03 -1.97239437e-02 -4.49237593e-02
 -2.76973298e-02 -2.74479349e-02 -5.36137166e-02 -4.23791816e-02
 -5.56605742e-02 -2.89306366e-02 -4.61412595e-02 -5.48797065e-02
 -4.01662412e-02 -4.48774088e-02 -8.00310324e-02 -3.93526905e-02
 -3.51413823e-02 -4.88730748e-02 -6.91123281e-02 -5.23688815e-02
 -2.96662234e-02 -4.43965650e-02 -5.61309594e-02 -6.03591439e-02
 -4.41313635e-02 -3.78900740e-02 -6.50545048e-02 -6.87997063e-02
 -4.11038027e-02 -2.78719696e-02 -7.40434163e-02 -7.83042839e-02
 -3.26326965e-02 -3.58949150e-02 -1.13540150e-01 -3.44301593e-02
 -4.86448348e-02 -5.04254212e-02 -8.26484636e-02 -5.19566127e-02
 -3.32158680e-02 -4.74305435e-02 -7.61419726e-02 -1.04974032e-02
 -6.46580427e-02 -4.99118944e-02 -3.91930255e-02 -4.24552440e-02
 -4.02412340e-02 -4.25048034e-02 -4.77970032e-02  6.34676002e-03
 -7.38493251e-03 -3.66447107e-02 -3.14347534e-02  1.57184661e-02
 -3.24829619e-02 -2.57913725e-02  1.38886505e-03 -2.38436337e-02
 -2.81371843e-02 -1.69353324e-02 -3.11826911e-02 -1.94651731e-02
 -1.52211818e-02 -5.54007339e-02 -3.17321098e-02 -2.44921713e-02
 -6.31574082e-02 -1.99987851e-02 -5.17388445e-02 -3.89899944e-02
 -3.52616692e-02 -3.70422556e-02 -2.33274394e-02 -6.58399283e-03
 -5.82643512e-02  1.88810244e-02 -4.88104026e-02  4.88306067e-03
 -3.88407879e-02  1.33056771e-02 -2.59079090e-02  8.77853826e-03
 -4.69290995e-02 -2.25616125e-03 -4.92451203e-04 -2.87208972e-02
 -4.49655540e-02 -5.76884426e-03 -2.55618515e-03 -5.57508587e-02
 -2.10644114e-02 -1.38571559e-02 -1.06444968e-02 -3.33640312e-02
 -1.66532677e-02 -1.99154862e-02  2.32431369e-02 -5.63993963e-02
 -5.76724642e-03  3.46999035e-03 -2.62074047e-02 -1.50055528e-02
 -2.52583150e-02  8.46216622e-03 -6.30085848e-03 -3.60109366e-02
 -8.79801604e-03 -1.30588837e-02 -6.17432947e-02 -2.20962850e-02
 -2.03325749e-02 -7.70388618e-02 -2.44094138e-02 -3.56281420e-02
 -3.83746945e-02 -5.31377192e-02 -2.34445174e-02 -3.86905251e-02
 -4.39827249e-02 -5.47184701e-02 -2.53932201e-03 -5.01924009e-02
 -4.25021624e-02 -3.37479086e-02 -2.65406531e-02 -7.37107490e-02
 -3.50623883e-02 -3.98389220e-02 -8.35627706e-02 -4.68790251e-02
 -5.81631195e-02 -6.43886023e-02 -5.07064691e-02 -9.19500365e-02
 -3.68076242e-02 -4.35487730e-02 -8.92699198e-02 -5.11045422e-02
 -1.64180949e-02 -9.30646808e-02 -5.29020050e-02 -4.71763816e-02
 -5.48834964e-02 -6.01756962e-02 -5.29357576e-02 -5.91612404e-02
 -4.29334599e-02 -1.11623536e-01 -6.84649129e-02 -7.02128162e-02
 -8.19798936e-02 -9.52286032e-02 -6.65340505e-02 -8.22630412e-02
 -7.80190499e-02 -8.42772157e-02 -8.90210664e-02 -6.48367762e-02
 -6.06254680e-02 -9.73260898e-02 -8.36112736e-02 -6.24229307e-02
 -1.04665147e-01 -7.64535775e-02 -9.81744628e-02 -6.65166459e-02
 -9.17491446e-02]",0.10676190476190477,0.0002380952380952381,0.0,0.9155,0.63945,0.0,0.11094736842105263,0.00015789473684210527,0.0,0.9047777777777778,0.6067222222222223,0.0,0.11929411764705883,0.00011764705882352942,0.0,0.8966875,0.596875,0.0,0.126,0.00013333333333333334,0.0,0.8896428571428572,0.5802857142857143,0.0,0.1306923076923077,0.00015384615384615385,0.0,0.8861666666666667,0.573,0.0,0.8858620689655172,0.5644827586206896,0.0,0.5991064239973991,0.00047951855415850946
3.88,0.1117,3001,0.5563636363636364,0.0354253959425431,0.8553636363636363,0.06504092799191587,0.11811382086837177,550.0,0.08678678637461572,0.8792780590803403,0.2078441011115168,550.0,0.22255736517303623,0.7282430980116135,0.48672419957524216,4,0.3152246535157302,4,0.5886499937217603,-0.057640936329355436,15.0,1.0561230216634863,"[ 1.00000000e+00  3.61738396e-01  4.59389691e-01  4.76799753e-01
  5.88649994e-01  3.72779665e-01  4.11564337e-01  4.36495854e-01
  4.82801981e-01  3.66744300e-01  4.10786176e-01  4.16261543e-01
  4.29027839e-01  3.66810105e-01  4.18488701e-01  4.08805893e-01
  4.08908792e-01  3.48724782e-01  4.09958557e-01  3.86422595e-01
  3.55134650e-01  3.71470218e-01  3.88649752e-01  3.25472789e-01
  3.70473894e-01  3.70346266e-01  3.24245937e-01  3.42499965e-01
  3.71498929e-01  3.69222313e-01  3.02591341e-01  3.24299378e-01
  3.75747445e-01  3.04818498e-01  3.21652241e-01  3.23788864e-01
  3.57316330e-01  3.02274261e-01  3.32347719e-01  3.30071103e-01
  3.42952662e-01  3.14772935e-01  3.03171667e-01  3.23574682e-01
  2.88219290e-01  3.00870322e-01  2.96790510e-01  2.99042397e-01
  2.71821899e-01  3.03929081e-01  2.70953204e-01  2.78231767e-01
  2.83591871e-01  2.78207038e-01  2.36635212e-01  2.47483047e-01
  2.49619670e-01  2.59277748e-01  2.22732599e-01  2.19612017e-01
  2.41204790e-01  2.21851539e-01  1.93787075e-01  2.12271631e-01
  2.38891080e-01  1.83849010e-01  2.09739758e-01  1.94684482e-01
  2.02193573e-01  1.70176926e-01  2.13259572e-01  1.67043979e-01
  1.89711245e-01  1.69398765e-01  1.90876274e-01  1.86450670e-01
  1.73429118e-01  1.36538177e-01  1.75092320e-01  1.59691253e-01
  1.56224879e-01  1.31268632e-01  1.55854358e-01  1.29938882e-01
  1.52145093e-01  1.24924595e-01  1.26830689e-01  1.04867396e-01
  1.36744050e-01  1.12862297e-01  1.04752157e-01  1.00096026e-01
  1.25756246e-01  6.18876989e-02  8.40939097e-02  5.39957223e-02
  7.64324608e-02  3.85822900e-02  4.59761171e-02  3.06903133e-02
  7.25832018e-02  2.42186220e-02  2.91176702e-02  3.11390290e-02
  4.16410733e-02  8.08887714e-03  2.51531473e-02  3.36214681e-02
 -3.03894516e-03 -1.25693701e-02  2.83642885e-02  1.84560716e-04
 -5.43080003e-03  1.45111595e-02  2.09457569e-02 -1.05727158e-02
  2.26089594e-02 -4.53270341e-02 -1.08403375e-02 -1.00087363e-02
 -2.06507738e-02 -3.27130965e-02 -4.55041213e-02 -1.68509485e-02
 -2.66490201e-02 -3.20338531e-02 -4.60146355e-02 -3.87360722e-02
 -3.01524875e-02 -5.71424578e-02 -4.43761623e-02 -4.68833059e-02
 -3.92589510e-02 -5.55039846e-02 -5.16794301e-02 -4.52448327e-02
 -5.82663853e-02 -3.39111871e-02 -8.23910308e-02 -4.80195981e-02
 -7.16708234e-02 -2.77442115e-02 -1.04045627e-01 -5.47465465e-02
 -7.08763162e-02 -4.31823732e-02 -1.12806299e-01 -4.94235368e-02
 -7.54542773e-02 -6.24574540e-02 -8.51494496e-02 -7.64506011e-02
 -4.88719220e-02 -7.11028621e-02 -9.89367983e-02 -7.41205447e-02
 -8.91758207e-02 -9.86281007e-02 -1.07121151e-01 -8.03864377e-02
 -1.33164256e-01 -1.12645977e-01 -7.19428462e-02 -9.14113608e-02
 -1.46222903e-01 -9.38156052e-02 -8.92994674e-02 -1.14370978e-01
 -1.26087509e-01 -1.19652912e-01 -1.10838799e-01 -1.04634730e-01
 -1.52040080e-01 -1.15404396e-01 -1.26161697e-01 -1.24140338e-01
 -1.38005857e-01 -1.19867093e-01 -1.38261114e-01 -1.02699924e-01
 -1.35062362e-01 -1.08212385e-01 -1.33897334e-01 -9.63024204e-02
 -1.16614901e-01 -1.21999734e-01 -1.15449873e-01 -1.15346974e-01
 -1.36733948e-01 -9.04278208e-02 -1.03103582e-01 -1.41682455e-01
 -1.01823290e-01 -1.03754114e-01 -9.92379762e-02 -1.20855478e-01
 -1.16224077e-01 -8.04323585e-02 -1.10069490e-01 -1.01485906e-01
 -1.11053450e-01 -1.01280107e-01 -8.47140115e-02 -1.07521271e-01
 -9.78631926e-02 -1.18904375e-01 -1.00189292e-01 -8.52740092e-02
 -1.06315192e-01 -1.30810383e-01 -1.04573844e-01 -7.11616413e-02
 -1.18105936e-01 -1.15854049e-01 -8.88888084e-02 -9.31991477e-02
 -1.14586122e-01 -1.38122083e-01 -9.17006926e-02 -9.49365383e-02
 -1.07612299e-01 -9.77236932e-02 -1.16002450e-01 -9.45249415e-02
 -1.35252802e-01 -1.01610071e-01 -1.03540895e-01 -8.31378803e-02
 -1.20526996e-01 -7.41056048e-02 -1.07081482e-01 -6.75681082e-02
 -1.08065441e-01 -1.08806507e-01 -1.17184294e-01 -6.66954560e-02
 -9.64478518e-02 -1.04710374e-01 -1.24063625e-01 -5.73421183e-02
 -1.05476170e-01 -9.67773218e-02 -9.88234099e-02 -5.57407639e-02
 -9.31298793e-02 -8.87290054e-02 -8.51720975e-02 -4.94956433e-02
 -8.56950012e-02 -7.90298761e-02 -8.85974199e-02 -6.66588557e-02
 -1.06312222e-01 -8.57939434e-02 -8.12778056e-02 -8.01004128e-02
 -9.19322078e-02 -8.71855423e-02 -5.80713141e-02 -6.54898705e-02
 -9.10595555e-02]",0.1280952380952381,0.00042857142857142855,0.0,0.8937,0.5935,0.0,0.1488421052631579,0.0002105263157894737,0.0,0.87,0.5477222222222222,0.0,0.161,0.00041176470588235296,0.0,0.851625,0.5208125,0.0,0.1726,0.0002,0.0,0.8415,0.5117857142857143,0.0,0.18623076923076923,0.0007692307692307692,0.0,0.8340833333333333,0.5113333333333333,0.0,0.8307758620689655,0.5045689655172414,0.0,0.5366267353243591,0.0004174861960273613
3.88,0.1283,101,0.6011818181818182,0.02317843112511042,0.7782727272727272,0.032413776277409954,0.2211836966116137,3.9855072463768115,0.12292858213142155,0.6995700653926564,0.024635226908641165,4.014598540145985,0.24497260409562732,0.5820917859553084,0.01204705911920004,8,0.6254736765557303,8,0.7995276379969093,0.0017338585742045912,3.0,1.1280801159573066,"[ 1.00000000e+00  1.68445938e-03 -5.98610173e-01 -6.72206256e-03
  3.64524023e-01 -1.94548987e-02 -5.78366369e-01 -6.22984957e-03
  7.99527638e-01  1.75278082e-02 -5.97625747e-01  2.21002289e-02
  4.66893656e-01 -3.38957494e-02 -5.86600926e-01 -2.49970145e-02
  6.75048952e-01  2.28385484e-02 -5.75009750e-01  3.36172635e-02
  5.40859070e-01 -2.48250489e-02 -5.83736520e-01 -1.34799799e-02
  5.69755502e-01 -2.54930747e-04 -5.72711698e-01  1.42837447e-02
  6.42662349e-01 -5.22173969e-03 -5.57926916e-01 -4.97563320e-03
  4.70101994e-01 -1.33821551e-02 -5.70413646e-01 -5.04977407e-03
  7.18507743e-01  1.00552553e-02 -5.46976235e-01  5.97504754e-03
  4.42115847e-01 -2.83893597e-02 -5.68115593e-01 -2.00569786e-02
  6.47258454e-01  3.39848786e-02 -5.31699240e-01  2.55783567e-02
  4.61719156e-01 -2.60913074e-02 -5.61491227e-01 -2.39652207e-02
  6.00087070e-01  2.57503223e-02 -5.18302226e-01  2.78764090e-02
  4.85648779e-01 -1.51406267e-02 -5.46214232e-01 -1.73408542e-02
  5.63448294e-01  1.07431178e-02 -5.20330488e-01  1.28692044e-02
  5.37416268e-01 -6.63627997e-03 -5.07425686e-01 -1.07164877e-02
  5.29255853e-01 -3.69773294e-03 -5.21792396e-01 -1.02242747e-02
  5.35954360e-01  2.21860115e-02 -5.04561280e-01  5.12686112e-03
  5.14815002e-01 -1.62586035e-02 -5.12721695e-01 -2.95577935e-02
  4.77684013e-01  3.74630064e-02 -4.93610599e-01  2.47301703e-02
  5.47397254e-01 -1.82868654e-02 -5.14749957e-01 -3.34660356e-02
  4.15653706e-01  4.03274126e-02 -4.82093564e-01  1.64956140e-02
  5.75653191e-01 -7.33618465e-03 -5.08125590e-01 -2.87216492e-02
  3.81461264e-01  1.47875994e-02 -4.81675492e-01  3.93474345e-03
  6.25540700e-01  3.61449608e-03 -4.88522281e-01 -2.02173025e-02
  3.76986669e-01  1.66037504e-03 -4.73171145e-01 -9.19248094e-03
  5.51845076e-01  2.94240996e-02 -4.80017935e-01  1.26598680e-03
  4.33080472e-01 -7.14053513e-03 -4.64666799e-01 -2.41996855e-02
  4.54637902e-01  2.30695235e-02 -4.60414625e-01  1.40966477e-02
  5.08925866e-01 -4.84248283e-03 -4.75347689e-01 -3.05542616e-02
  3.55550747e-01  1.91612814e-02 -4.47017611e-01  1.45147198e-02
  5.90977554e-01  3.66186386e-03 -4.66843342e-01 -2.39298951e-02
  2.88627772e-01  4.15407685e-03 -4.49045873e-01 -4.81879894e-03
  6.36538748e-01  1.89388588e-02 -4.47240033e-01 -1.10992342e-02
  2.79826862e-01 -1.32994617e-02 -4.36215212e-01 -1.54996893e-02
  5.84474696e-01  3.17695197e-02 -4.43062001e-01  7.93772110e-03
  3.27268036e-01 -4.79511505e-03 -4.29590845e-01 -1.50816172e-02
  4.98366484e-01  1.48823350e-02 -4.33991300e-01  1.45620876e-02
  3.92580822e-01 -4.37704293e-03 -4.31619107e-01 -1.71098791e-02
  4.16584586e-01  1.09740929e-02 -4.29246914e-01  1.06538455e-02
  4.74632510e-01  4.12730376e-03 -4.14462132e-01 -1.04855126e-02
  3.45335297e-01 -8.35942589e-03 -4.22622547e-01 -8.67967326e-03
  5.02888448e-01  2.80569271e-02 -4.12164080e-01  6.67146256e-03
  3.14902815e-01 -1.28340218e-02 -4.09791886e-01 -2.61332119e-02
  4.85434909e-01  3.22349596e-02 -3.99333419e-01  1.51758093e-02
  3.32059790e-01 -1.73086178e-02 -4.05613854e-01 -2.38351596e-02
  4.42589839e-01  2.83267175e-02 -3.90262718e-01  8.82123312e-03
  3.44890451e-01 -1.74568995e-02 -3.97109507e-01 -2.58634215e-02
  4.10277378e-01  2.19721414e-02 -3.87964666e-01  2.46665699e-03
  3.81799017e-01 -2.17990459e-03 -3.86158827e-01 -1.73590748e-02
  3.71192268e-01  4.51860279e-03 -3.79460319e-01 -6.33425318e-03
  3.98955992e-01  2.36296990e-02 -3.73328166e-01  6.57054860e-03
  3.49412415e-01 -8.60862159e-03 -3.70955972e-01 -2.19078116e-02
  3.68523511e-01  2.34814172e-02 -3.60497505e-01  1.07485811e-02
  3.77668353e-01 -1.49631977e-02 -3.72984234e-01 -2.14897395e-02
  3.23798461e-01  2.20195092e-02 -3.44654156e-01  1.11666532e-02
  4.03477956e-01 -1.51114795e-02 -3.68806202e-01 -2.35180014e-02
  2.95812314e-01  1.56649330e-02 -3.42356104e-01  4.85762851e-04
  4.10102323e-01  4.49182970e-03 -3.53529207e-01 -1.06873405e-02
  2.69706147e-01 -1.78860556e-03 -3.33851757e-01 -1.26414615e-02
  4.09954041e-01  2.16488048e-02 -3.49351174e-01  6.46963464e-03
  2.82536808e-01 -6.26320152e-03 -3.25347410e-01 -2.14423717e-02
  3.49237360e-01  1.28478947e-02 -3.27867885e-01  6.32135290e-03
  3.41076945e-01 -8.29146343e-03 -3.27375672e-01 -1.66979854e-02
  2.74228110e-01]",0.2028095238095238,0.0,0.0,0.79795,0.3827,0.0,0.20305263157894737,0.0,0.0,0.9825555555555555,0.9096111111111111,0.0,0.2028235294117647,0.0,0.0,0.7984375,0.3864375,0.0,0.2026,0.0,0.0,0.9782142857142857,0.8832142857142857,0.0,0.20253846153846153,0.0,0.0,0.7994166666666667,0.3889166666666667,0.0,0.9712931034482759,0.8431896551724138,0.0,0.5901759126984127,1.4369907095030837e-05
3.88,0.1283,707,0.5639090909090909,0.032609130192337625,0.8551818181818183,0.047150278475641884,0.13334858685429243,2.0,0.6184703595932696,0.36974108189734517,0.007820715816854033,2.0,0.6624385295828714,0.326956885722666,0.004294690383359327,8,0.7837502172644321,8,0.8276539560008394,0.0013934351900849868,3.0,1.0575604272062957,"[ 1.         -0.53142891  0.44156782 -0.43946573  0.16959183 -0.47447978
  0.48850583 -0.54446396  0.82765396 -0.47252302  0.38209868 -0.42920651
  0.27799195 -0.51533561  0.49897695 -0.51742413  0.6684231  -0.42524906
  0.36803458 -0.44552711  0.42749601 -0.52326591  0.48879015 -0.47036207
  0.51920337 -0.41929094  0.39648333 -0.49477324  0.55817486 -0.51935238
  0.43341022 -0.4171662   0.41722138 -0.42517664  0.44580188 -0.51927225
  0.61729264 -0.47842413  0.37210837 -0.39259476  0.37432095 -0.45580945
  0.48898664 -0.50880113  0.59096093 -0.41888256  0.32124143 -0.38987826
  0.38542775 -0.4978623   0.48169202 -0.48768321  0.54072967 -0.38732973
  0.33234823 -0.4280538   0.42861251 -0.503748    0.45923762 -0.42221973
  0.52236447 -0.38546081  0.38328761 -0.48343374  0.44888285 -0.47529925
  0.38954547 -0.37311306  0.54101399 -0.40974793  0.42668425 -0.49545324
  0.34055515 -0.42189148  0.33050012 -0.35650814  0.6373584  -0.44425805
  0.45555679 -0.47863642  0.24879617 -0.37461753  0.3021238  -0.36260573
  0.66009713 -0.46036676  0.44762649 -0.43954087  0.21224144 -0.3621018
  0.32281793 -0.40733886  0.68488047 -0.45807405  0.40472607 -0.386345
  0.21841146 -0.37045589  0.36762349 -0.44452928  0.65156736 -0.42800449
  0.34687774 -0.35197434  0.28570765 -0.3972114   0.40855175 -0.44244846
  0.51257064 -0.37255212  0.2960108  -0.34354782  0.38839776 -0.42946503
  0.41105636 -0.42950895  0.3678639  -0.34142308  0.2985154  -0.36374573
  0.52563421 -0.43126152  0.39473575 -0.37384469  0.25587079 -0.34730878
  0.33556635 -0.41094726  0.61584481 -0.40852279  0.34386881 -0.33658184
  0.19682544 -0.36341749  0.37078459 -0.42092216  0.61588102 -0.36738264
  0.29504647 -0.32406612  0.20116275 -0.38566     0.39147872 -0.40227263
  0.56296948 -0.32828709  0.26871476 -0.32607451  0.22594609 -0.3956349
  0.37741462 -0.37114359  0.52437015 -0.31577136  0.28531968 -0.36467384
  0.28753226 -0.39334219  0.3447372  -0.31999233  0.44671149 -0.32208085
  0.32603604 -0.39777505  0.35870576 -0.36510533  0.29323457 -0.28745438
  0.41198947 -0.34044605  0.35286398 -0.39548234  0.31989453 -0.31987598
  0.24850144 -0.28516166  0.40836027 -0.36656588  0.35945779 -0.37436441
  0.29173011 -0.29283615  0.24691684 -0.30331497  0.42292059 -0.36427316
  0.34743829 -0.32709046  0.277666   -0.29279993  0.27148828 -0.3441708
  0.416823   -0.35401394  0.30432597 -0.2861622   0.30858314 -0.30073023
  0.29627161 -0.3539338   0.35777765 -0.32697411  0.26389393 -0.27181377
  0.3601582  -0.31253784  0.32761254 -0.3450835   0.26397406 -0.29196776
  0.23347301 -0.26543186  0.43217928 -0.32639005  0.31580494 -0.33009938
  0.17447158 -0.27310634  0.23597762 -0.28971897  0.50603306 -0.33023114
  0.30152894 -0.28712652  0.10908053 -0.27123742  0.26238176 -0.31647448
  0.56310624 -0.3099608   0.26046121 -0.25846588  0.10523943 -0.27712311
  0.27715398 -0.31418177  0.47726917 -0.27699906  0.23004029 -0.25208396
  0.16887021 -0.29323182  0.2855805  -0.29532034  0.38346558 -0.24812652
  0.21393159 -0.26022616  0.24067939 -0.29298371  0.273561   -0.2644032
  0.29784041 -0.24583381  0.22644731 -0.28860248  0.31453317 -0.290691
  0.24701739 -0.23144146  0.24105155]",0.12776190476190477,0.0,0.0,0.8722,0.52545,0.0,0.12763157894736843,0.0,0.0,0.9848888888888889,0.9215555555555556,0.0,0.12758823529411764,0.0,0.0,0.87225,0.5238125,0.0,0.1276,0.0,0.0,0.9751428571428571,0.8658571428571429,0.0,0.1276153846153846,0.0,0.0,0.872,0.5293333333333333,0.0,0.9626724137931034,0.7903448275862069,0.0,0.6732017063492063,7.131898043306153e-06
3.88,0.1283,1313,0.6102727272727273,0.03572519077903361,0.7544545454545455,0.06085132946387172,0.2546197538844598,2.0,0.6925203300215472,0.3771135282489356,0.01758937464174738,2.0,0.7107579511350134,0.31288669202375874,0.12146164033522838,36,0.6588457687193047,8,0.8351030274894848,-0.009567558475822845,29.0,1.1589163524647395,"[ 1.         -0.41023943  0.67713636 -0.37978903  0.76048052 -0.35648518
  0.6695134  -0.38629382  0.83510303 -0.41923827  0.66568243 -0.40117268
  0.77112239 -0.3814421   0.64466584 -0.40009348  0.75880797 -0.43047348
  0.66538575 -0.44320586  0.75855027 -0.4075172   0.64191408 -0.39157861
  0.70449935 -0.42965197  0.63194539 -0.45588734  0.76673705 -0.41673477
  0.63035078 -0.41329035  0.6593549  -0.40493575  0.61871709 -0.44557357
  0.75083494 -0.46065167  0.58856088 -0.4452599   0.65818333 -0.41849214
  0.57938228 -0.44696387  0.69565141 -0.48871986  0.57666949 -0.47188182
  0.64618258 -0.44399587  0.56247135 -0.42961292  0.62227345 -0.48866389
  0.54101731 -0.48666574  0.63407247 -0.46581698  0.53584944 -0.44753266
  0.55637011 -0.47979639  0.52778902 -0.5021304   0.63958543 -0.51308842
  0.50810934 -0.46913504  0.51267194 -0.47316525  0.49893074 -0.50286452
  0.57736472 -0.52129718  0.47434088 -0.50770431  0.52454135 -0.48584673
  0.45946201 -0.48698439  0.55139898 -0.52025694  0.46523267 -0.52908796
  0.53507385 -0.47643241  0.437969   -0.47533371  0.499108   -0.50145972
  0.45724264 -0.527367    0.54549698 -0.48442243  0.4447095  -0.48711574
  0.45931118 -0.46626697  0.44087853 -0.50690478  0.54620913 -0.49822209
  0.4348112  -0.49444958  0.44706716 -0.45150502  0.42383369 -0.49181474
  0.50616904 -0.49284305  0.43650761 -0.5074837   0.46963182 -0.43976953
  0.41112766 -0.46512999  0.47147657 -0.4785431   0.42257404 -0.5016672
  0.4914064  -0.4426552   0.40210427 -0.45350386  0.44382129 -0.4471669
  0.40730356 -0.48267581  0.4993499  -0.4457596   0.41116595 -0.44935236
  0.42955962 -0.4136637   0.40398043 -0.46390314  0.48988905 -0.44283564
  0.39813183 -0.45870384  0.43125604 -0.40471138  0.38603614 -0.4339732
  0.45966931 -0.43991169  0.3948087  -0.46448206  0.43775327 -0.39687724
  0.37177448 -0.42011071  0.41706477 -0.42727674  0.38422967 -0.45040084
  0.45183448 -0.40489182  0.36744253 -0.41696803  0.39811165 -0.39969253
  0.36393965 -0.42783617  0.46089616 -0.40431359  0.3679114  -0.41281652
  0.38507753 -0.37600968  0.35938898 -0.41274613  0.42933952 -0.40272654
  0.36213318 -0.42227737  0.39157476 -0.36326537  0.34278159 -0.38884456
  0.39922914 -0.39366486  0.3489897  -0.4218085   0.40063644 -0.37016177
  0.33220256 -0.37989224  0.36521741 -0.37723792  0.33360986 -0.40906419
  0.40110531 -0.37214799  0.33256207 -0.37942337  0.34615493 -0.3534457
  0.3206851  -0.39007279  0.40648436 -0.3727973   0.32331995 -0.38252778
  0.34171362 -0.33835567  0.3124518  -0.36884504  0.37258198 -0.37355597
  0.31999682 -0.38953354  0.34821085 -0.33052153  0.30187277 -0.35007236
  0.33488762 -0.36103039  0.30428889 -0.38303631  0.35348053 -0.34120992
  0.29241192 -0.34346577  0.31326069 -0.33478309  0.28522641 -0.36292673
  0.3539494  -0.33572152  0.29656342 -0.3429969   0.30401857 -0.31835614
  0.28446773 -0.34527224  0.33968774 -0.33279756  0.27984667 -0.34866576
  0.30560562 -0.3032661   0.2738887  -0.32761775  0.3205159  -0.32864606
  0.27161337 -0.34819689  0.30730203 -0.30023278  0.26464658 -0.31978362
  0.29029616 -0.31221911  0.26226188 -0.33913521  0.31022599 -0.302219
  0.26020527 -0.31061257  0.2687786 ]",0.22547619047619047,0.0,0.0,0.77755,0.29695,0.0,0.2294736842105263,0.0,0.0,0.9633888888888889,0.8496666666666667,0.0,0.23070588235294118,5.882352941176471e-05,0.0,0.774,0.2893125,0.0,0.2326,6.666666666666667e-05,0.0,0.9530714285714286,0.8066428571428571,0.0,0.23438461538461539,0.00015384615384615385,0.0,0.772,0.2831666666666667,0.0,0.9287931034482758,0.6825,0.0,0.5050918708252531,1.1203050226521944e-05
3.88,0.1283,2029,0.5713636363636364,0.04020351121543473,0.8364545454545455,0.06730644118354044,0.14594954634933738,2.0,0.7374886627353385,0.31033101224612614,0.07106824592891912,2.0,0.7195383181456106,0.29204686728578333,0.18471276190206562,8,0.8121525106620335,2,0.8717762307163002,-0.00764186134416506,9.0,1.0696349686119506,"[ 1.         -0.26451634  0.87177623 -0.25929099  0.77365377 -0.28289175
  0.7982151  -0.30923081  0.84439099 -0.33082481  0.78092698 -0.32031075
  0.72494635 -0.32986424  0.73773898 -0.34917966  0.75847471 -0.37058576
  0.72511201 -0.37485053  0.68399412 -0.37857166  0.66923585 -0.39533668
  0.65293055 -0.41966899  0.6476624  -0.42702781  0.65334748 -0.42435286
  0.63641462 -0.43225533  0.61419305 -0.4361443   0.62763332 -0.43574793
  0.64736567 -0.4307944   0.61966749 -0.4376935   0.60072787 -0.43756895
  0.6071445  -0.43443428  0.62532983 -0.4287492   0.60967217 -0.4240675
  0.59957504 -0.42266776  0.5959579  -0.42053646  0.60310608 -0.42315022
  0.59721037 -0.41974372  0.59961349 -0.41660904  0.59171102 -0.40070229
  0.57879167 -0.40431943  0.57918803 -0.40766475  0.58560466 -0.41456384
  0.57195376 -0.4144393   0.55401752 -0.41002942  0.55568909 -0.41209953
  0.56538767 -0.41416965  0.55301197 -0.40829667  0.55514326 -0.39987328
  0.5394856  -0.40349042  0.52656625 -0.41914808  0.53024457 -0.43279899
  0.5379364  -0.43012404  0.50221121 -0.42498261  0.47470093 -0.43115015
  0.4999099  -0.43978418  0.52566251 -0.43437092  0.47789679 -0.43123625
  0.43761444 -0.44315223  0.46911549 -0.45324935  0.49340499 -0.45331271
  0.43888746 -0.45118142  0.39933666 -0.45059714  0.4333042  -0.4544861
  0.46654018 -0.45463338  0.43127471 -0.4460221   0.40175768 -0.44115249
  0.42268131 -0.4443099   0.44835001 -0.44874251  0.42913857 -0.44186615
  0.4081922  -0.43170784  0.41506856 -0.43486525  0.42468322 -0.44230799
  0.41650893 -0.43844176  0.41061321 -0.42928682  0.40645243 -0.42843073
  0.40001306 -0.43185996  0.40588604 -0.42799373  0.41905449 -0.42385568
  0.40084643 -0.42400296  0.38336992 -0.42141193  0.39325641 -0.41854908
  0.40943498 -0.41842454  0.39524042 -0.41756844  0.37876729 -0.41397403
  0.38564365 -0.41138301  0.40328533 -0.41554379  0.38407389 -0.41642262
  0.36513428 -0.40954627  0.37702752 -0.40193835  0.39165907 -0.40509576
  0.37746451 -0.40396784  0.36153503 -0.40411512  0.36841139 -0.40152409
  0.37802605 -0.39765787  0.36483488 -0.39351981  0.35191552 -0.39366709
  0.36079863 -0.39609295  0.37442681 -0.38821321  0.35521537 -0.38160868
  0.34777263 -0.38677284  0.362676   -0.38865505  0.36581068 -0.38177869
  0.34559586 -0.37617754  0.34289818 -0.3826169   0.35077792 -0.38550249
  0.35391259 -0.37661937  0.33871466 -0.36800808  0.33026854 -0.37216887
  0.34115841 -0.37605783  0.35031334 -0.37319498  0.33210528 -0.36458369
  0.31663553 -0.36272422  0.33053552 -0.36560981  0.34470734 -0.36475371
  0.32449253 -0.35915255  0.30701602 -0.35227619  0.31991264 -0.3554336
  0.34083627 -0.35959439  0.32262821 -0.35271803  0.29940326 -0.34584167
  0.31029313 -0.34899908  0.32619988 -0.35315987  0.30999857 -0.34829026
  0.29781077 -0.34041053  0.30268038 -0.33955443  0.30727816 -0.34398704
  0.30211399 -0.34012081  0.30023179 -0.33598276  0.29506762 -0.33613004
  0.28862826 -0.33554576  0.29249449 -0.33167954  0.30064605 -0.32954824
  0.28344136 -0.33170227  0.2679716  -0.32810787  0.2818716  -0.32250671
  0.30580537 -0.32338554  0.28258042 -0.32125424  0.25433859 -0.31966659
  0.27425885 -0.31807894  0.29919599]",0.14366666666666666,4.761904761904762e-05,0.0,0.8567,0.54945,0.0,0.14405263157894738,0.0,0.0,0.9814444444444445,0.9136666666666666,0.0,0.1436470588235294,0.0,0.0,0.8558125,0.5434375,0.0,0.14493333333333333,0.0,0.0,0.9720714285714286,0.8672857142857143,0.0,0.14684615384615385,0.0,0.0,0.8520833333333333,0.5285833333333333,0.0,0.9731896551724138,0.8753448275862069,0.0,0.680475119047619,7.778383992793192e-06
3.88,0.1283,3001,0.569,0.03494020866878418,0.8392727272727272,0.05833615892408866,0.14565380621913893,2.0,0.54760956664946,0.48040497411876926,0.03956977344161381,2.0,0.5636890020579721,0.4276636677314773,0.15149831969580677,8,0.6749750539876388,8,0.7964900069234464,-0.01189211316482128,19.0,1.0687659180365825,"[ 1.         -0.19654209  0.56129878 -0.16079118  0.40337643 -0.19048847
  0.5654436  -0.19910149  0.79649001 -0.20265836  0.53114032 -0.17520807
  0.45412118 -0.20547849  0.51792132 -0.22286813  0.69630318 -0.19436873
  0.5281714  -0.19182034  0.48616644 -0.20978309  0.50903656 -0.20503933
  0.62197022 -0.18188265  0.50087371 -0.20118108  0.56362474 -0.22715791
  0.50530509 -0.21726086  0.50957287 -0.19677553  0.47529541 -0.23906705
  0.60025016 -0.25970116  0.48048934 -0.23568479  0.45880611 -0.2168217
  0.43521408 -0.26178457  0.56923201 -0.26133441  0.46817067 -0.24857658
  0.42378093 -0.24249714  0.42022406 -0.2623687   0.57828419 -0.25896062
  0.42780278 -0.25393029  0.39304934 -0.24813742  0.41219899 -0.25169428
  0.55451755 -0.26937048  0.40374958 -0.27350047  0.3751014  -0.28984099
  0.38490131 -0.25914623  0.52187715 -0.27634643  0.36471736 -0.30318295
  0.29628541 -0.31255851  0.36723993 -0.27070234  0.5346498  -0.27454577
  0.33236353 -0.3101589   0.27833747 -0.30541514  0.35167678 -0.28063622
  0.51135915 -0.29354283  0.32910804 -0.30377808  0.27164808 -0.32116771
  0.32552535 -0.31556426  0.47080183 -0.31998082  0.29894958 -0.32487336
  0.25694462 -0.32518575  0.29717855 -0.34505731  0.42260929 -0.34012413
  0.28462497 -0.31410666  0.28020841 -0.32062145  0.27235795 -0.34316437
  0.37403305 -0.34090254  0.28947583 -0.30257741  0.3096746  -0.30851907
  0.26843219 -0.33506902  0.32068722 -0.32746448  0.26551491 -0.30516749
  0.35297355 -0.30662613  0.27566785 -0.3198193   0.25131326 -0.32337617
  0.25595989 -0.31844298  0.40085266 -0.31942564  0.26658881 -0.31391932
  0.19548551 -0.30411942  0.25785283 -0.32084364  0.43480187 -0.32821811
  0.25646065 -0.29685794  0.16818297 -0.28333756  0.25621473 -0.32028637
  0.44900248 -0.32203157  0.24394771 -0.29200708  0.16101273 -0.28382941
  0.24770882 -0.30236529  0.4281889  -0.31479592  0.24183362 -0.29249892
  0.17654902 -0.28565693  0.24454561 -0.29484307  0.3769413  -0.29925963
  0.23599906 -0.3012914   0.2118339  -0.29740733  0.23518001 -0.27215241
  0.3315124  -0.27895376  0.23254929 -0.3044546   0.24769191 -0.30562668
  0.22829634 -0.26835067  0.28961455 -0.25139638  0.23072177 -0.29426103
  0.26857091 -0.30878988  0.21711907 -0.26617116  0.25706644 -0.25455958
  0.2195445  -0.27872474  0.28010016 -0.29058224  0.22196993 -0.28269114
  0.225854   -0.26974389  0.21103859 -0.25546096  0.29344108 -0.27189861
  0.22195407 -0.28642747  0.20799835 -0.2705223   0.20596658 -0.24316915
  0.30411064 -0.25025707  0.21449727 -0.28186317  0.18079295 -0.28704228
  0.19879634 -0.23564694  0.32231828 -0.22937807  0.20732704 -0.27491408
  0.14767171 -0.28142886  0.19238866 -0.2468242   0.32850482 -0.2432267
  0.19614977 -0.256993    0.1348722  -0.26083643  0.19161025 -0.26200851
  0.32400594 -0.25173261  0.18230115 -0.23344265  0.13438035 -0.24530015
  0.19245408 -0.26250035  0.30080757 -0.26186076  0.18123617 -0.22515788
  0.1517283  -0.21860245  0.18203936 -0.26089397  0.26263019 -0.26798189
  0.16977234 -0.22326493  0.16964938 -0.2190943   0.17086209 -0.24831561
  0.2364739  -0.25139649  0.16899393 -0.22642814  0.17984295 -0.22893589
  0.17037025 -0.23545068  0.19457604]",0.1387142857142857,0.0,0.0,0.86395,0.5127,0.0,0.1416842105263158,0.0,0.0,0.9653333333333334,0.8456111111111111,0.0,0.1436470588235294,0.0,0.0,0.8580625,0.4984375,0.0,0.14566666666666667,0.0,0.0,0.9515,0.7762142857142857,0.0,0.14792307692307693,0.0,0.0,0.8550833333333333,0.4965833333333333,0.0,0.9491379310344827,0.770603448275862,0.0,0.625909246031746,9.536496942156612e-06
3.88,0.145,101,0.5831818181818181,0.03973049706074937,0.7609999999999999,0.05091793754303453,0.19555081245052314,2.0,0.34345904831288665,0.6940573245524393,0.03877975737457497,2.0,0.05823878583056345,0.8699752484229233,0.13934051896987779,12,0.38902237029985715,4,0.289221922227287,-0.0016060631479758649,21.0,1.1103594641199097,"[ 1.00000000e+00 -2.08429468e-02 -9.70875557e-02  1.80221607e-01
  2.89221922e-01  7.07949087e-03  4.90718468e-02 -1.54963358e-02
  2.23627757e-01  1.06077352e-01 -1.22444686e-02 -2.28486272e-02
  2.66733055e-01  5.66478488e-02 -2.69953364e-02  6.89610435e-02
  1.90619587e-01  1.57298643e-03  3.75342754e-02  3.70637119e-02
  1.00480382e-01  7.93569199e-02  4.65570322e-02 -3.55433220e-02
  1.77282513e-01  9.55678670e-02  4.23577264e-04  7.74802763e-02
  1.38758021e-01  7.90637820e-02  9.02696448e-02  4.38297276e-02
  9.38167537e-02  1.09510852e-01  1.34356745e-01  1.07752726e-02
  1.44320628e-01  9.37781830e-02  6.95339949e-02  5.64052035e-02
  1.43595498e-01  4.08422455e-02  5.51688348e-02  6.65850836e-02
  8.83102493e-02 -3.92369999e-03  5.42333181e-02  2.22048459e-02
  2.52407167e-02  4.69658824e-02  1.18166836e-02 -7.10550861e-02
  1.47030401e-01  5.05186016e-02  2.02433465e-02  6.39889197e-02
  9.05880290e-02 -1.95637996e-02  3.21764438e-02 -1.60524563e-03
  5.65517725e-02  1.78961394e-02  2.69630772e-02  5.31764788e-02
  9.38013254e-02 -2.16101546e-02  4.62947509e-02  5.49759809e-02
  1.11379782e-01 -6.94203864e-03  8.20014727e-02  4.37315474e-02
  8.49524878e-02  1.69501034e-03  1.34969669e-02  7.76675199e-03
  1.34895333e-01 -2.43465760e-02  5.71983590e-02  4.52266910e-02
  3.75328728e-02 -4.14467548e-02  5.76303517e-02  1.93604264e-02
  2.12910691e-03 -4.04186683e-02  1.63708405e-02  1.51288615e-02
  4.27097724e-02 -8.80949542e-02  2.75325222e-02  1.10620288e-01
  2.85199341e-02 -5.43518356e-02  7.56870858e-02  4.22911042e-02
  3.51933799e-02 -2.48045163e-03 -2.92492724e-02  4.29334829e-02
  4.59693538e-02 -6.80746169e-02 -2.00511939e-02  6.61572986e-02
  1.24941267e-02 -6.68712087e-02  4.56355412e-02  7.53553771e-02
  2.26740068e-02 -5.66913286e-02  3.61443248e-02  6.37252358e-02
  4.64939163e-02 -4.20232126e-02 -3.25705670e-02  4.70107648e-02
  9.85406220e-02 -5.05676917e-02 -1.83232231e-02  6.52266910e-03
  7.42171885e-02 -8.50247204e-02 -3.86549318e-03  8.97415758e-02
  3.08187524e-02 -2.61404678e-02  3.57936814e-03 -3.43048494e-02
  1.16001262e-01 -1.01482520e-01 -4.23437007e-02  1.89340440e-02
  8.44896385e-02 -6.81251096e-02 -2.95522283e-03  2.99098846e-03
  4.04951085e-02 -1.88134226e-02 -6.58494337e-02 -2.65920965e-02
  1.23117921e-01 -2.77436095e-02 -8.56846313e-02 -1.62368947e-02
  1.31334198e-01 -4.79645149e-02 -3.18847084e-02 -2.06788457e-02
  6.65114485e-02  5.83540797e-03  8.48557102e-03 -7.53680003e-02
  8.44756127e-02 -8.91545987e-03 -2.73039027e-02 -5.99284687e-02
  8.10154634e-02  6.31368561e-03 -2.57147866e-02  2.71825800e-02
  2.22237806e-02 -3.49458256e-02  5.26301764e-02 -3.12233949e-02
  5.89501736e-03 -4.28942109e-02  2.67639118e-02 -6.01002840e-04
 -1.12051615e-02 -8.37967671e-03  3.75048213e-02 -4.98551843e-02
 -5.72390336e-03 -3.79627617e-02 -3.36898208e-03 -1.70062064e-03
 -6.65942004e-03  5.91395210e-03  2.16080508e-02  4.84589221e-04
 -1.32402959e-02  3.82131211e-03 -5.62572320e-03  4.80872401e-03
  1.40860479e-02 -4.09446334e-02  4.31249343e-02  1.01146604e-02
  2.40555419e-02  6.05280690e-03  8.10687612e-03 -3.23019741e-02
  1.84564676e-02  6.09909183e-03  6.39994390e-03 -2.48571128e-02
  6.95213717e-02 -4.27693818e-02 -2.91595077e-03 -2.22939093e-03
  1.59893404e-02 -8.25484765e-03  2.56530734e-03 -3.70721274e-02
  5.26427995e-02 -5.22493776e-02 -2.87709948e-02 -4.07426628e-02
  1.52754304e-02 -2.65009292e-02 -8.07181177e-03 -2.66706406e-02
  6.99884288e-04 -1.37964164e-02 -2.05084330e-02 -7.37858971e-02
  1.72965391e-02 -3.57705389e-02 -3.37164697e-02 -1.93898804e-02
  5.59136015e-02 -6.96314738e-02  4.69778043e-02 -2.14825204e-02
 -1.16441670e-02 -1.52354571e-02  1.44843788e-02 -5.67109646e-02
  3.33896700e-02 -1.01399067e-02 -1.72376311e-02 -9.53820260e-03
  4.76370139e-02 -5.55019461e-02 -8.51362250e-04  2.22413128e-02
  1.27942775e-02 -8.33318139e-02  8.13633017e-03 -8.70928153e-03
  2.31494793e-02 -6.10897998e-02 -5.94214383e-02 -1.06265998e-02
  9.55573477e-03 -1.04102528e-01 -4.41922929e-02 -3.56744626e-03
  2.37876503e-03 -8.53669484e-02 -1.04491742e-02  1.96563694e-02
 -3.78989446e-02 -5.06420281e-02 -4.16143624e-03 -1.04877450e-02
  4.27953294e-02 -6.50071882e-02 -4.32820225e-02  1.76100144e-02
  3.36898208e-02]",0.16833333333333333,9.523809523809524e-05,0.0,0.8531,0.42535,0.0,0.17110526315789473,5.2631578947368424e-05,0.0,0.9016111111111111,0.5672777777777778,0.0,0.17129411764705882,5.882352941176471e-05,0.0,0.8595625,0.4338125,0.0,0.17266666666666666,0.0,0.0,0.8965714285714286,0.5517857142857143,0.0,0.17415384615384616,0.0,0.0,0.8488333333333333,0.3968333333333333,0.0,0.8988793103448276,0.5587931034482758,0.0,0.4749705264386456,1.7882498856736355e-05
3.88,0.145,707,0.5806363636363637,0.04123165757978763,0.7933636363636364,0.0773219629239534,0.17926294994159023,2.0,0.33105350695712127,0.6248196780011128,0.06748757168244784,2.0,0.3110386320603843,0.47962057692394594,0.3667718968808672,4,0.6350521795006644,4,0.835928516916655,0.04528745117917185,9.0,1.1168415664192475,"[ 1.          0.18963275  0.44649191  0.22924125  0.83592852  0.20032395
  0.44522051  0.19603824  0.80890863  0.20077493  0.42656366  0.1834636
  0.79557371  0.18647792  0.41606803  0.19349544  0.77899587  0.17238273
  0.39827237  0.18872539  0.75207689  0.18033556  0.39406078  0.18375351
  0.73808261  0.16319926  0.39365056  0.1674784   0.74005414  0.14854561
  0.39324035  0.17304949  0.69686662  0.13576916  0.38958721  0.15038944
  0.69169293  0.14057997  0.36712898  0.13923445  0.67683747  0.11203953
  0.35693608  0.1375055   0.65980208  0.10737038  0.34618473  0.12675415
  0.64296851  0.10021859  0.34881562  0.12320192  0.63353589  0.08384257
  0.339383    0.12289262  0.61954161  0.0898173   0.33669196  0.11792075
  0.612188    0.0745582   0.33075799  0.10504338  0.59616862  0.05569953
  0.3255843   0.08248424  0.59185611  0.04150343  0.30986765  0.10087912
  0.57689974  0.03653156  0.30773506  0.10112828  0.56964704  0.03211814
  0.30190201  0.09139293  0.56741354  0.0154394   0.30585163  0.09012153
  0.53867128  0.03859776  0.29317609  0.06974231  0.54804375  0.03038296
  0.28039963  0.08509608  0.52310287  0.02500745  0.26762318  0.06851824
  0.51879037  0.00645151  0.26427277  0.07429115  0.5008938   0.01820572
  0.26300137  0.05999414  0.50788453  0.01977361  0.26456926  0.05264053
  0.49814918  0.0054766   0.25407363  0.06713312  0.47158684  0.01550844
  0.24129718  0.0467539   0.47477619 -0.00629042  0.22613898  0.05906657
  0.45003713 -0.01906688  0.21062415  0.04497138  0.41359119 -0.01815836
  0.18776228  0.03675658  0.40436039 -0.04421615  0.18365159  0.00993851
  0.39168484 -0.06677529  0.17107695 -0.00349731  0.37358645 -0.08487368
  0.15743931 -0.00355088  0.35766798 -0.09318939  0.15292499 -0.02469038
  0.35097374 -0.10986814  0.14536956 -0.02008139  0.34209957 -0.12254368
  0.13877623 -0.0334163   0.31021529 -0.13836125  0.12077874 -0.04695303
  0.28425841 -0.15681628  0.08503917 -0.06008613  0.27472488 -0.15884795
  0.08280568 -0.066121    0.26772791 -0.16802484  0.07352788 -0.06865722
  0.25074643 -0.17902502  0.06739209 -0.07925376  0.22646492 -0.17593657
  0.05497228 -0.07884979  0.23665158 -0.1855171   0.05669498 -0.08092846
  0.21490662 -0.18293321  0.04949619 -0.09801085  0.21683115 -0.19459275
  0.03783665 -0.09000411  0.1950862  -0.19971253  0.0419411  -0.09492207
  0.17800381 -0.19692682  0.03180211 -0.11114327  0.19219367 -0.20022332
  0.02546451 -0.09467258  0.17597247 -0.20894266  0.02662876 -0.101212
  0.1679125  -0.20387612  0.01410803 -0.10678933  0.14114833 -0.20281277
  0.0114709  -0.12919365  0.14981444 -0.21285085 -0.01539417 -0.12574857
  0.13835672 -0.23571272 -0.00100249 -0.13710538  0.11559576 -0.21751966
 -0.01626159 -0.13954069  0.11893993 -0.22806228 -0.01996173 -0.13771707
  0.10089545 -0.23678163 -0.02640024 -0.14511768  0.08989528 -0.2348571
 -0.03892097 -0.14993474  0.0858385  -0.24367735 -0.06132529 -0.15561297
  0.07787943 -0.26359903 -0.06918345 -0.16433232  0.05937741 -0.27905995
 -0.07476078 -0.17284984  0.04467676 -0.27475368 -0.08251803 -0.18288792
  0.04528255 -0.28012919 -0.09483693 -0.1800013   0.03676503 -0.28732798
 -0.10659738 -0.18567953  0.02728541]",0.1690952380952381,0.0010476190476190477,0.0,0.8382,0.38895,0.0,0.18563157894736843,0.0012105263157894737,0.0,0.9113888888888889,0.6927777777777778,0.0,0.20047058823529412,0.002176470588235294,0.0,0.8180625,0.352625,0.0,0.20173333333333332,0.0007333333333333333,0.0,0.8907142857142857,0.6315,0.0,0.2133076923076923,0.0005384615384615384,0.0,0.8046666666666666,0.32725,0.0,0.8770689655172413,0.6006034482758621,0.0,0.47747927339086776,1.0960192825513957e-05
3.88,0.145,1313,0.5625,0.012499999999999954,0.8499999999999998,2.220446049250313e-16,0.11764705882352942,2.0,1.0,1.913401735592127e-31,1.3134693904315983e-35,550.0,0.2561100037630847,0.4652580592457551,0.6916793149308798,2,0.9963636363636365,1,0.9981818181818182,0.6909090909090909,2.0,1.062379275082377,"[1.         0.99818182 0.99636364 0.99454545 0.99272727 0.99090909
 0.98909091 0.98727273 0.98545455 0.98363636 0.98181818 0.98
 0.97818182 0.97636364 0.97454545 0.97272727 0.97090909 0.96909091
 0.96727273 0.96545455 0.96363636 0.96181818 0.96       0.95818182
 0.95636364 0.95454545 0.95272727 0.95090909 0.94909091 0.94727273
 0.94545455 0.94363636 0.94181818 0.94       0.93818182 0.93636364
 0.93454545 0.93272727 0.93090909 0.92909091 0.92727273 0.92545455
 0.92363636 0.92181818 0.92       0.91818182 0.91636364 0.91454545
 0.91272727 0.91090909 0.90909091 0.90727273 0.90545455 0.90363636
 0.90181818 0.9        0.89818182 0.89636364 0.89454545 0.89272727
 0.89090909 0.88909091 0.88727273 0.88545455 0.88363636 0.88181818
 0.88       0.87818182 0.87636364 0.87454545 0.87272727 0.87090909
 0.86909091 0.86727273 0.86545455 0.86363636 0.86181818 0.86
 0.85818182 0.85636364 0.85454545 0.85272727 0.85090909 0.84909091
 0.84727273 0.84545455 0.84363636 0.84181818 0.84       0.83818182
 0.83636364 0.83454545 0.83272727 0.83090909 0.82909091 0.82727273
 0.82545455 0.82363636 0.82181818 0.82       0.81818182 0.81636364
 0.81454545 0.81272727 0.81090909 0.80909091 0.80727273 0.80545455
 0.80363636 0.80181818 0.8        0.79818182 0.79636364 0.79454545
 0.79272727 0.79090909 0.78909091 0.78727273 0.78545455 0.78363636
 0.78181818 0.78       0.77818182 0.77636364 0.77454545 0.77272727
 0.77090909 0.76909091 0.76727273 0.76545455 0.76363636 0.76181818
 0.76       0.75818182 0.75636364 0.75454545 0.75272727 0.75090909
 0.74909091 0.74727273 0.74545455 0.74363636 0.74181818 0.74
 0.73818182 0.73636364 0.73454545 0.73272727 0.73090909 0.72909091
 0.72727273 0.72545455 0.72363636 0.72181818 0.72       0.71818182
 0.71636364 0.71454545 0.71272727 0.71090909 0.70909091 0.70727273
 0.70545455 0.70363636 0.70181818 0.7        0.69818182 0.69636364
 0.69454545 0.69272727 0.69090909 0.68909091 0.68727273 0.68545455
 0.68363636 0.68181818 0.68       0.67818182 0.67636364 0.67454545
 0.67272727 0.67090909 0.66909091 0.66727273 0.66545455 0.66363636
 0.66181818 0.66       0.65818182 0.65636364 0.65454545 0.65272727
 0.65090909 0.64909091 0.64727273 0.64545455 0.64363636 0.64181818
 0.64       0.63818182 0.63636364 0.63454545 0.63272727 0.63090909
 0.62909091 0.62727273 0.62545455 0.62363636 0.62181818 0.62
 0.61818182 0.61636364 0.61454545 0.61272727 0.61090909 0.60909091
 0.60727273 0.60545455 0.60363636 0.60181818 0.6        0.59818182
 0.59636364 0.59454545 0.59272727 0.59090909 0.58909091 0.58727273
 0.58545455 0.58363636 0.58181818 0.58       0.57818182 0.57636364
 0.57454545 0.57272727 0.57090909 0.56909091 0.56727273 0.56545455
 0.56363636 0.56181818 0.56       0.55818182 0.55636364 0.55454545
 0.55272727 0.55090909 0.54909091 0.54727273 0.54545455 0.54363636
 0.54181818 0.54       0.53818182 0.53636364 0.53454545 0.53272727
 0.53090909 0.52909091 0.52727273]",0.125,0.0,0.0,0.875,0.5,0.0,0.125,0.0,0.0,1.0,1.0,0.0,0.125,0.0,0.0,0.875,0.5,0.0,0.125,0.0,0.0,1.0,1.0,0.0,0.125,0.0,0.0,0.875,0.5,0.0,1.0,1.0,0.0,0.7,0.00016365091086606348
3.88,0.145,2029,0.5861818181818181,0.022258065675240173,0.8135454545454546,0.02341663603029277,0.17399773206185937,2.0,0.4609894482811738,0.334595837627148,0.02040863663429907,2.0,0.3227836901842817,0.4598378472088123,0.016835595303843248,4,0.9370178311995948,4,0.8777153865441553,0.002348868904781291,5.0,1.1193245778611631,"[ 1.         -0.2771913  -0.35620327 -0.19102166  0.87771539 -0.27513342
 -0.3209874  -0.20554278  0.82779057 -0.24820704 -0.27748202 -0.2637571
  0.85696265 -0.24614916 -0.31687164 -0.21800603  0.81981873 -0.25013508
 -0.30427856 -0.19712345  0.80305191 -0.2646562  -0.26077318 -0.22217977
  0.78248699 -0.24377363 -0.2835838  -0.22012189  0.76796587 -0.23342625
 -0.29206113 -0.22635351  0.77831324 -0.23965787 -0.30209084 -0.21980423
  0.76828353 -0.24139809 -0.31212056 -0.21325495  0.7725871  -0.24538401
 -0.31610648 -0.20066187  0.76860118 -0.24936993 -0.3200924  -0.18806879
  0.75632576 -0.25335585 -0.30749933 -0.18376521  0.74405035 -0.24905227
 -0.31148525 -0.17946163  0.73177493 -0.24474869 -0.31547117 -0.16686856
  0.71949951 -0.24873461 -0.30287809 -0.16256498  0.70722409 -0.24443103
 -0.29857451 -0.1582614   0.69494867 -0.24012745 -0.29651663 -0.15620352
  0.68871705 -0.23806957 -0.29445875 -0.15414564  0.68248542 -0.2360117
 -0.29240087 -0.15208776  0.6762538  -0.23395382 -0.29034299 -0.15002988
  0.67002218 -0.23189594 -0.28828511 -0.147972    0.66379056 -0.22983806
 -0.28622724 -0.14591413  0.65755894 -0.22778018 -0.28416936 -0.14385625
  0.65132732 -0.2257223  -0.28211148 -0.14179837  0.6450957  -0.22366442
 -0.2800536  -0.13974049  0.63886408 -0.22160655 -0.27799572 -0.13768261
  0.63263246 -0.21954867 -0.27593784 -0.13562473  0.62640084 -0.21749079
 -0.27387997 -0.13356686  0.62016922 -0.21543291 -0.27182209 -0.13150898
  0.61393759 -0.21337503 -0.26976421 -0.1294511   0.60770597 -0.21131715
 -0.26770633 -0.12739322  0.60147435 -0.20925927 -0.26564845 -0.12533534
  0.59524273 -0.2072014  -0.26359057 -0.12327746  0.58901111 -0.20514352
 -0.26153269 -0.12121958  0.58277949 -0.20308564 -0.25947482 -0.11916171
  0.57654787 -0.20102776 -0.25741694 -0.11710383  0.57031625 -0.19896988
 -0.25535906 -0.11504595  0.56408463 -0.196912   -0.25330118 -0.11298807
  0.55785301 -0.19485413 -0.2512433  -0.11093019  0.55162138 -0.19279625
 -0.24918542 -0.10887231  0.54538976 -0.19073837 -0.24712754 -0.10681443
  0.53915814 -0.18868049 -0.24506967 -0.10475656  0.53292652 -0.18662261
 -0.24301179 -0.10269868  0.5266949  -0.18456473 -0.24095391 -0.1006408
  0.52046328 -0.18250685 -0.23889603 -0.09858292  0.51423166 -0.18044898
 -0.23683815 -0.09652504  0.50800004 -0.1783911  -0.23478027 -0.09446716
  0.50176842 -0.17633322 -0.23272239 -0.09240928  0.4955368  -0.17427534
 -0.23066452 -0.09035141  0.48930518 -0.17221746 -0.22860664 -0.08829353
  0.48307355 -0.17015958 -0.22654876 -0.08623565  0.47684193 -0.1681017
 -0.22449088 -0.08417777  0.47061031 -0.16604383 -0.222433   -0.08211989
  0.46437869 -0.16398595 -0.22037512 -0.08006201  0.45814707 -0.16192807
 -0.21831725 -0.07800414  0.45191545 -0.15987019 -0.21625937 -0.07594626
  0.44568383 -0.15781231 -0.21420149 -0.07388838  0.43945221 -0.15575443
 -0.21214361 -0.0718305   0.43322059 -0.15369655 -0.21008573 -0.06977262
  0.42698897 -0.15163868 -0.20802785 -0.06771474  0.42075735 -0.1495808
 -0.20596997 -0.06565686  0.41452572 -0.14752292 -0.2039121  -0.06359899
  0.4082941  -0.14546504 -0.20185422 -0.06154111  0.40206248 -0.14340716
 -0.19979634 -0.05948323  0.39583086]",0.17266666666666666,0.0,0.0,0.82745,0.3056,0.0,0.1734736842105263,0.0,0.0,0.9972222222222222,0.9835,0.0,0.17329411764705882,0.0,0.0,0.828125,0.3065625,0.0,0.17306666666666667,0.0,0.0,0.9964285714285714,0.9787857142857143,0.0,0.17276923076923076,0.0,0.0,0.8291666666666667,0.30875,0.0,0.9956896551724138,0.974396551724138,0.0,0.5766396428571429,1.0412189095749248e-05
3.88,0.145,3001,0.5707272727272726,0.036243095666224114,0.8077272727272727,0.06237218335282441,0.15139330509187468,550.0,0.08119565111274947,0.8346695144468613,0.13612148702079183,550.0,0.13423230606632564,0.7849654296218941,0.34502752009721815,12,0.3396027685516238,4,0.45450625003017564,-0.03393755088721915,11.0,1.0888480392156863,"[ 1.00000000e+00  2.15968694e-01  9.77507616e-02  4.53185174e-01
  4.54506250e-01  2.46501287e-01  2.34066986e-01  2.81943907e-01
  4.28955142e-01  3.39947470e-01  1.69331640e-01  2.92613522e-01
  4.42142150e-01  2.62986303e-01  2.12175030e-01  3.03102564e-01
  3.42620040e-01  2.81473646e-01  2.40009656e-01  2.35308108e-01
  3.04035844e-01  3.20546256e-01  1.99269212e-01  1.89532877e-01
  3.05358176e-01  3.04523004e-01  1.95110637e-01  2.22763436e-01
  2.61293073e-01  2.44726848e-01  2.15308108e-01  1.84359812e-01
  2.19023074e-01  2.70405226e-01  1.76543340e-01  2.17229226e-01
  2.41737938e-01  1.91648955e-01  2.05907522e-01  2.29067251e-01
  1.46262776e-01  2.35660755e-01  1.76490037e-01  1.23703089e-01
  1.40840193e-01  2.26913513e-01  1.41049928e-01  1.09474940e-01
  1.44318773e-01  1.52108595e-01  1.70594682e-01  7.14324615e-02
  1.07083561e-01  1.79943221e-01  1.29493093e-01  3.96781560e-02
  8.60255216e-02  1.82975681e-01  5.42420541e-02  7.77629286e-02
  1.20785635e-01  5.10992232e-02  1.23693336e-01  8.64568678e-02
  2.99841154e-02  7.86683018e-02  1.13512136e-01 -8.03045592e-03
  5.38673902e-02  6.76798362e-02  4.32958830e-02  7.01414163e-02
  1.83423056e-02 -4.06597174e-03  1.32429569e-01  1.90658510e-02
 -6.17629479e-02  4.66907430e-02  1.06432341e-01 -6.08588299e-02
 -1.43308919e-02  5.12527581e-02  2.90250532e-02 -2.73050758e-03
 -2.94512816e-02 -5.12314177e-03  4.45488825e-02 -3.35819505e-02
 -5.81464762e-02  8.72831561e-04  2.19390785e-03 -2.82126700e-02
 -2.14106866e-02 -1.11034719e-02 -3.70169806e-02 -1.83503203e-02
 -3.12307417e-02 -8.83301870e-02  2.74951115e-02  5.62855170e-03
 -7.13338709e-02 -5.28477832e-02 -1.28505835e-03 -2.43200286e-02
 -5.31970510e-02 -7.44369179e-02 -3.57267078e-02 -1.06762779e-02
 -3.83848898e-02 -7.03210232e-02 -3.27792235e-02 -5.57254525e-03
 -3.48107127e-02 -4.90401170e-02 -5.49100759e-02 -3.68701085e-02
  2.42204723e-02 -1.02176333e-01 -9.61816154e-02  2.81837012e-02
 -4.39245072e-02 -5.66243560e-02 -1.09036834e-02 -2.90844394e-02
 -2.54265422e-02 -5.77204409e-03 -9.09133397e-02 -2.51491172e-02
  6.24537585e-02 -6.59187231e-02 -8.79658554e-02  3.83751370e-02
  3.31403686e-04 -5.91048624e-02 -4.76292373e-02 -1.45805069e-02
 -4.71941251e-03  1.16104269e-02 -9.37549911e-02 -5.79097041e-03
  4.57717544e-02 -3.33469165e-02 -9.31443277e-02  1.28843805e-03
  6.47589067e-03 -3.07605773e-02 -7.90544566e-02 -6.11950618e-02
  3.49478319e-02  2.28757381e-04 -1.10978713e-01 -6.07649709e-02
  4.70620271e-02 -1.82162911e-02 -1.13066015e-01 -1.84526770e-02
  4.38063142e-02 -1.91351832e-02 -8.09082701e-02 -8.91150498e-02
  4.79222090e-02  1.57205278e-02 -1.10315133e-01 -5.30909284e-02
  4.53887862e-02 -3.72351160e-02 -4.17560919e-02 -1.62595416e-02
 -5.09786162e-02  1.47856063e-02 -5.06732844e-02 -8.10798623e-02
  1.72192797e-02  1.19477209e-03 -3.97274996e-02 -4.11043893e-02
 -7.87508630e-03 -6.55401001e-03 -3.22869462e-02 -7.77022871e-02
 -1.42237071e-03 -2.23010926e-02 -2.44852476e-02 -7.92478720e-02
  1.22213800e-02 -1.89924633e-02 -5.15552895e-02 -2.50709013e-02
 -1.90761833e-02 -3.14148871e-02 -3.10816487e-02  5.29174050e-03
 -4.34482592e-02 -3.49361478e-02  5.93031059e-03 -6.88758636e-02
 -4.98480584e-02 -1.24868312e-02 -4.38812470e-02 -3.42007252e-02
 -4.33953428e-02 -1.36712711e-02  3.82697869e-03 -6.12707670e-02
 -1.10010767e-01  2.18111327e-02 -2.45920461e-02 -9.53512715e-02
 -6.18564207e-02 -2.33267832e-02 -1.14900130e-02 -9.07892564e-02
 -7.42788445e-02  5.14515810e-03 -2.17561885e-02 -9.48522347e-02
 -9.87465177e-02  2.07001772e-03 -5.36804446e-02 -5.91892583e-02
 -5.78681821e-02 -1.21475094e-02 -3.88682835e-02 -4.20402764e-02
 -7.10978713e-02 -3.37366442e-02  7.31038678e-03 -2.54330119e-02
 -1.04551683e-01 -3.64506395e-02  1.12457090e-02 -6.57167136e-02
 -9.02812393e-02 -5.44495676e-02  8.79726148e-03 -5.61199117e-02
 -1.07738450e-01 -2.93022852e-02  1.59019694e-03 -5.78460692e-02
 -1.00297896e-01 -3.60632294e-02 -1.21812098e-02 -6.14629271e-02
 -9.42063258e-02 -7.16732893e-02  5.95561006e-03 -4.99754248e-02
 -8.60434822e-02 -6.05469320e-02 -3.53159295e-02 -4.43299746e-02
 -9.24432814e-02 -7.71012799e-02 -1.68179646e-02 -3.96723623e-02
 -7.69088302e-02 -8.00808231e-02  1.29179843e-02 -4.65182818e-02
 -5.30149334e-02]",0.14266666666666666,4.761904761904762e-05,0.0,0.8863,0.51375,0.0,0.14273684210526316,0.0,0.0,0.9161111111111111,0.6324444444444445,0.0,0.14429411764705882,0.00017647058823529413,0.0,0.8819375,0.487375,0.0,0.14526666666666666,0.0002,0.0,0.8973571428571429,0.5430714285714285,0.0,0.14807692307692308,0.0,0.0,0.89225,0.5069166666666667,0.0,0.8856896551724138,0.5008620689655172,0.0,0.536626690009337,0.0006317273997329941
3.9,0.095,101,0.6405909090909091,0.05777201201188017,0.6993636363636364,0.11510688529068239,0.4834282464460398,4.074074074074074,0.10421789135418508,0.8396958860739193,0.09936778914155628,550.0,0.18482879382956124,0.7692221733570014,0.22422271233455413,12,0.31648062167057767,8,0.456912319336582,0.009513069685427698,11.0,1.0782060266292923,"[ 1.00000000e+00  5.17938243e-02 -1.57897720e-02  2.16459903e-01
  3.62257536e-01  3.27573121e-01 -4.77123795e-02  1.12841357e-01
  4.56912319e-01  2.65126580e-01  7.14701968e-03  9.94354544e-02
  3.98573810e-01  2.56184871e-01  6.99012493e-02  2.08561894e-02
  4.03710810e-01  3.07292402e-01  5.68777068e-02  9.46059211e-02
  3.10045477e-01  3.21357789e-01  6.30438978e-02  5.10366142e-02
  3.03874475e-01  3.28227573e-01  7.50421710e-02  2.56409487e-02
  2.92553152e-01  3.12780753e-01  1.03854930e-01  1.19181801e-02
  2.54802828e-01  3.44659254e-01  8.80475816e-02  6.23395830e-02
  2.65098882e-01  2.78460844e-01  1.39172577e-01  2.18534828e-02
  1.91999903e-01  3.35726055e-01  1.33652772e-01  3.69043988e-02
  1.79280128e-01  2.85968504e-01  1.74120963e-01  2.69465979e-02
  1.74112119e-01  3.20252816e-01  1.53849421e-01  3.41114161e-02
  1.16798435e-01  3.01353528e-01  1.56914940e-01  2.79229491e-02
  1.42853585e-01  2.56398868e-01  2.25523083e-01  2.62117748e-02
  1.01342660e-01  3.04801186e-01  1.46970016e-01  2.86129982e-02
  1.16802134e-01  2.50579440e-01  1.95359234e-01  7.28810866e-02
  6.08781692e-02  2.78393572e-01  1.96405668e-01  3.10489293e-02
  5.60925208e-02  1.95046346e-01  2.37911782e-01  4.78631926e-02
  6.09039223e-02  2.00196444e-01  1.88879654e-01  9.14538862e-02
 -2.03718232e-02  2.10848661e-01  1.94385916e-01  8.59690117e-02
  4.41108235e-02  1.69702631e-01  2.61982333e-01  4.51747779e-02
 -4.56077560e-03  1.88927072e-01  2.19811478e-01  7.95027528e-02
 -7.87297640e-04  1.64908027e-01  2.05736913e-01  7.60718939e-02
  6.76861309e-03  1.34036442e-01  1.60109225e-01  1.35069888e-01
  1.19012469e-02  1.15167719e-01  2.21860461e-01  8.42962446e-02
  4.48482346e-02  8.63588817e-02  1.71786043e-01  1.26154155e-01
 -3.53269604e-03  9.45790884e-02  1.74161069e-01  1.09000750e-01
  7.44075248e-03  4.55120304e-02  1.70057182e-01  1.09326126e-01
 -8.00606695e-03  3.10944020e-02  1.71064319e-01  1.34013388e-01
 -6.49635890e-02  3.14372434e-02  1.79310723e-01  1.21337276e-01
 -4.56714241e-03  3.11245213e-02  1.13094849e-01  1.50506197e-01
  1.67244134e-02 -5.94401405e-02  1.24784988e-01  1.09342702e-01
  1.91256368e-02 -7.28158795e-03  8.05382867e-02  1.55682271e-01
 -6.24383116e-03 -2.34014359e-02  7.47190810e-02  9.56459086e-02
  3.97090117e-02 -7.86611048e-02  1.01777225e-01  7.98167292e-02
  3.72680474e-02 -5.22759892e-02  4.55014641e-02  1.26807496e-01
  1.90810850e-02 -7.39066870e-02  3.10838356e-02  1.48750249e-01
  8.11155818e-03 -5.77698186e-02  4.06850295e-02  8.39240937e-02
  4.06892846e-02 -4.54110166e-02  2.61783996e-03  8.80319028e-02
  7.12391930e-02 -7.59482708e-02 -4.84901349e-02  1.04516201e-01
  2.08260780e-02 -4.64231871e-02 -3.88845747e-02  5.13367456e-02
  1.01775780e-01 -5.39620773e-02 -5.56687187e-02  9.35595508e-02
  4.79451275e-02 -2.82106939e-02 -4.50252350e-02  3.42224145e-02
  1.03169422e-01 -4.67581851e-02 -1.26670242e-01  4.10703666e-02
  6.23533566e-02 -4.08957613e-02 -5.77103024e-02  7.14177222e-03
  6.20275357e-02 -2.30435746e-02 -8.68491043e-02 -5.20874176e-03
  7.64578184e-02 -2.71343632e-02 -8.33968587e-02 -8.24850806e-03
  6.92794569e-02 -2.95229323e-02 -7.68614064e-02 -5.01068629e-02
  4.42312213e-02 -1.02703960e-03 -1.35182451e-01 -3.36400296e-02
  3.73653596e-02 -1.13366367e-02 -8.71581270e-02 -8.23509251e-02
  4.59460950e-02 -2.54112015e-02 -9.60649056e-02 -7.47906481e-02
  3.19020941e-02  9.93723183e-03 -1.19402189e-01 -3.19122794e-02
  1.98946437e-02 -1.95402675e-02 -1.34484114e-01 -8.13136684e-02
  3.70345056e-02 -1.44119999e-02 -1.06348750e-01 -1.18360400e-01
  1.68197250e-02  1.26898068e-02 -1.53027461e-01 -1.06388324e-01
 -1.58195737e-02  1.64239883e-02 -1.44824719e-01 -1.19772395e-01
 -4.26005926e-02  2.02061988e-02 -9.30310616e-02 -1.80164920e-01
 -9.29744249e-03  5.44987298e-03 -1.15308590e-01 -1.39683631e-01
 -5.73353095e-02  3.73720360e-02 -9.40214007e-02 -1.83917234e-01
 -6.59164895e-02  1.71004940e-02 -1.02641877e-01 -1.78797699e-01
 -5.97590310e-02 -2.85402936e-02 -4.29228253e-02 -2.08288297e-01
 -1.16342926e-01  2.39831539e-02 -7.37987768e-02 -1.89059489e-01
 -1.33848127e-01 -2.23612261e-02 -3.95013658e-02 -1.66078812e-01
 -1.14606220e-01 -2.09673624e-02 -1.99338607e-02 -1.68106853e-01
 -1.44778580e-01]",0.3016190476190476,0.0035714285714285713,0.0,0.7674,0.19215,0.0,0.31705263157894736,0.003263157894736842,0.0,0.7593888888888889,0.18816666666666668,0.0,0.32382352941176473,0.006058823529411765,0.0,0.76125,0.2054375,0.0,0.33113333333333334,0.006333333333333333,0.0,0.7417857142857143,0.18978571428571428,0.0,0.34807692307692306,0.011384615384615385,0.0,0.7244166666666667,0.16833333333333333,0.0,0.7167241379310345,0.1664655172413793,0.0,0.18265237111443763,4.9998119799059986e-05
3.9,0.095,707,0.659,0.05784697682051091,0.6439090909090909,0.11145398932087262,0.5585672926339111,550.0,0.04172291915646281,0.877723678108636,0.10841065919982451,550.0,0.14225053125261916,0.8286943420798214,0.23947307847506047,5,0.27240348827732347,8,0.38008817037668163,0.014006448279683729,10.0,1.1251787132644957,"[ 1.          0.01882947  0.07796003  0.31059053  0.22981526  0.33953192
  0.02268439  0.15386592  0.38008817  0.16221733  0.14871744  0.12524856
  0.31099673  0.24315307  0.04294485  0.09778284  0.26481521  0.25301119
  0.05444495  0.09592221  0.24681883  0.19246963  0.14119084  0.06795684
  0.21015123  0.22263165  0.04085316  0.11293396  0.18794212  0.18724942
  0.07659313  0.08976082  0.15904798  0.21621522  0.13355645  0.00972704
  0.18549691  0.17602214  0.0644557   0.13484063  0.10762339  0.16373744
  0.11341336  0.05266522  0.11678493  0.18593837  0.1219861   0.07632983
  0.10527665  0.16326488  0.13947465  0.08535765  0.09792722  0.15784351
  0.10633252  0.11904514  0.11753145  0.13097591  0.16801754  0.06550995
  0.11810784  0.13804039  0.12248802  0.08922845  0.06090414  0.1595188
  0.04671156  0.14115805  0.11220037  0.05561107  0.15834     0.05011141
  0.08742982  0.1225527   0.04254453  0.10401365  0.06873687  0.10527885
  0.07517884  0.03195028  0.11569594  0.06674639  0.09620217  0.05484779
  0.07405781  0.11150994  0.06100756  0.0952203   0.04192429  0.09585213
  0.07974622  0.06144479  0.10978537  0.04857285  0.11077381  0.05871859
  0.06818251  0.11451518  0.03871043  0.06212388  0.07671067  0.07350111
  0.06617728  0.06621643  0.1259451   0.05811075  0.07397361  0.11664709
  0.10159436  0.07743822  0.07029269  0.06576249  0.10349139  0.08967016
  0.03441081  0.11152534  0.09729361  0.04130243  0.08886659  0.05267966
  0.05006822  0.11089465  0.01191253  0.0968451   0.05434838  0.06069732
  0.11383943  0.0234072   0.10724201  0.06620897  0.0726118   0.06468986
  0.0342685   0.08288584  0.05136672  0.08928324  0.07999608  0.04357696
  0.09978948  0.07352696  0.09547673  0.0153794   0.09587636  0.08599109
  0.00717915  0.08972858  0.0605926   0.0794367   0.03085307  0.00376957
  0.11495922  0.0025718   0.05292959  0.02772026  0.00941883  0.10661438
 -0.01638473  0.0332858   0.06964018  0.00893661  0.06052589 -0.04070564
  0.1042917   0.02684497  0.01220274  0.01407148 -0.02385589  0.1006945
 -0.01462029 -0.02615685  0.04230932  0.0091389   0.08369199 -0.05206974
  0.01287096  0.07799928 -0.04093013  0.01431835 -0.01664723  0.04138557
  0.02637742 -0.03716435 -0.0042463   0.02159486  0.03187976 -0.03284892
 -0.00893583  0.02883765  0.00820697 -0.00506073 -0.04925332  0.02493385
  0.03915472 -0.02575227 -0.01981383  0.01182816  0.03300151 -0.00258731
 -0.01548909 -0.00946149  0.02703592  0.00906515 -0.07698536  0.00245842
  0.03428802 -0.01109148 -0.06520849 -0.00722026  0.04569897 -0.06266334
 -0.04735402 -0.01008019 -0.00729199 -0.03090391 -0.06439568 -0.05301301
 -0.03655204 -0.00481159 -0.09232578 -0.07682884  0.02882744 -0.10652379
 -0.04528687 -0.0810633  -0.05993453 -0.01177225 -0.15673587 -0.01678158
 -0.06142924 -0.09061911 -0.01803867 -0.11579861 -0.02527878 -0.06279566
 -0.1015886  -0.07177621 -0.0745307  -0.05943495 -0.08405548 -0.0572596
 -0.10039901 -0.06820348 -0.05956056 -0.08198558 -0.05504666 -0.09813218
 -0.06209915 -0.04142544 -0.12550331 -0.04953112 -0.0606033  -0.06138514
 -0.08878999 -0.0802808  -0.03371593 -0.06574401 -0.09726314 -0.11574287
 -0.0525333  -0.02645994 -0.15961566]",0.3564761904761905,0.005666666666666667,0.0,0.72785,0.13855,0.0,0.3885789473684211,0.009,0.0,0.695,0.12127777777777778,0.0,0.42158823529411765,0.01647058823529412,0.0,0.6700625,0.117625,0.0,0.4497333333333333,0.021,0.0,0.6321428571428571,0.09321428571428571,0.0,0.4816923076923077,0.02846153846153846,0.0,0.5998333333333333,0.0795,0.0,0.5925,0.06612068965517241,0.0,0.09391365402571283,0.00021205787109462518
3.9,0.095,1313,0.6575,0.05579487594589831,0.6424545454545454,0.10028311163570286,0.5565291426670403,4.135338345864661,0.03267646618585531,0.8980595219086951,0.041858070430548254,183.33333333333331,0.06165044393957394,0.8868036794187836,0.12075107439115162,5,0.13102755977368136,5,0.2327294347729714,0.0028801791656141713,9.0,1.1208564631245044,"[ 1.00000000e+00 -4.51304836e-02 -8.70387422e-02  1.39530664e-01
  2.08716442e-01  2.32729435e-01 -1.09363479e-01  2.32617545e-02
  2.06935547e-01  9.11494993e-02 -5.96183578e-02 -2.81525992e-03
  1.34534425e-01  1.07652533e-01 -6.70704019e-02 -2.45943307e-02
  1.16413948e-01  4.58943686e-02  2.71736392e-02 -1.66789663e-02
  1.20397885e-01  9.06931568e-02 -1.05612391e-02  1.76560137e-02
  8.69782079e-02  6.74644546e-02  2.80634667e-02 -1.47060242e-02
  1.53421210e-01  8.76688149e-02 -6.33718754e-02  1.44952553e-02
  3.44404048e-02  6.39453972e-02  2.49094559e-03 -5.13052772e-02
  3.44253258e-03  1.60195439e-02 -5.27666453e-03 -3.45294103e-02
  7.69930322e-03  7.16881909e-03  1.02114629e-02 -2.58892302e-02
  1.54782510e-02  6.11273970e-03  9.60736608e-03  1.28291593e-02
  2.36664485e-02  2.51485196e-02 -4.80356649e-03  1.43058261e-02
  4.21820375e-02  1.35176909e-02 -2.55935111e-03 -2.14419724e-02
 -4.59275344e-02  3.21869540e-02 -6.03723545e-03 -1.32670865e-01
 -4.68726726e-02 -3.29397135e-02 -4.79066893e-03 -4.87542157e-02
 -1.23409846e-01 -4.35556358e-02 -4.06494086e-02 -1.61162248e-02
 -1.18999402e-01 -7.47836083e-02 -9.43557384e-03  1.13975818e-04
 -7.97180884e-02 -7.94810239e-02  2.30405251e-02 -5.12740642e-02
 -2.93418349e-02 -6.88110310e-02 -1.09675513e-02 -2.00857049e-02
 -1.08479963e-01 -7.61948668e-02 -3.55949342e-02 -2.29497147e-02
 -1.09672459e-01 -7.76601959e-02 -6.60298827e-02 -6.54090439e-02
 -2.50564691e-02 -1.12751387e-01 -2.34055417e-02 -9.54079091e-03
 -9.81396740e-02 -6.72105255e-02 -1.25991323e-02  3.38911496e-03
 -1.14683958e-02 -7.03046355e-02  1.55030480e-03  2.80705685e-02
  2.30202583e-02 -9.28085220e-02  5.26513740e-02  1.65934139e-02
 -1.49192449e-02 -1.34371738e-02 -3.17996042e-02  1.13075991e-02
 -3.15728330e-02 -8.09601709e-02 -2.86768990e-02 -1.62363043e-02
 -1.39866845e-02 -9.44498808e-02 -3.97020710e-02 -1.37702065e-02
 -1.69443780e-02 -2.37344102e-02 -5.93831207e-02  1.84585346e-02
 -9.87010468e-04 -8.00005753e-02  3.33003478e-02  1.44432019e-02
  2.87599353e-02  5.63032111e-03 -4.44136243e-02  4.22885336e-02
  2.84031963e-02  6.85547785e-04 -1.79242404e-02 -3.20824108e-02
  3.43487383e-02 -1.38872767e-02 -3.19768740e-02 -7.75925629e-03
  1.12137197e-02 -3.34064345e-02  1.55338098e-02 -3.16872989e-02
  2.99084582e-02  1.73108604e-02 -2.12971034e-02  3.83543067e-02
  1.85249873e-02  5.10574413e-02 -1.76542073e-02 -6.68050157e-03
  1.08112786e-01 -1.20908857e-03  3.28157298e-02  1.32337682e-02
  8.75959793e-02  3.42772145e-02 -3.33940524e-02  7.24277913e-02
  4.63389237e-02  4.36167349e-02 -3.61643785e-02  5.27131096e-03
  7.44143557e-02 -8.30875357e-03 -1.20458488e-02  1.96081154e-02
 -4.94565488e-03  4.75422419e-02 -2.32929032e-02  1.91831681e-02
  6.92747353e-02  1.17262351e-02  1.48798201e-02  1.76496307e-02
  2.47346425e-02  1.00904784e-01  2.17293273e-02  1.65680759e-02
  5.44561129e-02  5.97331943e-02  2.47410913e-02  1.85821911e-02
  5.93867485e-02  3.54213774e-02  1.36477110e-02 -2.47811033e-02
  8.04096083e-02  5.61756101e-03  1.23870068e-02  2.34289208e-02
  2.56785406e-02  5.45269255e-02  2.34662493e-02  3.92753471e-02
 -1.88360768e-02  8.22613160e-02  9.62362848e-04 -1.09358946e-02
  1.00446157e-01 -3.34098516e-03  2.33156951e-02  6.25596798e-02
  4.22101695e-02  8.91378585e-02  2.24814980e-02 -4.64775128e-03
  5.22917632e-02  7.40448431e-02  1.51403951e-02  4.80566235e-02
  2.74597554e-02  3.33934443e-02 -1.87312647e-02  3.65367360e-02
  6.46175723e-02 -5.04009265e-02  8.34651840e-03  2.45393905e-02
 -2.09165206e-02  1.09593260e-02 -2.86890196e-02  7.53248937e-02
  5.77554873e-02 -7.46174998e-02  2.25198202e-03  5.12604345e-02
  1.47077589e-02 -1.83654725e-02 -3.47153477e-02  7.39975411e-02
  8.83354497e-03 -2.72367106e-03 -1.49374945e-02  3.92219161e-02
  5.01274135e-02 -3.34314527e-02 -3.34417459e-02  2.31567272e-02
  2.43659652e-02 -4.56334230e-02 -4.44669179e-02  1.42123187e-02
  4.21567385e-02 -5.21132936e-02 -4.90279169e-02  1.40602045e-02
  7.51753001e-03 -1.33521712e-02 -6.98602896e-02  5.73156776e-02
  6.03328460e-02 -6.65481416e-02 -3.16193580e-02  4.66997553e-02
  4.21014277e-02 -1.82699092e-02 -8.46534366e-02  4.57546171e-02
  1.83380323e-03 -5.01290138e-02 -3.79357768e-02 -4.11781565e-02
  3.43608529e-02]",0.3595714285714286,0.004904761904761905,0.0,0.7127,0.12785,0.0,0.3976842105263158,0.010210526315789474,0.0,0.6838333333333333,0.12283333333333334,0.0,0.4330588235294118,0.01888235294117647,0.0,0.664875,0.1021875,0.0,0.436,0.0182,0.0,0.6587857142857143,0.09642857142857143,0.0,0.43684615384615383,0.016153846153846154,0.0,0.6621666666666667,0.10908333333333334,0.0,0.6643103448275862,0.11155172413793103,0.0,0.09800625015593283,2.8796189831524313e-05
3.9,0.095,2029,0.6521818181818182,0.05700688663632616,0.6596363636363636,0.10803136979370451,0.5464857518578188,4.104477611940299,0.08635699276616818,0.8587902978542745,0.05730090954921878,4.044117647058823,0.09360305139614088,0.8335346110919437,0.11978846539094652,8,0.27560785155072376,8,0.3606086596689386,0.0034934311024620475,11.0,1.1130541494094186,"[ 1.         -0.03522001 -0.21159076  0.12069045  0.30973476  0.24475334
 -0.22068157 -0.03539603  0.36060866  0.11904576 -0.16185393 -0.03326718
  0.28063373  0.15824962 -0.14881983 -0.06572639  0.22425238  0.14806546
 -0.12077473 -0.09157871  0.19420508  0.16902498 -0.12737858 -0.12552074
  0.1449093   0.19452222 -0.16458652 -0.1194221   0.11363268  0.1622273
 -0.08200101 -0.19464829  0.14215648  0.22346685 -0.08960899 -0.16533138
  0.11633249  0.23308491 -0.08139869 -0.1825119   0.07951402  0.21129161
  0.03772223 -0.20027451  0.06705391  0.23030377  0.01007267 -0.12330591
  0.02577279  0.20836034 -0.02075358 -0.14860447  0.05437165  0.10789346
  0.08520032 -0.17451769 -0.01904313  0.16400895 -0.02699749 -0.08856288
 -0.00623422  0.1328074   0.05107863 -0.13667607 -0.02747376  0.09901549
  0.06261573 -0.08906809 -0.07226015  0.11727702  0.03414048 -0.10608433
 -0.07362239  0.05638628  0.12109942 -0.12709868 -0.08308852  0.11428486
  0.06387823 -0.02540066 -0.07012948  0.06573546  0.11494473 -0.0916548
 -0.01844831  0.07525013  0.04626453 -0.02261163 -0.12490742  0.04496348
  0.10907613 -0.06706944 -0.08866922  0.04912892  0.09274961 -0.0368093
 -0.06494089 -0.00147123  0.1126441  -0.03972944 -0.10658317  0.06953347
  0.035649    0.01124785 -0.06526765  0.01767567  0.09245422 -0.01102415
 -0.08334467  0.03581966  0.0773287  -0.00306737 -0.03683004 -0.03582621
  0.13621724  0.04654888 -0.1270205   0.01278591  0.07026335  0.02692813
 -0.0689109  -0.05724117  0.08629568  0.05808902 -0.06267629 -0.06161157
  0.1232845   0.03563857 -0.00215479 -0.05491243  0.06712834  0.11400077
 -0.05395169 -0.03434238  0.0202303   0.06149999  0.00150665 -0.07671686
  0.00240679  0.0642435   0.01150003 -0.04787865 -0.0278048   0.08840803
  0.0226335  -0.0291809  -0.02071618  0.02047845  0.0565207  -0.0295815
 -0.04851587  0.03481692  0.00440939 -0.01554327 -0.0621444   0.03964376
 -0.00102604 -0.00962308 -0.04257848  0.01714657  0.02570052  0.0129085
 -0.07061752 -0.00106641  0.07127191 -0.03336071 -0.015145   -0.01361574
  0.0031922   0.05753969 -0.04988015 -0.0059592   0.03078693  0.00599631
 -0.01193393 -0.0364852   0.03711076  0.071445   -0.04097709 -0.0297719
 -0.01140607  0.04106912  0.02547573 -0.05779677  0.00895296  0.0776359
 -0.01312582 -0.04398373  0.03117013  0.06168469 -0.00531916 -0.03593772
 -0.00868907  0.07338608  0.0112811  -0.07924127 -0.01601096  0.05867836
 -0.00389116 -0.07330692 -0.02908573  0.02183157  0.02407888 -0.09527867
 -0.01615502  0.05696225  0.0179254  -0.06894158 -0.0173204   0.08710484
  0.04417326 -0.06248179 -0.03063452  0.07519849  0.03646189 -0.04098267
 -0.05859849  0.02245836  0.10982185 -0.06482673 -0.05884897  0.03592867
  0.05282583  0.01136292 -0.05110321  0.0102548   0.10721915 -0.01399654
 -0.05397662  0.08559044  0.04453117 -0.01149238 -0.07248984  0.01551663
  0.06566914 -0.01496628 -0.06125299 -0.01047166  0.09910597 -0.00692027
 -0.06839643  0.02211116  0.03285182  0.01733349 -0.08114263  0.01800844
  0.06534542 -0.02619525 -0.06515703 -0.01003059  0.0980642   0.02514318
 -0.09202765 -0.01757768  0.12323286  0.01540939 -0.09515456 -0.01946111
  0.08677554  0.06237439 -0.0617319 ]",0.3411904761904762,0.004238095238095238,0.0,0.7347,0.1501,0.0,0.3656842105263158,0.004842105263157895,0.0,0.7117222222222223,0.13955555555555554,0.0,0.3926470588235294,0.00988235294117647,0.0,0.689875,0.1243125,0.0,0.41326666666666667,0.016533333333333334,0.0,0.672,0.11664285714285715,0.0,0.43153846153846154,0.016384615384615383,0.0,0.6503333333333333,0.1115,0.0,0.644051724137931,0.09948275862068966,0.0,0.11804608210760688,4.489252515941975e-06
3.9,0.095,3001,0.6577727272727273,0.055920342548519866,0.6396363636363637,0.09858938973639628,0.5765520015479836,2.6315789473684212,0.034620715366835544,0.893264509505719,0.06457430850227758,550.0,0.09047767207162881,0.8838261238972008,0.16337788344531867,8,0.19689323047542917,8,0.27524518858258057,-0.02706648451426426,10.0,1.1216323927945162,"[ 1.00000000e+00 -5.77547811e-02  2.55459907e-02  1.46081565e-01
  1.74781723e-01  2.01223578e-01  3.61245480e-02  3.73135338e-02
  2.75245189e-01  1.27352120e-01  8.03906024e-02  7.04530212e-02
  2.05582543e-01  1.22498369e-01  1.92261290e-03  1.31731177e-01
  1.70993326e-01  1.14661888e-01  3.33683725e-02  1.33364458e-02
  1.66139575e-01  1.18516550e-01  4.92848932e-02  5.11353851e-02
  1.36500600e-01  1.19354473e-01  1.20366603e-01 -3.47180058e-02
  1.02379029e-01  1.78762045e-01  2.84508235e-02  1.12247711e-02
  1.50289319e-01  7.18986076e-02  8.38434449e-02  6.23116509e-02
  6.60497309e-02  1.69379344e-01  4.32887691e-02 -1.52838061e-03
  1.58950940e-01  1.24228136e-01  5.47226930e-02  3.69320648e-02
  9.85612837e-02  1.45128909e-01  5.77559993e-02  8.78590947e-02
  3.94776343e-02  7.82721380e-02  1.17534287e-01  1.54704995e-02
  1.09544128e-01  1.02058711e-01  2.89889577e-02  7.95715345e-02
  8.65831346e-02  6.32606826e-02  5.55643997e-02  5.12555723e-02
  8.33261808e-02  1.03802577e-01  2.25090607e-02  6.63507371e-02
  7.21362551e-02  4.70571557e-02  7.44343017e-02  1.72645029e-02
  5.86880257e-02  1.18703442e-01  6.42595924e-02  2.28128929e-02
  7.87164277e-02  6.56192619e-02  4.61519111e-02  2.54383811e-03
  8.74584128e-02  6.19915926e-02  5.12326554e-02  5.41153689e-02
  6.49234483e-03  9.49542248e-02  3.63015639e-02 -2.83505664e-02
  2.43763786e-02  5.62531267e-02  5.31873866e-02  1.71585753e-02
  1.13328753e-02  8.59422389e-02  3.78685744e-02 -5.93248958e-02
  3.73607467e-02  4.38876958e-02  6.77345417e-02  1.78702193e-02
 -2.31088345e-02  5.39356878e-02  9.87697439e-03  3.30984335e-03
  5.53922875e-02 -3.64802247e-02  7.22842816e-02  1.07118109e-02
  4.59532027e-03  4.17131014e-02  2.64545622e-02  5.72990886e-02
  1.15466474e-02  2.67650047e-02  3.78714808e-02  2.40724537e-03
 -4.19422587e-02  2.88460142e-02 -3.44163132e-03  1.43258203e-02
  6.82339781e-03  1.07213277e-02 -5.66636346e-03  9.55988060e-02
 -7.78209163e-02  1.13024698e-02  2.22320908e-02 -2.57322327e-03
 -8.02820777e-03 -2.02870123e-02  1.75721999e-02  1.38908680e-02
 -2.97172050e-02  3.73933536e-03 -1.44220084e-02  3.73866504e-02
 -1.27118010e-03  1.82529189e-02 -4.25611155e-02 -8.24920864e-03
 -3.90369868e-02 -3.78978853e-03 -2.29663487e-02  4.97537324e-03
 -3.44238883e-02 -1.04727288e-03 -7.76573253e-04 -2.66141090e-02
 -3.59071894e-02  4.23634150e-02 -6.79241353e-02  1.14586156e-02
 -2.32641888e-02 -2.73961610e-02 -5.31367665e-02 -2.70656275e-02
 -3.22298214e-02  2.43352196e-02 -4.35734255e-02 -6.32346366e-02
 -3.19224645e-02 -6.10292349e-04 -5.28298487e-02 -2.12098806e-02
 -1.02503396e-01  1.74450250e-03 -1.74320576e-02 -3.83023456e-02
 -2.07287544e-02 -6.49014033e-02 -4.42481525e-02 -3.69457618e-02
 -4.47219695e-02 -1.22976509e-02 -9.97674912e-02 -3.76706265e-02
 -6.24759406e-02 -1.80696883e-02 -3.12807896e-02 -8.41278415e-02
 -7.57473149e-02 -1.90853437e-02 -2.05882968e-02 -4.37968133e-02
 -1.01337328e-01 -3.56132327e-02 -2.78602016e-02 -5.64866063e-02
 -1.08238517e-01 -2.93234117e-02 -4.97260539e-02 -5.74223368e-02
 -2.10629920e-02 -8.61827680e-02 -6.61910233e-02 -5.97610044e-02
 -9.86756150e-02 -3.02425760e-02 -5.04513577e-02 -7.92716229e-02
 -3.33655032e-02 -2.52587619e-02 -2.62311496e-02 -1.00413049e-01
 -8.05182349e-02 -4.99474938e-02 -2.67791593e-02 -5.20521191e-02
 -6.03758975e-02 -4.64635471e-02 -5.00309435e-02 -7.08043012e-02
 -6.96952403e-02 -2.04186705e-02 -8.47970155e-02 -8.27526632e-02
 -4.70378192e-02  7.55970870e-03 -5.64309155e-02 -1.23598130e-01
 -3.19596597e-02 -6.24566473e-02 -5.59296982e-02 -3.21967878e-02
 -1.01331515e-01 -1.77399525e-02 -3.08711289e-02 -8.40089714e-02
 -3.83766371e-02 -4.94263649e-02 -2.29845103e-02 -9.46513264e-02
 -3.51834810e-02 -6.66327653e-02 -7.52643396e-02 -3.06642270e-02
 -2.31050563e-02 -7.55813926e-02 -1.16309504e-02 -6.66563810e-02
 -4.82444286e-02 -2.67698218e-02 -3.82871954e-02 -5.61747539e-02
 -6.59184747e-02 -6.06975326e-02 -3.27558107e-02 -8.10403409e-02
 -4.54224271e-02 -4.39596560e-02 -8.22467710e-02 -6.87897112e-03
 -4.78580249e-02 -8.86602236e-02 -3.71593607e-02 -3.51320137e-02
 -8.08844549e-02 -3.88164312e-02 -4.55774227e-02 -9.77000488e-02
 -3.43141825e-02 -6.66018280e-02 -4.11921951e-02 -5.48539369e-02
 -6.15350034e-02]",0.3570952380952381,0.004952380952380952,0.0,0.73055,0.1406,0.0,0.3764736842105263,0.006842105263157895,0.0,0.7199444444444445,0.14327777777777778,0.0,0.3931176470588235,0.011176470588235295,0.0,0.7009375,0.133875,0.0,0.40426666666666666,0.0134,0.0,0.6846428571428571,0.12428571428571429,0.0,0.43123076923076925,0.018153846153846152,0.0,0.6590833333333334,0.10541666666666667,0.0,0.6518103448275862,0.09137931034482759,0.0,0.11858607115450771,3.263871814430014e-05
3.9,0.1117,101,0.6053181818181819,0.054690356773081504,0.7358181818181818,0.0982980793133529,0.28364473755742425,550.0,0.0863676190120554,0.8717825897478041,0.22797413377685516,550.0,0.25353003163367843,0.7313154435500392,0.4821777334809957,4,0.3114295706221026,4,0.5444172168396315,-0.0077336866049983735,11.0,1.0792,"[ 1.00000000e+00  3.54747283e-01  4.23861413e-01  4.91767843e-01
  5.44417217e-01  3.66293149e-01  4.10004513e-01  4.98139071e-01
  4.07983843e-01  3.75220050e-01  3.55424498e-01  4.55116032e-01
  3.55552371e-01  3.18217791e-01  3.77993625e-01  3.79163480e-01
  3.29464509e-01  2.84940176e-01  4.20854174e-01  2.99854684e-01
  2.97935152e-01  2.65368081e-01  3.40997978e-01  2.98889046e-01
  2.46767832e-01  3.29053767e-01  2.98908939e-01  2.62311638e-01
  2.33444646e-01  2.64117634e-01  2.74225499e-01  2.18474341e-01
  2.31474872e-01  2.17724665e-01  2.50946482e-01  1.69455564e-01
  2.31576663e-01  1.80396292e-01  1.93186417e-01  1.84610847e-01
  1.98882372e-01  1.80631513e-01  1.49742564e-01  2.12804506e-01
  1.92405103e-01  1.39069346e-01  1.84458832e-01  1.96918805e-01
  1.69126086e-01  1.79971230e-01  2.17904106e-01  2.26130285e-01
  2.10231535e-01  1.70201011e-01  2.43211942e-01  1.72680993e-01
  2.05769381e-01  1.96926954e-01  2.05693691e-01  1.93895305e-01
  1.80278527e-01  1.64850198e-01  2.07283725e-01  1.71557131e-01
  1.68289628e-01  2.28395612e-01  1.79300492e-01  1.51641201e-01
  1.95282429e-01  2.10564932e-01  1.48094443e-01  1.56524186e-01
  1.74362362e-01  1.53829530e-01  1.58158908e-01  1.45419680e-01
  1.50626608e-01  1.48306790e-01  1.48942931e-01  1.06700570e-01
  1.52497184e-01  1.10725245e-01  1.42809498e-01  1.06212196e-01
  1.21901828e-01  1.14540802e-01  1.11139870e-01  8.15988923e-02
  1.12342015e-01  9.97362156e-02  1.12800040e-01  6.45123338e-02
  1.13601899e-01  1.01733378e-01  6.97068644e-02  6.16718519e-02
  6.97013095e-02  9.31845443e-02  5.72612288e-02  6.91173522e-02
  7.31798727e-02  8.71212469e-02  2.97621020e-02  7.71034097e-02
  8.25771950e-02  4.81985730e-02  3.37812224e-02  6.58021816e-02
  9.23115102e-02  2.37255400e-02  3.95486005e-02  1.03488093e-01
  4.75402129e-02  3.75533785e-02  7.13858885e-02  1.20068325e-01
  5.98165154e-02  9.23711892e-02  9.85822535e-02  1.32548192e-01
  7.94159992e-02  1.07673586e-01  1.16033194e-01  8.02433067e-02
  1.16427925e-01  1.05036668e-01  1.00694893e-01  9.60229671e-02
  1.31470306e-01  1.14567419e-01  8.54335701e-02  1.10665063e-01
  8.30759072e-02  1.27391121e-01  9.24787844e-02  9.99043917e-02
  1.07126435e-01  1.24360760e-01  4.81847511e-02  1.10579550e-01
  1.04763217e-01  6.74286367e-02  9.46752443e-02  9.96786080e-02
  9.27880030e-02  4.90710845e-02  5.75008281e-02  8.34063065e-02
  3.68668584e-02  3.48840337e-02  2.53744634e-02  7.52013078e-02
  1.77769290e-03  3.27945158e-02  4.65323257e-02  5.39579330e-02
 -2.98782502e-02  5.36552458e-03  3.77867698e-02 -1.58090023e-02
 -3.88273704e-02  1.16734599e-02 -2.58353988e-04 -4.84759242e-02
 -3.70902224e-02 -3.50428169e-02 -5.78109425e-03 -1.85904583e-02
 -6.72151570e-02 -1.98738493e-02 -6.53632541e-03 -6.57138636e-02
 -7.87900850e-02 -1.90843869e-02 -6.01823401e-02 -1.05050509e-01
 -5.05194481e-02 -4.67306274e-02 -7.43197828e-02 -7.13383767e-02
 -5.93488245e-02 -5.35380463e-02 -9.06759049e-02 -7.82159311e-02
 -3.57824037e-02 -4.28765729e-02 -8.87488776e-02 -5.02822872e-02
 -3.80891708e-02 -8.99435276e-02 -1.00534212e-01 -5.52781552e-02
 -5.37713070e-02 -6.77883716e-02 -9.28919903e-02 -4.24612956e-02
 -6.92498789e-02 -5.96757279e-02 -1.02858932e-01 -4.02605685e-02
 -1.20073364e-01 -7.40098924e-02 -8.10407685e-02 -1.10244753e-01
 -9.27435703e-02 -7.02011787e-02 -1.26289330e-01 -1.00053701e-01
 -8.38303546e-02 -1.19486813e-01 -1.04878295e-01 -1.05856984e-01
 -1.02468449e-01 -1.02436159e-01 -1.22638840e-01 -1.20324577e-01
 -1.52014098e-01 -9.01598563e-02 -1.12848074e-01 -1.12885919e-01
 -1.23813597e-01 -8.97142294e-02 -1.08772503e-01 -1.17081215e-01
 -1.14900381e-01 -9.75959201e-02 -1.25262054e-01 -1.22477369e-01
 -1.14918333e-01 -9.32534918e-02 -1.44033577e-01 -1.11141910e-01
 -9.54522781e-02 -1.29367321e-01 -1.48292166e-01 -6.97696038e-02
 -9.87067309e-02 -1.40078384e-01 -1.04567752e-01 -7.69208581e-02
 -1.06735535e-01 -1.26130802e-01 -9.53243856e-02 -5.53763948e-02
 -9.13065528e-02 -1.00822966e-01 -6.54457622e-02 -4.25030846e-02
 -8.19930511e-02 -7.48411437e-02 -5.54582746e-02 -1.93819298e-03
 -7.44911002e-02 -3.68952174e-02 -2.85989025e-02 -3.69076148e-02
 -4.71613066e-02 -4.29721999e-02 -5.71330999e-03 -5.58194091e-02
 -6.69506510e-02]",0.260047619047619,0.004047619047619047,0.0,0.78185,0.3074,0.0,0.2868421052631579,0.006263157894736842,0.0,0.7532222222222222,0.2766111111111111,0.0,0.3153529411764706,0.011,0.0,0.7206875,0.2426875,0.0,0.3394666666666667,0.012266666666666667,0.0,0.6994285714285714,0.21707142857142858,0.0,0.3640769230769231,0.017846153846153845,0.0,0.67425,0.21091666666666667,0.0,0.6715517241379311,0.21767241379310345,0.0,0.24065262177880598,0.0003784262746671205
3.9,0.1117,707,0.6132727272727273,0.05195031001585844,0.7146363636363636,0.09472138351960327,0.30844446711869605,550.0,0.07649330628705117,0.871761363173685,0.1783942930247381,550.0,0.20395987798660445,0.7657007036683037,0.43280033756005437,2,0.23989994847095694,4,0.46214359015498263,-0.04535218996256172,13.0,1.1148773223656219,"[ 1.00000000e+00  2.65804313e-01  4.30288562e-01  4.35397924e-01
  4.62143590e-01  3.48049246e-01  3.86595444e-01  4.03208736e-01
  3.53454972e-01  3.47208704e-01  3.04757619e-01  4.09374271e-01
  3.01865970e-01  3.30279793e-01  3.43346754e-01  3.12634485e-01
  2.84307010e-01  3.08519582e-01  3.23971335e-01  3.22346352e-01
  2.55874169e-01  3.24310873e-01  2.74557109e-01  2.76330156e-01
  2.45679603e-01  3.32861201e-01  1.89024652e-01  2.60562784e-01
  2.48657125e-01  2.62737322e-01  2.55032914e-01  2.12581829e-01
  2.50559693e-01  2.25271930e-01  2.27848198e-01  1.82802303e-01
  2.70997139e-01  1.98593832e-01  1.83290143e-01  2.26395910e-01
  2.08979160e-01  1.83987999e-01  1.94138677e-01  2.14298300e-01
  2.01824306e-01  1.37316883e-01  1.91123360e-01  1.44409308e-01
  1.73539767e-01  1.33411759e-01  1.49011813e-01  1.52601318e-01
  1.59082235e-01  1.00271049e-01  9.42347976e-02  1.69109245e-01
  9.04782121e-02  1.18298831e-01  1.06689774e-01  1.01518459e-01
  1.03736410e-01  1.09327519e-01  7.85286653e-02  8.70360568e-02
  1.10210521e-01  7.40737481e-02  9.48017048e-02  5.86400611e-02
  7.45984326e-02  9.76494666e-02  5.62116189e-02  6.50773280e-02
  7.35847195e-02  7.94724315e-02  4.08642799e-02  3.22083494e-02
  9.27491704e-02  2.61904021e-02  9.57687286e-03  3.50126994e-02
  6.01519237e-02 -2.34835808e-02  1.25046536e-02  1.70825258e-02
 -1.64406407e-03 -2.76242872e-03 -1.08748954e-02  4.49580557e-02
 -1.11717355e-02  4.26347407e-02 -1.13202744e-02  2.16282475e-02
 -2.87187210e-02  4.88988361e-02 -1.20871260e-02  2.23195368e-02
 -5.32717832e-02  3.23650881e-02 -2.38512889e-02 -1.58505162e-02
  2.94051567e-02 -1.51341187e-02  7.83032945e-03 -3.96252277e-02
  2.90214931e-02 -1.89406828e-02  3.49523791e-02 -1.83725865e-02
  5.71567802e-02 -3.86375741e-02  1.86535179e-02 -9.99723746e-04
  6.37423483e-02 -2.77641692e-02 -1.37682059e-03 -8.06799142e-03
  8.60701534e-03 -9.43978434e-03 -1.37461626e-02  2.34901962e-02
 -1.93192066e-02  1.55705126e-03 -1.30300030e-02  2.85559080e-02
 -1.02005448e-02  9.72419089e-03 -1.94065058e-02  5.37440088e-03
 -2.82541491e-02 -1.36927742e-04 -1.31424104e-02  3.57461795e-02
 -4.92608801e-02 -4.36352482e-03 -2.48817028e-02 -9.36823470e-03
 -3.67690586e-02  1.03030727e-02 -4.82115111e-02 -1.27298954e-02
 -9.14039025e-03 -3.61266895e-04  1.37806461e-02 -3.33950180e-03
  2.32578633e-02 -2.34561882e-02  4.84402616e-02 -4.43760957e-02
  8.05882539e-03  2.52919317e-03 -3.44534241e-03 -1.57093194e-02
  5.67355716e-03  3.54195502e-03 -2.58853439e-02 -8.55541727e-03
 -7.49900581e-03  1.51937105e-02 -7.48795365e-02  2.47326431e-02
 -1.19973348e-02  5.69090948e-03 -9.38545974e-04 -2.47930387e-02
  1.71511899e-02 -3.75204605e-02 -1.72374072e-02  1.48710488e-02
 -5.73839565e-02 -3.03665583e-02 -6.36400230e-03 -2.41390701e-02
 -5.76810343e-02  6.46783318e-03 -1.88199300e-02 -2.92057332e-02
 -3.90232022e-02 -3.92766305e-02  1.66429064e-02 -6.35945680e-02
 -1.53389083e-03 -3.40009022e-02  8.53653085e-03 -8.18950338e-02
  1.08593703e-02 -3.43348251e-02 -2.70755580e-02 -5.23016058e-02
 -3.16353645e-02 -2.41412105e-02 -6.84704694e-02 -6.11246166e-02
 -4.59694660e-02 -4.67295131e-02 -9.11453578e-02 -3.13211721e-02
 -7.63670663e-02 -7.79303343e-02 -8.41397568e-02 -5.92722644e-02
 -9.51373058e-02 -5.42311851e-02 -9.99319992e-02 -4.79419815e-02
 -8.70816223e-02 -7.37429303e-02 -6.66319643e-02 -6.17574897e-02
 -1.02058669e-01 -3.68348487e-02 -8.33388838e-02 -8.64220081e-02
 -5.72298338e-02 -8.52238623e-02 -7.23052032e-02 -1.16214429e-01
 -5.51052741e-02 -7.91080680e-02 -8.08196371e-02 -8.87589323e-02
 -1.07250635e-01 -1.15399947e-01 -9.33004352e-02 -1.15276754e-01
 -1.33051822e-01 -1.33811869e-01 -1.16210210e-01 -1.76541253e-01
 -1.09945877e-01 -1.49357250e-01 -1.44062742e-01 -1.23631388e-01
 -1.23403068e-01 -1.35605329e-01 -1.74596669e-01 -8.64267041e-02
 -1.56828406e-01 -1.32999021e-01 -1.35365510e-01 -1.07334875e-01
 -1.83012780e-01 -9.50528320e-02 -1.38962058e-01 -1.07891710e-01
 -1.74450478e-01 -1.22608762e-01 -1.07985100e-01 -1.66227952e-01
 -1.24160293e-01 -1.36090823e-01 -9.60496383e-02 -1.65289801e-01
 -1.11718212e-01 -1.25020297e-01 -1.03934023e-01 -1.34967764e-01
 -1.01957526e-01 -1.22562290e-01 -1.47726622e-01 -1.12331593e-01
 -1.41968908e-01]",0.2752380952380952,0.0016190476190476191,0.0,0.7524,0.2162,0.0,0.33973684210526317,0.009263157894736843,0.0,0.6908333333333333,0.16305555555555556,0.0,0.39458823529411763,0.018058823529411766,0.0,0.6385625,0.11575,0.0,0.445,0.033133333333333334,0.0,0.5850714285714286,0.08685714285714285,0.0,0.5021538461538462,0.061153846153846156,0.0,0.52375,0.06208333333333333,0.0,0.513448275862069,0.05543103448275862,0.0,0.10414356464313124,0.00016030493466769733
3.9,0.1117,1313,0.571590909090909,0.04533677926054085,0.8330909090909091,0.08921623837666909,0.19234134128788494,550.0,0.11472240726835878,0.833720060745902,0.22381792642595508,550.0,0.22435765151638706,0.7240852252529181,0.44259848754832737,11,0.4412710778277588,11,0.6235506030501379,0.009622128865204279,9.0,1.033261923553952,"[ 1.00000000e+00  3.81272529e-01  3.27140367e-01  4.26835829e-01
  4.95122430e-01  3.33057999e-01  3.94105506e-01  5.09211557e-01
  3.73802606e-01  2.59330128e-01  3.58253088e-01  6.23550603e-01
  3.67074769e-01  2.50511135e-01  3.44117950e-01  3.57959756e-01
  2.71469718e-01  2.98068193e-01  4.89697652e-01  2.66150764e-01
  2.10498517e-01  2.90962411e-01  4.50225687e-01  3.26053322e-01
  2.44324970e-01  2.85956090e-01  2.79802132e-01  2.25292025e-01
  2.19331193e-01  4.08298426e-01  2.49467291e-01  1.56132716e-01
  2.23646815e-01  3.82901784e-01  2.35307234e-01  2.21149986e-01
  2.96272816e-01  1.97227540e-01  1.66131312e-01  1.98625308e-01
  3.46274055e-01  2.58633570e-01  1.77283163e-01  2.20039811e-01
  2.82977041e-01  2.17037224e-01  2.03266227e-01  2.68302919e-01
  1.94569551e-01  1.72988391e-01  1.90248311e-01  2.68218185e-01
  2.60149585e-01  1.82032474e-01  1.87677864e-01  1.96564857e-01
  2.07534698e-01  1.57022083e-01  2.15205933e-01  2.06952513e-01
  1.28835402e-01  1.36765073e-01  1.74197270e-01  2.11814285e-01
  1.44740634e-01  1.58565827e-01  1.48221251e-01  1.99930203e-01
  1.03547152e-01  1.92367361e-01  2.03916579e-01  1.22944117e-01
  9.52743100e-02  1.76300968e-01  1.62143720e-01  1.18290822e-01
  1.27547453e-01  1.34721235e-01  1.34076546e-01  8.66124078e-02
  9.20646727e-02  1.70042854e-01  1.06588749e-01  4.65527597e-02
  8.51354031e-02  1.56252435e-01  5.41503759e-02  6.15006706e-02
  1.16451224e-01  9.18215875e-02  1.82813449e-02  6.96123519e-02
  1.37504395e-01  1.01260228e-01  1.80034857e-02  7.42893055e-02
  1.31515834e-01  4.67390060e-02  6.01826821e-04  1.16656893e-01
  8.55606645e-02 -9.31060782e-03  4.56316395e-02  1.25709282e-01
  3.27443463e-02  1.06874137e-03  6.85828397e-02  8.05016960e-02
  3.79840636e-02  2.12614818e-03  9.24830548e-02  6.72823477e-02
 -1.17920844e-02  4.41074843e-02  1.03240349e-01  3.52093760e-02
 -1.94938562e-02  9.33279140e-02  6.35586452e-02  4.33044444e-02
 -9.26398584e-04  1.03892082e-01  4.72825138e-02  1.48510196e-02
  2.44939015e-02  9.84745912e-02  3.53984314e-02 -3.10958431e-02
  8.62861823e-02  7.57484814e-02  2.42868513e-02 -8.97242854e-04
  1.04878559e-01  2.92471615e-02 -6.98869866e-03  4.07310680e-02
  1.01955088e-01  3.50828684e-02 -2.15183936e-02  9.74003298e-02
  8.76268248e-02  3.02613670e-02  3.03974875e-02  1.09148171e-01
  3.69431943e-02  1.08017788e-02  9.27940643e-02  9.27287528e-02
  4.98331758e-02  1.93246307e-02  9.23646120e-02  7.95509368e-02
  5.55006766e-02  1.79461635e-02  9.40346214e-02  4.65787892e-02
  2.04373737e-02  7.92005999e-02  9.07498180e-02  2.93951753e-02
  1.77319470e-02  6.75428690e-02  6.97701447e-02  3.79180272e-02
  4.07080666e-02  8.27171313e-02  3.88725394e-02  9.68264732e-03
  6.40621309e-02  8.76121299e-02  1.61630425e-02  1.76178160e-02
  6.07690211e-02  2.52973567e-02  1.53307261e-02  2.63171805e-02
  2.39758946e-02 -2.36730632e-02  2.91710590e-03  6.10170298e-03
  5.23013846e-02 -1.70482410e-02  3.59959766e-02  5.10118043e-03
  2.02699454e-02  1.35931700e-03  2.58666373e-02  3.53789414e-03
  8.80534001e-03  3.02558772e-02  2.88719126e-02  2.44311650e-02
  3.63583278e-02  2.69627674e-02 -1.99219946e-02  1.00945957e-02
  1.23218714e-02 -2.06640801e-02 -1.68264279e-03 -6.31651599e-03
  6.75278720e-03 -1.34848007e-02 -1.44908206e-02 -2.79376984e-04
  6.50815394e-03 -2.43866423e-02 -2.29235623e-02  1.39063241e-03
 -3.90192318e-02 -2.23220753e-02  1.20699511e-02  8.01545458e-03
 -3.31586054e-02 -1.55124340e-02 -3.32809220e-02  1.44305382e-02
 -4.13982215e-02 -2.92862396e-02 -1.31601534e-02 -5.73743834e-02
 -8.35074924e-02 -4.00091975e-03 -8.62648648e-03 -6.46483718e-02
 -6.86945618e-02 -2.34522015e-02 -6.40634977e-02 -9.78136450e-02
 -3.81014039e-02 -3.13055665e-02 -1.15494711e-01 -9.17598930e-02
 -2.67148946e-02 -1.97342381e-02 -9.84058061e-02 -1.04744583e-01
 -3.17046021e-02 -9.76361129e-02 -1.16731560e-01 -2.52325134e-02
 -3.44266417e-02 -1.21680876e-01 -1.12029687e-01 -6.62245633e-02
 -8.53200108e-02 -1.01560107e-01 -1.11518431e-01 -7.86464900e-02
 -1.32006150e-01 -1.29787181e-01 -9.15824818e-02 -6.47991872e-02
 -1.47854498e-01 -1.70762618e-01 -1.15434119e-01 -1.28818864e-01
 -1.42589861e-01 -1.20375128e-01 -1.02930389e-01 -1.41820168e-01
 -1.80332002e-01]",0.15742857142857142,0.0008571428571428571,0.0,0.8603,0.4568,0.0,0.1743157894736842,0.0013684210526315789,0.0,0.8477777777777777,0.45944444444444443,0.0,0.19376470588235295,0.0022941176470588237,0.0,0.8255,0.417625,0.0,0.20173333333333332,0.0022,0.0,0.8238571428571428,0.4247142857142857,0.0,0.20515384615384616,0.002769230769230769,0.0,0.8193333333333334,0.41675,0.0,0.8134482758620689,0.39439655172413796,0.0,0.43316896356653317,0.00047946061479717066
3.9,0.1117,2029,0.5660454545454545,0.046690934756435876,0.847090909090909,0.09620381257371771,0.1660712093866309,550.0,0.06930107655852215,0.8305785359481742,0.2457795224506607,550.0,0.1333286146804504,0.7481810874083995,0.4371166793128796,11,0.4637776562563677,11,0.6178179727041212,0.03403718323345473,13.0,1.0299546811097602,"[ 1.00000000e+00  3.11525685e-01  3.59306098e-01  4.49237607e-01
  5.51475835e-01  2.82046129e-01  2.94436910e-01  5.57650103e-01
  3.69690131e-01  2.80851848e-01  3.02025744e-01  6.17817973e-01
  2.52995562e-01  2.22167272e-01  4.14715499e-01  3.60313171e-01
  2.18604748e-01  1.76423416e-01  5.28124977e-01  2.35006934e-01
  1.65842257e-01  2.32633704e-01  4.16804218e-01  1.48185315e-01
  1.39863089e-01  3.57401582e-01  2.21849198e-01  1.58663755e-01
  1.42974641e-01  3.90500383e-01  1.49384526e-01  9.34516711e-02
  2.18658514e-01  2.90909494e-01  9.44575097e-02  1.12222100e-01
  3.25888736e-01  1.79588734e-01  8.14190597e-02  1.47171106e-01
  3.08692683e-01  9.60049733e-02  7.19667210e-02  2.59980517e-01
  1.92666045e-01  9.49017732e-02  1.23385407e-01  3.01114136e-01
  1.54728410e-01  9.42896990e-02  1.71857339e-01  2.87270240e-01
  1.03473229e-01  9.55849787e-02  2.88076056e-01  2.24256614e-01
  8.87328045e-02  1.60869486e-01  2.84111825e-01  1.40267452e-01
  9.10960597e-02  2.18267406e-01  2.43313159e-01  8.32044847e-02
  1.06285735e-01  2.62953204e-01  1.81915784e-01  6.85212097e-02
  1.45569149e-01  2.00516427e-01  1.31785727e-01  5.32039359e-02
  2.31018389e-01  2.01115201e-01  6.79898716e-02  1.18602741e-01
  2.05067795e-01  1.20101368e-01  2.18745452e-02  1.73139630e-01
  1.46126048e-01  9.29970753e-02  5.46876002e-02  1.92635139e-01
  1.91622650e-01  3.58483845e-02  1.18327282e-01  1.48775420e-01
  1.21270712e-01  2.94570990e-02  1.70379967e-01  1.65438472e-01
  5.43566544e-02  8.58156179e-02  1.41311171e-01  1.64363847e-01
 -1.25859779e-02  1.40615036e-01  1.16114232e-01  6.59891631e-02
  1.39853146e-02  1.27376563e-01  1.31218184e-01  1.67270597e-02
  7.21940384e-02  1.23212310e-01  1.11337905e-01 -1.39865615e-02
  1.31385014e-01  1.32422752e-01  1.73833532e-02  3.84715256e-02
  1.08729428e-01  1.26842271e-01 -2.11025571e-02  8.68577333e-02
  1.14387690e-01  7.79569946e-02 -5.56462907e-03  1.15741782e-01
  1.21633629e-01 -2.18888520e-03  6.75493163e-02  9.20753694e-02
  1.03860726e-01 -3.22685076e-02  8.36355194e-02  1.30319383e-01
  3.84486204e-02  1.42674952e-02  1.22284935e-01  1.23265524e-01
 -1.03795063e-02  7.26190919e-02  8.39418975e-02  6.53060290e-02
 -3.30636671e-02  9.16806244e-02  1.04939359e-01  2.23525397e-03
  6.30474673e-02  9.68763360e-02  9.67889497e-02 -1.52465452e-02
  9.47353977e-02  8.88116509e-02  4.70642951e-02  1.49965824e-02
  8.02575025e-02  1.16599149e-01 -6.78938805e-03  7.76254384e-02
  5.94521212e-02  6.23686389e-02 -1.43343727e-02  8.93200838e-02
  5.24554115e-02  1.36262359e-02  2.24076886e-02  6.27354912e-02
  7.30760451e-02 -2.91940829e-02  7.68874281e-02  5.14043730e-02
  3.27685046e-02 -7.10007179e-03  5.72357459e-02  6.91068264e-02
 -1.83438036e-02  3.21833424e-02  5.08730350e-02  2.53328307e-02
 -2.38385613e-02  7.73316916e-02  3.80971140e-02  6.60625089e-03
  5.53661298e-03  4.77431949e-02  8.36794398e-02 -5.30171685e-03
  5.75892980e-02  5.80501867e-02  3.50513352e-02 -6.29061854e-03
  7.77759551e-02  4.04487315e-02  2.92940485e-02  4.00685790e-02
  5.48292652e-02  6.08068361e-02 -1.23000631e-04  4.66180119e-02
  6.87455851e-02 -1.86389467e-03  6.48358146e-03  6.54741645e-02
  4.39201158e-02  5.86808020e-02  5.27570552e-02  5.07908895e-02
  5.63916330e-02  1.55979542e-02  4.41958866e-02  4.57818999e-02
  1.74092391e-02  8.13333554e-03  4.35213054e-02 -5.94119024e-03
  1.36736048e-02  1.01696974e-03 -5.28360445e-03 -1.60043109e-02
 -9.67848713e-03 -2.34461023e-04  1.32297764e-03  1.84101552e-03
 -2.85532976e-02 -2.69672844e-02 -5.58310709e-02 -2.05002502e-02
 -5.33216178e-02 -4.09308368e-02 -3.89965707e-02 -5.52911085e-02
 -7.16244234e-03 -4.05320849e-02 -2.24763911e-02 -4.55038171e-02
 -3.76188922e-02 -8.02913504e-02 -2.43332460e-02 -6.21801699e-02
 -5.81956769e-02 -2.18540299e-02 -4.99355870e-02 -2.59292344e-02
 -7.20967224e-02 -1.66583183e-02 -4.07537198e-02 -5.39586298e-02
 -3.28704574e-02 -4.13069824e-02 -3.24969550e-02 -5.05559739e-02
 -1.91827342e-02 -3.49575716e-02 -2.41544665e-02 -6.83860259e-02
 -1.19653702e-02 -1.69354399e-02 -7.34165698e-02 -1.74243967e-03
 -3.12402250e-02 -1.36185078e-02 -4.20197431e-02 -6.19779657e-03
 -2.14529336e-02 -1.84792667e-02 -5.23971842e-02 -9.15120148e-03
 -2.38866381e-02]",0.14614285714285713,0.00042857142857142855,0.0,0.8731,0.4821,0.0,0.1541578947368421,0.0007894736842105263,0.0,0.8675,0.4831666666666667,0.0,0.1701764705882353,0.0012352941176470588,0.0,0.842875,0.432625,0.0,0.18713333333333335,0.0026,0.0,0.8308571428571428,0.43357142857142855,0.0,0.19638461538461538,0.0043076923076923075,0.0,0.81775,0.42083333333333334,0.0,0.8182758620689655,0.4221551724137931,0.0,0.4485870794066614,0.0005435102573155113
3.9,0.1117,3001,0.6164090909090909,0.055841218965359186,0.7115454545454546,0.10237352608450685,0.3138384504979482,550.0,0.0708327516316242,0.8675458567203257,0.24420448500042993,550.0,0.18685589922035373,0.7246461983652969,0.5095568265686492,6,0.2968696707813305,3,0.5577772339046224,-0.026972974803677656,12.0,1.1168664383561644,"[ 1.00000000e+00  4.16333043e-01  4.66853990e-01  5.57777234e-01
  5.36835758e-01  3.90784770e-01  4.69030201e-01  4.76380189e-01
  4.51201736e-01  3.87422865e-01  4.11454227e-01  4.62475915e-01
  4.09439710e-01  4.17757272e-01  3.63820522e-01  4.11272361e-01
  4.08113100e-01  3.32623990e-01  3.78307860e-01  3.98335661e-01
  3.57076723e-01  3.53417509e-01  3.81585700e-01  3.49668143e-01
  3.41938340e-01  3.54893471e-01  3.34352588e-01  3.67158349e-01
  3.01511360e-01  3.30180292e-01  3.31224888e-01  2.87697239e-01
  2.93712970e-01  3.39096395e-01  2.86227367e-01  3.00817200e-01
  3.18976883e-01  2.93765310e-01  3.08154847e-01  2.82276145e-01
  3.33197685e-01  3.23733032e-01  2.59954161e-01  2.62933904e-01
  3.03246047e-01  2.71428637e-01  2.21127975e-01  2.55768735e-01
  2.75763415e-01  1.99406881e-01  2.22270373e-01  2.59947120e-01
  2.14284028e-01  1.88338298e-01  2.33388159e-01  2.17184401e-01
  1.82230855e-01  2.27013392e-01  1.77180351e-01  1.38757105e-01
  2.25443371e-01  1.45917580e-01  1.97072536e-01  2.28276715e-01
  2.04599696e-01  1.91898758e-01  2.15162843e-01  1.98425225e-01
  2.11180060e-01  1.72656666e-01  1.77204082e-01  1.76313532e-01
  1.39558108e-01  1.67526003e-01  1.39444829e-01  1.45026848e-01
  1.63686482e-01  1.22227248e-01  1.14697741e-01  1.17176743e-01
  1.32566974e-01  8.04983422e-02  9.46875832e-02  1.14515087e-01
  1.10588549e-01  4.89782413e-02  8.61542478e-02  1.08884472e-01
  4.64067388e-02  5.37567271e-02  9.62374325e-02  5.14086460e-02
  1.48535181e-02  5.13623958e-02  4.16643264e-02  3.86052134e-02
  3.37111020e-02  4.16950992e-02  3.88362825e-02 -4.59121803e-03
  4.91660138e-02  4.17366553e-02  4.48496663e-02  4.23244140e-02
  6.49544899e-02  5.33883023e-02  4.28228078e-02  4.02975555e-02
  5.72893682e-02  6.17035168e-02  1.81758681e-02  1.00123526e-02
  6.21348823e-02  1.54710975e-02 -4.16924080e-03  3.51422086e-02
  2.98814130e-02  3.19267024e-02 -3.69397213e-03  5.82457897e-03
  3.31253449e-02 -5.29790138e-03 -7.58973746e-03  1.63083563e-02
  1.41166684e-02 -3.51162719e-02 -1.01173368e-02  1.67497165e-02
  1.54254537e-02 -3.86114445e-02  6.16531789e-02  3.21044801e-02
  1.18971612e-02 -1.14462937e-02  3.31698545e-02 -7.08839012e-03
 -2.69621446e-02  4.77589499e-03  3.21821598e-03 -2.31612269e-02
 -3.44608784e-02 -8.82793447e-03 -2.64329780e-02 -4.29703002e-02
 -3.63875888e-02 -6.38439937e-03 -4.00368075e-02 -5.39387344e-02
 -2.46026738e-02 -3.98388582e-02 -3.89945582e-02 -3.63152599e-02
 -2.82981428e-02 -4.04983393e-02 -4.24897309e-02 -6.42316037e-02
 -6.48217094e-02 -1.85708591e-02 -8.94894271e-02 -6.65589067e-02
 -6.41130245e-02 -7.43449546e-02 -1.20675175e-01 -6.09792355e-02
 -8.86598160e-02 -6.57292955e-02 -8.79048809e-02 -4.16540306e-02
 -8.17119789e-02 -6.38527410e-02 -4.25238028e-02 -1.75248677e-02
 -9.64101863e-03 -4.85650057e-02 -3.23404699e-02  6.73756326e-03
 -8.88024723e-02 -1.99654492e-02 -3.41007924e-02 -7.78287374e-02
 -8.72933906e-02 -6.84665795e-02 -1.11660664e-01 -8.53274713e-02
 -7.46410505e-02 -9.16791135e-02 -7.77232887e-02 -9.40942229e-02
 -7.11305825e-02 -1.38145738e-01 -5.93664456e-02 -1.26181304e-01
 -6.32159607e-02 -1.23725427e-01 -8.62489764e-02 -1.00918180e-01
 -5.91046037e-02 -1.04867843e-01 -8.38724696e-02 -5.95075434e-02
 -7.17747683e-02 -9.60857965e-02 -7.29218598e-02 -6.52051873e-02
 -9.83907630e-02 -8.02981089e-02 -6.49409982e-02 -7.11362473e-02
 -5.55788403e-02 -8.09575900e-02 -6.73022097e-02 -2.24526452e-02
 -5.77066355e-02 -5.09906561e-02 -4.54756662e-02 -4.93690844e-02
 -7.42810017e-02 -4.81481055e-02 -7.31932908e-02 -4.12218349e-02
 -6.40984575e-02 -6.66907381e-02 -3.73215576e-02 -6.42017413e-02
 -7.16650082e-02 -6.50491769e-02 -6.39714607e-02 -8.57472419e-02
 -5.84133562e-02 -9.09649230e-02 -8.08793913e-02 -8.35047917e-02
 -3.85219592e-02 -9.47274203e-02 -4.52741942e-02 -2.38451077e-02
 -8.17522991e-02 -6.21250912e-02 -9.94745913e-04 -2.92091872e-02
 -4.52465570e-02 -1.18406954e-02 -3.12807374e-02 -3.18377233e-02
 -4.85091020e-02 -2.87817459e-02 -4.00813975e-02 -2.58590365e-02
 -3.94944274e-02 -3.97178488e-02 -2.90984564e-02 -2.73536114e-02
 -3.67851447e-02 -4.22131169e-02  2.56941928e-03 -3.73221411e-02
 -5.96317831e-02 -4.19397217e-02 -2.53816215e-02 -6.48394694e-02
 -5.27856712e-02]",0.2740952380952381,0.0033809523809523808,0.0,0.7696,0.2446,0.0,0.3233684210526316,0.0038947368421052633,0.0,0.7215,0.20044444444444445,0.0,0.3543529411764706,0.008411764705882353,0.0,0.6976875,0.177,0.0,0.37926666666666664,0.013733333333333334,0.0,0.6757142857142857,0.1682857142857143,0.0,0.39092307692307693,0.01353846153846154,0.0,0.6675,0.15758333333333333,0.0,0.6715517241379311,0.1667241379310345,0.0,0.1809908486525514,0.0002787580988336186
3.9,0.1283,101,0.5688636363636363,0.04028116574839395,0.8077272727272727,0.06881674070786041,0.16713175733988977,2.0,0.14634509031942836,0.8298165510111188,0.12705730583513725,550.0,0.1835505364366459,0.7027051633607471,0.4637377637115175,6,0.3291582234338419,2,0.5492844592691893,-0.03422681855444302,15.0,1.074105415860735,"[ 1.00000000e+00  3.23305028e-01  5.49284459e-01  4.33123495e-01
  5.29379093e-01  3.30822073e-01  5.42255891e-01  3.72493426e-01
  5.13049010e-01  3.25198329e-01  4.67673551e-01  3.43982374e-01
  4.51607458e-01  3.51911744e-01  4.52818099e-01  3.24327830e-01
  3.77539930e-01  2.70610675e-01  3.70557210e-01  2.45906215e-01
  3.70144885e-01  2.32867914e-01  3.56958248e-01  2.34226890e-01
  3.14165573e-01  2.08117606e-01  3.22313083e-01  1.76546081e-01
  3.43828248e-01  1.56492379e-01  3.25694183e-01  1.41386105e-01
  3.24985186e-01  1.17344793e-01  2.90089200e-01  1.20475070e-01
  2.80890172e-01  8.60240907e-02  2.50278466e-01  1.07390920e-01
  2.39011466e-01  8.25381250e-02  2.04708822e-01  6.37409125e-02
  2.02080188e-01  8.41479231e-02  1.90001705e-01  5.08050974e-02
  1.52522935e-01  5.40837105e-02  1.27451999e-01  2.39170114e-02
  1.75842082e-01  3.02234156e-02  1.27290496e-01  4.39116967e-02
  9.94099099e-02  4.88132756e-02  1.19005438e-01  3.28955186e-02
  1.15416986e-01 -3.89883830e-02  9.66197731e-02 -3.46016158e-02
  8.98551943e-02 -6.15223832e-02  1.17129270e-01 -4.79824377e-02
  7.72160504e-02 -4.82464275e-02  9.31206397e-02 -5.64856364e-02
  8.29617937e-02 -8.85719725e-02  4.60763651e-02 -6.48404996e-02
  4.45558856e-02 -7.54443523e-02  3.41003685e-02 -6.17560712e-02
  7.16357766e-02 -7.31714069e-02  5.55696840e-02 -6.12544273e-02
  3.10135604e-02 -4.77144818e-02  2.53519004e-04 -7.00294688e-03
  3.56005410e-04 -5.23086015e-02  5.36935165e-02 -5.42740877e-02
  4.85519036e-02 -1.82133097e-02  5.45616366e-02 -5.21494779e-02
  3.43595988e-02 -6.51877794e-02  5.21838251e-02 -6.56001047e-02
  5.61255855e-02 -7.33245019e-02  4.38987669e-02 -5.09978543e-02
  7.50121167e-02 -8.38956733e-02  5.07526643e-02 -3.72768918e-02
  4.14053012e-02 -6.27928339e-02  6.11491645e-02 -5.40519809e-02
  5.85205310e-02 -5.68289500e-02  2.84236369e-02 -3.25826654e-02
  4.75741579e-02 -7.51572000e-02  5.63150108e-02 -4.61118228e-02
  2.42286748e-02 -3.32350246e-02  3.58489833e-02 -3.71201479e-02
  5.78789597e-02 -1.59016543e-02  5.63584803e-02 -3.48472024e-02
  9.08660974e-02 -3.87323257e-02  5.99577204e-02 -6.44101677e-03
  6.85502378e-02 -1.86678354e-02  8.08336936e-02  2.25398701e-03
  6.41742586e-02 -1.55136021e-02  1.07171907e-01  2.84438645e-02
  5.38910328e-02  3.75511936e-02  1.01687773e-01 -3.09384407e-02
  1.16702349e-01 -2.45622315e-02  9.44323387e-02 -1.42410096e-03
  1.20816401e-01 -2.89382107e-02  1.08441247e-01  3.34041431e-02
  8.82392090e-02  5.67189279e-03  1.00819336e-01  9.75286657e-04
  9.61227299e-02  1.93143247e-02  1.01835792e-01  2.10397769e-02
  7.68346613e-02  2.71978456e-02  1.10015984e-01  1.49710270e-02
  1.10118470e-01  4.25417739e-02  8.47508636e-02  6.31949264e-03
  7.28207162e-02  2.00077737e-02  9.49990283e-02  7.78095514e-03
  9.59129976e-02  1.07628971e-02  8.60508228e-02 -2.32430760e-02
  8.34221893e-02 -6.52700382e-03  8.67008024e-02 -3.47740659e-02
  9.31555422e-02 -6.67120663e-02  5.44988121e-02 -5.84860251e-02
  5.17218430e-02 -5.63155661e-02  5.03496992e-02 -4.07076480e-02
  7.40868834e-03 -9.91540905e-02  1.34184214e-02 -6.40531311e-02
 -3.35101991e-02 -6.21793433e-02  1.85935089e-04 -9.86982957e-02
 -3.97272846e-02 -8.84042819e-02 -4.74516819e-02 -1.52609635e-01
 -5.17032812e-02 -1.48519539e-01 -9.36844735e-02 -1.55135783e-01
 -1.12481686e-01 -1.41447501e-01 -1.15406991e-01 -1.93838362e-01
 -6.70169079e-02 -2.02374242e-01 -9.63721240e-02 -1.98135810e-01
 -1.31782922e-01 -2.24314900e-01 -1.22300391e-01 -2.24064078e-01
 -1.06989145e-01 -2.19310834e-01 -1.00316264e-01 -2.01565139e-01
 -1.46878408e-01 -2.03530625e-01 -1.02920942e-01 -1.89624203e-01
 -1.24379469e-01 -1.81031686e-01 -1.29669418e-01 -1.88389607e-01
 -1.19453935e-01 -1.75294668e-01 -1.09683458e-01 -1.47950787e-01
 -1.14825071e-01 -1.55308709e-01 -1.13396290e-01 -1.54028263e-01
 -1.00449687e-01 -1.40784989e-01 -1.04928152e-01 -1.44451971e-01
 -8.67374500e-02 -1.66721982e-01 -8.30225557e-02 -1.46541837e-01
 -7.10357711e-02 -1.35218200e-01 -5.18852501e-02 -1.62138967e-01
 -5.38507363e-02 -1.48529217e-01 -5.86258731e-02 -1.32851494e-01
 -4.58276055e-02 -1.56229658e-01 -2.76369030e-02 -1.39147110e-01
 -7.40507117e-02 -1.08112291e-01 -6.98908107e-02 -1.33410092e-01
 -6.18916357e-02]",0.16447619047619047,0.0007619047619047619,0.0,0.85365,0.4681,0.0,0.1838421052631579,0.002473684210526316,0.0,0.8578333333333333,0.5177222222222222,0.0,0.204,0.0024705882352941176,0.0,0.8103125,0.403375,0.0,0.22866666666666666,0.003533333333333333,0.0,0.8062857142857143,0.4541428571428571,0.0,0.25376923076923075,0.003923076923076923,0.0,0.76125,0.3278333333333333,0.0,0.7778448275862069,0.4052586206896552,0.0,0.43160216504685545,6.909895764275754e-05
3.9,0.1283,707,0.5677272727272727,0.025968830649246707,0.8353636363636362,0.038486769219547086,0.147317341887014,2.864583333333333,0.05698674663482241,0.8634226737967284,0.10560224531383529,6.707317073170732,0.044651059739684335,0.8897509649949883,0.04538795669215137,3,0.4064349376114081,14,0.1964369199586715,0.0008840159002506872,9.0,1.085785182559376,"[ 1.00000000e+00 -2.64808100e-02 -1.76211764e-01  3.92325613e-02
 -9.08140779e-02 -6.47308497e-02  1.62089982e-01 -3.06027687e-02
  1.33945775e-01 -4.40867169e-03 -1.33557019e-01 -4.17589787e-02
  1.02206958e-01 -3.43509040e-02  1.96436920e-01  7.64946724e-02
 -8.42389650e-02 -3.54027225e-02  6.64997091e-02 -4.94755465e-02
  1.14699174e-01 -1.44491735e-02  5.87047855e-03 -5.70385880e-02
 -1.74084450e-02  1.21173065e-02  6.70909487e-02  6.55558785e-02
  1.00320737e-01 -4.65183445e-03 -3.11820480e-03 -5.86177562e-02
  4.94220751e-02  3.12862316e-03  3.13822591e-02 -8.39809304e-04
  5.32355407e-02 -1.15805904e-01 -2.09391642e-02  4.01718776e-02
  1.11387311e-01  1.99616539e-02  3.19734986e-02  7.12298182e-02
  3.45546759e-03 -2.44257854e-02  4.28226560e-02 -2.80203944e-02
  1.07637735e-01 -3.50575267e-02 -4.66969885e-02 -2.02399368e-02
 -3.27776907e-02  1.69568439e-02  1.87642787e-01 -7.22037170e-03
  1.66924488e-02  2.43634781e-02  3.51791690e-03 -2.03963441e-02
  8.36764951e-02 -1.78535535e-02  3.49496809e-02  2.24119270e-02
 -8.52555213e-02 -3.64192787e-02  8.60657594e-02 -6.76321861e-02
  1.38606039e-01  7.69690883e-02 -5.65200741e-02 -3.00630225e-02
  5.86663177e-02 -1.77896637e-02  7.49066684e-02  2.03054092e-02
  1.63025566e-03  5.33429300e-03 -6.55087575e-02 -6.05326046e-02
  9.57081316e-02  7.57608626e-02  1.19535039e-02  3.27976246e-02
 -6.46013556e-03 -8.65092855e-02  3.50774606e-02  7.07406117e-02
  2.93124439e-02  2.38103817e-02 -1.11065630e-02 -5.65017228e-02
  3.52963172e-02 -2.02032342e-02  7.37652135e-02  4.46118450e-02
 -3.23686051e-02 -3.08349755e-02 -1.57544310e-02  7.63392085e-03
  9.50911455e-02  9.66247751e-02 -3.03531642e-02 -9.32622308e-02
 -2.90824892e-02 -5.08263425e-02 -1.09180789e-03  5.08131344e-02
  6.58936789e-02  2.22951034e-02 -7.61662454e-02 -2.73300029e-02
  3.86463230e-02  4.84877599e-02  6.04996046e-02  8.04454332e-02
 -7.23542203e-02 -6.12406677e-02  1.91808651e-02  2.19866103e-02
  1.86549559e-02  3.46337925e-02  8.92294723e-03 -3.43018049e-02
 -4.50429745e-02 -1.94842150e-02  3.33190195e-02  7.23435077e-03
  4.86610781e-02  2.69172247e-02 -1.01701277e-02 -4.45626038e-02
 -1.86376089e-03  6.18109184e-03  4.09459508e-02  7.22682865e-02
 -2.22260704e-02 -2.55577248e-02 -2.18536874e-02 -7.12158392e-02
  4.42335073e-02  4.48688448e-02  9.57807660e-03  5.10048039e-02
 -1.98382465e-02 -3.85134001e-02  1.95289419e-02 -2.80366256e-02
  2.47666089e-02  8.76742349e-02 -2.83010207e-02 -4.69761742e-02
 -1.96208304e-02 -6.71069363e-03  8.20186465e-02  4.79999939e-02
 -3.11508639e-02 -5.06763567e-03 -1.05696978e-02 -1.06860639e-01
  4.93800973e-02  5.83232421e-02  6.79068272e-03  5.56269252e-02
 -8.48979290e-02 -9.12982832e-02  9.70585625e-03 -5.01345105e-02
  4.25618216e-02  1.22085062e-01 -5.83328895e-02 -4.23540529e-02
 -1.93395245e-02 -5.42564693e-02  1.78572563e-02  6.75917909e-02
 -2.47321583e-02  1.48979848e-02  3.08768214e-02 -9.91698178e-02
 -7.37177780e-03  9.45306538e-02 -5.21316001e-02  2.64933485e-02
 -6.62701196e-03 -7.74700624e-02  1.95670851e-02  1.79022368e-03
  1.38020684e-02  7.79818100e-02 -1.95812467e-02 -3.51877004e-02
  2.77199256e-02 -5.84666240e-02  4.25375155e-02  3.39667536e-02
 -1.32401463e-03 -1.56583528e-02 -5.58144050e-02  4.02452119e-03
  1.60363659e-02 -5.70748748e-03  5.32331466e-02 -1.88820194e-02
 -6.42771792e-02  2.66225687e-02  8.84570729e-03 -2.73433530e-02
  7.14903787e-02  2.21282270e-02 -4.47478315e-02 -1.15069649e-03
 -1.80292658e-02 -1.73939282e-02  5.90606127e-02 -6.61207424e-02
  1.95398979e-02  5.82717488e-02 -8.65939207e-02 -1.84471872e-02
  5.18699541e-02 -4.04539951e-02  1.97587545e-02  1.85975078e-02
  3.88934624e-03 -5.68493126e-02  9.12701323e-03 -3.31994467e-02
  3.09802949e-02  5.74373465e-02 -4.71614019e-02 -2.81138655e-02
  5.75467748e-02 -5.62580731e-02 -9.59223827e-03  5.33153878e-02
 -2.27667702e-02 -1.99610250e-02 -3.98218835e-03 -9.32374377e-02
  4.69800190e-03  3.11550535e-02 -5.03400677e-03  2.93570288e-02
 -6.83203155e-03 -8.16420740e-02  2.94664571e-02 -1.59287027e-02
 -4.90490632e-02  6.51281677e-02  7.45820862e-03 -1.08517047e-01
  2.10036829e-02 -3.23254607e-02 -4.39649225e-02  1.80444114e-02
  1.65093413e-02 -4.29572020e-02  3.70863279e-03 -4.69256345e-02
  3.87350059e-02]",0.1368095238095238,0.0,0.0,0.8692,0.41705,0.0,0.1388421052631579,0.0,0.0,0.9456111111111111,0.7077777777777777,0.0,0.138,0.0,0.0,0.879875,0.4554375,0.0,0.13773333333333335,0.0,0.0,0.9305,0.6412142857142857,0.0,0.13907692307692307,0.0,0.0,0.88925,0.48891666666666667,0.0,0.9225862068965517,0.6150862068965517,0.0,0.542079246031746,1.4615833817965889e-05
3.9,0.1283,1313,0.5493181818181818,0.039923092387553386,0.8736363636363637,0.06671141748711755,0.10491089260100747,2.0,0.5853848622381149,0.4610720746470101,0.09707849178259068,2.0,0.40888542202208944,0.44596757559044903,0.37578220572679255,8,0.5993476064072689,6,0.748769815143074,0.03785784404938282,9.0,1.0556959244205206,"[ 1.00000000e+00  1.59678906e-01  7.09422807e-01  2.01580822e-01
  7.03321010e-01  1.80158690e-01  7.48769815e-01  1.83676205e-01
  7.27291973e-01  1.86283785e-01  6.68562505e-01  1.79587744e-01
  6.96165443e-01  1.63810923e-01  6.77324555e-01  1.56687769e-01
  6.41064911e-01  1.46500549e-01  6.65603782e-01  1.43945640e-01
  6.58480628e-01  1.76172533e-01  6.04913649e-01  1.78241580e-01
  6.08486874e-01  1.37896514e-01  6.50388790e-01  1.59427028e-01
  6.25902591e-01  1.52842407e-01  6.13189837e-01  1.59962522e-01
  6.12194817e-01  1.63591458e-01  6.14802397e-01  1.68724572e-01
  5.96982865e-01  1.32520638e-01  6.06145691e-01  1.56038153e-01
  5.86766270e-01  1.53966067e-01  5.96467629e-01  1.39099181e-01
  5.82083565e-01  1.32997383e-01  5.85173968e-01  1.45279986e-01
  5.90901325e-01  1.29447455e-01  5.40286992e-01  1.31999325e-01
  5.64287330e-01  1.11060015e-01  5.68881911e-01  1.06945218e-01
  5.17784756e-01  1.12078332e-01  5.17811091e-01  1.28929180e-01
  5.19341605e-01  1.12558116e-01  5.29525787e-01  1.00272474e-01
  5.00415633e-01  9.72347430e-02  5.19792015e-01  1.10965814e-01
  5.32018908e-01  9.05093273e-02  5.19733266e-01  1.04296109e-01
  5.02340846e-01  1.06792268e-01  5.37576095e-01  1.08861315e-01
  4.95671140e-01  1.04263695e-01  5.20748544e-01  8.23030303e-02
  5.60013506e-01  7.92095889e-02  5.12518950e-01  7.61718579e-02
  4.80883262e-01  7.15742382e-02  5.06926310e-01  6.34297290e-02
  4.89106778e-01  6.08748206e-02  4.54889846e-01  5.68157339e-02
  4.60505782e-01  4.65728032e-02  4.93159787e-01  2.46121381e-02
  4.58942855e-01  3.07666076e-02  4.55422301e-01  1.03658310e-02
  4.44213725e-01  4.15156580e-02  4.38056217e-01  2.67044821e-02
  4.20236684e-01  8.88494978e-03  4.50903689e-01 -2.25204693e-04
  4.17763822e-01  1.86683549e-02  4.01931291e-01 -6.83919980e-03
  4.22923272e-01 -1.85305985e-02  4.11231873e-01 -3.66675108e-03
  3.90886807e-01 -2.81529501e-02  3.78656875e-01 -2.24813033e-02
  3.77123322e-01 -3.06815227e-02  4.05691905e-01 -4.59755212e-02
  3.87872373e-01 -3.77226302e-02  3.54193973e-01 -5.19952731e-02
  3.78250021e-01 -4.53579809e-02  3.45054444e-01 -5.86092682e-02
  3.55294336e-01 -6.36897105e-02  3.44030050e-01 -5.86123069e-02
  3.35402718e-01 -6.16500380e-02  2.93553473e-01 -7.79653921e-02
  3.14434034e-01 -7.13280999e-02  3.07310880e-01 -7.49600743e-02
  2.77179370e-01 -6.97712501e-02  2.66509327e-01 -9.63558707e-02
  2.74112265e-01 -1.04017557e-01  2.70108888e-01 -9.57646662e-02
  2.36913311e-01 -1.02404997e-01  2.35974002e-01 -1.00818773e-01
  2.34440449e-01 -9.86940154e-02  2.16676627e-01 -1.31351059e-01
  2.22292564e-01 -1.44063814e-01  2.06032920e-01 -1.29199966e-01
  1.82085254e-01 -1.51104921e-01  1.85658479e-01 -1.55219718e-01
  1.88748882e-01 -1.51590782e-01  1.70929349e-01 -1.52530092e-01
  1.34242593e-01 -1.69383979e-01  1.68883599e-01 -1.76618553e-01
  1.82670381e-01 -1.80194817e-01  1.52000338e-01 -1.86835148e-01
  1.48906896e-01 -1.72621254e-01  1.46834811e-01 -1.82864185e-01
  1.47826792e-01 -1.93589938e-01  1.36562505e-01 -1.93619313e-01
  1.25836752e-01 -1.87464843e-01  1.35055288e-01 -2.08404153e-01
  1.23846712e-01 -2.17514307e-01  1.08552714e-01 -2.13996792e-01
  1.18736895e-01 -2.15530345e-01  1.05485608e-01 -2.12439943e-01
  9.06187220e-02 -2.33973495e-01  1.11016460e-01 -2.34968515e-01
  1.25341774e-01 -2.31339580e-01  7.37617962e-02 -2.30347599e-01
  1.07437157e-01 -2.39569174e-01  1.05903604e-01 -2.48790749e-01
  7.42122056e-02 -2.45217523e-01  8.48792099e-02 -2.46806787e-01
  9.35592133e-02 -2.45814805e-01  7.15428378e-02 -2.49391069e-01
  5.00649954e-02 -2.49958977e-01  8.01377564e-02 -2.52086773e-01
  4.38224023e-02 -2.42441124e-01  3.46008272e-02 -2.59833544e-01
  6.46735883e-02 -2.67068119e-01  5.13665907e-02 -2.63977716e-01
  2.27949692e-02 -2.73143581e-01  3.40005065e-02 -2.82365156e-01
  3.50481979e-02 -2.68522664e-01  1.21775977e-02 -2.92953153e-01
  4.03308855e-03 -2.94430995e-01  1.96100279e-03 -2.86828058e-01
 -4.14079514e-03 -3.09810079e-01 -1.64264371e-02 -3.05754031e-01
  4.45412341e-03 -3.06804761e-01 -2.46560311e-02 -3.00706002e-01
 -3.13520723e-02 -3.25786444e-01 -2.22449565e-02 -3.18183506e-01
 -8.99670803e-03 -3.15687347e-01 -4.12266397e-02 -3.15233899e-01
 -5.25466363e-02]",0.10876190476190477,0.0003333333333333333,0.0,0.8983,0.57455,0.0,0.114,0.00015789473684210527,0.0,0.9367777777777778,0.7347222222222223,0.0,0.11805882352941177,0.00023529411764705883,0.0,0.8886875,0.5523125,0.0,0.12266666666666666,0.00013333333333333334,0.0,0.9182142857142858,0.6690714285714285,0.0,0.13115384615384615,7.692307692307693e-05,0.0,0.8748333333333334,0.5175,0.0,0.9025,0.6253448275862069,0.0,0.6094438744391144,8.213289127537998e-06
3.9,0.1283,2029,0.5254090909090909,0.03195971767270494,0.9315454545454543,0.0642464907232133,0.05232954748383871,550.0,0.23000456128548255,0.6830685104409783,0.45499897149941493,550.0,0.39515790215055696,0.48986820335219844,0.7650682262088739,6,0.6206439246061881,2,0.7923801792221881,0.07635716580458901,10.0,1.0243926821953413,"[ 1.00000000e+00  7.15037561e-01  7.92380179e-01  7.57397217e-01
  7.76781038e-01  7.17164535e-01  7.84189619e-01  7.08867558e-01
  7.73401856e-01  6.97266886e-01  7.42673800e-01  6.86767446e-01
  7.68108534e-01  6.57547076e-01  7.27875852e-01  6.70868267e-01
  6.78544999e-01  6.43562037e-01  6.86071712e-01  6.14748121e-01
  6.99799357e-01  6.14854538e-01  6.75678689e-01  5.99950173e-01
  6.66975257e-01  6.05156292e-01  6.53866900e-01  6.08972857e-01
  6.28356677e-01  6.00675879e-01  6.24058170e-01  5.65949353e-01
  6.35583353e-01  5.78169313e-01  6.14071601e-01  5.60774164e-01
  6.06181078e-01  5.58678119e-01  5.86465334e-01  5.42672522e-01
  5.97295740e-01  5.27073381e-01  5.61874437e-01  5.14777933e-01
  5.48071304e-01  4.95062189e-01  5.54090331e-01  4.92677821e-01
  5.27072423e-01  4.93885469e-01  5.13269290e-01  4.72373717e-01
  5.17780631e-01  4.57469353e-01  5.04383952e-01  4.46563458e-01
  4.80669738e-01  4.50786477e-01  4.79268469e-01  4.32460287e-01
  4.97689362e-01  4.47577486e-01  4.64352390e-01  4.32266667e-01
  4.58257874e-01  4.14465063e-01  4.64971678e-01  3.90750849e-01
  4.42476827e-01  4.08188642e-01  4.12850003e-01  3.98383979e-01
  4.24663508e-01  3.96287934e-01  4.05065896e-01  3.76283867e-01
  3.89466755e-01  3.52976107e-01  3.88471941e-01  3.52387748e-01
  3.83072202e-01  3.68606178e-01  3.53851832e-01  3.50398120e-01
  3.57956719e-01  3.31783607e-01  3.63975747e-01  3.18386927e-01
  3.46580597e-01  3.08700396e-01  3.31269778e-01  2.93389577e-01
  3.18279553e-01  3.04914760e-01  3.11083806e-01  2.94415320e-01
  2.87776046e-01  2.57198009e-01  2.97098767e-01  2.40497636e-01
  2.84803319e-01  2.61933900e-01  2.67696492e-01  2.37524909e-01
  2.51402574e-01  2.19316851e-01  2.46002835e-01  2.19423268e-01
  2.23389852e-01  2.05620134e-01  2.31204887e-01  1.85616068e-01
  2.29515296e-01  1.95227111e-01  2.11307238e-01  1.83219985e-01
  1.88287800e-01  1.73415322e-01  1.93493919e-01  1.63610659e-01
  1.94295113e-01  1.61514613e-01  1.78984294e-01  1.50608719e-01
  1.64079929e-01  1.47817897e-01  1.59086644e-01  1.38419688e-01
  1.44588734e-01  1.33138081e-01  1.35596979e-01  1.11219875e-01
  1.37905859e-01  1.04024128e-01  1.26999964e-01  9.09157711e-02
  1.03692204e-01  9.07338659e-02  1.04205076e-01  7.83202857e-02
  9.50951891e-02  7.00233079e-02  7.97843698e-02  6.05069668e-02
  8.19751173e-02  4.72804778e-02  9.07732518e-02  4.76752173e-02
  5.08288922e-02  4.51727176e-02  7.87544111e-02  3.63511533e-02
  5.89205350e-02  4.55557422e-02  6.41266536e-02  1.62172400e-02
  4.64952399e-02  2.32193665e-02  5.01936729e-02  2.21064204e-02
  3.84748694e-02  2.91085470e-02  4.58834504e-02  7.88511738e-03
  4.69729667e-02  1.77844831e-02  3.34581553e-02  5.37090285e-03
  1.88421128e-02 -5.12853734e-03  1.45436052e-02 -8.03749137e-03
  1.60395759e-02 -1.03536481e-03  1.42318530e-02 -1.27541683e-02
  5.81674312e-03 -1.52566679e-02  1.05499767e-05 -2.80767025e-02
 -7.99810552e-03 -3.05792021e-02 -1.38042987e-02 -2.93715538e-02
 -1.30031047e-02 -3.77866637e-02 -6.00097818e-03 -3.84931553e-02
 -1.62120960e-02 -3.24741279e-02 -1.28019853e-02 -3.78738666e-02
 -1.29838905e-02 -3.51585327e-02 -1.35722501e-02 -3.68481235e-02
 -2.18692280e-02 -3.77248054e-02 -1.65449773e-02 -3.17057780e-02
 -6.81580188e-03 -2.63815273e-02 -1.07078550e-02 -2.03624998e-02
 -3.87591873e-03 -2.19339585e-02  2.09821708e-02 -1.84057158e-02
  6.19593797e-03 -5.25471477e-03  1.01306351e-02  2.67845269e-03
  2.90761144e-02 -3.00960838e-03  3.28926795e-02  1.11244917e-02
  1.94960002e-02  5.02997624e-03  3.43248770e-02  3.34038546e-03
  6.49406036e-03  1.44591144e-02  1.43090958e-02  9.75415242e-03
  2.25305856e-02  7.62397815e-04  2.08409948e-02  9.67866438e-03
  2.22648193e-03  3.58414890e-03  9.34674057e-03 -9.11775365e-03
  1.09608433e-02 -2.01487081e-04 -1.27533710e-02 -1.18021584e-02
 -2.73587325e-03 -2.45040610e-02  1.77546861e-03 -6.77794502e-03
 -1.16212107e-02 -1.02635437e-02 -2.54243444e-02 -1.78657448e-02
 -8.10468285e-03 -3.20753329e-02 -1.90105775e-02 -1.47556714e-02
 -2.29026306e-02 -3.29637298e-02 -2.83023693e-02 -2.76394791e-02
 -2.44858042e-02 -3.78505970e-02 -2.54806182e-02 -3.99466422e-02
 -4.18926687e-02 -4.23310097e-02 -4.20745739e-02 -4.55282861e-02
 -4.59666271e-02]",0.05723809523809524,0.0,0.0,0.9478,0.7936,0.0,0.06857894736842106,0.0,0.0,0.9396111111111111,0.7823888888888889,0.0,0.07829411764705882,0.0,0.0,0.92275,0.7386875,0.0,0.09353333333333333,6.666666666666667e-05,0.0,0.9080714285714285,0.7057142857142857,0.0,0.1036923076923077,0.00015384615384615385,0.0,0.8980833333333333,0.6918333333333333,0.0,0.895,0.6835344827586207,0.0,0.742400699023199,0.00045765598362364966
3.9,0.1283,3001,0.5630454545454545,0.03383177268449298,0.8303636363636363,0.05227422922743399,0.14472920163815375,2.0,0.14617292048013758,0.8317119559322862,0.06692164585162975,2.0,0.1931429445774178,0.7867173345796278,0.20001531237223064,6,0.2599410974219496,6,0.354239077238799,-0.00398297097345008,16.0,1.0710600375234522,"[ 1.00000000e+00 -4.30925434e-03  2.45600531e-01  1.35201343e-01
  3.34198363e-01 -7.62588931e-04  3.54239077e-01 -3.65288236e-03
  3.32754767e-01  4.07463561e-02  2.15445340e-01  3.95194832e-02
  3.16043996e-01  2.63522756e-02  3.00560097e-01  1.91854794e-02
  2.03211716e-01  7.15449409e-02  2.61214709e-01 -1.95066377e-02
  2.43710511e-01 -2.70303133e-02  2.20205901e-01 -1.02559523e-02
  2.33000151e-01  2.34490048e-02  3.16250843e-01 -2.76804825e-02
  2.00604836e-01  2.73525495e-02  2.42983775e-01 -3.14407696e-02
  2.48706975e-01 -3.73622385e-03  2.26212515e-01  3.22854243e-02
  2.05677867e-01  3.64056920e-02  2.92612280e-01 -2.40510475e-02
  2.54790156e-01  6.59138145e-02  2.32295696e-01  7.47737473e-03
  2.39089534e-01  1.45676042e-02  2.42496044e-01 -2.39077899e-02
  1.90416894e-01  2.38182896e-02  2.59410561e-01 -2.29742068e-02
  2.74164622e-01 -5.18259573e-02  2.22381864e-01  1.78209797e-02
  2.15154580e-01 -6.05765058e-02  2.33888753e-01  2.13676451e-02
  1.75452313e-01 -7.46741950e-02  2.23117904e-01 -3.69891265e-02
  1.46026960e-01 -9.07921841e-02  2.28684870e-01 -1.81147975e-02
  1.60921178e-01 -3.33023048e-02  1.71338248e-01 -5.05101119e-02
  1.89419150e-01 -7.79948332e-02  1.39953083e-01 -1.66649987e-02
  1.65697817e-01 -6.98147857e-02  1.95719054e-01 -5.50607245e-02
  1.40252576e-01 -2.23659173e-02  1.00113761e-01 -6.38112730e-02
  1.51819952e-01 -5.80275847e-02  9.70672330e-02 -9.84627905e-02
  1.18178585e-01 -7.80047093e-02  7.77433790e-02 -9.68154489e-02
  1.92363157e-01 -6.83971445e-02  7.90338414e-02 -6.09500358e-02
  1.54681190e-01 -6.94838612e-02  9.66016292e-02 -1.06592226e-01
  1.17712981e-01 -5.48860351e-02  7.92375870e-02 -7.83906448e-02
  1.68549178e-01 -7.95570298e-02  1.18133450e-01 -6.21293982e-02
  1.30570820e-01 -6.32957831e-02  1.27027256e-01 -9.71377950e-02
  1.57108981e-01 -7.03829111e-02  8.99985593e-02 -9.09175592e-02
  9.51289769e-02 -1.30699494e-01  1.71725987e-01 -1.18975883e-01
  8.10312877e-02 -6.09728893e-02  8.78251258e-02 -1.46320448e-01
  7.59644594e-02 -1.26219246e-01  7.31346540e-02 -1.05107894e-01
  6.59678578e-02 -1.28908895e-01  1.32287954e-01 -1.33462609e-01
  6.48811410e-02 -7.84295771e-02  6.76948676e-02 -9.45667463e-02
  8.88062195e-02 -9.34164402e-02  1.12887533e-01 -1.26544693e-01
  8.34429999e-02 -5.75510271e-02  5.96419989e-02 -6.60243646e-02
  1.07368078e-01 -1.18756784e-01  9.78845911e-02 -2.48118108e-02
  4.97855535e-02 -9.68520056e-02  9.58482125e-02 -8.83947470e-02
  9.59883687e-02 -7.35801978e-02  7.95548082e-02 -4.21314438e-02
  8.86653374e-02 -1.25162311e-01  9.91428958e-02 -1.04407839e-01
  7.23114451e-02 -5.66817593e-02  6.24710785e-02 -7.91762192e-02
  7.02750665e-02 -1.09630902e-01  5.41378973e-02 -9.14895119e-02
  5.19613625e-02 -9.63396171e-02  8.40633870e-02 -1.22457309e-01
  3.72708906e-02 -7.34851766e-02 -5.51232801e-04 -1.09940271e-01
  7.53925067e-02 -1.06176882e-01  4.09577123e-02 -1.00689585e-01
  9.53374736e-02 -1.01202700e-01  4.65851655e-02 -1.23993551e-01
  8.13607604e-02 -5.73165756e-02  1.52604889e-02 -6.58504010e-02
  1.00888360e-01 -7.40273472e-02  7.00767978e-02 -7.85810611e-02
  7.45539449e-02 -2.58647202e-02  8.13477830e-02 -1.01231756e-01
  8.74883506e-02 -5.18422560e-02  3.73690132e-02 -5.80593904e-02
  5.47966448e-02 -8.75039235e-02  1.10186556e-01 -8.63536173e-02
  2.75125678e-02 -5.09247518e-02  7.35752267e-02 -6.64086504e-02
  3.71201325e-02 -1.35775275e-01  6.85688865e-02 -7.50987109e-02
  4.20943151e-02 -1.01216403e-01  7.88297218e-02 -8.27786216e-02
  3.90477866e-02 -9.52925585e-02  6.84762409e-02 -8.58251500e-02
  5.42988834e-02 -9.96456282e-02  4.17849464e-02 -9.85558101e-02
  4.75686347e-02 -8.77818604e-02  2.73908659e-02 -8.82949748e-02
  3.65013951e-02 -9.08283889e-02  2.96914781e-02 -9.00349621e-02
  5.34159123e-02 -8.72212355e-02  4.12588546e-02 -7.67436771e-02
  3.11220967e-02 -5.56323252e-02  4.12427758e-02 -7.97902056e-02
  4.93431551e-02 -1.00264366e-01  6.54642455e-02 -5.39053154e-02
  6.72678222e-02 -1.13648296e-01  6.40811375e-02 -5.76051144e-02
  6.25578733e-02 -8.24162653e-02  3.60833019e-02 -4.56808586e-02
  6.38483356e-02 -9.47900461e-02 -8.84906700e-04 -5.16973488e-02
  3.68606499e-02 -8.78560517e-02  4.89411408e-02 -6.67446999e-02
 -7.11811990e-03]",0.13180952380952382,0.0,0.0,0.89095,0.5401,0.0,0.1326842105263158,5.2631578947368424e-05,0.0,0.9089444444444444,0.6078888888888889,0.0,0.13776470588235293,0.00011764705882352942,0.0,0.8913125,0.5488125,0.0,0.1422,0.0,0.0,0.8966428571428572,0.5649285714285714,0.0,0.14492307692307693,0.0,0.0,0.8884166666666666,0.5476666666666666,0.0,0.8843965517241379,0.5297413793103448,0.0,0.5618452696692712,1.293638032115531e-05
3.9,0.145,101,0.5845909090909093,0.022463422978273518,0.8203636363636363,0.046356862250220836,0.17145675875786773,4.014598540145985,0.06419639380832907,0.7997882238918164,0.1561068390700279,550.0,0.2382527717289724,0.5842661867176121,0.6126048298828018,4,0.5196811636173058,4,0.8162980480123516,-0.02842404702958823,13.0,1.1398256915498295,"[ 1.00000000e+00  4.83542946e-01  6.10964918e-01  5.26398766e-01
  8.16298048e-01  5.05014362e-01  5.71095843e-01  4.68354446e-01
  8.00088328e-01  4.73998316e-01  5.15951255e-01  4.62251484e-01
  7.48704931e-01  4.27706757e-01  4.85719752e-01  4.19798033e-01
  7.07112938e-01  4.16119687e-01  4.33944083e-01  3.92935449e-01
  6.47661055e-01  3.82050076e-01  4.04497123e-01  3.65211407e-01
  6.16960364e-01  3.39911980e-01  3.52252268e-01  3.29888066e-01
  5.92212971e-01  3.16887504e-01  3.30481522e-01  3.11486240e-01
  5.81018172e-01  2.82817894e-01  3.21794184e-01  2.77416630e-01
  5.27911857e-01  2.74992015e-01  2.73387436e-01  2.60737722e-01
  5.17578517e-01  2.29561915e-01  2.46132581e-01  2.42805084e-01
  4.62041658e-01  2.43826304e-01  2.10493884e-01  2.26203092e-01
  4.42463017e-01  2.30593232e-01  1.93030434e-01  2.19315588e-01
  4.28368486e-01  2.25820917e-01  1.73844065e-01  2.23396302e-01
  3.95629522e-01  1.95589414e-01  1.60141805e-01  1.83450311e-01
  3.69236126e-01  1.91209371e-01  1.25287652e-01  1.70609510e-01
  3.49188299e-01  1.57216677e-01  1.25999446e-01  1.58630168e-01
  3.30471117e-01  1.43983604e-01  1.09397454e-01  1.59811150e-01
  3.18099504e-01  1.40072749e-01  9.61643820e-02  1.33886942e-01
  3.18419027e-01  1.21355567e-01  7.83086596e-02  1.19400139e-01
  2.89987358e-01  1.18306170e-01  6.67985053e-02  1.12120364e-01
  2.72131635e-01  1.06796016e-01  3.62516467e-02  1.06955778e-01
  2.37746670e-01  9.14477545e-02  3.12041126e-03  5.90182165e-02
  2.25767328e-01  3.71646254e-02 -1.09741199e-02  3.77166583e-02
  1.73599388e-01  1.88397155e-02 -2.42071921e-02 -4.26760607e-03
  1.63342964e-01 -1.25686021e-02 -7.16755656e-02 -3.08662417e-03
  1.32796106e-01 -3.46547032e-02 -7.64478803e-02 -4.80475369e-02
  1.08987087e-01 -5.72099918e-02 -9.60265206e-02 -5.49350410e-02
  9.15236356e-02 -6.11208476e-02 -1.06282945e-01 -6.30762755e-02
  8.33824011e-02 -6.50317034e-02 -1.30484235e-01 -5.46882665e-02
  6.85033270e-02 -6.63581823e-02 -1.20842496e-01 -6.11065832e-02
  6.84305784e-02 -6.85461202e-02 -1.17077137e-01 -5.52260351e-02
  7.21959372e-02 -5.96889238e-02 -1.20911077e-01 -5.69447855e-02
  7.55690244e-02 -5.63158366e-02 -1.18399448e-01 -5.02027785e-02
  7.17350846e-02 -5.16890189e-02 -1.11657441e-01 -4.98063396e-02
  6.91548752e-02 -5.21540389e-02 -1.15491381e-01 -4.51795219e-02
  6.74361248e-02 -4.96424106e-02 -1.15956401e-01 -4.56445419e-02
  6.48559154e-02 -5.01074306e-02 -1.16421421e-01 -4.61095619e-02
  6.22757060e-02 -5.05724507e-02 -1.16886441e-01 -4.65745819e-02
  5.96954966e-02 -5.10374707e-02 -1.17351461e-01 -4.70396019e-02
  5.71152873e-02 -5.15024907e-02 -1.17816481e-01 -4.75046220e-02
  5.45350779e-02 -5.19675107e-02 -1.18281501e-01 -4.79696420e-02
  5.19548685e-02 -5.24325307e-02 -1.18746521e-01 -4.84346620e-02
  4.93746591e-02 -5.28975507e-02 -1.19211541e-01 -4.88996820e-02
  4.67944497e-02 -5.33625707e-02 -1.19676561e-01 -4.93647020e-02
  4.42142404e-02 -5.38275907e-02 -1.20141581e-01 -4.98297220e-02
  4.16340310e-02 -5.42926108e-02 -1.20606601e-01 -5.02947420e-02
  3.90538216e-02 -5.47576308e-02 -1.21071621e-01 -5.07597620e-02
  3.64736122e-02 -5.52226508e-02 -1.21536641e-01 -5.12247820e-02
  3.38934028e-02 -5.56876708e-02 -1.22001661e-01 -5.16898021e-02
  3.13131935e-02 -5.61526908e-02 -1.22466681e-01 -5.21548221e-02
  2.87329841e-02 -5.66177108e-02 -1.22931701e-01 -5.26198421e-02
  2.61527747e-02 -5.70827308e-02 -1.23396721e-01 -5.30848621e-02
  2.35725653e-02 -5.75477508e-02 -1.23861741e-01 -5.35498821e-02
  2.09923560e-02 -5.80127708e-02 -1.24326761e-01 -5.40149021e-02
  1.84121466e-02 -5.84777909e-02 -1.24791781e-01 -5.44799221e-02
  1.58319372e-02 -5.89428109e-02 -1.25256801e-01 -5.49449421e-02
  1.32517278e-02 -5.94078309e-02 -1.25721821e-01 -5.54099622e-02
  1.06715184e-02 -5.98728509e-02 -1.26186841e-01 -5.58749822e-02
  8.09130905e-03 -6.03378709e-02 -1.26651862e-01 -5.63400022e-02
  5.51109967e-03 -6.08028909e-02 -1.27116882e-01 -5.68050222e-02
  2.93089030e-03 -6.12679109e-02 -1.27581902e-01 -5.72700422e-02
  3.50680916e-04 -6.17329309e-02 -1.28046922e-01 -5.77350622e-02
 -2.22952846e-03 -6.21979510e-02 -1.28511942e-01 -5.82000822e-02
 -4.80973784e-03 -6.26629710e-02 -1.28976962e-01 -5.86651022e-02
 -7.38994722e-03]",0.17442857142857143,0.00028571428571428574,0.0,0.82815,0.3708,0.0,0.17868421052631578,0.001736842105263158,0.0,0.9744444444444444,0.9155555555555556,0.0,0.17858823529411766,0.0002941176470588235,0.0,0.827125,0.3699375,0.0,0.181,0.00046666666666666666,0.0,0.9685714285714285,0.8943571428571429,0.0,0.18353846153846154,0.0005384615384615384,0.0,0.8236666666666667,0.3640833333333333,0.0,0.9620689655172414,0.8725,0.0,0.5822823459005735,8.922558461256738e-05
3.9,0.145,707,0.6220909090909091,0.02904840645122161,0.7503636363636362,0.059005812852745476,0.2690416263885405,4.014598540145985,0.40898967708010964,0.4357380299640468,0.04803372441446921,4.014598540145985,0.3402373639934355,0.4198467121781587,0.13991712573873152,4,0.8849869514233234,4,0.9412032824326669,-0.0034132579908262984,11.0,1.2030316280425595,"[ 1.          0.07959944 -0.51833456  0.08088585  0.94120328  0.08607935
 -0.52360444  0.08344916  0.92549864  0.0860316  -0.54715178  0.08472593
  0.90719242  0.09124396 -0.53409673  0.07165134  0.89933996  0.08338201
 -0.54066265  0.06771548  0.89409856  0.07553904 -0.53414476  0.05593692
  0.87840341  0.07289921 -0.53285849  0.04938999  0.87055095  0.06503726
 -0.53941491  0.04022251  0.8548558   0.06762906 -0.54727687  0.03366608
  0.84307724  0.06107263 -0.55121273  0.03235078  0.83523428  0.05322967
 -0.54600987  0.02580385  0.82085415  0.0532104  -0.54994573  0.02187748
  0.81301118  0.0558117  -0.55256657  0.02316375  0.79993659  0.05579243
 -0.54997477  0.01270022  0.79208413  0.05054154 -0.55392013  0.0100604
  0.78291664  0.04791121 -0.55523543 -0.00170866  0.77114758  0.05311407
 -0.5513381  -0.00433899  0.76460065  0.04134501 -0.55005183 -0.00435826
  0.75152606  0.04915894 -0.55530272 -0.01091468  0.73713644  0.04390805
 -0.55793305 -0.00310075  0.72014525  0.04258325 -0.55142466 -0.01487931
  0.71882045  0.03473079 -0.55014789 -0.0201207   0.70311581  0.02424828
 -0.54626954 -0.03190875  0.69525385  0.01899739 -0.5462983  -0.03846518
  0.68086423  0.01504253 -0.54501204 -0.0450216   0.67169674  0.01109717
 -0.55157796 -0.04896696  0.65730712  0.00585578 -0.55291225 -0.05682892
  0.64291751  0.00452148 -0.55555207 -0.06468138  0.63114845 -0.00463651
 -0.55556185 -0.06991328  0.62199995 -0.00725735 -0.55687715 -0.07514518
  0.61417597 -0.00724813 -0.5516363  -0.07644149  0.61026859 -0.00984997
 -0.54640496 -0.08165441  0.59983355 -0.01114629 -0.53986807 -0.08555229
  0.5933151  -0.01374813 -0.53724779 -0.08553358  0.58941722 -0.01110886
 -0.53199745 -0.08551486  0.58290827 -0.01109015 -0.52675661 -0.08549615
  0.57639932 -0.01107143 -0.52151576 -0.08547744  0.56989037 -0.01105272
 -0.51627492 -0.08545872  0.56338142 -0.01103401 -0.51103408 -0.08544001
  0.55687247 -0.01101529 -0.50579323 -0.0854213   0.55036352 -0.01099658
 -0.50055239 -0.08540258  0.54385457 -0.01097787 -0.49531155 -0.08538387
  0.53734562 -0.01095915 -0.4900707  -0.08536516  0.53083667 -0.01094044
 -0.48482986 -0.08534644  0.52432772 -0.01092173 -0.47958901 -0.08532773
  0.51781877 -0.01090301 -0.47434817 -0.08530902  0.51130982 -0.0108843
 -0.46910733 -0.0852903   0.50480087 -0.01086559 -0.46386648 -0.08527159
  0.49829192 -0.01084687 -0.45862564 -0.08525288  0.49178297 -0.01082816
 -0.4533848  -0.08523416  0.48527402 -0.01080945 -0.44814395 -0.08521545
  0.47876507 -0.01079073 -0.44290311 -0.08519674  0.47225612 -0.01077202
 -0.43766226 -0.08517802  0.46574717 -0.01075331 -0.43242142 -0.08515931
  0.45923822 -0.01073459 -0.42718058 -0.0851406   0.45272928 -0.01071588
 -0.42193973 -0.08512188  0.44622033 -0.01069717 -0.41669889 -0.08510317
  0.43971138 -0.01067845 -0.41145804 -0.08508446  0.43320243 -0.01065974
 -0.4062172  -0.08506574  0.42669348 -0.01064103 -0.40097636 -0.08504703
  0.42018453 -0.01062231 -0.39573551 -0.08502832  0.41367558 -0.0106036
 -0.39049467 -0.0850096   0.40716663 -0.01058489 -0.38525383 -0.08499089
  0.40065768 -0.01056617 -0.38001298 -0.08497218  0.39414873 -0.01054746
 -0.37477214 -0.08495346  0.38763978]",0.24428571428571427,0.0,0.0,0.7561,0.1191,0.0,0.2471578947368421,0.0,0.0,0.9845,0.9384444444444444,0.0,0.2504705882352941,0.0,0.0,0.7486875,0.113625,0.0,0.2524,0.0,0.0,0.9782142857142857,0.9184285714285715,0.0,0.2546923076923077,0.0,0.0,0.7440833333333333,0.10983333333333334,0.0,0.9737068965517242,0.901551724137931,0.0,0.4398862698412699,1.1475433962025673e-05
3.9,0.145,1313,0.606090909090909,0.027414178632281613,0.7624545454545454,0.06441606749923592,0.2463125105723948,2.0,0.619462577804767,0.24954941090542412,0.005907127464168178,2.0,0.9485324760997269,0.061650438014147955,0.0026085796562519523,4,0.9757780496972899,4,0.9860371099121816,0.0037703383890431946,5.0,1.1093915343915344,"[ 1.         -0.90065771  0.84157486 -0.89997107  0.98603711 -0.90174818
  0.83199374 -0.904075    0.97453797 -0.90284263  0.8232312  -0.90161026
  0.9674166  -0.89900958  0.81857358 -0.89640891  0.96275898 -0.89161735
  0.81391597 -0.89011212  0.95810136 -0.88559343  0.80898548 -0.88299276
  0.94988456 -0.87847406  0.804055   -0.87724169  0.94358577 -0.8713547
  0.79912452 -0.86902689  0.93755985 -0.8645082   0.79282573 -0.86218039
  0.93016562 -0.8576617   0.78652694 -0.85533389  0.92277139 -0.85081519
  0.78022815 -0.84848738  0.91537716 -0.84396869  0.77392936 -0.84164088
  0.90798293 -0.83712219  0.76763058 -0.83479438  0.9005887  -0.83027569
  0.76133179 -0.82794788  0.89319447 -0.82342919  0.755033   -0.82110138
  0.88580024 -0.81658269  0.74873421 -0.81425488  0.87840602 -0.80973619
  0.74243542 -0.80740838  0.87101179 -0.80288969  0.73613664 -0.80056188
  0.86361756 -0.79604318  0.72983785 -0.79371537  0.85622333 -0.78919668
  0.72353906 -0.78686887  0.8488291  -0.78235018  0.71724027 -0.78002237
  0.84143487 -0.77550368  0.71094148 -0.77317587  0.83404064 -0.76865718
  0.7046427  -0.76632937  0.82664641 -0.76181068  0.69834391 -0.75948287
  0.81925219 -0.75496418  0.69204512 -0.75263637  0.81185796 -0.74811768
  0.68574633 -0.74578987  0.80446373 -0.74127117  0.67944754 -0.73894336
  0.7970695  -0.73442467  0.67314875 -0.73209686  0.78967527 -0.72757817
  0.66684997 -0.72525036  0.78228104 -0.72073167  0.66055118 -0.71840386
  0.77488681 -0.71388517  0.65425239 -0.71155736  0.76749258 -0.70703867
  0.6479536  -0.70471086  0.76009835 -0.70019217  0.64165481 -0.69786436
  0.75270413 -0.69334567  0.63535603 -0.69101786  0.7453099  -0.68649917
  0.62905724 -0.68417136  0.73791567 -0.67965266  0.62275845 -0.67732485
  0.73052144 -0.67280616  0.61645966 -0.67047835  0.72312721 -0.66595966
  0.61016087 -0.66363185  0.71573298 -0.65911316  0.60386209 -0.65678535
  0.70833875 -0.65226666  0.5975633  -0.64993885  0.70094452 -0.64542016
  0.59126451 -0.64309235  0.69355029 -0.63857366  0.58496572 -0.63624585
  0.68615607 -0.63172716  0.57866693 -0.62939935  0.67876184 -0.62488065
  0.57236815 -0.62255284  0.67136761 -0.61803415  0.56606936 -0.61570634
  0.66397338 -0.61118765  0.55977057 -0.60885984  0.65657915 -0.60434115
  0.55347178 -0.60201334  0.64918492 -0.59749465  0.54717299 -0.59516684
  0.64179069 -0.59064815  0.54087421 -0.58832034  0.63439646 -0.58380165
  0.53457542 -0.58147384  0.62700223 -0.57695515  0.52827663 -0.57462734
  0.61960801 -0.57010864  0.52197784 -0.56778083  0.61221378 -0.56326214
  0.51567905 -0.56093433  0.60481955 -0.55641564  0.50938026 -0.55408783
  0.59742532 -0.54956914  0.50308148 -0.54724133  0.59003109 -0.54272264
  0.49678269 -0.54039483  0.58263686 -0.53587614  0.4904839  -0.53354833
  0.57524263 -0.52902964  0.48418511 -0.52670183  0.5678484  -0.52218314
  0.47788632 -0.51985533  0.56045418 -0.51533663  0.47158754 -0.51300882
  0.55305995 -0.50849013  0.46528875 -0.50616232  0.54566572 -0.50164363
  0.45898996 -0.49931582  0.53827149 -0.49479713  0.45269117 -0.49246932
  0.53087726 -0.48795063  0.44639238 -0.48562282  0.52348303 -0.48110413
  0.4400936  -0.47877632  0.5160888 ]",0.2123809523809524,0.0,0.0,0.78805,0.2503,0.0,0.21242105263157895,0.0,0.0,0.9985,0.9916666666666667,0.0,0.21241176470588236,0.0,0.0,0.7881875,0.250375,0.0,0.2124,0.0,0.0,0.9980714285714286,0.9892857142857143,0.0,0.2123846153846154,0.0,0.0,0.7884166666666667,0.2505,0.0,0.9976724137931035,0.9870689655172413,0.0,0.5464254761904763,5.580864903886659e-06
3.9,0.145,2029,0.6187727272727274,0.044656193521556614,0.75,0.0791431384494977,0.2555200411396168,2.0,0.9800206071173814,0.02303781087766754,5.1065684576964675e-06,2.0,0.9474897512526248,0.051339437453445005,1.1503469924271696e-07,4,0.9927345214854187,4,0.9927431059506533,0.0038208950436616055,3.0,1.2234910277324633,"[ 1.         -0.89767779  0.79535559 -0.89404935  0.99274311 -0.89114659
  0.78955007 -0.88751814  0.98548621 -0.88461538  0.78374456 -0.88098694
  0.97822932 -0.87808418  0.77793904 -0.87445573  0.97097242 -0.87155298
  0.77213353 -0.86792453  0.96371553 -0.86502177  0.76632801 -0.86139332
  0.95645864 -0.85849057  0.7605225  -0.85486212  0.94920174 -0.85195936
  0.75471698 -0.84833091  0.94194485 -0.84542816  0.74891147 -0.84179971
  0.93468795 -0.83889695  0.74310595 -0.83526851  0.92743106 -0.83236575
  0.73730044 -0.8287373   0.92017417 -0.82583454  0.73149492 -0.8222061
  0.91291727 -0.81930334  0.7256894  -0.81567489  0.90566038 -0.81277213
  0.71988389 -0.80914369  0.89840348 -0.80624093  0.71407837 -0.80261248
  0.89114659 -0.79970972  0.70827286 -0.79608128  0.8838897  -0.79317852
  0.70246734 -0.78955007  0.8766328  -0.78664731  0.69666183 -0.78301887
  0.86937591 -0.78011611  0.69085631 -0.77648766  0.86211901 -0.77358491
  0.6850508  -0.76995646  0.85486212 -0.7670537   0.67924528 -0.76342525
  0.84760522 -0.7605225   0.67343977 -0.75689405  0.84034833 -0.75399129
  0.66763425 -0.75036284  0.83309144 -0.74746009  0.66182874 -0.74383164
  0.82583454 -0.74092888  0.65602322 -0.73730044  0.81857765 -0.73439768
  0.65021771 -0.73076923  0.81132075 -0.72786647  0.64441219 -0.72423803
  0.80406386 -0.72133527  0.63860668 -0.71770682  0.79680697 -0.71480406
  0.63280116 -0.71117562  0.78955007 -0.70827286  0.62699565 -0.70464441
  0.78229318 -0.70174165  0.62119013 -0.69811321  0.77503628 -0.69521045
  0.61538462 -0.691582    0.76777939 -0.68867925  0.6095791  -0.6850508
  0.7605225  -0.68214804  0.60377358 -0.67851959  0.7532656  -0.67561684
  0.59796807 -0.67198839  0.74600871 -0.66908563  0.59216255 -0.66545718
  0.73875181 -0.66255443  0.58635704 -0.65892598  0.73149492 -0.65602322
  0.58055152 -0.65239478  0.72423803 -0.64949202  0.57474601 -0.64586357
  0.71698113 -0.64296081  0.56894049 -0.63933237  0.70972424 -0.63642961
  0.56313498 -0.63280116  0.70246734 -0.6298984   0.55732946 -0.62626996
  0.69521045 -0.6233672   0.55152395 -0.61973875  0.68795356 -0.61683599
  0.54571843 -0.61320755  0.68069666 -0.61030479  0.53991292 -0.60667634
  0.67343977 -0.60377358  0.5341074  -0.60014514  0.66618287 -0.59724238
  0.52830189 -0.59361393  0.65892598 -0.59071118  0.52249637 -0.58708273
  0.65166909 -0.58417997  0.51669086 -0.58055152  0.64441219 -0.57764877
  0.51088534 -0.57402032  0.6371553  -0.57111756  0.50507983 -0.56748911
  0.6298984  -0.56458636  0.49927431 -0.56095791  0.62264151 -0.55805515
  0.4934688  -0.55442671  0.61538462 -0.55152395  0.48766328 -0.5478955
  0.60812772 -0.54499274  0.48185776 -0.5413643   0.60087083 -0.53846154
  0.47605225 -0.53483309  0.59361393 -0.53193033  0.47024673 -0.52830189
  0.58635704 -0.52539913  0.46444122 -0.52177068  0.57910015 -0.51886792
  0.4586357  -0.51523948  0.57184325 -0.51233672  0.45283019 -0.50870827
  0.56458636 -0.50580552  0.44702467 -0.50217707  0.55732946 -0.49927431
  0.44121916 -0.49564586  0.55007257 -0.49274311  0.43541364 -0.48911466
  0.54281567 -0.4862119   0.42960813 -0.48258345  0.53555878 -0.4796807
  0.42380261 -0.47605225  0.52830189]",0.23752380952380953,0.0,0.0,0.7625,0.1625,0.0,0.2375263157894737,0.0,0.0,1.0,1.0,0.0,0.23752941176470588,0.0,0.0,0.7625,0.1625,0.0,0.23753333333333335,0.0,0.0,1.0,1.0,0.0,0.23753846153846153,0.0,0.0,0.7625,0.1625,0.0,1.0,1.0,0.0,0.49750000000000005,5.2028079515687675e-06
3.9,0.145,3001,0.6127272727272727,0.03999225131558934,0.7398181818181818,0.06139265307216875,0.2579332151294543,2.0,0.39721557357362347,0.5730441664958537,0.04053453120976524,2.0,0.35925110449135844,0.580448387522618,0.15403555491647225,4,0.6611288182170498,4,0.75140941224124,-0.012591477108246233,14.0,1.185951617604197,"[ 1.00000000e+00 -2.10620641e-01  3.71354363e-01 -1.80548928e-01
  7.51409412e-01 -1.99431728e-01  3.21037672e-01 -2.04088206e-01
  6.65873362e-01 -1.94518361e-01  2.63239443e-01 -2.21619450e-01
  6.21319120e-01 -2.07716804e-01  2.64021739e-01 -2.13846784e-01
  6.04011533e-01 -1.98001394e-01  2.84345495e-01 -1.92317036e-01
  5.90321922e-01 -1.75756821e-01  2.62459523e-01 -1.94661549e-01
  5.65063557e-01 -1.69659388e-01  2.49975904e-01 -2.11969136e-01
  5.56197915e-01 -2.00232890e-01  2.32668317e-01 -1.78870633e-01
  5.40811144e-01 -1.97529777e-01  2.52009737e-01 -1.90393843e-01
  5.10952467e-01 -1.82766742e-01  2.35416974e-01 -1.74424815e-01
  5.36815016e-01 -1.76200068e-01  2.33787286e-01 -1.56758628e-01
  5.15643868e-01 -2.06773570e-01  2.66885789e-01 -1.71654231e-01
  5.14259764e-01 -1.80911020e-01  2.62844116e-01 -1.81971448e-01
  5.12384492e-01 -1.89776662e-01  2.22868260e-01 -1.75159191e-01
  5.23060310e-01 -1.84170397e-01  2.27022949e-01 -1.86682401e-01
  5.16361069e-01 -1.76643315e-01  2.07057794e-01 -2.06156389e-01
  5.10152996e-01 -2.05274073e-01  1.90241374e-01 -2.15982439e-01
  4.81031070e-01 -2.10521738e-01  1.64246257e-01 -2.19778528e-01
  4.61311498e-01 -1.92855550e-01  1.63822561e-01 -2.05261076e-01
  4.36276789e-01 -1.73268546e-01  1.68937658e-01 -1.91458449e-01
  4.57069786e-01 -1.59465919e-01  1.64650402e-01 -2.00569675e-01
  4.45792159e-01 -1.99441775e-01  1.62305889e-01 -2.12562126e-01
  4.35966109e-01 -2.04689440e-01  1.53685831e-01 -2.28663721e-01
  4.10216576e-01 -1.94259206e-01  1.12258399e-01 -2.20645471e-01
  3.92908989e-01 -1.87446948e-01  1.59828809e-01 -2.24932728e-01
  3.93691285e-01 -1.96558174e-01  1.38657661e-01 -2.33552785e-01
  3.92307181e-01 -2.14826170e-01  1.65011378e-01 -2.25780120e-01
  3.76920410e-01 -2.31418933e-01  1.46006631e-01 -2.35136929e-01
  3.78417531e-01 -2.31373388e-01  1.52327721e-01 -2.44493738e-01
  3.64236752e-01 -2.10580391e-01  1.21263051e-01 -2.18876773e-01
  3.50301558e-01 -2.04974126e-01  1.17221378e-01 -2.12064515e-01
  3.24797609e-01 -2.16006168e-01  1.18249258e-01 -2.15860604e-01
  3.04117628e-01 -1.99545973e-01  9.92445106e-02 -2.08087938e-01
  2.86073289e-01 -2.18796304e-01  8.38577400e-02 -2.26132277e-01
  2.71646927e-01 -2.14887199e-01  7.54613389e-02 -2.10654417e-01
  2.83506810e-01 -2.12920837e-01  6.53677778e-02 -2.11569281e-01
  2.68120039e-01 -1.86343463e-01  6.68648986e-02 -2.04533367e-01
  2.79979923e-01 -1.99318250e-01  4.78601511e-02 -2.10987024e-01
  2.40964475e-01 -2.06977899e-01  4.96028558e-02 -2.22755818e-01
  2.26538113e-01 -1.95118016e-01  1.56350337e-02 -2.21995449e-01
  2.42976381e-01 -1.89533678e-01  3.81032632e-02 -2.10872317e-01
  2.45903151e-01 -1.79862122e-01  6.10407334e-02 -1.98543193e-01
  2.54859882e-01 -1.72826208e-01  7.29006167e-02 -2.05242434e-01
  2.64553364e-01 -1.87252570e-01  7.92217064e-02 -2.25944342e-01
  2.45303033e-01 -1.96609380e-01  6.19141190e-02 -2.41331112e-01
  2.26543869e-01 -1.96563835e-01  1.61319583e-02 -2.37176423e-01
  1.88243246e-01 -1.81800800e-01  3.47366272e-02 -2.24601716e-01
  1.93336416e-01 -1.83943583e-01  2.94670351e-02 -2.07203039e-01
  1.72388925e-01 -2.00067105e-01  3.26393888e-02 -2.07894246e-01
  1.74109703e-01 -2.04621873e-01  2.42210606e-02 -1.96771114e-01
  1.70515343e-01 -2.11834209e-01  2.23238613e-02 -1.77206037e-01
  1.73196529e-01 -1.92269131e-01  3.80253781e-02 -1.56680551e-01
  1.58748240e-01 -1.50035785e-01  3.20190343e-02 -1.46763412e-01
  1.68665379e-01 -1.55305377e-01  2.52978661e-02 -1.46248627e-01
  1.56159834e-01 -1.39112693e-01  3.49694216e-02 -1.45979425e-01
  1.70655358e-01 -1.24371584e-01  2.84938373e-02 -1.45219056e-01
  1.71906895e-01 -1.27229192e-01  3.55297515e-02 -1.27574795e-01
  1.62058918e-01 -1.13917733e-01  1.74854125e-02 -1.35725613e-01
  1.39436194e-01 -1.19656565e-01  6.92261078e-03 -1.41710029e-01
  1.26930648e-01 -1.05630281e-01 -7.58965805e-04 -1.49391606e-01
  1.13219110e-01 -9.64279666e-02 -1.01377024e-02 -1.45258844e-01
  1.07703934e-01 -8.77168195e-02  1.06333672e-02 -1.44029234e-01
  1.06767143e-01 -7.15241350e-02  5.11819123e-03 -1.31454526e-01
  1.24165820e-01 -7.10093497e-02  1.54575913e-03 -1.36232951e-01
  1.00091520e-01 -7.28846218e-02 -6.85064195e-03 -1.26293884e-01
  9.07347104e-02]",0.234,0.0003333333333333333,0.0,0.7757,0.1814,0.0,0.24373684210526317,0.0005263157894736842,0.0,0.9275,0.7667222222222222,0.0,0.25876470588235295,0.0017647058823529412,0.0,0.750625,0.1635625,0.0,0.27166666666666667,0.006066666666666666,0.0,0.8845714285714286,0.6946428571428571,0.0,0.287,0.01023076923076923,0.0,0.7328333333333333,0.16875,0.0,0.8618965517241379,0.6412931034482758,0.0,0.39123115769249667,1.1825445373811283e-05
3.92,0.095,101,0.6981818181818182,0.06871458516847812,0.4822727272727273,0.09760457413749617,0.9277434339592809,2.5821596244131455,0.0603499480994669,0.8862523358223514,0.057361628665496184,550.0,0.0532860521963773,0.8864533633252426,0.2594004154222675,13,0.11201250681231426,3,0.2519096843645197,-0.03320014780777526,12.0,1.2432622451370987,"[ 1.00000000e+00  9.26377615e-02  2.09951834e-01  2.51909684e-01
  2.10339374e-01  2.44216373e-01  1.56394788e-01  2.46820400e-01
  2.10160194e-01  1.81164434e-01  1.43411166e-01  1.88062634e-01
  1.14416156e-01  1.79137459e-01  1.09754791e-01  8.77771841e-02
  1.24287075e-01  7.60065773e-02  1.88857312e-01  2.24176704e-02
  1.49443512e-01  1.20278589e-01  1.06858965e-01  1.15417696e-01
  1.21421612e-01  1.25347842e-01  9.96919947e-02  1.22872600e-01
  9.30613822e-02  1.18458475e-01  4.52587643e-02  1.33467889e-01
  7.56751492e-02  7.51684053e-02  4.22168025e-02  9.14400462e-02
  9.68280300e-02  2.47517444e-02  1.21102447e-01 -3.01140184e-03
  7.40849252e-02  7.54563396e-02 -1.28281010e-03  6.00378550e-02
  9.48387517e-02  5.75494037e-03  2.36871129e-02  2.98905558e-02
  7.97600942e-02  3.58344949e-02  3.83715268e-03  6.85584554e-02
  8.44078951e-03 -1.27517207e-02  1.28448991e-02 -1.32880782e-02
  2.18207843e-02 -1.86261014e-02 -9.42107536e-03 -6.00264985e-02
  3.17220657e-02 -7.34453735e-02 -5.72248762e-03 -3.29181643e-02
 -4.10893555e-02 -8.29069064e-02 -2.56808866e-02 -6.04022090e-02
 -2.00449133e-02 -2.58000903e-02 -5.47654865e-02 -1.68242051e-02
 -6.72908267e-02 -3.60293691e-02  2.28060387e-03 -3.35945063e-02
 -3.12688314e-02 -2.74814028e-02 -1.78599721e-02 -2.76317185e-02
  5.90695171e-03 -6.31677507e-02  5.67856009e-03 -4.28491775e-02
 -2.17766202e-02 -2.83472562e-02 -3.07928841e-02 -5.00465103e-02
 -4.79984385e-02 -1.92614339e-02 -9.75404131e-02  9.75392302e-03
 -3.38333475e-02 -2.70746985e-02 -8.54833704e-02 -3.22435573e-02
 -5.80685687e-02 -5.87444770e-02 -1.28307824e-02 -4.85063654e-02
 -4.47492996e-02 -2.79709148e-02 -7.70668712e-02 -3.30313348e-02
 -3.32908385e-02 -1.99304415e-02  7.68313818e-03 -5.04479307e-02
 -1.53694309e-02 -3.05438299e-03 -5.68609165e-02  8.89272258e-03
 -2.79062853e-02 -6.63420078e-03 -5.17135878e-02 -3.36426136e-02
 -4.86627931e-02 -3.94881299e-02 -8.36547391e-03 -9.37233315e-02
 -4.55994590e-03 -4.93010041e-02 -3.20758519e-02 -5.34678893e-02
 -7.69376123e-02 -1.03100952e-01 -4.00409307e-02 -9.97421919e-02
 -5.49822851e-02 -3.72496397e-02 -1.76084732e-02 -2.32552115e-02
 -6.07005140e-02 -2.76693369e-02  4.40757967e-03 -3.22526267e-02
 -1.98464902e-02 -2.69246193e-02 -3.47878446e-02  3.08269930e-02
 -1.26518388e-02 -8.38727994e-03  2.11348208e-02 -3.78897829e-02
  1.07478919e-02 -8.26300919e-02  8.61097912e-03  7.11961183e-03
 -1.99676261e-02 -6.97592069e-03 -7.16480119e-02 -3.82785061e-02
 -3.30900495e-02 -1.74047267e-02  2.71079399e-02  4.11927074e-02
 -5.74640723e-02  8.38065532e-03  2.15415251e-02 -3.84677020e-02
 -2.73845177e-02  3.01798308e-02  7.24796382e-03 -1.38057449e-02
 -1.02178435e-02 -4.21392787e-03  2.32608503e-02 -2.88844024e-02
 -1.44309433e-02 -9.08014014e-02 -7.64086680e-02  7.67544889e-03
 -6.58625904e-02 -5.55645023e-02 -5.99186513e-02 -2.45625484e-02
 -7.68769655e-02 -6.93332203e-02 -4.55366828e-02 -1.05437905e-03
 -5.13821991e-02 -5.66906086e-02 -3.00402800e-03 -2.66125525e-02
 -2.30852190e-03 -4.09553252e-02 -2.32226799e-02 -6.85796699e-02
 -2.56675585e-02  1.35966751e-02 -5.10174507e-03 -2.50016660e-02
 -2.86791575e-02 -5.41962031e-02 -2.71378295e-02 -4.32207082e-02
 -4.80216246e-02 -7.14913476e-02 -5.22665857e-02 -3.82902569e-02
 -6.42237071e-02 -7.87667562e-02 -2.15103736e-02 -5.83093815e-02
 -3.89458181e-02 -7.34676133e-02 -1.48102027e-02 -7.91439652e-02
 -8.69768276e-02 -2.53178338e-02 -6.45328559e-02 -2.40367587e-02
 -5.48865435e-03 -6.64825049e-02 -1.45352810e-02 -3.94060320e-02
 -4.08973992e-02 -2.69514333e-02 -3.89396667e-02  1.21810177e-03
 -6.27773320e-02 -1.09992725e-02 -3.57312219e-02 -4.69343591e-02
 -4.49470129e-02 -4.84553400e-02 -5.66265312e-02 -4.62200044e-02
 -1.41430878e-02 -7.55533430e-02 -3.36562178e-02 -3.92725932e-02
 -1.34287331e-02 -4.87963502e-02 -8.22554461e-02 -2.46130217e-02
 -5.42247126e-02 -3.26750250e-02 -7.98320975e-02  2.26909359e-02
 -2.84523432e-02 -5.77864310e-02 -2.90190635e-02 -6.51717768e-02
 -7.47743588e-02 -5.04703282e-02  3.53470728e-04 -5.04514796e-02
 -4.65556123e-02 -2.64373155e-02 -9.12107477e-03 -5.45387905e-02
  4.42658601e-03 -2.49378646e-02  2.98368096e-03 -4.41733915e-02
 -4.90653964e-02  3.46803917e-02 -5.33407203e-02  1.31980150e-02
 -5.02327489e-03]",0.5230952380952381,0.026857142857142857,0.0,0.6124,0.0509,0.0,0.553,0.03368421052631579,0.0,0.5879444444444445,0.04466666666666667,0.0,0.5664705882352942,0.035176470588235295,0.0,0.590625,0.0444375,0.0,0.5819333333333333,0.042333333333333334,0.0,0.5727142857142857,0.03507142857142857,0.0,0.5786153846153846,0.04130769230769231,0.0,0.563,0.035,0.0,0.564051724137931,0.038620689655172416,0.0,0.006143349125075137,3.363761636464349e-06
3.92,0.095,707,0.6979545454545455,0.06695756951758687,0.49509090909090914,0.09965162457778466,0.9071545068471297,2.522935779816514,0.021318411175090833,0.9146509420386414,0.042665693850289815,550.0,0.05138040802009848,0.895045696288309,0.17049635425628734,8,0.08945726025302514,8,0.2021794443455851,-0.01739785870061534,9.0,1.2218981377608256,"[ 1.00000000e+00 -4.40396192e-02  7.35923551e-02  1.64308192e-01
  1.90484221e-01  1.78991640e-01  5.81467372e-02  7.02679857e-02
  2.02179444e-01  1.58735705e-01  9.90833615e-02  5.36738838e-02
  6.75811081e-02  1.79585511e-01  6.70696136e-02  6.02891456e-02
  1.47020242e-01  7.56999670e-02  9.41395419e-02  8.63986750e-02
  7.50409157e-02  7.17874587e-02  8.46893434e-02  4.45395896e-02
  9.33773722e-02  5.95459448e-02 -1.13615422e-02  1.01738081e-01
  3.89798375e-02 -1.65895624e-02  4.30006936e-02  6.37289142e-02
  4.67435833e-02  3.83202839e-02  1.83555525e-02  2.57646876e-02
  4.10001586e-02  3.00422836e-03 -2.49228594e-04  1.59147501e-04
  6.26306003e-02  2.09728371e-02 -1.79385514e-02  3.74872017e-02
 -2.39427955e-02  2.54875383e-02 -4.20727004e-02  2.83682327e-02
  1.47667685e-02 -1.57706736e-02  2.90374282e-02  2.41021246e-04
  8.84358102e-03 -4.86549391e-02 -1.39168782e-02  7.26041625e-04
 -7.84040218e-03 -3.92034212e-02 -5.67446849e-02  3.76329851e-02
 -2.78716337e-02 -5.77022573e-03 -4.85764730e-02  4.79999613e-02
 -2.15343383e-02  1.10049583e-02 -5.82147565e-02  7.46080023e-03
  1.88996161e-02 -6.70230508e-02 -3.00496072e-02 -1.85658507e-02
  1.50237263e-02 -9.48356775e-02 -2.38021932e-02  2.18575117e-03
 -5.73487845e-03 -7.97116473e-02 -6.84724648e-03 -2.33299076e-02
 -1.48255515e-02 -1.89495260e-02 -3.61678826e-02  1.88001414e-02
 -3.65894958e-02 -3.90706389e-02 -2.38801086e-02 -2.25562742e-02
 -1.46444693e-02 -7.59845852e-02 -6.60225472e-03 -4.62493388e-02
 -9.72530200e-03 -3.63678853e-02 -9.06623015e-02 -3.74311969e-03
  7.31060213e-02 -4.92552134e-02 -7.15085905e-02  9.87962556e-04
  2.01182923e-02  6.79479451e-03 -8.91979133e-02  3.11354951e-02
  3.11972439e-03 -3.98213449e-02  2.00918182e-02 -5.13632793e-02
 -1.14021128e-02  3.83511280e-02 -3.12281122e-02 -1.20528418e-02
  1.66897998e-02  2.03805522e-03 -1.92016599e-02 -2.95540795e-02
  5.32904808e-02 -2.59010712e-02 -2.05026153e-02  2.49879190e-02
 -3.37406442e-02  2.46195688e-02  2.01726872e-02  1.18842098e-02
 -1.11638092e-03  8.99418828e-03  6.53353997e-02  4.24445308e-02
 -3.72496910e-02  2.26634721e-02  2.16986608e-02  6.97108665e-02
  3.20090813e-03  1.59230301e-02  3.11135604e-02  8.42057272e-02
  1.10545353e-02  1.97919171e-02 -7.65365475e-04  6.28096307e-02
  2.24351734e-02  2.17400062e-02 -2.87943732e-02  8.55436158e-02
  7.25879657e-02 -9.76274953e-03  7.18883861e-02 -6.06480052e-03
  5.70974072e-02  7.14174199e-02 -1.13460838e-02  7.32395117e-02
 -1.79878197e-02  6.19222808e-02  6.08675881e-02 -5.17468457e-04
  1.53188761e-02  7.66501672e-02 -1.25215443e-02  7.06908638e-02
 -2.10840781e-02 -2.09536684e-02  5.99700940e-02  9.79523998e-03
  3.03436978e-02 -4.99573896e-03  5.15977092e-03  3.27539285e-02
 -1.49441949e-02 -4.14519561e-02  3.51192184e-02  4.45024144e-02
 -9.10124696e-03 -1.59715963e-02 -8.60740187e-03  1.51451599e-02
 -9.98941397e-03 -3.30600456e-02  1.67830766e-02 -1.38891875e-02
 -4.28128809e-03 -4.53015595e-02 -2.84598754e-02 -4.39371968e-02
  6.49529833e-02 -1.04456148e-01  1.04294513e-02 -2.36350018e-02
 -1.43949502e-02 -4.23657802e-02 -3.33504320e-02 -6.58185135e-03
 -2.54430394e-02 -2.41192051e-02 -2.46712279e-02 -4.12437703e-02
 -1.20433997e-02 -3.71880633e-03 -4.19843806e-02 -2.93521400e-02
 -2.79384243e-02 -5.24804470e-02 -1.22496365e-02 -6.09980402e-02
 -5.66216836e-03 -6.15544754e-02 -4.39404774e-02 -8.28695818e-03
 -7.94640892e-02 -1.80878574e-02 -7.88354221e-02 -1.29717803e-02
 -4.64353599e-02 -9.67899766e-02 -6.06337876e-02 -2.38850475e-02
 -8.15183897e-02 -8.66477038e-02 -4.77001994e-02 -3.95104281e-02
 -4.64257181e-02 -7.07347150e-02 -4.86782477e-02 -5.28022223e-02
 -7.20312581e-02 -5.91293735e-02 -5.36859769e-02 -1.70271181e-02
 -1.24230028e-01 -3.25987333e-02 -7.81430330e-02 -4.04788346e-02
 -1.04978114e-01 -8.15933997e-02 -4.58949399e-02 -2.44310238e-02
 -7.90400247e-02 -8.00947174e-02 -4.39385284e-02 -5.03960893e-02
 -6.24812218e-02 -9.12776287e-02 -5.01313599e-02 -4.69766091e-02
 -7.00023000e-02 -1.05468660e-02 -9.29874626e-02 -2.25465295e-02
 -6.70405489e-02 -1.18394991e-02 -9.42351550e-02 -6.64079718e-02
 -1.00218197e-02 -6.65965592e-02 -3.58881791e-02 -6.88940296e-02
 -7.11870876e-02 -3.80469175e-02 -4.64252762e-02 -1.56270148e-02
 -3.91553755e-02]",0.5172857142857142,0.025333333333333333,0.0,0.62065,0.05455,0.0,0.5375263157894736,0.02736842105263158,0.0,0.6096666666666667,0.052055555555555556,0.0,0.5601764705882353,0.03535294117647059,0.0,0.586375,0.0423125,0.0,0.5763333333333334,0.03966666666666667,0.0,0.5786428571428571,0.04221428571428571,0.0,0.5902307692307692,0.04107692307692308,0.0,0.557,0.0285,0.0,0.5622413793103448,0.03525862068965517,0.0,0.010166811192763199,4.17240076869981e-06
3.92,0.095,1313,0.6969545454545455,0.06521675556643071,0.5002727272727272,0.10253566200825483,0.8794910856908607,2.70935960591133,0.029233198328975495,0.9050309946467536,0.04854961533703698,137.5,0.05445373825128565,0.8966132467150122,0.18493623851988086,198,0.11792021708368126,4,0.18848220012204195,-0.013741664095701432,14.0,1.2535307517084282,"[ 1.00000000e+00 -6.49221774e-03  1.22338614e-01  1.38767598e-01
  1.88482200e-01  1.72048474e-01  2.76485876e-02  1.54322426e-01
  1.46972599e-01  1.40052756e-01  8.25536134e-02  7.95295647e-02
  1.00284327e-01  1.44810825e-01  5.40119145e-02  1.24913633e-01
  1.29417558e-02  4.88261300e-02  6.74121072e-02  6.30957489e-02
  5.83352574e-02  5.87652284e-02  1.09779215e-01  8.12493455e-02
  1.98591251e-02  9.46472057e-02  7.30300922e-02  3.93003277e-02
  3.58439370e-02  6.39437967e-02  3.10928656e-02  7.21606274e-02
  2.33083254e-02 -1.42912932e-02  6.09314877e-02  8.35935068e-04
 -2.77080835e-02  6.26631753e-02 -3.80725264e-02 -1.12696927e-02
 -9.97975425e-03 -4.78694650e-03 -4.10942555e-02 -1.13290668e-01
  1.70993624e-03  3.44636612e-03 -5.23328410e-02 -5.96850263e-02
 -5.96850392e-02  9.48966992e-03 -9.47024097e-02 -4.54222091e-04
 -4.15055021e-02 -3.63292019e-02 -5.96638923e-02 -5.57539612e-02
 -2.76470268e-02 -1.98578088e-02 -4.92405709e-02 -9.24700685e-02
 -5.56226222e-03 -9.50570716e-02 -4.31642519e-02 -5.00840952e-02
 -6.84283210e-03 -6.00138378e-02 -7.82994967e-04 -7.72981111e-02
 -5.08285853e-03 -6.38790268e-02 -7.90062937e-02 -1.54473143e-02
 -8.46149744e-02 -1.71696334e-02 -9.02212969e-02 -1.36849825e-02
 -2.06001093e-02 -3.48579756e-02  2.17717404e-02 -2.49188515e-02
 -6.38225708e-02  1.83271151e-02 -1.41009069e-02  9.68496560e-03
 -6.03615280e-02  1.48636111e-02  6.24188614e-02 -2.57742056e-02
  1.27042207e-02 -1.10746029e-02  1.29011271e-01 -1.79779514e-02
  1.05660415e-02  7.53963451e-03  1.40106025e-02 -2.48954751e-02
  3.00166641e-02  1.19518522e-01  3.56441592e-02 -9.31470647e-03
  4.38680647e-02  5.94252895e-02 -2.27126310e-02 -2.35773279e-02
  4.25639125e-02  4.17062903e-02 -9.31715474e-03  1.70580534e-02
 -1.53628940e-02  8.96962022e-02  4.96187136e-03 -2.61691246e-02
  1.02671140e-01  1.05728460e-02 -1.11455055e-03 -3.65642502e-02
  6.76301619e-02  7.09047618e-03 -2.41870273e-03  6.63165897e-02
  1.35850007e-02 -1.97124218e-02  1.70366364e-02 -1.12409924e-03
 -1.58308152e-02  1.01167674e-02 -1.14979879e-02  4.34094348e-02
 -1.01915547e-02 -4.13877936e-03  2.34869620e-03  1.44542597e-02
 -1.54948233e-03 -5.21335106e-02  4.60010386e-02 -6.74234153e-03
  3.20387013e-03 -1.92779274e-02  9.26134903e-03  1.66135086e-02
 -5.21312425e-02  4.73026911e-02 -2.27296531e-02 -1.45128095e-02
  4.07316770e-03 -5.73241274e-02 -8.47656753e-03 -3.83152539e-02
 -2.14657195e-02 -7.62135501e-03 -6.12341356e-02 -7.81049199e-02
 -6.16712198e-02 -4.61139949e-02  2.74063960e-03 -1.11834723e-01
  3.59586498e-03 -4.35270690e-02 -5.08863290e-02 -1.54390133e-02
 -6.21366800e-02 -2.90819535e-03 -4.31136571e-02 -5.93461517e-03
 -2.27936083e-02 -1.97672271e-02 -5.17652653e-02 -8.96341893e-03
 -1.76173467e-02 -1.97837861e-02 -4.57266780e-02 -4.01038864e-02
 -5.56705700e-02  3.64182658e-02 -8.46351523e-02 -1.63257346e-03
 -1.54698890e-02  1.34970130e-02  1.26299579e-02 -9.33127138e-02
 -2.41356465e-02 -1.33223926e-02  5.68885196e-03 -5.18126486e-02
 -6.00295179e-02 -9.87549908e-03 -2.84591438e-02 -1.89499906e-02
 -5.56872834e-02 -2.88750168e-02  1.95449175e-02  9.16869635e-03
 -9.41563410e-02 -3.75195503e-02 -7.65775606e-04 -3.27614556e-02
  5.29877799e-03 -8.20343214e-02  6.75560020e-02 -2.45257848e-02
 -5.17633444e-02 -2.79798301e-02  1.04962379e-02  5.72867173e-03
 -4.48577148e-02  1.65206887e-02 -3.23268969e-02 -2.32618768e-02
 -2.75853098e-02 -8.13229037e-03 -3.49375080e-02 -5.18012176e-02
 -1.98244291e-02  1.51905446e-02 -1.59239438e-02 -5.82863992e-02
 -1.21726644e-03 -1.11540709e-02 -8.42057345e-02 -9.41425389e-02
 -8.11746497e-02 -3.78544231e-03 -1.61667042e-03 -1.01060063e-01
 -9.83119438e-03  7.46718971e-03 -8.53183584e-03 -2.23573602e-02
 -5.86717439e-02 -3.75960469e-03 -1.11165065e-02 -1.37058549e-02
 -7.59654758e-02 -3.05672191e-02 -5.00344137e-02  3.08182462e-02
 -5.73818954e-02 -1.80435016e-02 -4.26893674e-02  9.63343614e-03
 -4.61292634e-02 -6.99151616e-02 -3.83659987e-02 -1.37225169e-02
 -3.23132363e-02 -3.79336953e-02 -2.92868679e-02 -1.61463377e-03
 -5.39303884e-02 -6.82094788e-02  9.61678705e-03 -3.44939022e-02
 -2.97405112e-02 -7.80683902e-04 -1.21539701e-03 -1.41880285e-02
 -7.70526938e-03 -3.45152035e-02  3.24954374e-02 -2.88994995e-02
  2.64237576e-02]",0.5085238095238095,0.02142857142857143,0.0,0.61265,0.0478,0.0,0.5632105263157895,0.034842105263157896,0.0,0.5916666666666667,0.03961111111111111,0.0,0.5661764705882353,0.03235294117647059,0.0,0.5918125,0.0433125,0.0,0.5594666666666667,0.03353333333333333,0.0,0.5962142857142857,0.03692857142857143,0.0,0.5594615384615385,0.031384615384615386,0.0,0.5883333333333334,0.04425,0.0,0.5766379310344828,0.03698275862068966,0.0,0.011672123190706776,4.032369417649173e-06
3.92,0.095,2029,0.7054999999999999,0.065038275443982,0.4660909090909091,0.09615418919201366,1.0249725090230555,2.0522388059701493,0.03899147972593393,0.9040185739386569,0.053070142947500946,183.33333333333331,0.05208745790929234,0.8881108828183587,0.21206691534809194,2,0.13645656810965026,4,0.25678087094751306,-0.02745440416616322,11.0,1.2495734828174507,"[ 1.00000000e+00 -7.23143824e-03  1.57906284e-01  1.59980115e-01
  2.56780871e-01  1.76593799e-01  8.06574911e-02  1.33544706e-01
  2.53277006e-01  1.22768182e-01  1.62680759e-01  1.48864123e-01
  1.40788864e-01  1.39246064e-01  3.20361686e-02  1.14229171e-01
  1.30085706e-01  5.49901621e-02  5.18312316e-02  1.17342685e-01
  9.64510040e-02  4.98531822e-02  8.06169188e-02  1.61620978e-02
  1.28661137e-01  4.91408980e-02  8.05544839e-02  3.51151278e-02
  1.72072117e-02  4.14045211e-02  5.60856062e-02  2.50788031e-02
  3.33686610e-02  4.00254040e-02  1.16179979e-02  8.05878645e-02
  2.35075363e-02  1.26576803e-02  3.76800390e-02 -2.54750835e-02
  3.74199888e-02  3.88439704e-02  2.65022321e-02 -1.87619238e-02
 -1.81460078e-02  7.32467864e-02  1.73390538e-03 -2.64983007e-02
  9.32299718e-03 -1.00937849e-02 -5.63581902e-02  1.34027584e-02
 -1.06372773e-03  8.40157969e-03 -2.75725030e-02  4.05723143e-02
  2.17403462e-03 -1.00094873e-02 -4.95662327e-02 -2.94432189e-02
 -1.96444950e-02  1.07688415e-02  1.25262396e-02 -7.50183420e-02
 -1.58981161e-02  5.00879860e-02 -4.15648584e-02  1.98553153e-02
 -5.50820121e-02 -4.38083896e-02  1.08871405e-02 -2.22613941e-02
 -1.62545004e-02 -6.58021193e-02 -5.71561144e-03  5.01044171e-02
 -2.72910745e-02 -2.91503065e-02 -4.39502090e-02 -3.36768360e-02
  1.88599790e-02 -7.73927613e-02 -3.77966169e-02 -1.86908362e-02
 -9.57529113e-02 -1.10621456e-04 -2.72183291e-02 -3.18691418e-02
 -6.45260436e-02 -4.63865448e-02 -6.08869983e-02 -7.50200680e-02
 -4.63980629e-02 -5.80559845e-02 -9.18883358e-02 -6.65495443e-02
 -3.38362599e-02 -7.22175559e-02 -5.70278543e-02 -9.80764820e-02
 -4.29063027e-02 -1.08010973e-01 -5.36318756e-02 -1.14170617e-01
 -5.55420244e-02 -4.27935034e-02 -3.98946232e-02 -7.49777160e-03
 -3.45715119e-02 -9.80430672e-02 -4.03977399e-02 -9.32115888e-02
 -3.21418152e-02 -6.11990706e-02 -7.40494254e-02 -1.29796518e-02
 -1.86137302e-02 -6.15949220e-02 -6.42622196e-02 -5.92555752e-02
 -6.43965906e-04 -1.16386820e-01 -7.97905985e-03 -6.43925551e-02
 -2.32875448e-02 -8.67930675e-02 -5.53794816e-02  1.86309626e-02
 -4.78073735e-02 -8.16057574e-02  7.64530534e-03 -2.27456159e-02
  5.05133988e-03 -5.79455662e-02 -1.08167127e-02 -4.52989132e-02
 -1.26026125e-02 -2.46449017e-02 -1.73383095e-02 -1.00317172e-02
 -2.22322228e-02  1.11139271e-02 -6.95220540e-03 -3.32348637e-02
  2.04264497e-02 -1.24056522e-02  1.68831858e-02 -1.66327326e-02
 -8.99272391e-03 -1.06767558e-02  4.85847028e-02 -2.04869977e-02
  4.81154851e-02 -4.04293458e-02  1.33207368e-01 -3.48237691e-02
  2.50875387e-02 -7.07773024e-03  6.13665362e-02  1.38024323e-02
  1.86338766e-02  1.34914311e-02  9.30680531e-02  2.04807422e-03
  6.89650218e-03 -1.56113097e-02  3.13763111e-02 -6.51335198e-03
 -6.08961971e-03  5.04312091e-02 -1.19158477e-02  1.81980396e-02
 -5.94288721e-03 -3.02702331e-03  1.36205932e-02 -1.24868651e-02
 -3.58027426e-02 -8.81385244e-03 -1.46061472e-02 -2.75977348e-02
 -1.94491095e-02 -3.29312589e-03 -6.20065690e-02 -6.18654046e-03
 -1.27699172e-02 -8.88777127e-03 -9.79582024e-02  1.47591759e-03
 -5.77461421e-02 -1.76243975e-02 -9.07873772e-02 -4.21326741e-02
 -2.36937262e-02 -8.71652815e-02 -3.72448472e-02 -2.40046933e-02
 -7.35523123e-02 -6.07432790e-03 -9.20027782e-02  5.48481866e-04
 -3.81662306e-02 -7.55812445e-02 -1.20533067e-02 -5.81594956e-02
 -4.45689416e-02 -3.46459687e-02 -1.01400738e-01  8.16548866e-03
 -2.71247775e-02 -3.66749350e-02 -5.23168706e-02  1.36692315e-02
 -2.16040509e-02 -3.80540521e-02 -4.23714484e-02 -3.22562917e-02
 -1.00255137e-02 -9.28459505e-02 -3.77008777e-03  6.16986882e-03
 -1.22296801e-02  2.29318854e-03 -2.57808011e-02 -2.91149317e-02
 -4.90063856e-03 -2.70580503e-02 -2.85838658e-02 -4.04339712e-02
 -4.55424494e-02  3.30509069e-02 -6.63008756e-03 -4.60116329e-02
 -4.60625498e-02 -5.08715789e-02  9.21492896e-03 -6.31060177e-02
 -4.55993846e-02 -1.25696674e-02 -5.83424399e-02 -3.07037005e-02
  1.04330180e-03 -7.58775407e-02 -3.44730813e-02 -5.99306903e-02
  1.57298525e-02 -3.61346980e-02 -1.98204979e-02 -3.16536197e-02
 -3.49877502e-02 -1.03327753e-02 -1.22089909e-02 -3.07667563e-02
 -1.19774083e-02 -3.86104668e-02  3.03254325e-02 -3.49544378e-02
  2.56237029e-02 -5.83551996e-02 -1.35432776e-02  2.96310616e-03
 -1.21702129e-02]",0.544,0.029380952380952383,0.0,0.5985,0.0435,0.0,0.581,0.03831578947368421,0.0,0.5746666666666667,0.03227777777777778,0.0,0.5864705882352941,0.039,0.0,0.587,0.04075,0.0,0.5694,0.0342,0.0,0.5917857142857142,0.045142857142857144,0.0,0.576076923076923,0.033692307692307695,0.0,0.59125,0.044,0.0,0.5922413793103448,0.040862068965517244,0.0,0.006216317074738124,1.8560165858184363e-06
3.92,0.095,3001,0.6992272727272728,0.07554705446287452,0.479,0.10858553394360679,0.9857395450633155,2.3504273504273505,0.026853055937141868,0.8932084595725371,0.06216906902570814,275.0,0.05107466992852787,0.8863557394569794,0.1882987074480959,3,0.18748868219481943,3,0.2890426294728563,-0.004882081627247508,11.0,1.2279189000233046,"[ 1.00000000e+00 -6.51648818e-02  1.31152592e-01  2.89042629e-01
  3.89033069e-02  2.85945921e-01  4.79809405e-02  1.04906437e-01
  2.08501530e-01  8.00593682e-02  1.31202245e-01  1.13909745e-01
  2.25380304e-02  1.98870770e-01  5.68355963e-02  4.99286810e-02
  1.18542780e-01  4.18589195e-02  3.30861456e-02  8.24017147e-02
  2.64350535e-02  6.74544908e-02  2.08402532e-02  6.64241050e-02
  7.97255183e-02 -4.24058782e-05  7.86951326e-02  2.83877285e-02
 -1.98919036e-02  6.02874348e-02  3.63564869e-02  1.38673390e-02
  3.14710214e-02 -4.02516596e-03  5.32858387e-02 -1.75537205e-02
 -6.17932289e-02 -5.80066153e-03 -2.27693352e-02 -1.01772566e-02
 -6.87592040e-03 -6.19713336e-02  1.56713622e-02  8.92373881e-04
 -1.31541492e-02 -2.97989961e-02 -4.04993099e-02  1.78063054e-02
 -4.03500412e-02 -1.45504591e-02  3.85816390e-02 -1.60665849e-02
 -3.91648355e-02 -4.90093216e-02 -1.67177850e-02  3.04312292e-02
 -3.43404344e-02  3.20943107e-03 -1.36130579e-03 -4.71428461e-02
  2.85723097e-02 -3.54668887e-02 -6.59900231e-02  2.13833568e-03
 -4.27873769e-02 -2.90002236e-02  1.73386071e-03 -6.03392470e-02
 -3.46167665e-02  1.45600197e-02 -5.75362956e-02  1.22960085e-02
  9.14394097e-03  1.26688718e-02  3.41276340e-02 -3.34659481e-02
  2.80470937e-02 -3.44732033e-02  1.72787762e-02 -1.18256887e-02
  1.61481584e-02 -4.96688486e-04 -3.40036546e-02 -4.14579912e-02
  3.55370512e-02  1.72268098e-02 -4.92102483e-02  3.65970439e-03
 -1.81201089e-02  3.54591786e-02 -3.31675649e-02 -8.31511423e-02
  1.82311352e-02  4.89394675e-03 -7.75725333e-02 -1.07857424e-02
 -7.09929915e-02  7.05171204e-04  1.34650229e-03 -4.40726605e-02
 -3.95145683e-02 -4.21577653e-02 -4.65897193e-02 -2.72820916e-02
 -4.49446796e-02 -7.41108258e-02 -5.06011612e-02 -6.76546465e-02
 -1.70206401e-02 -7.10212106e-02 -9.06267589e-02 -7.36321791e-02
 -3.32835257e-02 -1.09358283e-01 -4.82924309e-02 -4.49756744e-02
 -7.26383395e-02 -2.67306610e-02 -7.09701694e-02 -4.95730885e-02
 -2.43209277e-02 -9.96246694e-02  2.05626875e-02 -6.32222299e-02
 -9.55109908e-02 -2.73055305e-02 -1.12408885e-01 -2.89238930e-03
 -6.32615517e-02 -9.62210965e-02 -5.93034642e-02 -2.33573119e-02
 -4.07963053e-02 -1.15552626e-01 -6.32140572e-03 -2.72685217e-02
 -7.25643220e-02 -1.27721417e-01 -1.73105421e-02 -5.23980910e-02
 -1.02805727e-01 -2.06371676e-02 -9.55554014e-02 -4.03955312e-02
 -7.10805789e-02 -9.19660136e-02 -3.67059114e-02 -1.66658185e-02
 -2.36344151e-02 -2.20216039e-02 -9.38943246e-02  1.28002529e-02
 -2.89026130e-02 -6.57557884e-02  9.32713436e-03 -4.23989391e-02
 -6.58210164e-02  4.65894109e-03 -2.29034919e-02 -1.76977463e-02
 -2.73417682e-02 -4.60760684e-02  4.63778441e-02 -7.09462679e-02
  2.96418631e-02  2.70988982e-02 -3.33319455e-02  2.31463620e-02
 -3.43623312e-02 -2.20940794e-02  1.97380088e-04 -1.55899429e-04
  3.02207419e-03 -5.81238097e-03 -1.69598840e-02  1.05667738e-02
 -2.06271444e-02 -1.09592210e-03  7.80299000e-03 -1.01217434e-02
 -1.06369363e-02  3.21189832e-03 -2.07576003e-02  4.77983639e-03
 -4.21653212e-03 -4.06841996e-02  3.06670059e-02 -4.66645078e-02
  2.68995135e-02  3.09192823e-03  1.96763275e-03  2.09514337e-02
  6.40371938e-02 -3.07064819e-03  5.34252384e-03  4.49818426e-02
  3.35105128e-02  7.14844370e-02  1.21098852e-02  4.42009576e-02
  4.94067032e-02  2.75266579e-02  2.75588863e-02  2.14229871e-02
  3.25347150e-02  4.53272577e-02  8.35071974e-03  8.80828688e-02
 -3.51472255e-02  5.64354390e-02  5.80096994e-02 -1.21205252e-02
  5.99014642e-02  3.65796190e-02  5.61108413e-02  2.82862628e-02
  4.94597491e-02  3.89830299e-02  3.84292863e-02  7.22243040e-02
  7.69443095e-02  5.17566057e-02  5.85660645e-02  1.24581839e-01
  3.10975412e-02  3.35661802e-02  1.12627545e-01  1.41933245e-02
  7.55444529e-02  3.58076778e-02  4.87467135e-02  1.10136393e-01
 -3.53310357e-03  5.29452039e-02  2.86201127e-04  5.42509965e-02
  7.81461692e-02 -8.43753614e-03  5.50415963e-02  8.28920809e-02
 -6.77568832e-03  5.00495763e-02  2.14539819e-02  3.88340697e-02
  5.04932189e-02  2.36007988e-03  5.49216262e-02  4.51542417e-02
 -3.14081065e-03  2.03071728e-02  6.31307874e-02  3.32553065e-02
  3.87077772e-02  1.27490574e-02  1.95585163e-02  5.53042044e-02
  1.78804771e-02  2.17292346e-02 -1.85318314e-02  5.74884926e-03
  3.01528925e-02]",0.5305238095238095,0.02980952380952381,0.0,0.5955,0.0444,0.0,0.5816315789473684,0.04042105263157895,0.0,0.5840555555555556,0.0455,0.0,0.5738823529411765,0.03652941176470588,5.882352941176471e-05,0.5878125,0.041125,0.0,0.5692,0.035866666666666665,0.0,0.5791428571428572,0.040785714285714286,0.0,0.5811538461538461,0.04215384615384615,0.0,0.56625,0.035166666666666666,0.0,0.5599137931034482,0.03517241379310345,0.0,0.0044393759852119005,2.778617135419475e-06
3.92,0.1117,101,0.6181818181818182,0.05339700056577605,0.7230909090909091,0.09790297102507764,0.33651915768587937,3.7162162162162162,0.08848612927412942,0.8656258864449609,0.1209566235573149,3.7162162162162162,0.1028711762573652,0.8031342625483031,0.2650056436703254,11,0.3295289855072463,11,0.47326198671476755,0.009834128070187116,10.0,1.1010520487264672,"[ 1.00000000e+00  1.16160163e-01  9.42446148e-02  2.55161387e-01
  4.35083423e-01  9.77712151e-02  1.16164897e-01  3.75501720e-01
  2.08472944e-01  4.93973737e-02  3.44124266e-02  4.73261987e-01
  1.03045376e-01 -3.25016759e-02  6.84435848e-02  3.14210640e-01
  6.13469154e-02 -4.45266611e-03  2.53023466e-01  1.53991834e-01
 -4.14905158e-02 -5.00915155e-02  3.15618563e-01  8.45692458e-02
 -6.61530454e-02  1.24311549e-02  2.30729302e-01  2.50329811e-02
 -9.62872836e-02  1.32005828e-01  1.18334919e-01 -6.29206442e-02
 -8.55294246e-02  2.21121381e-01  1.31793281e-01 -1.05457192e-01
 -4.88701909e-02  1.79788506e-01  3.88421731e-02 -8.60166815e-02
  8.71575460e-02  1.67419645e-01  1.77733409e-03 -7.35791994e-02
  1.93674615e-01  1.44691958e-01 -4.86287415e-03 -4.43972200e-02
  1.87763853e-01  1.16711569e-01 -1.48588797e-02  5.07022060e-02
  1.80283833e-01  5.36005012e-02 -5.84904587e-02  1.94864216e-01
  1.48471697e-01  6.21338080e-02 -1.50472031e-02  1.62431274e-01
  1.50291684e-01  5.91028925e-02  4.31332794e-02  1.75158465e-01
  1.44524052e-01 -1.30201987e-02  1.53113062e-01  1.43308390e-01
  1.00271668e-01 -4.58549398e-02  1.58690646e-01  1.13574227e-01
  3.49343232e-02  1.94389363e-02  1.21296436e-01  8.35486294e-02
 -1.70884735e-02  1.01549737e-01  1.09400076e-01  1.01966535e-01
 -5.56495473e-03  1.26241225e-01  1.28547429e-01  9.59436836e-02
  4.79110530e-03  1.11865093e-01  1.54846112e-01  4.90287345e-02
  6.45408455e-02  1.43233687e-01  1.43570558e-01 -1.30252404e-02
  4.37807667e-02  9.16489026e-02  8.58208331e-02  1.78691267e-02
  5.76392030e-02  1.18239020e-01  6.52435469e-02  3.97531954e-02
  7.02939670e-02  1.22138705e-01  1.80733779e-02  4.54773585e-02
  5.33656361e-02  1.69924149e-01  9.46211301e-03  2.46086387e-02
  8.68501407e-02  6.65762778e-02 -3.01711353e-03  1.49385560e-02
  1.18291161e-01 -4.02739695e-02  4.38494817e-03  4.50281338e-03
  9.87726931e-02 -5.66194332e-02 -2.02051542e-02  2.20134407e-03
  6.63035374e-02 -1.80270809e-02 -1.81282220e-02  6.40669955e-02
  2.07388398e-02 -3.65246695e-02 -6.93235041e-03  9.74790729e-02
 -1.12198761e-02 -1.92000705e-02  3.33016869e-02  8.83935818e-02
 -1.33631780e-03 -4.41178201e-02  5.89433518e-02  2.94039705e-02
 -5.44162079e-02 -6.69292652e-03  9.15535557e-02  9.19226966e-03
 -7.20377713e-02  4.17701603e-04  8.18110457e-02 -1.57254799e-02
 -3.19865266e-02  7.48322415e-02  5.19320275e-02 -2.14551738e-02
  1.25155468e-02  1.03648636e-01  4.13514303e-02 -4.96183553e-02
  5.25453329e-03  8.25988476e-02  3.45284294e-02 -2.46681984e-02
  3.49469525e-02  6.04540281e-02 -2.16882517e-02 -3.99186306e-02
  7.18614062e-02  4.87421858e-02 -6.89670616e-02  3.35836704e-02
  7.94462605e-02  2.41158699e-02 -1.41423764e-02  5.14187093e-02
  5.26678197e-02 -6.23737461e-03 -4.29263631e-02  8.56705982e-02
  4.16129963e-02 -7.46373588e-02 -6.43417364e-02  8.84769766e-02
 -1.12478875e-02 -9.67097510e-02  3.11577642e-02  5.06826914e-02
 -5.27997690e-02 -3.72876580e-02  9.84226969e-02  1.22313873e-02
 -4.00708533e-02 -1.96336873e-02  8.43397234e-02  5.03495134e-02
 -2.71591450e-02  2.39199337e-02  7.12776298e-02 -2.43982046e-02
 -1.46130220e-02  6.02135821e-02  4.93880302e-02 -1.49888725e-02
 -5.17520128e-02  5.29146305e-02  4.12492671e-02 -7.21919442e-02
 -9.69522225e-03  5.65953096e-02 -4.37503598e-02 -9.43747017e-02
  3.68123970e-02  3.02910950e-02 -6.69902107e-02 -2.74753543e-02
  2.74337479e-02  3.96262752e-02 -6.06090288e-02 -2.89078280e-03
  8.27343838e-02  3.50988868e-03 -7.82668058e-02  4.15388633e-02
  8.47751023e-02 -5.33258732e-02 -3.46769712e-02  3.20515732e-02
  1.84168776e-02 -6.87228844e-02 -4.60973799e-02  3.79585290e-02
 -2.53612804e-02 -9.33492004e-02 -2.07109349e-02  6.38192002e-02
 -5.97997684e-02 -7.72644875e-02 -2.33400514e-02  4.15278017e-02
 -1.01862090e-01 -5.66927321e-02  2.91876544e-02 -8.34114566e-03
 -9.71950200e-02 -3.95129877e-02  1.75120258e-02 -7.34215462e-02
 -8.88065677e-02 -6.54516170e-02  1.34240169e-02 -1.02934979e-01
 -7.53119923e-02 -9.27668036e-03 -2.37874012e-02 -1.24169284e-01
 -8.59305275e-02  5.42156753e-03 -7.03005513e-02 -1.01262611e-01
 -2.19851784e-02  3.62435074e-02 -1.02550701e-01 -8.10926549e-02
 -6.52127073e-03 -1.03437944e-02 -8.54088943e-02 -5.47215438e-02
  2.13087327e-02]",0.26871428571428574,0.002,0.0,0.77435,0.22185,0.0,0.29647368421052633,0.0037368421052631578,0.0,0.7576111111111111,0.21083333333333334,0.0,0.31729411764705884,0.006176470588235294,0.0,0.7305,0.1954375,0.0,0.3486,0.0136,0.0,0.701,0.17085714285714285,0.0,0.37446153846153846,0.015307692307692307,0.0,0.6715833333333333,0.14816666666666667,0.0,0.6778448275862069,0.1539655172413793,0.0,0.1812647275711904,6.378296277073205e-06
3.92,0.1117,707,0.6133636363636364,0.0448842404561146,0.7444545454545455,0.08113497579663571,0.3212752056758469,2.696078431372549,0.06333907445769087,0.87647497691907,0.08474484772410125,2.696078431372549,0.06470877388297472,0.8495455976236189,0.16769379925608702,11,0.29668542782832724,11,0.4518825805463455,-0.008657341296203873,14.0,1.0966921119592876,"[ 1.00000000e+00 -7.10441998e-02  8.23139761e-02  1.71379452e-01
  1.54338308e-01  1.63920175e-01  2.99554784e-02  1.32140376e-01
  1.77167280e-01  5.00309605e-02 -2.60086633e-02  4.51882581e-01
 -6.32358463e-02  1.27332525e-01  3.41893846e-03  2.98790354e-02
  1.08740238e-01  2.29570892e-02  5.14886738e-02  7.15045609e-02
  5.37729209e-02 -4.29049972e-02  2.74100704e-01 -1.49192377e-02
  1.14808914e-01 -6.65558145e-04  8.68530610e-03  6.13076645e-02
  1.01258928e-02  1.26120708e-01  5.28430683e-02  3.72594983e-02
  3.41670605e-03  2.28280125e-01 -3.76458678e-02  1.25840000e-01
 -1.98681575e-03  1.68012441e-02  3.90307538e-03 -3.15504554e-02
  1.19659651e-01  2.08336625e-02  2.58118046e-02  1.63595482e-03
  1.56835872e-01 -5.51573823e-03  1.18841610e-01 -3.59145447e-02
  3.81897686e-02 -4.39972339e-03 -8.32779130e-02  1.31457815e-01
 -1.96954993e-03  3.76099689e-02  1.29733700e-02  4.64150081e-02
 -9.75339938e-03  9.04365931e-02 -1.17487745e-01  3.13432884e-02
 -1.01777747e-01 -8.26821029e-02  7.63532047e-02 -1.01036150e-01
  6.92002562e-02 -1.99587894e-02 -2.71019888e-02 -8.50355548e-02
  3.53319830e-02 -6.93243013e-02  6.23758605e-03 -1.37778219e-01
 -3.95065500e-02  5.70012163e-02 -1.36346126e-01  5.59861485e-02
 -9.00554097e-03 -4.25714569e-03 -9.46440186e-02  6.15988758e-03
 -2.67188811e-03  2.84685155e-02 -1.25520561e-01 -6.03161124e-02
  5.42977115e-02 -1.02453349e-01  9.64775556e-02 -3.26536693e-02
 -1.43668341e-03 -5.07767143e-02  2.11795290e-02 -4.08970124e-02
  2.69928379e-02 -6.48516090e-02 -1.43007382e-02  1.59194227e-02
 -9.60259873e-02  1.40268278e-01 -4.97797501e-02 -3.78200668e-02
 -3.30376603e-03 -1.71987598e-02  4.19811913e-03 -1.08481196e-02
 -5.65825064e-02  3.26361341e-02 -4.52452305e-02 -9.28213582e-02
  1.14242333e-01 -3.27652032e-02 -4.77094996e-03 -5.09660859e-02
 -5.28929027e-02  2.38202296e-02 -6.25002502e-02 -2.93649412e-02
  1.71195365e-02 -6.26035690e-02 -7.97978776e-02  1.04018700e-01
 -8.31087700e-03  2.64351706e-02 -7.49996365e-02 -2.38348521e-02
  6.39262144e-02 -4.78660310e-02 -1.19687385e-02  8.89080909e-03
 -2.33412446e-02 -1.98206765e-02  7.34643571e-02 -1.98376638e-02
  6.04045302e-02 -4.67839909e-02 -2.99908364e-02  5.21596029e-03
 -5.74744947e-02  4.52477345e-02 -1.19953357e-02 -6.00322125e-02
 -2.59766608e-02  6.53900497e-02 -5.00078397e-02  3.57583214e-02
 -5.45519692e-02 -1.22870491e-02 -1.50575263e-02 -8.46529402e-02
  8.71188779e-02  1.39944023e-02 -1.74705732e-02 -2.49979394e-02
  4.77253821e-02  3.75126147e-02  5.60709277e-02 -8.05791697e-02
  4.73838229e-02  3.41793251e-02 -7.78426671e-02  1.14644028e-01
  9.06624526e-03  6.65986572e-02 -2.96950941e-02 -3.23499721e-03
  6.37346104e-02  5.64787974e-03 -6.32879086e-03  5.41200246e-02
 -5.32994987e-02 -7.01096405e-02  7.94897270e-02 -4.62656008e-02
  5.46148876e-02 -5.06553103e-02 -1.18428696e-02  3.97060816e-02
  5.63354253e-03 -1.72378977e-02 -1.35629097e-02 -5.26233400e-02
 -3.41416092e-02  3.25982516e-02 -5.37988105e-02  8.45982027e-02
 -5.71151127e-02 -6.56424197e-03  8.69554598e-04 -3.84206225e-02
  7.06703026e-03  3.91289320e-02 -6.97481653e-02 -5.87853070e-02
  3.98705292e-02 -2.17452632e-02  9.50932130e-02 -7.63880080e-02
  3.95302254e-02  4.15932194e-02 -7.31907564e-02  1.98645304e-02
  4.77834568e-02 -3.22459777e-02 -9.00735795e-03  1.23895209e-02
  1.00797928e-02  1.44027502e-01 -8.59927054e-02  8.13598866e-03
  3.25245979e-02 -5.40256287e-02  2.39919131e-02 -1.79467528e-03
 -1.68409140e-02  6.93503712e-03 -1.77015617e-02 -2.96016501e-02
  1.14626915e-01 -9.75169813e-02  1.21867891e-02 -1.55181224e-02
 -6.26335011e-02  1.60745366e-02 -6.67168815e-02 -1.77767493e-02
 -3.71957102e-02 -1.76405721e-02 -6.06895577e-02  3.45137990e-02
 -1.00985053e-01  2.39862088e-02 -4.16959766e-02 -8.85816085e-02
 -3.83370668e-02 -6.52749001e-02  2.69153243e-03 -7.88720584e-02
  2.06063147e-03 -5.84817536e-02  4.18614034e-02 -9.07223009e-02
  3.21008914e-02 -4.24045760e-02 -5.82178929e-02 -1.27302401e-02
 -3.09213737e-02  4.29531927e-02 -5.88645257e-02  4.83835902e-02
 -3.46375747e-02  2.80358930e-02 -4.66993212e-02  7.28245562e-02
 -4.05784278e-02 -4.12008351e-02 -2.77130582e-03 -3.66140981e-02
  5.99702505e-02 -8.45050486e-02  4.35345263e-02 -8.26115901e-03
 -2.06219964e-02]",0.2490952380952381,0.0008095238095238096,0.0,0.79265,0.24815,0.0,0.2714736842105263,0.0020526315789473684,0.0,0.7617222222222222,0.201,0.0,0.2928823529411765,0.0031176470588235292,0.0,0.75575,0.2163125,0.0,0.30306666666666665,0.0034,0.0,0.7492857142857143,0.2305,0.0,0.313,0.006615384615384615,0.0,0.7359166666666667,0.23491666666666666,0.0,0.7389655172413793,0.22327586206896552,0.0,0.22297679592079753,7.124518126815828e-06
3.92,0.1117,1313,0.6053636363636363,0.05790552293846296,0.7622727272727273,0.10689552325781461,0.3483268892994992,3.6912751677852347,0.0901822004619197,0.8114085383503409,0.06550068088138118,3.6912751677852347,0.09867624773159221,0.7874316152002209,0.08653982925357838,11,0.5410009883687972,11,0.6517642166169426,-0.014408979273015519,13.0,1.0737610449481367,"[ 1.00000000e+00 -9.71399594e-02 -1.46483155e-01  9.43680252e-02
  1.78173731e-01 -1.63642939e-02 -6.93021016e-02  1.99184917e-01
  8.69830280e-02 -1.90212984e-01 -8.84016734e-02  6.51764217e-01
 -4.11193464e-02 -1.65052543e-01 -1.20089750e-02  1.17835967e-01
 -1.37601894e-02 -1.15221639e-01  2.09061420e-01  5.41979272e-02
 -1.77739971e-01 -8.86653023e-02  5.32762680e-01 -2.39915839e-03
 -1.84110133e-01 -2.38086315e-02  7.81003197e-02 -5.96306433e-03
 -1.33881434e-01  1.90994699e-01  7.08369291e-02 -1.47980998e-01
 -1.34877761e-01  4.55124491e-01  5.25257128e-02 -1.90340673e-01
 -2.12877021e-02  6.17224154e-02  3.17590223e-02 -1.17437713e-01
  1.53826631e-01  8.22973757e-02 -1.48146987e-01 -1.20032448e-01
  3.44462164e-01  7.57247002e-02 -1.75502593e-01 -6.03543326e-02
  5.20853120e-02  6.38902943e-02 -1.28770866e-01  1.10669954e-01
  6.71815634e-02 -1.16616022e-01 -1.09486928e-01  2.78638459e-01
  9.99977316e-02 -1.27857353e-01 -8.42143814e-02  3.12195675e-02
  1.12240715e-01 -1.23779997e-01  8.84155468e-02  7.33730470e-02
 -1.03857320e-01 -1.23080274e-01  2.12333785e-01  1.39513508e-01
 -1.14498344e-01 -1.14417437e-01  3.87020736e-02  8.88001578e-02
 -9.81942451e-02  5.58257268e-02  8.07579127e-02 -9.59770200e-02
 -1.12813209e-01  1.26725251e-01  1.70248884e-01 -1.13597521e-01
 -1.26943972e-01  2.26930329e-02  8.90934405e-02 -8.94496470e-02
  4.04025281e-02  8.31378061e-02 -7.55011137e-02 -9.79064198e-02
  5.92959045e-02  1.70053965e-01 -6.49614123e-02 -1.34599338e-01
  2.43966763e-02  8.60307879e-02 -3.63184654e-02  3.43600365e-02
  5.81060729e-02 -4.17497349e-02 -9.90632772e-02  4.63213091e-03
  1.80530776e-01 -6.69283231e-02 -1.26321243e-01  3.21721035e-02
  5.21354801e-02  9.81334911e-05 -8.68453452e-03  7.59239917e-02
 -1.74767036e-02 -1.27689622e-01 -1.55356659e-02  1.61458721e-01
 -5.13850630e-02 -1.10777983e-01  5.75170747e-03  7.25571418e-02
  8.87889472e-03 -4.83297746e-02  5.45772781e-02 -2.35047300e-02
 -1.11546055e-01 -7.15269867e-03  9.66403498e-02  2.51110947e-02
 -1.21398723e-01  1.52159512e-02  6.69052116e-02 -1.50715618e-02
 -2.32539225e-02  2.83376976e-02 -2.18010865e-02 -1.17993573e-01
 -4.62265618e-02  9.08907792e-02  1.47832762e-02 -1.41678625e-01
  2.05901488e-02  2.98130861e-02 -2.73958462e-03 -8.17292864e-02
  6.85718043e-03  1.29049979e-02 -1.44149978e-01 -6.75045656e-02
  9.14842156e-02  4.04319846e-03 -1.41873544e-01  1.99070280e-02
  4.46673406e-03 -5.60695646e-03 -9.54347379e-02  1.20525022e-03
  1.42180799e-02 -1.39857057e-01 -3.81578519e-02  3.52075679e-02
  1.89644533e-02 -1.24265371e-01 -2.13583187e-02  7.55180774e-03
 -4.80377411e-03 -8.37934758e-02 -1.31077414e-02  2.05903790e-02
 -1.25528877e-01 -6.45999458e-02  1.45371042e-02  3.16110495e-02
 -1.29722021e-01 -1.43857123e-02  5.27751066e-03 -1.85164583e-02
 -7.10564720e-02 -6.33764825e-03  2.25869435e-02 -8.25595253e-02
 -6.59810144e-02  1.22221400e-03  4.27641098e-02 -1.22442028e-01
 -1.72458515e-02  3.37454611e-02 -2.81390964e-02 -6.42646810e-02
 -2.19271971e-02  3.79276902e-02 -8.33258213e-02 -7.45983184e-02
  2.60637292e-04  2.61909247e-02 -1.00031396e-01  9.91559205e-04
  1.81703775e-02 -1.04947605e-02 -6.55191788e-02 -3.57085912e-02
  4.39383584e-02 -7.02597332e-02 -4.68138505e-02 -4.59445883e-02
  2.81187793e-02 -6.86740144e-02 -6.64210864e-03  2.23728908e-02
 -2.01173986e-02 -4.58026974e-02 -6.59188796e-02  4.70378973e-02
 -3.14563700e-02 -2.81027032e-02 -1.98706347e-02  3.69899483e-02
 -4.43865177e-02  1.05827354e-02  2.26878714e-02  1.58082041e-03
 -1.73037125e-03 -8.96740554e-02  5.16237394e-02 -1.78189051e-02
 -1.93291746e-02 -4.17272481e-02  7.17022133e-03 -2.30860928e-02
 -4.00199226e-02 -3.64934948e-03  6.17389518e-03  1.21168397e-02
 -9.79007981e-02  1.53488999e-02  2.20874325e-02  9.80381521e-04
 -4.94657889e-02 -2.85021081e-03  1.00577459e-02 -5.65026999e-02
  1.62696452e-02  1.08790755e-02  6.08158066e-03 -6.69412103e-02
 -1.47492829e-02  7.35370302e-02  2.01500768e-03 -4.53464507e-02
  1.03279828e-02  3.33833042e-02 -6.90690140e-02  2.42909814e-02
  3.89926277e-02  3.48930805e-02 -9.74010241e-02  6.30161665e-03
  7.79854526e-02 -2.73562969e-02 -5.29439554e-02 -3.68536463e-02
  4.00991526e-02 -7.75742124e-02 -5.00438067e-03  4.94694381e-02
  1.83198955e-02]",0.229,0.0004761904761904762,0.0,0.80705,0.3136,0.0,0.2501052631578947,0.002,0.0,0.7864444444444444,0.27366666666666667,0.0,0.2702941176470588,0.0017058823529411764,0.0,0.765125,0.249875,0.0,0.2986666666666667,0.007666666666666666,0.0,0.729,0.216,0.0,0.3241538461538462,0.01553846153846154,0.0,0.7196666666666667,0.24208333333333334,0.0,0.7051724137931035,0.21525862068965518,0.0,0.25356755979314805,6.691353601002861e-06
3.92,0.1117,2029,0.5829545454545455,0.057675800244853956,0.8340909090909091,0.11535160048970794,0.3178536807114942,2.208835341365462,0.3668609830691563,0.5165548802559468,0.02600506995030524,2.208835341365462,0.36686098306915643,0.5165548802559468,0.026005069950305267,11,0.9278660269250478,11,0.9278660269250477,0.00020433248667155862,3.0,1.0261715691757074,"[ 1.         -0.365914    0.30497268 -0.23255356  0.09902161 -0.17695589
 -0.20590307  0.17599741 -0.23454322  0.33353449 -0.35815085  0.92786603
 -0.3641516   0.26631645 -0.23135016  0.0356608  -0.15525592 -0.23247874
  0.2592958  -0.24177137  0.35897664 -0.350814    0.85560783 -0.35785512
  0.22284662 -0.2251779  -0.02569695 -0.13371122 -0.25944261  0.32947329
 -0.24834736  0.37322331 -0.33737477  0.77305477 -0.3479562   0.17842961
 -0.21333802 -0.07500519 -0.10694921 -0.28881327  0.38196471 -0.26861878
  0.38256323 -0.32086105  0.6870856  -0.33406666  0.13003751 -0.20103231
 -0.11201548 -0.07427115 -0.31330823  0.44082249 -0.28069158  0.38848705
 -0.30173868  0.59804196 -0.3225684   0.07583804 -0.19133526 -0.14980216
 -0.04431044 -0.32468228  0.48991334 -0.29001597  0.39237674 -0.28247656
  0.51721247 -0.30706398  0.02336214 -0.17367249 -0.18098957 -0.00478465
 -0.32625834  0.54162838 -0.29786522  0.38578523 -0.25958095  0.43226813
 -0.28213424 -0.02310453 -0.14701917 -0.1949878   0.03087473 -0.31929417
  0.58787766 -0.30478282  0.37899186 -0.2447287   0.34828652 -0.26102432
 -0.06884139 -0.10712073 -0.20848914  0.06737261 -0.30500091  0.6263165
 -0.30485269  0.36673273 -0.23649125  0.26599742 -0.23466603 -0.10681441
 -0.06276582 -0.21298441  0.0998954  -0.29126665  0.64904131 -0.30889766
  0.34947368 -0.225847    0.19772985 -0.21445672 -0.14467872 -0.00600428
 -0.2142965   0.13105175 -0.28152301  0.65810172 -0.30952653  0.32892276
 -0.21998529  0.14039378 -0.19196483 -0.17126993  0.05508949 -0.21048445
  0.15728581 -0.26713659  0.65164996 -0.30163069  0.30914822 -0.2133472
  0.09169112 -0.1672059  -0.196386    0.1151429  -0.21647038  0.18272796
 -0.2542253   0.63814862 -0.29736834  0.28721533 -0.20532713  0.04652878
 -0.14688789 -0.21091217  0.17132992 -0.21938183  0.20817012 -0.24268045
  0.61279963 -0.28718992  0.26084152 -0.19856482  0.0067235  -0.12816924
 -0.22293838  0.23115042 -0.22378393  0.2350874  -0.22534376  0.5795781
 -0.27316064  0.22738707 -0.18840193 -0.02320616 -0.11106547 -0.22893984
  0.28561386 -0.22032902  0.25733084 -0.21061573  0.53714863 -0.25456621
  0.18722465 -0.16957458 -0.04855515 -0.08893072 -0.22911841  0.33018615
 -0.21914115  0.2792482  -0.20270436  0.48516963 -0.23890651  0.13934496
 -0.14605787 -0.06319001 -0.07291389 -0.22369147  0.36635795 -0.21520487
  0.29684886 -0.19603521  0.42283364 -0.21983072  0.09249009 -0.12049149
 -0.07383426 -0.05691258 -0.21486397  0.39397398 -0.21365987  0.3070428
 -0.19096541  0.36538888 -0.20713682  0.04813519 -0.08695941 -0.08573625
 -0.03179651 -0.20853643  0.40986659 -0.21213039  0.30709715 -0.18578692
  0.31044408 -0.19228456  0.00867152 -0.05308571 -0.09558858 -0.00998785
 -0.19823379  0.41846118 -0.21128413  0.29906156 -0.18118296  0.25366701
 -0.17595718 -0.02703445 -0.0222865  -0.1085154   0.01079599 -0.18906468
  0.4212484  -0.20588825  0.285436   -0.17533677  0.20246439 -0.16293719
 -0.05865663  0.0054227  -0.12259126  0.03474748 -0.1798024   0.41172215
 -0.20072529  0.2669192  -0.16744093  0.15194499 -0.14752594 -0.08481305
  0.04188952 -0.13691558  0.05902506 -0.1688476   0.39637301 -0.19216175
  0.24439626 -0.1622935   0.1066429 ]",0.16576190476190475,0.0,0.0,0.85045,0.3665,0.0,0.1646842105263158,0.0016842105263157896,0.0,0.8695,0.44466666666666665,0.0,0.1648235294117647,0.000588235294117647,0.0,0.856125,0.422,0.0,0.16453333333333334,0.0,0.0,0.8599285714285714,0.38357142857142856,0.0,0.1663076923076923,0.0,0.0,0.8590833333333333,0.4058333333333333,0.0,0.863448275862069,0.45482758620689656,0.0,0.40405979655019897,5.598486181260895e-06
3.92,0.1117,3001,0.6162727272727273,0.05515447877485219,0.7388181818181818,0.09884544242201208,0.32789126104811955,2.208835341365462,0.08127663276203427,0.8284352538351913,0.12091112780991994,550.0,0.08703198912969995,0.7899388981495733,0.21269651458128777,11,0.44402821095184813,11,0.5598229265086648,-0.030364954769341493,13.0,1.1031627528166146,"[ 1.00000000e+00 -2.39308110e-02  9.63863655e-02  2.20994618e-01
  3.29111876e-01  1.01439971e-01  1.78350379e-02  3.30394612e-01
  1.65013937e-01  6.79665093e-02 -5.31686315e-02  5.59822927e-01
  3.65244000e-02  1.68085370e-02  5.78292030e-02  2.77343569e-01
  1.02291267e-01 -3.08357098e-02  2.72572445e-01  1.43528462e-01
  2.22892797e-02 -9.84356163e-02  4.51132098e-01  3.22522885e-02
  1.21789873e-03  1.28802637e-02  1.95794873e-01  8.93388830e-02
 -1.14606494e-01  2.24985252e-01  5.87231844e-02 -1.46734448e-03
 -1.13610089e-01  3.17735229e-01  3.47014245e-02 -2.57462476e-02
 -3.99343793e-02  1.71512121e-01  7.10000276e-02 -1.53623378e-01
  1.81316107e-01  5.32025753e-02 -1.25213937e-03 -1.47870671e-01
  2.82336111e-01  3.51737727e-02 -1.82464485e-02 -6.29314162e-02
  1.37814885e-01  7.90200340e-02 -1.51755352e-01  1.47465769e-01
  3.30518759e-02  2.89946757e-02 -1.35822653e-01  2.58665766e-01
  5.20821342e-02  1.77361808e-02 -8.58244117e-02  1.34516364e-01
  1.30979372e-01 -1.56449550e-01  1.29953324e-01  3.21835273e-02
  8.13701791e-02 -1.41288281e-01  1.98358446e-01  9.38674010e-02
  6.45822951e-04 -3.97480689e-02  8.74984380e-02  1.37615542e-01
 -1.05249800e-01  1.24701701e-01 -6.09914575e-03  8.03605709e-02
 -1.10509416e-01  1.15879298e-01  8.59775226e-02  3.84030782e-02
 -5.50265829e-02  2.46628261e-02  1.40223701e-01 -1.20736397e-01
  9.85698859e-02 -4.03969462e-02  4.40978248e-02 -9.25978584e-02
  5.63061898e-02  4.44991696e-02  5.50095579e-03 -4.47667245e-02
 -1.62031203e-02  1.09696769e-01 -1.41236439e-01  7.92574393e-02
 -3.73294825e-02  3.17087876e-02 -8.63778538e-02  4.22093500e-02
  2.68826833e-02  9.75009364e-03 -4.99261490e-02 -5.66706640e-02
  9.59551925e-02 -1.44075654e-01  2.42088654e-02 -6.37911847e-02
  3.64662906e-02 -8.66337958e-02 -4.77727938e-03  3.11259001e-02
  1.02715021e-02 -8.02137010e-02 -5.57880710e-02  7.17155791e-02
 -1.10523196e-01  1.49605269e-02 -8.92733746e-02  7.65809731e-02
 -9.61451985e-02 -4.46324164e-02  6.21382235e-02 -3.62558223e-02
 -4.21739267e-02 -6.32364077e-02  8.47862486e-02 -5.29439281e-02
 -9.08284569e-03 -5.72324787e-02  1.01594418e-01 -7.96589239e-02
 -2.86113679e-02  8.44152935e-02 -1.15976408e-02 -2.41329513e-02
 -3.74946724e-02  8.13227845e-02 -1.09192813e-02 -2.67252139e-03
 -6.75702920e-02  1.08157844e-01 -4.64735720e-02 -4.64477792e-02
  8.06397050e-02 -2.29783987e-03  5.99798023e-03 -5.35742210e-02
  9.84273868e-02  1.99890007e-02 -3.03842590e-03 -5.73400389e-02
  9.70917405e-02  1.67924502e-02 -6.82140818e-02  7.98085745e-02
  2.59231273e-02  1.03393174e-02 -6.74807410e-02  4.62192294e-02
  1.95249758e-02 -5.58649110e-02 -6.66924189e-02  5.30554901e-02
 -2.51748131e-02 -7.75114805e-02  1.84058587e-02 -4.15275270e-02
 -4.79793695e-03 -1.28987498e-01  1.05570478e-02 -1.07075950e-02
 -8.52710711e-02 -1.10936752e-01  2.04418079e-02 -4.21298325e-02
 -1.24240967e-01 -2.00536002e-02 -7.09396082e-02 -2.64052168e-02
 -1.60982853e-01 -1.93693196e-02 -3.31903457e-02 -1.10183993e-01
 -1.31246474e-01 -3.20234926e-02 -3.21508015e-02 -1.24858093e-01
 -5.15837287e-02 -5.53288045e-02 -1.89603990e-02 -1.47232953e-01
 -4.25313003e-02 -3.84165935e-02 -8.42400963e-02 -1.47950272e-01
 -4.58318922e-02 -3.41204671e-02 -1.12301710e-01 -7.33500312e-02
 -7.62686964e-02 -2.61515925e-02 -1.32454481e-01 -3.90713550e-02
 -4.61220733e-02 -8.35165260e-02 -1.04217822e-01 -5.38435753e-02
 -1.41145460e-02 -6.30905897e-02 -3.16865690e-02 -5.82767812e-02
  5.90114554e-03 -9.18195913e-02 -3.92723157e-02 -6.57584865e-02
 -6.33515822e-02 -9.72323095e-02 -6.95500972e-02 -1.22955799e-02
 -6.79378898e-02 -4.97133000e-02 -7.93029514e-02  2.29642189e-03
 -1.09485138e-01 -1.38249417e-02 -5.11153529e-02 -4.57639908e-02
 -4.97662097e-02 -4.10542237e-02 -1.69897783e-02 -3.49487786e-02
 -4.77902924e-02 -8.70456493e-02 -1.53200644e-02 -7.31354028e-02
 -2.30673591e-02 -5.53933855e-02 -4.50285783e-02 -5.43073065e-02
 -5.28858356e-02 -3.24391571e-02 -4.09955161e-02 -4.86704832e-02
 -6.90596551e-02 -1.49635997e-02 -4.38858632e-02 -2.93830818e-02
 -3.29200747e-02 -3.04641103e-02 -6.23308317e-02 -4.75709072e-02
 -2.77975376e-02 -2.70984359e-02 -3.42041355e-02 -7.58406039e-02
 -1.99697165e-03 -2.71974268e-02 -2.12767971e-02 -5.52065846e-02
 -2.65939202e-02]",0.2517142857142857,0.0006666666666666666,0.0,0.79085,0.24715,0.0,0.2645789473684211,0.0011578947368421054,0.0,0.7808888888888889,0.24305555555555555,0.0,0.28052941176470586,0.004941176470588235,0.0,0.774125,0.2339375,0.0,0.2886666666666667,0.0072,0.0,0.7628571428571429,0.2285,0.0,0.2987692307692308,0.008923076923076922,0.0,0.7506666666666667,0.20225,0.0,0.75,0.2057758620689655,0.0,0.22640084815167633,5.049230456105997e-05
3.92,0.1283,101,0.5703636363636363,0.04404392998581122,0.8070909090909091,0.0649103641331708,0.16475819253315066,2.0072992700729926,0.06937913438369626,0.8736739742032732,0.12272602015329959,550.0,0.14930407365968518,0.8267231299290864,0.3740830994116078,2,0.2948145132929816,4,0.4196685720480971,-0.035380397077226754,9.0,1.0711872586872586,"[ 1.00000000e+00  2.40955439e-01  3.80101598e-01  3.55114030e-01
  4.19668572e-01  2.18680251e-01  3.39639456e-01  3.13573068e-01
  2.62540810e-01  2.57278005e-01  2.70355151e-01  2.49682866e-01
  2.60755367e-01  2.22668956e-01  2.50390601e-01  2.51600720e-01
  2.45259095e-01  1.68029150e-01  2.84673073e-01  2.02661010e-01
  2.40864868e-01  2.15104473e-01  2.61472061e-01  1.91327024e-01
  2.24595769e-01  1.88819995e-01  2.31025297e-01  1.88776600e-01
  1.94921833e-01  2.06461169e-01  1.89025345e-01  1.78215442e-01
  1.16853967e-01  1.82334332e-01  1.45632735e-01  1.57019074e-01
  1.17081015e-01  1.34940278e-01  1.01322145e-01  1.45532092e-01
  9.49588229e-02  1.04493514e-01  1.33905965e-01  1.11229035e-01
  1.07664883e-01  1.13037288e-01  1.19182521e-01  7.13867249e-02
  1.29009354e-01  8.15195500e-02  1.13862470e-01  7.16137730e-02
  4.70851944e-02  8.34374042e-02  7.24745042e-02  4.74869365e-02
  6.14899065e-02  9.22950170e-02  2.40016291e-02  1.99706418e-02
  7.92840768e-02  5.96906121e-02  8.00616836e-04  9.17058418e-02
  3.95947629e-02  3.95730652e-02  7.62312678e-02  3.00276606e-03
  5.58432775e-02  6.58369579e-02  6.59682566e-02  3.68095727e-03
  9.68968198e-02  2.36683181e-02  1.02417842e-02  3.74965941e-02
  1.05043816e-02  1.57237905e-02  3.18844018e-02  3.55581550e-02
  9.49176673e-03  2.24159162e-02  1.16060126e-02  1.68254215e-02
  5.91837198e-02  3.21915072e-02  1.93769588e-02  2.49023605e-02
  2.70383040e-02  7.52575403e-02  1.83643439e-02  4.62389853e-02
  4.26748331e-02 -5.89379127e-03 -3.48906486e-02  1.13239429e-02
  4.12032291e-02 -3.10994484e-02 -2.12587643e-02  5.69005288e-03
 -2.56174420e-02 -1.36191168e-02 -3.77843272e-03 -3.70905724e-02
 -4.34321973e-02 -1.72562079e-02  8.76678502e-03 -2.67029959e-02
  9.95520666e-03 -1.91946471e-02 -3.18703218e-03  2.93088843e-02
 -2.71174770e-02  7.57164439e-04 -4.81163257e-03  2.33690016e-02
 -1.40975782e-02 -1.63241783e-03 -1.99940656e-02  4.79711040e-03
 -1.46433580e-02 -2.65320822e-02 -5.38302874e-02 -4.73790615e-02
 -8.09971940e-02 -4.21813503e-02 -4.22030479e-02 -8.39927560e-02
 -4.33252639e-02 -9.44453400e-03 -4.75309452e-02 -5.94196694e-02
 -2.01448366e-02 -1.47724313e-02 -1.49471253e-02 -2.23675708e-02
 -5.87631759e-02 -6.72624419e-02 -1.73523995e-02 -5.31281732e-02
 -4.97604127e-02 -2.75937130e-02 -3.27035208e-02 -7.20217490e-02
 -4.02986603e-02 -2.96851484e-02 -5.83681671e-02 -7.76556390e-02
 -8.39972639e-02 -5.27331643e-02 -5.24488693e-02 -9.54703943e-02
 -2.87582115e-02 -7.67070045e-02 -8.45701194e-03 -6.93516520e-02
 -1.28156897e-02 -4.98232803e-02 -7.25002104e-02 -5.74184198e-02
 -6.88481548e-02 -6.23969289e-02 -9.13937863e-02 -5.48885801e-02
 -6.89349455e-02 -1.15804918e-01 -9.54820206e-02 -7.28484858e-02
 -9.38267639e-02 -8.64497138e-02 -7.99984879e-02 -7.80155407e-02
 -5.66138229e-02 -8.60696693e-02 -6.12784933e-02 -1.46049127e-02
 -2.01737097e-02 -6.35012275e-02 -4.64147921e-02 -1.19142307e-02
 -2.91970579e-02 -5.40316292e-02 -4.97380445e-02 -2.92621509e-02
 -7.42883208e-02 -2.00629960e-02 -5.75374217e-02 -5.83319472e-02
 -7.09934993e-02 -3.77247549e-02 -8.36767490e-02 -1.98950352e-02
 -7.06213008e-02 -7.58841051e-02 -5.23247460e-02 -5.94391987e-02
 -9.10526864e-02 -3.14332586e-02 -5.81194784e-02 -6.04518136e-02
 -6.92570724e-02 -2.90564154e-02 -3.12357542e-02  2.95881437e-03
 -4.02157071e-02  2.29558757e-03 -4.84306780e-02 -8.31273172e-04
 -9.36315419e-02 -7.96742354e-03 -6.71712575e-02 -2.60447762e-02
 -6.01297438e-02 -3.91948610e-02 -4.67683029e-02 -3.21533473e-02
 -5.22136471e-02 -4.15525316e-03 -3.23792827e-02 -4.47348419e-02
 -3.81306197e-02 -3.17106921e-03 -4.38819567e-02 -2.29470740e-02
 -4.47582515e-03  1.55332334e-02 -5.33799859e-02 -8.71105012e-03
 -5.14265824e-02  2.64574599e-03 -3.99167899e-02 -1.87377407e-03
 -6.07716153e-02 -3.64472744e-02 -4.26359029e-02  8.01215982e-04
 -5.93284422e-02 -3.42312735e-02 -5.89128484e-02 -2.91944045e-02
 -6.43581927e-02 -1.56799672e-02 -7.71944388e-02 -4.63971743e-02
 -7.12317456e-02 -2.98175313e-03 -5.87961289e-02 -4.54129904e-02
 -4.95969740e-02 -1.00083025e-02 -7.33744224e-02 -2.36173764e-02
 -5.95461464e-02 -7.63145919e-03 -1.06598659e-01 -1.49206059e-02
 -7.73609017e-02 -5.33425535e-02 -8.86593381e-02 -1.45484075e-02
 -5.95745774e-02]",0.17861904761904762,0.001142857142857143,0.0,0.84595,0.50405,0.0,0.20621052631578948,0.0025263157894736842,0.0,0.8116111111111111,0.451,0.0,0.23911764705882352,0.0052352941176470585,0.0,0.778875,0.4045,0.0,0.259,0.0078,0.0,0.7549285714285714,0.3647142857142857,0.0,0.27976923076923077,0.009,0.0,0.7281666666666666,0.3235,0.0,0.7218103448275862,0.31525862068965516,0.0,0.4044119637328616,6.475424956841603e-05
3.92,0.1283,707,0.5880454545454544,0.05373798155082701,0.7496363636363637,0.08944197990091142,0.2338389969298545,183.33333333333331,0.0525474220694827,0.8643033190685142,0.1792562434230074,183.33333333333331,0.19521497336354682,0.7169342962684118,0.5665815463352037,2,0.33299334852776585,4,0.6016895771380144,0.027062458595539986,10.0,1.0920407892994306,"[ 1.00000000e+00  4.23854083e-01  5.71587900e-01  5.69879164e-01
  6.01689577e-01  4.80660687e-01  5.05092879e-01  5.14188041e-01
  4.76119200e-01  4.62482580e-01  4.25550122e-01  4.79540654e-01
  4.11938266e-01  4.15919707e-01  4.13659309e-01  4.03460763e-01
  3.41532024e-01  3.59145921e-01  3.47790332e-01  3.15407535e-01
  3.39856256e-01  3.19965401e-01  3.11450768e-01  2.92708692e-01
  3.04644810e-01  2.74547175e-01  2.57517938e-01  2.85351013e-01
  2.16039920e-01  2.56389730e-01  1.92752284e-01  2.17752668e-01
  1.83657033e-01  2.01843254e-01  1.85929737e-01  1.52414691e-01
  1.53551043e-01  1.35945350e-01  1.32536173e-01  9.84446700e-02
  1.04703008e-01  9.16304477e-02  9.56118884e-02  4.61668262e-02
  6.32290616e-02  5.69706637e-02  1.37881017e-02  5.47019710e-02
  2.85692776e-02  3.31147773e-02 -2.54213443e-02  4.84517475e-02
 -2.71342426e-02 -6.09880103e-03 -8.39638972e-03  2.39508091e-03
 -2.60269065e-02 -3.22894368e-02 -1.80888189e-02 -6.92467193e-02
 -1.86901286e-02 -5.05212633e-02 -3.17751157e-02 -5.45151911e-02
 -6.30422216e-02 -5.79409276e-02 -4.03394271e-02 -9.94396076e-02
 -6.30754002e-02 -5.17198707e-02 -7.78732256e-02 -1.25617846e-01
 -6.54020051e-02 -1.18260347e-01 -8.87185663e-02 -1.09181745e-01
 -8.58941996e-02 -1.34186350e-01 -9.15844364e-02 -1.35915778e-01
 -6.31790683e-02 -1.24552014e-01 -1.17169690e-01 -8.64915273e-02
 -8.25266158e-02 -1.26269104e-01 -1.38777606e-01 -5.24249687e-02
 -9.38988248e-02 -8.31114864e-02 -1.07552003e-01 -5.30139416e-02
 -9.10910473e-02 -6.44026197e-02 -9.33886661e-02 -4.90821787e-02
 -5.19314294e-02 -1.16725919e-01 -4.74148859e-02 -5.08364601e-02
 -7.41364621e-02 -9.68848020e-02 -3.83694020e-02 -4.12145205e-02
 -5.88408749e-02 -5.03304337e-02 -4.97664049e-02 -4.23840815e-02
 -5.14793032e-02 -2.76194347e-02 -5.60331576e-02 -2.93364654e-02
 -3.33303631e-02 -2.93447901e-02 -4.29814092e-02 -3.44668357e-02
 -6.62549644e-03 -2.82126602e-02 -6.28764863e-02  1.90141385e-03
 -1.97022791e-02 -4.01571927e-02 -1.23117212e-02  1.04035003e-02
 -1.91466050e-02  2.91413532e-02 -1.55753138e-03  3.65112496e-02
 -4.40267983e-03  3.08251451e-02  4.68418712e-03  2.23022169e-02
  2.00294220e-02 -9.51655099e-03  2.79923034e-02  2.23103613e-02
  1.49279778e-02  1.28722639e-03  8.68194666e-03 -1.55378977e-03
  9.25421006e-03 -2.02834983e-02 -1.17523956e-02 -1.45892494e-02
 -2.08352505e-02 -4.64038850e-02  1.72458974e-02 -3.95649891e-02
 -3.33066512e-02 -5.46117967e-03  1.21609824e-02 -4.23730069e-02
 -3.22755147e-04  9.33646537e-03 -9.40561001e-03 -3.43895241e-02
  4.91469506e-02 -1.39099069e-02  3.04089775e-02  4.84860757e-03
  2.81485494e-02  3.72561079e-02  2.07744005e-02  4.80640777e-02
  6.11407101e-02  4.01300021e-02  3.67249571e-02  7.70871645e-02
  6.28947511e-02  4.18799109e-02  5.26796461e-02  8.79240002e-02
  6.06755859e-02  4.53385255e-02  8.45519535e-02  8.00146584e-02
  8.23080547e-02  6.80949798e-02  1.01066569e-01  8.51613175e-02
  8.51695520e-02  9.93743022e-02  9.25725068e-02  1.41436921e-01
  6.70038423e-02  1.27232080e-01  1.04504402e-01  1.36327212e-01
  1.08485813e-01  1.21558313e-01  1.20990091e-01  1.51112460e-01
  1.13047751e-01  1.10210898e-01  1.55102105e-01  1.32366162e-01
  1.22151087e-01  1.35800043e-01  1.42050117e-01  1.40341381e-01
  1.31822615e-01  1.37504497e-01  1.13080509e-01  1.67618571e-01
  1.09098978e-01  1.33531170e-01  1.01140109e-01  1.47719361e-01
  8.12326951e-02  1.23287079e-01  9.94188860e-02  1.00555238e-01
  1.10790915e-01  9.82989426e-02  1.19321987e-01  1.23867487e-01
  1.21602957e-01  1.14788764e-01  1.36367603e-01  1.32958426e-01
  1.22730954e-01  1.22154468e-01  1.36923277e-01  1.35786865e-01
  1.06240892e-01  1.36919055e-01  1.18164583e-01  1.04527964e-01
  1.27811376e-01  1.03947315e-01  1.11893698e-01  1.02806741e-01
  8.40398714e-02  8.80171798e-02  8.91493999e-02  4.42498674e-02
  6.75498092e-02  6.58286764e-02  6.30000872e-02  4.82188210e-02
  2.89085545e-02  3.28899952e-02  3.40263475e-02 -6.30286150e-03
  1.64371537e-02  1.18998586e-02 -1.64890704e-02 -2.10346302e-02
 -1.36399099e-02 -1.36316754e-02 -5.11323253e-02 -2.82370558e-03
 -3.12374284e-02 -5.85106365e-02 -4.14607980e-02 -4.31736663e-02
 -5.96512414e-02 -6.13599774e-02 -7.78458171e-02 -6.25088168e-02
 -7.21557005e-02]",0.22990476190476192,0.0022380952380952382,0.0,0.7998,0.3511,0.0,0.2624736842105263,0.0013684210526315789,0.0,0.7613888888888889,0.2752777777777778,0.0,0.30017647058823527,0.003588235294117647,0.0,0.722875,0.21275,0.0,0.3206,0.0028,0.0,0.707,0.19478571428571428,0.0,0.33315384615384613,0.0025384615384615385,0.0,0.69225,0.16891666666666666,0.0,0.6837068965517241,0.15905172413793103,0.0,0.23805938912137053,0.0003403313549848037
3.92,0.1283,1313,0.6042727272727273,0.055533922326138824,0.7148181818181818,0.09132093076997307,0.28567111766645675,183.33333333333331,0.051416465909563745,0.8753041062961265,0.19079660192758846,183.33333333333331,0.14430994829513052,0.7693853301617813,0.4947736680449338,2,0.2682625621646327,4,0.5312871522792431,0.03493534997736284,9.0,1.11263619640583,"[ 1.00000000e+00  3.72760653e-01  4.94259019e-01  5.18415348e-01
  5.31287152e-01  3.89748161e-01  3.92485991e-01  4.44924490e-01
  3.75332151e-01  3.53704246e-01  3.51092655e-01  3.24660379e-01
  3.58789148e-01  3.31327223e-01  2.95952157e-01  3.10943711e-01
  3.25995717e-01  2.61954963e-01  2.96790316e-01  2.82026083e-01
  2.58924561e-01  2.31624168e-01  2.75886911e-01  2.23130683e-01
  2.28371781e-01  2.57151129e-01  2.09905856e-01  2.43974174e-01
  1.89804779e-01  2.37721342e-01  1.54825809e-01  2.31084992e-01
  1.67811273e-01  2.16434419e-01  1.05640234e-01  1.96777311e-01
  1.06089539e-01  1.84690457e-01  8.40302450e-02  1.53425757e-01
  9.66926432e-02  9.26678848e-02  8.84815932e-02  4.88670258e-02
  6.49486810e-02  7.13809622e-02  7.62264422e-03  6.07677265e-02
  1.80443898e-02  5.42324587e-02  1.51024906e-02  4.71521405e-02
  2.74220026e-02  4.53607932e-02  2.07856528e-02  2.47146661e-02
  1.29383000e-02  3.60045283e-02  5.75689977e-03 -2.13819595e-02
 -1.45661611e-02 -2.02260707e-02 -1.81541927e-02 -6.45918000e-02
 -1.78257895e-02 -3.52548237e-02 -3.17093276e-02 -8.08721869e-02
 -1.72621875e-03 -7.18636084e-02 -4.37908444e-02 -6.72154330e-02
 -5.18801131e-03 -7.15100482e-02 -5.09470877e-02 -6.36926525e-02
 -5.26779840e-02 -6.81488007e-02 -6.53098882e-02 -3.59250393e-02
 -7.20671401e-02 -5.25536494e-02 -5.16323232e-02 -5.92702703e-02
 -1.59965463e-02 -4.17222385e-02 -1.23978407e-02 -3.78004667e-02
 -6.90136867e-03 -2.48775596e-03 -2.59607955e-03 -8.92194167e-03
  7.32124667e-03  2.16062176e-02  1.66935225e-02  1.00445941e-02
  8.92397952e-04  8.05229655e-02 -6.08683815e-03  7.26956508e-03
  2.36742865e-02  6.58579098e-02 -1.60079734e-02  4.74326153e-02
  4.62341909e-02  3.64160423e-02  3.45110344e-02  5.01487213e-02
  4.51349441e-02  3.62453631e-02  7.14037823e-02  5.36318618e-02
  7.93628910e-02  6.37711722e-02  7.13540052e-02  1.02152021e-01
  6.35671035e-02  1.15460552e-01  7.30602814e-02  8.93639208e-02
  9.40599687e-02  1.04852653e-01  8.92203032e-02  7.75648392e-02
  1.01337651e-01  8.67954019e-02  6.57125480e-02  5.14933651e-02
  1.03447264e-01  5.34767395e-02  9.95966177e-02  6.54325542e-02
  8.65405651e-02  8.25762577e-02  1.01221632e-01  5.83367620e-02
  1.00035786e-01  1.10404322e-01  6.45722161e-02  8.54582428e-02
  8.48653198e-02  1.12453484e-01  7.44740683e-02  9.62886627e-02
  1.04961596e-01  1.17510334e-01  1.03896653e-01  1.08269634e-01
  1.22231539e-01  9.71717993e-02  1.29947853e-01  7.40422244e-02
  1.14711599e-01  1.02188018e-01  1.32723419e-01  8.38429945e-02
  9.90565331e-02  1.00865796e-01  5.80413772e-02  9.63690166e-02
  5.16874625e-02  7.41481894e-02  8.12464231e-02  6.76931927e-02
  3.16719939e-02  6.18238774e-02  1.09578907e-01  2.99536761e-02
  7.96669229e-02  1.04852902e-01  7.21624564e-02  8.72144618e-02
  1.05153252e-01  1.07931714e-01  8.47291095e-02  1.06261269e-01
  9.11739692e-02  6.02197571e-02  1.03836367e-01  8.61853490e-02
  6.35684260e-02  5.60513810e-02  6.83781345e-02  4.77798800e-02
  2.82717263e-02  4.97028034e-02  5.42373182e-02  2.56852919e-02
  3.78505122e-02  1.80192923e-02  4.45173561e-02  2.50060293e-03
  3.07953511e-02  2.70332078e-02  4.39398909e-04  1.58144706e-02
 -1.06178052e-02 -9.09097756e-03  2.80861100e-02 -6.87900449e-04
 -1.09301974e-02  2.36831713e-02  7.28378684e-03  6.30734662e-03
  1.12660097e-02  7.72585064e-03 -4.91863208e-03  2.90486042e-02
  1.20437183e-02  1.80142129e-03  2.26269970e-02  4.12723711e-02
  1.92041886e-03 -2.38677479e-03  1.05763921e-03  1.96425623e-02
 -2.47763766e-02  2.97332109e-03 -1.58282491e-02 -4.49051437e-03
 -1.43492941e-02 -5.44078298e-02  7.78112506e-03 -6.64487606e-04
 -3.83812886e-02  6.74957078e-03 -6.92456169e-03  2.72042077e-02
 -2.68641052e-02  3.03183139e-02  8.85194278e-03 -2.48879723e-02
  2.53703248e-02 -1.37596432e-02  1.30614868e-02  4.93894039e-03
 -2.54702213e-02 -5.02816289e-03  3.58431988e-03 -1.44502158e-02
  8.01051109e-03  6.10550320e-03 -3.20822610e-03  2.96143989e-03
  5.09376894e-03  1.26766020e-02 -4.07862095e-02  3.75896844e-03
 -6.80639477e-03 -2.73441982e-02 -3.05008401e-02 -1.23400653e-02
 -3.38064365e-02 -5.45662241e-02 -2.85121286e-02 -7.47277518e-02
 -2.88298579e-02 -5.26984148e-02 -6.56659637e-02 -4.15700857e-02
 -4.02047912e-02]",0.26552380952380955,0.002380952380952381,0.0,0.7711,0.2764,0.0,0.3043157894736842,0.004263157894736842,0.0,0.7388888888888889,0.24583333333333332,0.0,0.32623529411764707,0.004470588235294118,0.0,0.722125,0.223375,0.0,0.3459333333333333,0.0094,0.0,0.681,0.17557142857142857,0.0,0.378,0.012076923076923077,0.0,0.6674166666666667,0.17508333333333334,0.0,0.664051724137931,0.16551724137931034,0.0,0.21273429473003774,0.0003936393856856565
3.92,0.1283,2029,0.5594545454545455,0.04386625051089159,0.8315454545454546,0.07019694843971448,0.1496376548893932,550.0,0.057610535280075086,0.8808780953569764,0.17159481865540074,550.0,0.16211089998027037,0.7489195327175665,0.4930929879630869,2,0.3274979989645373,2,0.5352754156304398,0.02872835110898291,13.0,1.0523469857340082,"[ 1.00000000e+00  3.16100494e-01  5.35275416e-01  5.16118857e-01
  5.20605423e-01  3.79587068e-01  4.97633419e-01  4.27401876e-01
  4.52182249e-01  3.44470895e-01  4.78780804e-01  3.86992542e-01
  4.03229390e-01  4.01599301e-01  3.87636952e-01  3.69402839e-01
  4.27830680e-01  3.56094712e-01  3.58736386e-01  3.81430355e-01
  3.31009593e-01  3.55449500e-01  3.09542014e-01  3.38693103e-01
  3.00747163e-01  3.00621500e-01  3.02198168e-01  3.01150060e-01
  2.62281673e-01  3.04928983e-01  2.56254160e-01  2.85987228e-01
  2.65567758e-01  2.36604762e-01  2.80756497e-01  2.67475080e-01
  2.23170972e-01  2.41834691e-01  2.21755687e-01  2.25418761e-01
  1.75821491e-01  2.21335092e-01  2.11402991e-01  1.62827121e-01
  1.79645949e-01  1.93796392e-01  1.68523180e-01  1.57767587e-01
  1.82646913e-01  1.30040793e-01  1.79145224e-01  1.17413599e-01
  1.63069759e-01  1.54982551e-01  1.06747147e-01  1.45704673e-01
  1.01543125e-01  1.23314648e-01  1.33676355e-01  1.03109981e-01
  1.07256081e-01  1.25579333e-01  1.13802341e-01  1.00081505e-01
  1.13551015e-01  1.27602505e-01  9.82990435e-02  1.08660751e-01
  1.10379979e-01  1.45065743e-01  9.52269605e-02  1.04907735e-01
  1.22989475e-01  1.22863811e-01  9.01120795e-02  1.00814253e-01
  1.32051747e-01  7.84242278e-02  1.09420209e-01  1.12061883e-01
  1.07664457e-01  9.40425737e-02  1.22271217e-01  1.00248368e-01
  9.73553677e-02  1.26165991e-01  6.60813512e-02  1.30186427e-01
  7.81622867e-02  9.95933432e-02  8.56309933e-02  7.45349341e-02
  1.03927536e-01  4.51058091e-02  7.96926197e-02  6.97605194e-02
  6.56046068e-02  8.35873932e-02  7.86079881e-02  8.36765335e-02
  9.95729152e-02  9.13867532e-02  9.58733191e-02  1.24925455e-01
  1.30334467e-01  7.64654347e-02  1.36639214e-01  9.65079160e-02
  1.25659005e-01  7.17899733e-02  1.48809290e-01  1.02319825e-01
  8.96203869e-02  1.15905185e-01  1.25926426e-01  1.05506956e-01
  1.28782904e-01  9.57896586e-02  1.16199316e-01  1.15491674e-01
  1.03615728e-01  1.14899881e-01  1.16619110e-01  6.30905441e-02
  1.12096021e-01  6.43436432e-02  1.10439223e-01  7.19113031e-02
  6.34836280e-02  9.32166965e-02  4.08520899e-02  7.48569210e-02
  4.98252217e-02  8.44120323e-02  2.76767097e-02  7.92080109e-02
  3.20376126e-02  6.99737400e-02  2.43077669e-02  5.09330318e-02
  3.22594997e-02  2.49957834e-02  3.28316661e-02  2.24601461e-02
  4.70905984e-03  3.03129256e-02  7.80705057e-03 -1.14484610e-02
  1.60992497e-02 -1.35446786e-02 -2.94145854e-03  2.82195226e-04
 -2.96032462e-02 -1.84180466e-02 -2.28015182e-03 -3.22645465e-02
  7.51647252e-03 -5.44130584e-02 -1.24466815e-02 -3.94222257e-02
 -5.15396840e-02 -2.70997771e-02 -3.27601148e-02 -5.07527142e-02
 -4.66066147e-02 -2.89642946e-02 -4.42885099e-02 -6.19406430e-02
 -3.01211697e-02 -3.73848860e-02 -4.17823116e-02 -2.74893084e-02
 -2.30027425e-02 -4.30817465e-02 -2.16506901e-02 -3.07592979e-02
 -2.84580899e-02 -1.63504446e-02 -7.14823887e-02  1.44209198e-02
 -3.82841533e-02 -9.81399681e-03 -3.01345139e-02 -1.00653229e-02
 -1.50447279e-02 -1.42479452e-02 -3.37449698e-02  2.91961472e-02
 -1.61293595e-02 -4.74490867e-04 -1.06481043e-02  6.05950248e-02
 -2.33742518e-02  2.57301784e-02  1.70609901e-02  4.46087008e-02
 -1.22691816e-02  3.03781281e-02  5.94302639e-02 -1.65774669e-02
  4.78680753e-02  1.21074928e-02  1.69345251e-02  2.04986452e-02
  4.74643764e-02  3.40178186e-03  4.60490915e-02  4.07292201e-02
  3.73531935e-02  3.63050847e-02  4.45803870e-02  3.64931782e-02
  5.92680416e-03  4.55652633e-02  1.71842472e-02  6.32970103e-03
  2.92651827e-02  9.86711139e-03  1.40132109e-02  1.70943049e-02
  1.51237503e-02  2.49034779e-02  1.01176355e-02  2.57725041e-02
  2.44828822e-02  3.82189874e-03  2.68563337e-02  3.66360613e-02
 -2.86427865e-02  5.88639005e-02  6.01626767e-03 -6.34270371e-03
  3.78090312e-02 -2.80529334e-03  4.54756321e-03 -4.12162501e-03
 -1.95884001e-02  3.33047665e-02 -4.17805186e-02  2.03371059e-02
 -1.23156728e-02  2.30510238e-02 -3.26628997e-02  2.85322790e-02
 -8.73272873e-03  6.58167358e-03 -2.33037678e-02  3.12646610e-04
  6.64410410e-03 -4.15912998e-02 -1.31211434e-02 -2.12083521e-02
 -2.00711030e-02 -3.25227551e-03 -2.79435085e-02 -3.75351425e-02
 -5.95718235e-03 -3.67650695e-02 -3.75716653e-02 -1.30328051e-02
 -2.13615269e-02]",0.15880952380952382,0.0019047619047619048,0.0,0.8698,0.5849,0.0,0.17,0.0017894736842105263,0.0,0.8580555555555556,0.5556666666666666,0.0,0.1756470588235294,0.002823529411764706,0.0,0.8424375,0.5221875,0.0,0.1942,0.0016666666666666668,0.0,0.8351428571428572,0.5031428571428571,0.0,0.19853846153846152,0.005230769230769231,0.0,0.82525,0.48825,0.0,0.8254310344827587,0.4892241379310345,0.0,0.52814636458227,0.0006911498575429532
3.92,0.1283,3001,0.5806363636363637,0.05065529269174101,0.7752727272727272,0.08563887276771934,0.20633210862437798,550.0,0.11828096633744775,0.8374876598251549,0.22818563007944792,550.0,0.30562150458953524,0.6814915666337159,0.552827449527649,2,0.3412206280518997,4,0.621929213069693,0.04834861463385565,12.0,1.0799037609218691,"[ 1.00000000e+00  4.03929480e-01  5.63993626e-01  5.24162795e-01
  6.21929213e-01  4.22515954e-01  5.59634829e-01  5.08034998e-01
  5.21504986e-01  4.27453813e-01  5.57135364e-01  4.29609473e-01
  4.79659825e-01  4.33637986e-01  4.84301355e-01  3.90863197e-01
  4.44625450e-01  4.18436474e-01  4.14865977e-01  3.83725546e-01
  4.13316497e-01  3.63269488e-01  3.72101292e-01  4.18426221e-01
  3.87279030e-01  3.70086961e-01  3.81704381e-01  3.94248085e-01
  3.61854578e-01  3.27615262e-01  4.00270571e-01  3.25439245e-01
  3.20922179e-01  3.36258260e-01  3.48808725e-01  3.07745102e-01
  3.11918436e-01  3.87992660e-01  2.84951340e-01  2.99674405e-01
  3.53736405e-01  3.08341104e-01  2.84951266e-01  3.20113449e-01
  3.05080458e-01  2.92226829e-01  2.71915592e-01  3.31569107e-01
  2.51139505e-01  3.05215027e-01  3.00711483e-01  3.09863317e-01
  2.36877799e-01  2.93425668e-01  2.82724355e-01  2.69557457e-01
  2.61328490e-01  2.85954465e-01  2.62551104e-01  2.35442605e-01
  2.82373789e-01  2.61463059e-01  2.25350890e-01  2.78186858e-01
  2.58502160e-01  2.54012139e-01  2.29675733e-01  2.55861291e-01
  2.37736177e-01  2.26735117e-01  2.21005543e-01  2.18987868e-01
  2.11392201e-01  2.31379990e-01  2.14187922e-01  1.99474962e-01
  1.68334531e-01  2.04130013e-01  1.65245751e-01  1.67866263e-01
  2.00556099e-01  1.54534260e-01  1.46638846e-01  1.26640878e-01
  1.84748332e-01  1.13315637e-01  1.36409072e-01  1.37183774e-01
  1.81656134e-01  9.62885993e-02  1.59347507e-01  1.34098338e-01
  1.46962073e-01  9.84678867e-02  1.59660702e-01  1.30073095e-01
  1.45102668e-01  1.21712830e-01  1.72689467e-01  1.26361120e-01
  1.64322441e-01  1.47436881e-01  1.49764407e-01  1.53018218e-01
  1.77037937e-01  1.45904268e-01  1.51323917e-01  1.63247844e-01
  1.50080946e-01  1.25145046e-01  1.80773392e-01  1.42808653e-01
  1.44209894e-01  1.50256082e-01  1.85738295e-01  1.21756446e-01
  1.54146535e-01  1.56467300e-01  1.43600148e-01  1.17731202e-01
  1.54146462e-01  1.35088301e-01  1.32151103e-01  1.15265543e-01
  1.57572064e-01  1.44418688e-01  1.02435541e-01  1.37611246e-01
  1.61630966e-01  1.41033505e-01  1.18263444e-01  1.50033757e-01
  1.15181426e-01  1.49124338e-01  9.78445366e-02  1.45735812e-01
  1.00953526e-01  1.48531532e-01  1.39396565e-01  1.09815718e-01
  1.28257445e-01  1.32144555e-01  1.05649071e-01  1.20065629e-01
  1.25172009e-01  1.25960234e-01  1.00384274e-01  1.02718561e-01
  1.18980927e-01  9.06328732e-02  1.03803115e-01  1.07989972e-01
  1.06598836e-01  1.00869261e-01  1.29527167e-01  1.06137329e-01
  1.28917494e-01  1.14817550e-01  9.82452588e-02  1.31561633e-01
  1.06918719e-01  1.36203162e-01  9.91782311e-02  1.21944874e-01
  1.33875563e-01  1.24733834e-01  1.18384482e-01  1.42077410e-01
  1.44718205e-01  1.11718444e-01  1.16831585e-01  1.33100712e-01
  1.19933814e-01  8.90863688e-02  1.26114644e-01  1.10468637e-01
  1.00700371e-01  6.89266405e-02  1.25794540e-01  8.19453006e-02
  7.31168410e-02  7.91495062e-02  1.01316656e-01  5.21959323e-02
  7.09509284e-02  9.03189403e-02  5.26674709e-02  4.94102428e-02
  6.01013771e-02  5.56113562e-02  1.79666480e-02  4.78573460e-02
  3.65497784e-02  3.11267115e-02  2.10519367e-02  4.13529946e-02
  6.49390221e-03  3.45387917e-02  2.23117005e-02 -4.19054464e-03
  1.45576903e-02  3.54717640e-02  1.57870655e-02  1.34297986e-04
  1.51571099e-02  1.53120357e-02  5.23726087e-03  5.70545576e-03
  1.57700519e-02 -1.35110478e-02 -1.83210990e-02 -7.01018770e-03
 -1.28403037e-03 -4.66860925e-02 -2.73180806e-02 -2.65433778e-02
 -3.38392981e-02 -4.54668959e-02 -2.45528222e-02 -6.37571146e-02
 -4.90340494e-02 -6.80922097e-02 -5.61682827e-02 -9.44462902e-02
 -6.98135547e-02 -6.47004131e-02 -8.53046352e-02 -8.82418331e-02
 -6.57816975e-02 -6.71660724e-02 -1.08536204e-01 -1.04662616e-01
 -5.58585786e-02 -1.28830574e-01 -8.86966531e-02 -1.30999830e-01
 -9.17989554e-02 -1.57020358e-01 -1.02325059e-01 -1.39969767e-01
 -1.32684026e-01 -1.35621223e-01 -1.28648751e-01 -1.48013419e-01
 -1.37942062e-01 -1.62258185e-01 -1.56211997e-01 -1.61008526e-01
 -1.53722784e-01 -1.70914852e-01 -1.74478588e-01 -1.58202700e-01
 -1.72289122e-01 -1.56946280e-01 -1.72272256e-01 -1.46393205e-01
 -1.77840144e-01 -1.45763323e-01 -1.86193647e-01 -1.64346528e-01
 -1.88982681e-01]",0.21638095238095237,0.0012857142857142856,0.0,0.7977,0.37625,0.0,0.26594736842105265,0.0025789473684210526,0.0,0.7434444444444445,0.2867777777777778,0.0,0.29964705882352943,0.0041764705882352945,0.0,0.7151875,0.2360625,0.0,0.32313333333333333,0.007533333333333334,0.0,0.6939285714285715,0.22142857142857142,0.0,0.33776923076923077,0.012692307692307692,0.0,0.6848333333333333,0.21358333333333332,0.0,0.6818103448275862,0.20775862068965517,0.0,0.2611670818543342,0.00039469974856816507
3.92,0.145,101,0.5329545454545455,0.027578775226162717,0.9173636363636364,0.03721381153006287,0.06218768464788528,2.0,0.8894737953524575,0.09644555327281884,0.001294867041690035,2.0,0.8694956991060884,0.1290451466277692,0.002207330548116768,6,0.9801450841179193,6,0.9749239146533397,0.0023799505079700905,3.0,1.0278060704827867,"[ 1.         -0.77052038  0.67112259 -0.77117478  0.67046819 -0.76754439
  0.97492391 -0.76605639  0.67230435 -0.7645684   0.66066342 -0.760938
  0.96183692 -0.75730761  0.67120644 -0.75796201  0.65742312 -0.75433162
  0.95203216 -0.75070122  0.65483722 -0.75135563  0.66074727 -0.74772523
  0.93894516 -0.74409483  0.64831469 -0.74260684  0.65308491 -0.74111884
  0.93242263 -0.73748845  0.63850992 -0.73600045  0.63999792 -0.73237006
  0.92476026 -0.72873966  0.63084756 -0.72725167  0.63561778 -0.72362127
  0.91381567 -0.72213328  0.62760725 -0.72064528  0.62581302 -0.71701489
  0.90072868 -0.71338449  0.61994489 -0.71189649  0.61815066 -0.7082661
  0.88978408 -0.7046357   0.61228253 -0.70314771  0.61048829 -0.69951731
  0.87883949 -0.69588692  0.60462016 -0.69439892  0.60282593 -0.69076852
  0.8678949  -0.68713813  0.5969578  -0.68565013  0.59516357 -0.68201974
  0.8569503  -0.67838934  0.58929544 -0.67690135  0.5875012  -0.67327095
  0.84600571 -0.66964056  0.58163307 -0.66815256  0.57983884 -0.66452216
  0.83506112 -0.66089177  0.57397071 -0.65940377  0.57217648 -0.65577338
  0.82411652 -0.65214298  0.56630835 -0.65065499  0.56451411 -0.64702459
  0.81317193 -0.64339419  0.55864599 -0.6419062   0.55685175 -0.6382758
  0.80222734 -0.63464541  0.55098362 -0.63315741  0.54918939 -0.62952702
  0.79128274 -0.62589662  0.54332126 -0.62440863  0.54152702 -0.62077823
  0.78033815 -0.61714783  0.5356589  -0.61565984  0.53386466 -0.61202944
  0.76939356 -0.60839905  0.52799653 -0.60691105  0.5262023  -0.60328066
  0.75844896 -0.59965026  0.52033417 -0.59816227  0.51853993 -0.59453187
  0.74750437 -0.59090147  0.51267181 -0.58941348  0.51087757 -0.58578308
  0.73655978 -0.58215269  0.50500944 -0.58066469  0.50321521 -0.5770343
  0.72561518 -0.5734039   0.49734708 -0.57191591  0.49555284 -0.56828551
  0.71467059 -0.56465511  0.48968472 -0.56316712  0.48789048 -0.55953672
  0.703726   -0.55590633  0.48202235 -0.55441833  0.48022812 -0.55078794
  0.69278141 -0.54715754  0.47435999 -0.54566955  0.47256575 -0.54203915
  0.68183681 -0.53840875  0.46669763 -0.53692076  0.46490339 -0.53329036
  0.67089222 -0.52965997  0.45903526 -0.52817197  0.45724103 -0.52454158
  0.65994763 -0.52091118  0.4513729  -0.51942318  0.44957866 -0.51579279
  0.64900303 -0.51216239  0.44371054 -0.5106744   0.4419163  -0.507044
  0.63805844 -0.50341361  0.43604817 -0.50192561  0.43425394 -0.49829522
  0.62711385 -0.49466482  0.42838581 -0.49317682  0.42659158 -0.48954643
  0.61616925 -0.48591603  0.42072345 -0.48442804  0.41892921 -0.48079764
  0.60522466 -0.47716725  0.41306108 -0.47567925  0.41126685 -0.47204885
  0.59428007 -0.46841846  0.40539872 -0.46693046  0.40360449 -0.46330007
  0.58333547 -0.45966967  0.39773636 -0.45818168  0.39594212 -0.45455128
  0.57239088 -0.45092089  0.39007399 -0.44943289  0.38827976 -0.44580249
  0.56144629 -0.4421721   0.38241163 -0.4406841   0.3806174  -0.43705371
  0.55050169 -0.43342331  0.37474927 -0.43193532  0.37295503 -0.42830492
  0.5395571  -0.42467452  0.3670869  -0.42318653  0.36529267 -0.41955613
  0.52861251 -0.41592574  0.35942454 -0.41443774  0.35763031 -0.41080735
  0.51766791 -0.40717695  0.35176218]",0.06619047619047619,0.0,0.0,0.93375,0.7012,0.0,0.06621052631578947,0.0,0.0,0.9828888888888889,0.8973333333333333,0.0,0.0661764705882353,0.0,0.0,0.933875,0.7349375,0.0,0.06613333333333334,0.0,0.0,0.9827857142857143,0.8967142857142857,0.0,0.066,0.0,0.0,0.934,0.7018333333333333,0.0,0.9826724137931034,0.8960344827586207,0.0,0.7864036904761905,3.6798071995244674e-06
3.92,0.145,707,0.5825454545454545,0.026282948625102016,0.8349090909090909,0.05256589725020403,0.15837262045073036,2.0,0.6121046077210459,0.24964807051064156,0.0020656996495578193,2.0,0.612104607721046,0.2496480705106416,0.002065699649557838,8,0.966241910889818,8,0.9662419108898184,0.003759502644536288,3.0,1.1352286773794809,"[ 1.         -0.43903914 -0.08222132 -0.43769383  0.94561168 -0.43700054
 -0.08133124 -0.43515874  0.96624191 -0.43331693 -0.08093765 -0.43312014
  0.93867029 -0.42913683 -0.08004757 -0.43058505  0.93462533 -0.42545322
 -0.07965399 -0.42854645  0.93995395 -0.42127311 -0.07876391 -0.42601136
  0.91287882 -0.4175895  -0.07837032 -0.42232775  0.94617265 -0.4139059
 -0.07797674 -0.42028915  0.89721587 -0.40972579 -0.07708666 -0.41775406
  0.91949111 -0.40604218 -0.07669307 -0.41571546  0.88862946 -0.40186208
 -0.07580299 -0.41318037  0.88787452 -0.39817847 -0.07540941 -0.41114177
  0.8866231  -0.39399836 -0.07451933 -0.40860668  0.864483   -0.39031475
 -0.07412575 -0.40492307  0.89119679 -0.38663115 -0.07373216 -0.40288448
  0.84882005 -0.38245104 -0.07284208 -0.40034938  0.8727403  -0.37876743
 -0.0724485  -0.39831079  0.83858863 -0.37458733 -0.07155842 -0.3957757
  0.84112372 -0.37090372 -0.07116483 -0.3937371   0.83329224 -0.36672361
 -0.07027475 -0.39120201  0.81608719 -0.36304    -0.06988117 -0.3875184
  0.83622092 -0.3593564  -0.06948758 -0.3854798   0.80042423 -0.35517629
 -0.0685975  -0.38294471  0.82434449 -0.35149268 -0.06820392 -0.38090611
  0.7885478  -0.34731258 -0.06731384 -0.37837102  0.79437292 -0.34362897
 -0.06692025 -0.37633242  0.7816064  -0.33944886 -0.06603017 -0.37379733
  0.76769137 -0.33576525 -0.06563659 -0.37011372  0.78124505 -0.33208164
 -0.06524301 -0.36807512  0.75202842 -0.32790154 -0.06435293 -0.36554003
  0.77265864 -0.32421793 -0.06395934 -0.36350143  0.73850697 -0.32003783
 -0.06306926 -0.36096634  0.74762211 -0.31635422 -0.06267568 -0.35892775
  0.72992056 -0.31217411 -0.0617856  -0.35639265  0.72094057 -0.3084905
 -0.06139201 -0.35270904  0.72626919 -0.30480689 -0.06099843 -0.34902543
  0.7036326  -0.30112329 -0.06060484 -0.34534183  0.7188313  -0.29743968
 -0.06021126 -0.34330323  0.68796965 -0.29325957 -0.05932118 -0.34076814
  0.6987298  -0.28957596 -0.05892759 -0.33872954  0.67773822 -0.28539586
 -0.05803751 -0.33619445  0.67204826 -0.28171225 -0.05764393 -0.33251084
  0.67244184 -0.27802864 -0.05725034 -0.32882723  0.65309528 -0.27434503
 -0.05685676 -0.32514362  0.66500395 -0.27066142 -0.05646317 -0.32310502
  0.63743232 -0.26648132 -0.0555731  -0.32056993  0.64819248 -0.26279771
 -0.05468302 -0.31803484  0.6276974  -0.26141113 -0.05379294 -0.31549975
  0.62529745 -0.25772752 -0.05339935 -0.31181614  0.620756   -0.25404391
 -0.05300577 -0.30813253  0.60469946 -0.2503603  -0.05261218 -0.30444892
  0.61331811 -0.24667669 -0.0522186  -0.30241032  0.58903651 -0.24249659
 -0.05132852 -0.29987523  0.59815165 -0.23881298 -0.05043844 -0.29734014
  0.57765657 -0.23742641 -0.04954836 -0.29480505  0.57854665 -0.2337428
 -0.04915477 -0.29112144  0.56907016 -0.23005919 -0.04876119 -0.28743783
  0.55630364 -0.22637558 -0.0483676  -0.28375422  0.56163227 -0.22269197
 -0.04797402 -0.28007061  0.54064069 -0.21900836 -0.04758043 -0.276387
  0.54596931 -0.21532475 -0.04669035 -0.27385191  0.52711924 -0.21393818
 -0.04580028 -0.27131681  0.52965434 -0.21025457 -0.0449102  -0.26878172
  0.51902933 -0.20886799 -0.04402012 -0.26624663  0.51004933 -0.20518438
 -0.04362653 -0.26256302  0.51208793]",0.1650952380952381,0.0,0.0,0.83495,0.3602,0.0,0.16510526315789473,0.0,0.0,0.9982222222222222,0.9893333333333333,0.0,0.16505882352941176,0.0,0.0,0.834875,0.3601875,0.0,0.1652,0.0,0.0,0.9972142857142857,0.9832857142857143,0.0,0.16515384615384615,0.0,0.0,0.8349166666666666,0.36033333333333334,0.0,0.9982758620689656,0.9896551724137931,0.0,0.6106679761904761,6.7174901241062745e-06
3.92,0.145,1313,0.5990454545454545,0.02459208533567305,0.7874545454545454,0.05382524523672316,0.20236150260860966,2.0,0.11722745019843447,0.8132122075689296,0.21007992378312804,550.0,0.34796514742970214,0.5059770374116953,0.6221199859957137,4,0.4246565453309356,4,0.8325217602375035,-0.003681873832811166,17.0,1.1395868964609919,"[ 1.          0.54569705  0.7264196   0.56982087  0.83252176  0.55315234
  0.6801374   0.57962671  0.7858459   0.535111    0.65268244  0.53805132
  0.73171903  0.49981135  0.62365854  0.50942109  0.69838198  0.46451171
  0.5950283   0.46863302  0.67602748  0.44568875  0.56090964  0.41725606
  0.61563057  0.40372541  0.51267055  0.37960586  0.61053437  0.37078202
  0.48560925  0.3195969   0.54542494  0.32920663  0.45344748  0.29684875
  0.54699815  0.31665942  0.40363945  0.27528157  0.49562119  0.29038543
  0.38521015  0.26273436  0.4818987   0.26293618  0.35344775  0.254506
  0.44974263  0.26686564  0.33266219  0.24195878  0.42307499  0.24254855
  0.33344808  0.23607526  0.44229445  0.24137185  0.34207865  0.21489605
  0.40973902  0.22489944  0.32874411  0.21254406  0.42229479  0.22921686
  0.30521435  0.20352838  0.39562714  0.23235901  0.29070453  0.21294627
  0.3842552   0.2264812   0.28286413  0.20039905  0.38269054  0.2233476
  0.27659265  0.18942077  0.35955443  0.19667995  0.27502799  0.18118671
  0.37602968  0.17863861  0.26483133  0.15686962  0.35445681  0.17393037
  0.24012058  0.18040223  0.35367376  0.17157839  0.23149285  0.15961667
  0.32111833  0.14569236  0.23855448  0.14745741  0.29562596  0.14334038
  0.2342399   0.130985    0.29601819  0.15353988  0.22718111  0.11961306
  0.27680157  0.14805003  0.20953343  0.11726108  0.27915639  0.13824702
  0.18600366  0.08314242  0.2587645   0.10295309  0.16600542  0.0552995
  0.25798716  0.06726549  0.13973144  0.02549398  0.21719909  0.05589355
  0.11816427  0.02118511  0.19053715  0.02962527  0.09424654  0.0086436
  0.1677947   0.01041435  0.08170503 -0.01605574  0.13681962 -0.02056073
  0.05072995 -0.04075508  0.12467177 -0.04094692  0.03191269 -0.06584808
  0.07683205 -0.06093945  0.01466437 -0.09054742  0.08586198 -0.07975671
 -0.00219029 -0.11603408  0.05527485 -0.09779235 -0.01551912 -0.12740032
  0.0411644  -0.12014114 -0.03826157 -0.14034119  0.0227294  -0.12014257
 -0.04610768 -0.15093152  0.00743227 -0.13269549 -0.05631005 -0.14466291
  0.00742513 -0.13113369 -0.05004144 -0.15525894 -0.00160196 -0.1323161
 -0.06220641 -0.14859667  0.01447392 -0.13506745 -0.06181988 -0.16076164
 -0.00279151 -0.14291927 -0.06339596 -0.1576309   0.00543969 -0.14253275
 -0.06771624 -0.16234485 -0.00868787 -0.14253988 -0.06458551 -0.16038939
 -0.01300816 -0.14372229 -0.07047473 -0.15255184 -0.0177221  -0.13745369
 -0.06577505 -0.16001    -0.02361132 -0.1386361  -0.07480215 -0.1564856
 -0.00910437 -0.13981851 -0.07127775 -0.1655127  -0.02009406 -0.14610139
 -0.07285382 -0.1639509  -0.01029392 -0.14571487 -0.07560517 -0.17023378
 -0.02167727 -0.1476846  -0.07914384 -0.16239623 -0.02756649 -0.14729808
 -0.08032626 -0.16083444 -0.0307115  -0.14259841 -0.07562658 -0.16515472
 -0.0397386  -0.14378082 -0.08465368 -0.16163032 -0.03150739 -0.14653217
 -0.08269822 -0.16908848 -0.04249708 -0.14967718 -0.0889811  -0.16752668
 -0.03112801 -0.15085959 -0.08702564 -0.17969165 -0.0421177  -0.15714247
 -0.08860171 -0.17499198 -0.04486904 -0.15675595 -0.092922   -0.17343018
 -0.04958299 -0.15205628 -0.0913602  -0.17618153 -0.05704115 -0.15480763
 -0.09724942 -0.17265713 -0.05351675]",0.20847619047619048,0.0007619047619047619,0.0,0.7906,0.2695,0.0,0.22321052631578947,0.002368421052631579,0.0,0.9458333333333333,0.8609444444444444,0.0,0.23323529411764707,0.002352941176470588,0.0,0.76425,0.25,0.0,0.24053333333333332,0.0024666666666666665,0.0,0.9220714285714285,0.8212142857142857,0.0,0.24923076923076923,0.0026153846153846153,0.0,0.7460833333333333,0.22775,0.0,0.9067241379310345,0.7892241379310345,0.0,0.48376868237713433,9.379120407794211e-05
3.92,0.145,2029,0.6120454545454546,0.04870269478518457,0.754909090909091,0.07835519887080017,0.23985638789761263,2.0,0.8625047931299958,0.15330100056648058,0.008430600590543538,2.0,0.8327399227571125,0.16999274956943436,0.008486062470298678,12,0.895771275174163,12,0.9022005833775103,0.0034766479796437496,5.0,1.1568682084146003,"[ 1.         -0.70571893  0.52756473 -0.70143644  0.87019076 -0.69856197
  0.58661943 -0.69738628  0.86313554 -0.69821361  0.50316198 -0.69333613
  0.90220058 -0.691797    0.49639752 -0.69491809  0.8273232  -0.68819645
  0.56381423 -0.68821072  0.83329021 -0.69244907  0.48915492 -0.68587282
  0.88671281 -0.67833813  0.48705067 -0.68494294  0.83048975 -0.67674058
  0.5434347  -0.67157235  0.80469406 -0.66625874  0.46944306 -0.66930714
  0.87077543 -0.65873833  0.47326168 -0.66090099  0.79248702 -0.65706809
  0.52823768 -0.65419363  0.78742135 -0.64947499  0.46616446 -0.64822662
  0.8452134  -0.64654211  0.46768932 -0.65025817  0.77499624 -0.62865669
  0.51889084 -0.63992171  0.79051521 -0.63312738  0.45667223 -0.62943987
  0.82394814 -0.62049716  0.45604871 -0.63465092  0.76980078 -0.61615625
  0.51221467 -0.62801625  0.75651848 -0.62344299  0.45228982 -0.62501067
  0.80838767 -0.61465994  0.45144823 -0.62807334  0.74757709 -0.61165436
  0.50561118 -0.62203365  0.74317909 -0.60938915  0.44043115 -0.61088414
  0.80097114 -0.60127376  0.441956   -0.61683555  0.72468574 -0.59234532
  0.4938252  -0.60716675  0.73583525 -0.59230118  0.43012587 -0.59749796
  0.7707489  -0.58707453  0.43690593 -0.60034256  0.70704958 -0.57296359
  0.4821119  -0.58859807  0.70931479 -0.58402482  0.42433544 -0.58403909
  0.75155933 -0.56776549  0.42363922 -0.58628871  0.69667162 -0.56483261
  0.47025322 -0.57817332  0.68635075 -0.56330775  0.41099604 -0.56850453
  0.73970066 -0.55075021  0.4125209  -0.57142182  0.66718973 -0.54619123
  0.46076099 -0.5602723   0.67093566 -0.54392602  0.40076346 -0.55134387
  0.71177217 -0.54240116  0.40680316 -0.55566918  0.65103428 -0.52903057
  0.44608627 -0.54762648  0.65544788 -0.53942413  0.39119855 -0.54165948
  0.68732741 -0.52316481  0.39346376 -0.54235569  0.63917561 -0.51497673
  0.43348723 -0.53120618  0.62825976 -0.51626792  0.38325973 -0.52220506
  0.6705043  -0.50371038  0.38330387 -0.52512235  0.61206017 -0.49989176
  0.42636146 -0.51693427  0.61210431 -0.49984762  0.37006571 -0.50881888
  0.64983402 -0.4992085   0.3729986  -0.51321688  0.58983648 -0.4843572
  0.41080099 -0.50288042  0.59728421 -0.48949556  0.35820704 -0.49321163
  0.6225732  -0.47686534  0.36498709 -0.49457551  0.5744214  -0.46571583
  0.39982805 -0.483426    0.57090913 -0.46848774  0.35108127 -0.47590559
  0.60426938 -0.45815127  0.35334648 -0.47889557  0.55234309 -0.45595875
  0.38885511 -0.47152054  0.55090652 -0.45221282  0.33848223 -0.46185174
  0.58870891 -0.44779922  0.34000709 -0.46328831  0.5264903  -0.43664971
  0.37558841 -0.45221149  0.53319767 -0.43660556  0.32669624 -0.44469108
  0.557819   -0.42760444  0.33206827 -0.44605497  0.51040755 -0.41793564
  0.36320744 -0.4357185   0.50971133 -0.423074    0.31579599 -0.42901114
  0.53714871 -0.40903575  0.31806121 -0.42822664  0.49343905 -0.40677054
  0.34623895 -0.41937089  0.48533926 -0.40376496  0.30401    -0.4097021
  0.51795915 -0.3934285   0.30627522 -0.41106598  0.46625093 -0.3858354
  0.33755977 -0.40213755  0.4692565  -0.3850509   0.29385011 -0.39387678
  0.49158407 -0.37908389  0.29692837 -0.39605371  0.44787441 -0.36719403
  0.32214468 -0.38571725  0.45087999]",0.22457142857142856,0.0,0.0,0.77685,0.2168,0.0,0.22557894736842105,0.0,0.0,0.9723888888888889,0.8456111111111111,0.0,0.22570588235294117,0.0,0.0,0.7775625,0.2503125,0.0,0.2252,0.0,0.0,0.9697857142857143,0.8322857142857143,0.0,0.22515384615384615,0.0,0.0,0.77925,0.22116666666666668,0.0,0.9684482758620689,0.8268965517241379,0.0,0.4732351984126983,6.639211369334021e-06
3.92,0.145,3001,0.5860454545454546,0.033433077350986176,0.7966363636363636,0.05933383631817014,0.18538156641121079,2.0,0.08504033442708832,0.8209193453934579,0.2398266654244426,275.0,0.15915825831196442,0.7106002135267064,0.5325287796386069,4,0.32446807441626296,4,0.6353664685428777,-0.09469718298037771,15.0,1.1177295918367347,"[ 1.00000000e+00  4.24233736e-01  5.60057894e-01  4.75097558e-01
  6.35366469e-01  4.50988552e-01  4.65532654e-01  4.28257543e-01
  5.67955114e-01  4.26097873e-01  3.76171963e-01  4.00784589e-01
  5.15950549e-01  3.37854603e-01  3.91045969e-01  2.95495958e-01
  4.51804598e-01  3.09947358e-01  3.11493227e-01  2.97458589e-01
  4.20110799e-01  2.48557398e-01  2.74461161e-01  2.79619868e-01
  3.76449329e-01  2.39756639e-01  2.61786990e-01  1.89477452e-01
  3.92180180e-01  1.66225293e-01  2.08913842e-01  1.81880972e-01
  2.87661537e-01  1.66201920e-01  1.50789286e-01  1.63607959e-01
  2.60524279e-01  1.47072061e-01  6.46939994e-02  1.08499969e-01
  2.05329431e-01  5.15913791e-02  9.03196579e-02  2.70480822e-02
  1.85765281e-01  2.82406748e-02  2.81479733e-02  2.03084474e-02
  1.27380150e-01  6.00739128e-03  2.04127756e-03  5.73512989e-03
  1.21757936e-01  1.57051093e-02  7.95244175e-03 -2.70878279e-02
  1.63820947e-01 -3.77760468e-02 -5.59031335e-03 -2.90103464e-02
  1.07670658e-01 -4.85628104e-02 -4.99466493e-02 -3.97971100e-02
  7.62256959e-02 -2.85359932e-02 -7.76050575e-02 -4.80884572e-02
  2.27445398e-02 -8.07260119e-02 -8.71875421e-02 -8.47848272e-02
  3.51113910e-02 -1.03046154e-01 -1.01760860e-01 -1.09687244e-01
  1.40823865e-02 -1.34577974e-01 -9.33542789e-02 -1.15483175e-01
  1.08687306e-02 -1.20919986e-01 -1.41670885e-01 -1.05611740e-01
 -1.66159609e-02 -1.57442639e-01 -1.56244203e-01 -1.04778267e-01
 -6.10591552e-02 -1.51618333e-01 -1.94231710e-01 -1.35018950e-01
 -5.38568536e-02 -1.77898745e-01 -1.72826897e-01 -1.45892572e-01
 -7.76418496e-02 -1.70696444e-01 -1.90156206e-01 -1.77424392e-01
 -8.32640636e-02 -1.76405516e-01 -2.10067790e-01 -1.83046606e-01
 -1.08340197e-01 -1.79445455e-01 -2.02778630e-01 -1.90133674e-01
 -1.20418098e-01 -1.89027940e-01 -2.36892725e-01 -1.85339931e-01
 -1.13215796e-01 -1.92154738e-01 -2.41310660e-01 -1.73059938e-01
 -1.45951896e-01 -1.86069857e-01 -2.50719428e-01 -1.94002084e-01
 -9.08906522e-02 -2.17601677e-01 -2.29227757e-01 -1.90673195e-01
 -1.21131335e-01 -1.99896560e-01 -2.56799307e-01 -2.01546817e-01
 -1.34587232e-01 -1.83830013e-01 -2.49770722e-01 -1.66026351e-01
 -1.18346969e-01 -1.79296844e-01 -2.09085706e-01 -1.59084624e-01
 -7.53402531e-02 -1.56948327e-01 -1.71330399e-01 -1.50764902e-01
 -5.67782899e-02 -1.45872614e-01 -1.66623514e-01 -1.11284165e-01
 -6.36047831e-02 -1.08887294e-01 -1.59334354e-01 -1.02790726e-01
 -2.67063213e-02 -1.49457076e-01 -1.48171781e-01 -9.65321287e-02
 -3.47370935e-02 -1.23831417e-01 -1.16090436e-01 -9.03603895e-02
 -1.94405342e-02 -8.79635178e-02 -1.11122976e-01 -2.35920509e-02
 -2.87624437e-02 -5.32998975e-02 -1.06155516e-01 -5.21073048e-02
  9.10343632e-04 -3.51604884e-02 -8.80161066e-02 -3.12119042e-02
  2.05146068e-02 -5.80769010e-02 -7.47806720e-02 -3.08878437e-02
  1.04227098e-02 -4.25197667e-02 -9.27931101e-02 -4.88134234e-02
  1.84935948e-02 -5.12336679e-02 -6.77637223e-02 -3.41999931e-02
  1.94601082e-03 -5.46961612e-02 -1.11425192e-01 -7.00277797e-02
 -1.58058522e-02 -7.64082948e-02 -1.47339837e-01 -3.24344513e-02
 -3.38182902e-02 -4.92309239e-02 -1.08455371e-01 -5.28554475e-02
  1.93555453e-02 -6.19919540e-02 -7.99868624e-02 -5.00359704e-02
  2.86307093e-02 -7.57835465e-02 -6.01220242e-02 -5.48764595e-02
  2.90416282e-02 -6.76258032e-02 -7.50310374e-02 -5.93695152e-02
 -7.46928747e-03 -8.19268081e-02 -1.17650207e-01 -4.92257679e-02
 -5.39618690e-02 -8.98589843e-02 -1.41249748e-01 -7.79030008e-02
 -3.77967263e-02 -1.13892818e-01 -1.17424640e-01 -7.47360904e-02
 -3.19606828e-02 -1.01601087e-01 -1.19335421e-01 -8.68891122e-02
 -4.66959794e-02 -1.02220731e-01 -1.22711056e-01 -8.14005021e-02
 -2.45094414e-02 -9.79363996e-02 -9.78553845e-02 -8.47761370e-02
 -2.38379475e-02 -8.71095232e-02 -1.15346673e-01 -6.36201615e-02
 -1.18936504e-02 -8.27383338e-02 -9.55686927e-02 -7.24209210e-02
 -3.86834752e-02 -6.82986202e-02 -1.18658822e-01 -5.27297995e-02
 -3.34554401e-02 -7.83905172e-02 -8.99297387e-02 -4.99103225e-02
 -1.62597350e-02 -5.99905331e-02 -9.60613651e-02 -5.98285028e-02
 -2.11002241e-02 -5.96664725e-02 -6.46631487e-02 -2.32657368e-02
  1.34688892e-03 -4.63441797e-02 -6.81256420e-02 -2.81062258e-02
  3.77359383e-02 -2.56224958e-02 -3.97439920e-02  1.46516522e-02
  2.99657411e-02]",0.1858095238095238,0.00028571428571428574,0.0,0.81435,0.36415,0.0,0.20584210526315788,0.0007894736842105263,0.0,0.9023888888888889,0.6870555555555555,0.0,0.2263529411764706,0.0012352941176470588,0.0,0.782625,0.3241875,0.0,0.24253333333333332,0.0021333333333333334,0.0,0.8592142857142857,0.6095,0.0,0.2573076923076923,0.006076923076923077,0.0,0.75,0.30333333333333334,0.0,0.8353448275862069,0.583103448275862,0.0,0.4555411300782122,6.083248117347556e-05
3.94,0.095,101,0.7083181818181818,0.06962652731384156,0.42981818181818177,0.09166125203141698,1.1404782553006596,2.7777777777777777,0.027325475756934885,0.9068745002312816,0.043032443364657995,42.30769230769231,0.02007223552811625,0.9256857166696366,0.10357453437447812,2,0.1228814414398219,2,0.12760057431178082,-0.0015956620692136568,11.0,1.2645092270660605,"[ 1.00000000e+00 -1.29832314e-01  1.27600574e-01  5.64315122e-02
  1.04160834e-01  5.24583163e-02  4.82506240e-02  2.42635854e-02
 -1.80290118e-03  2.70107243e-02  2.55080849e-02  4.33775585e-02
 -3.84031800e-02 -2.32387593e-02  8.75802645e-02  3.86969032e-02
 -4.22201858e-02 -1.27612822e-02  4.05020864e-02 -3.61911854e-02
  7.86516693e-03  5.71724946e-03  2.86741897e-02 -7.46427041e-02
  6.47456124e-02  4.95583565e-04  1.27109047e-03 -1.33102335e-02
 -2.86509396e-02  3.34771330e-02 -4.24567567e-02  2.71411964e-02
 -1.61136877e-02 -1.88026157e-02  8.37814153e-03  2.70069972e-02
  5.48428691e-02 -3.20253361e-02  1.97192683e-02  5.60972052e-02
  1.51106308e-02  4.08817274e-03 -1.40023908e-03  1.12873369e-02
 -6.79024528e-02  1.38161043e-02  8.97297058e-03  4.12411945e-02
  1.39982559e-02  1.18503384e-02  1.00279394e-01 -3.26789770e-02
  4.13513281e-02  3.69351009e-02  5.90508833e-03  7.00323426e-03
 -3.25000519e-03  3.08497854e-02 -3.86018141e-02  4.04987813e-03
 -5.18666206e-02  1.92792201e-03 -7.81156808e-02 -1.01505959e-02
  9.68422152e-03 -8.67038023e-02 -7.62943727e-02  1.08244536e-02
 -3.96917760e-02 -1.91172496e-02 -7.62579882e-03 -3.84374399e-02
  1.39509546e-03 -5.46355073e-02  2.55642856e-02 -4.03186114e-02
  2.35465970e-02  2.01081234e-02  4.71846132e-02  3.87629404e-02
 -1.06211767e-01  8.53319355e-02 -2.37177030e-02  2.70367215e-03
  4.77957173e-03 -8.07445307e-03  1.15419928e-02 -4.45382792e-03
  2.24042903e-02  5.49951533e-02 -3.32875486e-02  3.54467549e-02
  2.10838024e-02  4.32859962e-03 -3.41712934e-02 -1.95478833e-02
 -1.23845170e-02 -5.76216138e-03  1.07856582e-03 -5.65750687e-02
  4.35378478e-02 -6.82168435e-02  3.10840886e-03  5.05150921e-02
 -7.38913772e-02 -3.32550701e-03  6.19443616e-02  2.99033442e-03
  3.59038364e-02 -1.63396924e-02 -3.55815765e-02 -9.37857291e-03
  3.96609786e-02 -4.34103160e-02 -2.60818530e-02 -1.44762982e-02
 -5.00527669e-02 -7.51517870e-03 -3.49764888e-02 -1.18011771e-02
 -1.83814466e-02 -3.67498446e-02 -1.41155434e-02 -1.64719959e-02
 -2.90033816e-02  7.05191627e-03 -3.09705569e-03  2.23564024e-02
  6.90159223e-03 -3.01838041e-02  2.96759588e-02  1.23895820e-02
 -1.41803788e-04  1.40546998e-02  9.75257664e-03 -6.58586741e-02
  2.91667758e-02 -2.38262986e-02  1.51305543e-03  4.29784590e-02
 -4.68033340e-02 -3.83494116e-02 -8.02685845e-03  6.38801671e-03
 -6.49049860e-02  2.42834516e-02 -7.28639544e-02  2.22657630e-02
 -4.79353821e-02 -1.22125597e-02 -5.60084544e-02  1.25052313e-03
 -4.52504244e-02  1.24452962e-02 -2.34538115e-02  3.65200555e-02
 -3.45447392e-02  3.34301823e-02  1.20242559e-02 -3.04810827e-02
  3.54340640e-02 -1.28040193e-02 -1.26639539e-02  9.85624321e-03
 -2.98299385e-02  7.72020114e-02 -3.15249881e-02  5.17024968e-02
 -5.92928124e-02  1.39879472e-02  3.48851126e-02 -6.86084385e-03
 -2.39386857e-02 -4.52403446e-02  5.17307760e-02 -3.34002935e-02
  1.56392581e-02 -2.89160187e-02  4.65189466e-02 -2.59406716e-02
 -1.80277598e-02  5.12475543e-02 -1.87352192e-02 -2.26005994e-02
  5.10027993e-02  2.79836778e-02  9.28280420e-03 -4.11223117e-03
 -3.94703283e-02 -1.78039442e-02  2.27879732e-02 -2.67505027e-02
  1.69930472e-02 -4.21695150e-02 -5.68731056e-03 -3.27217142e-02
  5.92453251e-03 -1.03840907e-02 -9.60858377e-03 -5.75240280e-02
  3.41510909e-02 -2.38153460e-02 -6.47704649e-03  2.13686619e-02
 -2.83783490e-02  4.47981431e-02 -3.98095070e-03 -3.95498935e-03
  4.34615305e-02 -1.14772146e-02  2.95514459e-02 -1.69593382e-02
  7.42888742e-02 -1.78851691e-02  7.36856823e-02  4.02732559e-02
 -6.98707369e-03  6.73757071e-02  3.73234481e-02 -1.06234087e-03
  2.87093652e-02  1.83518583e-02  1.07938351e-02 -3.68322141e-03
 -1.32911828e-02  1.95180517e-02 -7.19371290e-03 -1.11236781e-03
  4.22521206e-04 -5.43076889e-02 -8.30566578e-03  1.20603256e-02
  1.33866797e-02 -2.43636678e-02  4.01321461e-03  1.62542109e-02
 -6.55637563e-03  8.50377760e-03  1.44808552e-02  1.85024255e-02
 -6.15411773e-02  1.13028393e-02 -1.33281396e-03 -7.14386481e-03
  1.36490331e-02 -9.48419248e-03  1.34727477e-02 -2.91368583e-02
  2.56354379e-02  2.74831294e-02 -4.67234612e-02 -6.98535677e-03
  1.60856875e-02  2.36759602e-02  3.67469401e-03 -9.49213326e-03
  1.48793037e-02  1.29595943e-02  2.33591874e-02 -3.32124260e-02
  4.45006857e-02]",0.5797619047619048,0.040952380952380955,0.0,0.5905,0.043,0.0,0.5899473684210527,0.03915789473684211,0.0,0.5897222222222223,0.042055555555555554,0.0,0.5920588235294117,0.03864705882352941,0.0,0.580625,0.035625,6.25e-05,0.5849333333333333,0.04306666666666667,0.0,0.5861428571428572,0.0395,0.0,0.5872307692307692,0.03646153846153846,0.0,0.5881666666666666,0.04025,0.0,0.5920689655172414,0.04646551724137931,8.620689655172413e-05,0.0004290031829195934,2.8591523760838516e-07
3.94,0.095,707,0.7095454545454546,0.06817272666658585,0.44063636363636366,0.0942846490226395,1.1262452281577966,2.444444444444444,0.03516731127260948,0.8911326052116129,0.03962844158330076,275.0,0.035351690674713145,0.904304129663788,0.12576763859159748,5,0.14243313368413404,5,0.18482891089634418,-0.014178287797220636,11.0,1.2681841967556253,"[ 1.00000000e+00 -1.07863394e-01  9.78945780e-02  1.04811115e-01
  4.76207616e-02  1.84828911e-01 -4.39744622e-02  9.80596466e-02
  7.48406646e-02  1.62770291e-01  4.17928557e-02  2.77451492e-02
  1.14939400e-01 -6.48614006e-03  7.81297173e-03  4.94994739e-02
  1.66611114e-02  4.37432986e-02  3.00154014e-02  5.03839782e-03
  8.36684527e-02  3.48507812e-02  2.23647109e-03  4.50739149e-02
  1.36412259e-02  3.89979303e-02  1.64817849e-02 -3.66925903e-03
  7.92428937e-02  3.22934544e-03  3.21653110e-02  2.24322410e-02
  5.18795296e-02  1.79227642e-02 -2.65802708e-02  6.71022040e-02
 -5.40992834e-02  4.55907720e-02  7.22361322e-03  3.47213666e-02
  3.52472957e-02  2.38844998e-02  9.13937440e-02  3.14227229e-02
  5.25605476e-02 -6.73831612e-03  4.23307607e-02  2.10982356e-03
 -1.91921620e-02  1.60711934e-02 -2.11775625e-02  1.18428227e-01
 -1.14657518e-02 -5.47610385e-03 -3.91130599e-02  3.52023584e-02
  6.96590304e-03 -5.81183482e-02  3.33905390e-02 -6.97231292e-02
  1.56498818e-02 -5.21499595e-02 -7.29406220e-02  3.86056196e-02
 -9.30138418e-02  2.64262975e-02 -3.11796222e-02 -6.29953387e-02
 -8.18364661e-02  6.92429233e-03  1.19238330e-02 -3.55513833e-02
  3.63357156e-02 -2.56480588e-02  3.78663581e-02 -2.92631852e-02
 -9.32922517e-02 -2.25235557e-02 -3.33526622e-03 -4.47160175e-03
 -1.55145883e-02  6.53848111e-02 -5.18218490e-02  5.96286358e-02
  5.21285786e-04 -5.24949563e-03  2.15454210e-02 -7.55470544e-03
  3.47714154e-02 -5.86271155e-02  1.03835590e-02  9.70298387e-04
 -6.17488515e-02  5.98323368e-02 -2.85487208e-02 -1.61033873e-02
  1.45517628e-03 -6.42036161e-02  3.32170948e-02 -1.95954040e-02
 -6.85088325e-02 -1.30798270e-02 -4.69253894e-03  1.25787541e-02
 -4.25988461e-02 -4.82413320e-02 -5.25413624e-02 -3.64210110e-02
 -4.64115985e-03 -6.64334205e-02 -5.18834816e-03  2.14782729e-02
 -5.85301027e-02 -6.80865388e-03  2.81348923e-02 -3.27630180e-02
  4.22552371e-02 -1.33881865e-01  1.12201815e-02  5.16212954e-03
 -6.07207153e-02 -4.02531886e-02  3.62990356e-02  2.34348094e-02
 -3.36343378e-03 -2.55023411e-03 -6.09547474e-02 -8.30640943e-03
 -6.54496841e-04 -4.00443017e-02  7.28443953e-02 -7.21977601e-02
  5.29626892e-02 -6.82387982e-02 -1.69003768e-02  7.84924778e-03
 -1.11722514e-01  3.50092592e-02 -2.08711778e-02  5.22300808e-02
 -6.70544101e-02 -2.41212094e-02  3.77309428e-02 -1.38348575e-02
 -1.92532909e-02 -8.40177329e-02 -4.77317314e-02 -3.43920475e-02
 -9.54489327e-02 -1.94712497e-02 -3.17934735e-02 -3.98010607e-02
 -6.26318801e-03 -5.27157582e-02  2.47001369e-02 -6.82828277e-02
 -1.09693645e-02 -4.32006471e-02  6.66702333e-03 -1.07358919e-02
 -3.59044091e-02 -1.49906369e-02 -4.18846369e-02  1.88165737e-02
 -6.11918018e-02  4.23973240e-02 -7.02742745e-03  3.27685707e-03
  3.42255759e-02 -6.53088311e-02  1.53665159e-02 -6.28206200e-02
  1.20386601e-02 -1.57190110e-02  2.32519011e-02 -3.82530890e-02
 -2.19086851e-02  1.41858026e-02 -6.82834312e-02 -2.41992889e-02
 -2.02549330e-02  2.08244893e-02 -4.01366390e-02 -1.61223899e-02
 -2.84592418e-03  1.10050827e-02 -6.39858195e-02 -4.56918805e-02
 -1.30808970e-02  7.06891814e-04 -5.42141172e-02 -9.20699530e-02
 -1.06917693e-02  4.37145901e-02 -4.68075163e-02 -2.03324090e-02
  2.44220313e-02 -4.71811235e-02 -2.39414451e-03 -5.56854277e-02
 -2.11249089e-02 -2.27093494e-02 -2.99815611e-02 -3.29716750e-02
 -1.53805726e-02  3.93130574e-02 -8.49563681e-02  2.68598741e-03
 -3.98675124e-02  2.94629714e-02 -4.30670726e-02 -1.52820487e-02
  1.27270276e-02 -1.10032775e-02  7.19490475e-03 -7.65139535e-03
 -1.11788565e-03  1.10401772e-02 -6.16813805e-02 -2.52996222e-02
  2.90096789e-03 -3.02878850e-03 -3.48445050e-02 -1.30663230e-03
  1.52618240e-02 -1.06095300e-02  1.23495343e-02 -7.29635851e-02
  5.53817424e-03 -6.11432642e-02 -1.60690146e-02 -6.61966028e-02
 -1.11831634e-02  2.56141611e-02 -6.09131181e-02  4.32678155e-03
 -7.22938466e-02  1.37820011e-02  2.86881928e-02 -7.15490510e-02
  5.36113984e-02 -4.50286582e-02 -2.96111435e-02 -9.49596482e-03
 -6.95728238e-03  1.41805423e-02  2.97895707e-02 -5.60540687e-03
  3.96350219e-03 -2.19030665e-03  4.58561242e-02  1.06338284e-05
  1.33828564e-02  2.98230172e-02  6.06017334e-03  4.92806446e-02
 -1.01465148e-02  2.41899515e-02  1.96107674e-03  3.04489374e-02
 -3.08320003e-02]",0.5701428571428572,0.036,0.0,0.59475,0.04075,0.0,0.5805789473684211,0.032736842105263154,0.0,0.5892222222222222,0.03811111111111111,0.0,0.5770588235294117,0.042176470588235294,0.0,0.60075,0.047,0.0,0.5943333333333334,0.04133333333333333,0.0,0.5848571428571429,0.04164285714285714,0.0,0.5967692307692307,0.04976923076923077,0.0,0.5795833333333333,0.04133333333333333,0.0,0.5769827586206897,0.036637931034482756,0.0,0.0013642849582478078,1.1388524613147679e-06
3.94,0.095,1313,0.7064090909090909,0.0695672722758398,0.44627272727272727,0.09234184603377615,1.0993833832631648,2.5462962962962963,0.036037414618162664,0.891723129869795,0.0362967140963879,2.360515021459227,0.03961462222280867,0.9051423397224131,0.09962924517380012,38,0.1429409301593232,5,0.1451872639920546,-0.0020320477913460624,13.0,1.260333761232349,"[ 1.00000000e+00 -1.58313592e-01  1.06735992e-01  1.03574377e-01
  2.93958963e-02  1.45187264e-01  1.77420157e-02  3.53699379e-02
  3.59397783e-02  7.76384319e-03  3.76125241e-02  1.94456123e-02
  2.92365090e-02 -3.24368413e-03  9.27050637e-02 -2.14374095e-03
  2.54534670e-02  5.22229703e-02 -2.80741276e-02  7.25529931e-02
 -1.32734433e-02  6.98022681e-02 -4.73955314e-02  6.35187757e-02
  1.49274181e-02  9.98010125e-02  3.60851456e-02 -4.53178200e-02
  9.22497398e-02 -4.23799760e-03 -4.40618888e-02  6.89449409e-02
 -1.08075358e-01  3.71538009e-02 -5.94531493e-02  3.87073340e-02
  1.77956218e-02 -3.80599586e-02  7.92511291e-02 -1.77772174e-03
  2.63525513e-02 -2.83971615e-02  1.95757313e-02  4.23309516e-03
 -1.23346214e-02 -1.61882518e-02  1.47940796e-03 -6.79412243e-02
  1.80382378e-02  1.32376900e-02 -2.65862012e-02 -2.66686386e-02
 -3.58131819e-02 -3.05252312e-02  3.93828041e-02 -2.14293122e-02
 -2.84018577e-02 -8.12179981e-02 -1.29886332e-02  5.54646878e-03
 -1.28255823e-01 -1.20506026e-02  7.74931739e-03 -4.13353676e-02
 -2.80514410e-02 -6.70078900e-02  6.41231516e-02 -2.37958074e-02
 -3.11822052e-02 -5.31997851e-02 -6.48507035e-02  9.81517974e-03
 -1.30916957e-01  6.87807886e-02 -8.57315648e-02 -3.79176223e-02
 -1.43862470e-02 -5.07220124e-03 -2.35734902e-02 -9.18369589e-03
  2.00127072e-02 -2.68602424e-02 -1.80792618e-02  1.81264622e-02
 -2.39886395e-02  3.60856848e-03 -3.37089477e-02 -6.30304881e-02
 -3.42479373e-02 -3.53170296e-02 -7.50238403e-04 -1.28547466e-02
  3.39725409e-02 -8.60097966e-02  7.45987734e-02 -6.17893681e-02
 -3.46457501e-02  1.33668803e-02 -5.06833639e-02  3.19784952e-02
 -4.97026334e-02  1.36894085e-02 -7.55668090e-03 -7.02657810e-03
  5.91897394e-02 -4.12875186e-03  2.26407514e-02 -4.95246813e-02
  5.08077997e-02  2.84955803e-02 -2.89591953e-02  4.77594729e-02
 -5.02082469e-02  4.16142655e-03  4.75354217e-02  1.75218660e-02
  1.80511512e-03  4.50598976e-02 -3.93262939e-02  5.88739269e-02
  1.62257602e-02  3.53734024e-02 -2.26144383e-02 -5.57866467e-02
  2.61434593e-02  2.11283199e-03 -2.05735022e-02 -3.87404140e-02
  7.10680254e-02  2.78073184e-02  2.98571412e-02 -1.52974005e-02
  9.22595659e-02 -2.17001057e-02  4.64100465e-02  1.10658402e-02
 -6.47515727e-02  5.62114952e-02 -2.22315055e-02 -1.36545539e-03
 -1.95721047e-02 -2.37203747e-02  2.97421190e-02 -6.57589635e-02
  2.94018173e-02  7.32554741e-04 -2.05135346e-02 -1.02293105e-02
 -3.14753998e-02 -1.58605252e-02 -5.37111064e-02  6.58567074e-04
 -9.31638451e-02  1.03534198e-01 -6.37319788e-02 -5.04877898e-02
  2.00327857e-02  1.77783505e-02  4.28294459e-02 -2.11810607e-02
  2.67918321e-02 -2.06141826e-02 -4.34992047e-02  3.65768042e-02
 -7.38898374e-02  9.34482428e-03 -6.68864410e-02 -1.94466133e-02
  1.10543454e-02 -1.11060252e-01  4.24595216e-02 -9.94182207e-02
  2.59683180e-02 -2.44604258e-03 -4.89448775e-02 -2.20958990e-02
 -3.18927202e-02  1.23089797e-02 -6.23230905e-02 -2.45579089e-02
 -5.17471890e-02  8.90005242e-03  5.15422947e-02 -3.53502718e-02
  3.70244009e-02 -7.54552882e-02  2.25065071e-02  1.29083739e-02
 -8.94033416e-02 -1.52705235e-02 -7.28445118e-02  3.36860620e-02
 -1.06473272e-01 -3.14108893e-03 -5.90761445e-02 -5.32153911e-02
  4.32664218e-02 -5.07149407e-02 -4.87430811e-03  4.76015306e-02
 -6.59045510e-02  2.82065762e-02 -4.64652315e-02 -2.56786566e-02
 -5.34407393e-02  2.10661936e-02 -6.52535702e-02  2.00736141e-02
  1.47400013e-02 -3.38910938e-02  5.29955481e-02  6.85435138e-03
  3.45431091e-03  2.42495611e-03  9.39157717e-03  1.97320154e-02
 -2.97267843e-02 -4.32947985e-02  4.19529107e-02  3.52952683e-03
 -2.84573388e-02 -8.08461619e-03  5.15362327e-02 -4.04882964e-02
  6.13241671e-02 -1.84398657e-02  1.23159950e-02  3.05564574e-02
 -2.86962013e-02  2.51404071e-02  2.14854646e-02 -2.16560296e-02
  5.78869143e-02 -2.10494139e-02  4.07434328e-02  2.63079764e-02
  5.99278503e-02  7.56529981e-03  5.66837979e-02  1.24364360e-02
  2.71908996e-03  1.48574113e-02 -9.09374094e-03  5.68046759e-02
 -2.15985872e-02  4.02737346e-02  7.67432879e-03  3.06726391e-02
  4.24765832e-02  1.42211730e-02  3.86994658e-02 -1.73696561e-03
  4.30375369e-02  4.57793750e-02  2.67761838e-03 -1.44629008e-02
  2.12892333e-02  9.92329819e-02  7.04950254e-03  4.86256147e-02
  2.63133952e-02]",0.5785714285714286,0.03738095238095238,0.0,0.59365,0.0404,0.0,0.5792631578947368,0.03478947368421052,0.0,0.5867777777777777,0.04038888888888889,0.0,0.5901764705882353,0.04011764705882353,5.882352941176471e-05,0.5789375,0.03425,0.0,0.5886666666666667,0.03866666666666667,0.0,0.5801428571428572,0.036571428571428574,0.0,0.5854615384615385,0.03469230769230769,0.0,0.58525,0.0395,0.0,0.5880172413793103,0.04439655172413793,0.0,0.0010926539954713294,1.6251235642500594e-07
3.94,0.095,2029,0.7121363636363637,0.07160008599191474,0.4289090909090909,0.09361765038073706,1.193622404209836,2.5114155251141552,0.03805103181824527,0.9147995946688837,0.047713515177985194,137.5,0.02980201960160724,0.9127865607210688,0.1598583068677988,5,0.12028719194869789,5,0.22092974372743088,-0.0005302744664214294,13.0,1.2727272727272727,"[ 1.00000000e+00 -5.31401576e-02  1.82827595e-01  1.26204096e-01
  3.55694544e-02  2.20929744e-01  5.99795083e-02  1.32100748e-02
  1.06715386e-01  6.68258816e-02  1.00663647e-01  7.17465742e-02
  4.00175564e-02  9.07515082e-02 -1.99477079e-02  1.42430449e-01
 -1.60642854e-02  3.28138959e-02  3.54524641e-02  3.55789527e-02
  7.77148786e-02 -3.27089893e-02  5.05908667e-03  7.26081290e-02
 -3.18108884e-02  1.09003367e-01 -6.37943784e-02  4.96133160e-02
  1.61907192e-02 -3.17215357e-03  1.85182366e-02  2.08814567e-02
 -1.98020306e-02  2.46272051e-02 -1.60807994e-02  7.68413087e-03
  5.73808125e-02 -6.42097391e-02  6.47570062e-02 -6.73684373e-02
  3.76600010e-02 -5.05191391e-02  6.68188659e-02 -3.56067070e-02
  2.25258092e-02 -8.62799518e-03 -4.08756480e-02  2.20867748e-02
 -4.85643874e-02 -5.02936692e-02  3.12585189e-02 -9.58715966e-03
 -3.45173437e-02  2.08032276e-02 -7.37617242e-02  1.51324500e-02
  7.17954785e-03 -3.53031315e-02 -1.39937023e-02 -4.11361005e-02
 -4.10907075e-02 -1.00648868e-02 -2.26289258e-02 -4.85963799e-02
 -9.05362909e-03 -3.58395835e-02  2.31114330e-02  1.77517060e-02
 -4.29397776e-02  2.14974545e-02 -1.28247384e-02 -1.90840614e-02
 -6.59345906e-02  3.82666583e-03 -3.45069333e-02 -5.97935610e-02
 -1.48456902e-02 -7.48808648e-02  1.18996355e-01 -7.65647536e-02
  8.53678400e-03 -6.81468253e-03 -3.37383110e-02  4.20523134e-02
 -5.08190593e-02 -3.12032093e-02  2.47236490e-03 -9.39483573e-02
  1.40542172e-02 -7.16442599e-03 -6.80181010e-02  5.05193654e-02
 -1.42646201e-02  4.21743169e-02  6.14903016e-02 -4.81150660e-02
  6.88664953e-02 -2.13306066e-02  3.58457351e-02  2.81116027e-02
  6.68358531e-02  5.45961968e-02  2.99903954e-02  5.39740953e-02
 -4.88613518e-03  4.51104118e-02  3.16147157e-02  8.62139780e-03
  1.54335635e-02  2.76263318e-02 -1.99616021e-02  6.57396661e-02
 -6.11994271e-02  4.16167971e-02  3.30075860e-02 -3.45883444e-02
  6.98648806e-02  7.83626152e-03  3.58879460e-02  4.94423670e-02
  2.16436598e-02  2.11949351e-02  2.26585592e-02  6.10263659e-02
 -9.21931798e-03  2.45618691e-02  3.03933431e-02  1.61036639e-02
  3.31263388e-02  2.73445647e-03 -1.01860262e-02  3.06852943e-03
 -2.56863522e-02 -1.13134308e-02  3.12034561e-02  4.26833371e-02
  1.31099551e-02 -6.58714286e-02 -8.61399118e-03 -4.41922238e-02
 -3.31233762e-03 -2.53494811e-02 -2.62602625e-02 -3.15388939e-02
 -3.62488337e-03  5.71008079e-02 -4.40917612e-03  5.78158419e-02
 -4.07359988e-02  1.56218425e-02 -2.83356462e-02  2.02426698e-02
 -3.30502495e-02 -6.01115520e-02 -2.41426680e-02 -2.23791786e-02
  2.47243279e-02 -7.03592589e-02  8.29988866e-03 -3.89881799e-02
  8.03423094e-03  3.43923363e-02 -2.80983394e-02  5.05042298e-02
  1.67572503e-02  3.01826727e-03  3.64184934e-02 -7.04560251e-02
 -1.86848033e-02  2.68627981e-02 -1.35453410e-02  1.10380896e-02
  5.20556498e-02 -2.97621960e-02  2.68955107e-02 -1.39501678e-02
 -1.50797189e-02  3.06132169e-03 -3.38540463e-02 -1.32009262e-02
 -2.48296734e-03 -2.40014758e-02 -4.22459829e-02  2.67778689e-02
 -5.28843411e-02  2.80681162e-02 -5.41306905e-02  2.60843621e-02
 -5.31403085e-02  1.60457345e-02 -4.70446719e-02  5.42156472e-02
  1.22259335e-03 -2.11917187e-03  2.40201638e-02 -2.65984846e-02
  5.85030530e-02 -2.92583536e-03 -3.94036640e-02  1.13302877e-02
 -2.64035807e-02  2.92979516e-02  3.92785058e-02 -4.92004997e-02
 -2.27612986e-02 -2.41907150e-02 -1.87967805e-02  1.69414832e-03
 -3.14694362e-03 -4.39926222e-02 -5.94251844e-02 -9.92802889e-04
 -3.15962403e-03  1.34820899e-02  1.75143718e-02 -4.17023025e-02
  4.21431954e-02 -3.76812059e-02 -8.81102105e-03 -7.42815662e-04
  3.75152290e-03  7.42736109e-03  3.38665622e-02 -2.34943416e-02
  1.45735997e-02  5.93027008e-02 -1.93193520e-03  9.30481852e-02
 -2.21810720e-02  6.44197923e-02 -1.23927197e-03 -1.54157944e-02
 -3.28418011e-02  2.79649859e-02 -2.85208392e-02  1.61271662e-02
 -3.24169421e-02 -3.68770730e-02  4.55501938e-02 -1.75967910e-02
  6.60567862e-03  1.15620738e-02 -2.56531595e-02 -3.32324181e-04
 -1.86579269e-02 -1.14113422e-03 -1.75298708e-02 -2.36270025e-02
  1.01296673e-02 -9.80841879e-03 -3.57758729e-02 -5.13101321e-03
 -4.92261760e-02  1.29743247e-02 -1.40869778e-02 -3.89926445e-02
 -1.12408253e-02 -4.65191926e-02  1.42875944e-02 -1.08421323e-01
 -4.79144014e-02]",0.5803333333333334,0.0409047619047619,0.0,0.59305,0.0447,0.0,0.5923684210526315,0.04168421052631579,0.0,0.5823333333333334,0.041277777777777774,0.0,0.5910588235294117,0.03994117647058824,0.0,0.5935,0.04075,0.0,0.5840666666666666,0.04526666666666666,0.0,0.5885714285714285,0.042,0.0,0.5848461538461538,0.044076923076923076,0.0,0.5851666666666666,0.0415,0.0,0.5850862068965518,0.039741379310344827,0.0,0.0,6.250885106626622e-07
3.94,0.095,3001,0.6988636363636364,0.07435987154284068,0.45381818181818184,0.09569821712200588,1.036226635133739,2.380952380952381,0.028880993240173267,0.8909348034419772,0.038593214553671956,2.4017467248908297,0.03571274404538585,0.9071655114575734,0.1229934428256057,5,0.17301210405769998,5,0.17783373488124524,0.0012712713393627896,11.0,1.2414822183536434,"[ 1.00000000e+00 -1.12238216e-01  1.05609407e-01  6.89160700e-02
  8.34583218e-02  1.77833735e-01 -6.38813680e-02  1.18344273e-01
  3.58749664e-02  1.03372812e-01  2.63631244e-02  6.96549882e-03
  1.63306230e-01 -2.82417452e-02  5.56728580e-02  2.44391401e-02
  3.72649960e-02  5.62363071e-02 -6.00591723e-02  1.47479246e-01
 -6.22018827e-02  7.37514595e-02  2.81621028e-02 -9.88252049e-02
  1.73235980e-01 -5.50403396e-02  1.03361511e-01 -7.93277753e-03
 -4.40918837e-02  5.48262931e-02 -4.52455458e-02  5.75295582e-02
 -4.24249665e-02 -8.02955594e-03  3.37728877e-02 -2.96843118e-02
 -1.57520934e-02 -6.73352992e-02  6.79664984e-02 -9.99794577e-03
  4.96483202e-03 -2.96673858e-02 -3.97487804e-03  3.48116903e-02
  2.69812370e-02  5.56039397e-03 -1.91831459e-02 -2.11334546e-02
 -5.32962479e-03 -7.61938574e-02  6.13621761e-02  7.56624556e-03
 -6.03200132e-02  1.55017205e-02 -1.59594064e-02 -7.59044016e-02
 -2.23795701e-02 -5.55607024e-02  9.83812292e-03 -1.73870618e-02
 -5.35461679e-02  4.55932879e-03  1.89499746e-02  2.33382381e-02
 -9.73104975e-02  6.49482801e-02  4.85167886e-03  7.19289985e-02
 -5.73883481e-02 -2.50540564e-02  2.01468871e-02 -1.45990351e-02
  3.15566649e-02 -4.58356473e-02 -4.43495547e-02  5.18974698e-02
 -5.78320285e-02 -2.45808818e-02 -3.62476020e-05 -2.64203803e-02
 -4.66969594e-02 -5.86496505e-02  2.67918411e-02 -4.51787539e-02
  8.80450512e-03 -6.37003203e-02  9.37084847e-03  2.47541523e-02
 -2.23241913e-02 -2.16710519e-03 -8.73869765e-02  8.03693213e-02
 -3.53161246e-02  2.32617985e-03  6.43265054e-02  5.83259554e-03
  5.68378807e-02 -1.15970012e-03  3.10987887e-02  5.15211851e-02
 -2.30447592e-02  2.64715391e-02 -4.00015357e-02  8.35814836e-02
 -1.66798627e-02  6.46393912e-02  1.70647187e-02  4.77584176e-02
 -1.50887485e-02  4.38198987e-02 -1.12376098e-02  1.84255297e-02
 -1.39262198e-03  3.21653463e-02  3.29956874e-03  5.03721237e-02
  3.54793603e-02  1.65401621e-02  5.82668028e-02 -2.36402883e-03
  7.79246656e-02 -3.17669311e-02 -9.01810542e-03 -2.95599949e-02
  2.11384687e-02  3.15584828e-02 -3.21261256e-02  5.55408033e-03
  1.08422530e-03  2.45224971e-02 -1.81646887e-02 -2.77873408e-02
 -4.80749655e-03  3.33311369e-02 -1.76420354e-02 -3.16937468e-02
  8.04757801e-03  3.74038959e-02  3.74010016e-02  4.18196782e-03
 -4.78596654e-02  3.07090236e-02  3.40667276e-02 -1.93880895e-02
  4.55144068e-02  7.67680633e-03 -8.62914102e-03 -1.36332265e-02
  2.24640625e-03  1.91944999e-02 -2.66601671e-02 -9.32944890e-03
 -5.66352013e-02  2.53698890e-02 -1.93784156e-02 -5.90118246e-02
 -1.78194144e-02  1.73791468e-02  1.09997788e-02  6.37831786e-03
  6.83385105e-03  2.76009705e-02  5.22537109e-03  3.15279122e-02
 -3.04023989e-02  9.30102442e-03  5.99994881e-02 -3.32753512e-02
  3.81552248e-02 -2.04523895e-02  5.63999037e-02 -2.21366724e-02
  2.06205277e-02 -2.45104014e-02 -1.89778741e-02 -5.57988616e-03
 -2.15032090e-02 -7.64679360e-03  3.57998526e-02 -1.98676894e-02
  2.00579253e-03  3.37300509e-02 -2.47638590e-02  1.16168675e-02
 -5.73378522e-02  4.95594896e-02 -3.57740861e-02  2.92042132e-02
 -3.92541775e-02 -3.44558298e-03  1.35783137e-02 -2.36871549e-02
 -1.78645614e-05 -3.33127014e-02  5.47386701e-03 -9.99102834e-03
  4.43751899e-03 -1.22889544e-02 -2.17220991e-02 -1.01578211e-02
  2.17559446e-02 -7.87508196e-03  2.09849070e-02  1.60187230e-02
  7.08015229e-02  1.13907581e-02  2.20002796e-02 -1.78850381e-03
 -7.17521381e-03  7.63188634e-02  3.26390197e-02  4.76017975e-02
  2.52640995e-02  8.46182320e-03  9.13458670e-02  1.75794635e-02
  2.87647266e-02 -3.37756180e-02  2.28029904e-02  2.51680365e-02
 -2.44677549e-02 -1.11076684e-02 -6.79520794e-03  2.10342216e-02
 -1.13058587e-02  1.25908405e-02 -1.32590617e-02 -6.29327546e-02
  1.65148879e-02  1.88799340e-02  2.29992774e-02 -2.38480475e-02
 -1.25111785e-02 -6.02177481e-04 -6.71131538e-02  1.34029496e-02
 -1.77549654e-02 -2.72639131e-02  1.40656841e-03 -1.98626686e-02
 -4.93779234e-03 -2.86128713e-02 -4.60251810e-02  1.68919995e-02
  5.51144034e-03 -2.52259486e-02 -5.85586869e-02 -1.67941447e-02
  2.84067988e-02 -5.33387697e-02 -1.01989451e-02 -9.65630802e-02
 -2.20029245e-02 -2.20058188e-02 -2.00612987e-02 -5.74645580e-03
 -1.11331658e-02 -9.40560627e-04 -6.30603792e-02  7.49124328e-03
  7.45044750e-03]",0.5537142857142857,0.02795238095238095,0.0,0.5923,0.046,0.0,0.5847368421052631,0.04242105263157895,0.0,0.575,0.035944444444444446,0.0,0.581764705882353,0.03752941176470588,0.0,0.5743125,0.033625,0.0,0.5887333333333333,0.039,0.0,0.5749285714285715,0.03314285714285714,0.0,0.5778461538461539,0.03884615384615384,0.0,0.5851666666666666,0.03775,0.0,0.5962068965517241,0.04474137931034483,0.0,0.00014266047849639807,2.2531039852118238e-07
3.94,0.1117,101,0.6204999999999999,0.04925790199644022,0.7230909090909092,0.09006811013233217,0.3749890438038605,3.767123287671233,0.03986782332356729,0.8998659822246619,0.06485120265259275,550.0,0.060128080496214466,0.8689908048500892,0.12848950691691674,11,0.22017984432225868,11,0.3440598868767219,-0.0099205585839796,11.0,1.0827661312278791,"[ 1.00000000e+00 -1.01447560e-01  3.15728418e-02  1.93945800e-01
  1.65853144e-01  2.93174002e-02  2.67406448e-02  9.47212743e-02
  1.35203493e-01 -6.64148115e-02 -5.84738730e-02  3.44059887e-01
 -9.87956387e-03  3.70249274e-02  4.77246721e-02  2.03976912e-01
 -2.92352250e-02  6.92613868e-02 -8.69964540e-03  1.33501835e-01
  1.67932277e-02 -1.78072770e-02  1.95554695e-01  4.24681517e-02
  7.17439938e-02  4.60658024e-02  1.53570303e-01  1.28963501e-02
  1.66605761e-01 -6.63476103e-02  1.70504965e-01  4.73740848e-02
  1.11781995e-02  6.86859607e-02  1.15633240e-01  8.10755232e-02
 -2.44267077e-02  8.28618159e-02 -2.42614905e-03  1.40076885e-01
  3.54114092e-03  7.23836426e-02  8.56690040e-02  5.82650306e-02
 -4.49959250e-02  1.26945242e-01  7.86383197e-02  5.07426216e-03
  4.08579528e-02  6.41862652e-02  7.69540957e-02 -2.56609651e-02
  7.45166032e-02  9.31463875e-02  6.16918183e-02 -5.20868311e-02
  1.22613142e-01  3.28854142e-02  8.11188298e-03 -2.84711316e-02
  1.23126405e-02  1.14429931e-01 -9.49900495e-02  8.24787838e-03
  1.00020664e-01 -7.93881948e-03 -1.62471271e-02  7.83272529e-02
  3.13997339e-02  4.30897147e-02 -2.74139832e-02  4.44747562e-03
  1.03805960e-01 -6.97536153e-02 -1.25545500e-03  6.25869652e-02
 -2.30025532e-02  1.50224128e-02  1.96870142e-02  1.17658360e-02
  2.17320724e-02 -4.09271619e-02  2.70099238e-03  3.32258361e-02
 -2.12445932e-02 -5.89510980e-04  1.52386792e-02  5.89530984e-03
  4.02140214e-02  4.87580667e-02 -7.82094692e-02  3.08476244e-02
  1.32726621e-02 -5.85248630e-02  4.57909146e-02  5.63000953e-03
 -3.65989814e-02  1.59917403e-03 -3.40363924e-02  1.03252702e-02
  7.35217956e-02 -6.69789683e-02 -1.06642473e-03  1.67442753e-02
 -1.11904217e-01  8.44482906e-03 -2.83541630e-02 -3.76975323e-02
 -6.35917011e-02  3.78582151e-03 -3.61163181e-02  5.48653827e-03
 -2.43298624e-02 -3.24282533e-03  8.18669342e-04 -7.10216437e-02
 -2.58408969e-02  6.75700575e-02 -6.34052863e-02 -1.43023077e-02
  2.00591919e-02 -1.06618690e-02  8.57102213e-03 -2.93486076e-02
  5.20368858e-02 -3.29541565e-03 -3.39736885e-02 -2.65502809e-02
  7.14288001e-02 -6.65291351e-02 -6.78120633e-02  4.66750292e-02
 -5.29224600e-02 -7.44015980e-03 -1.79897427e-02 -1.02647817e-02
 -8.78890372e-03 -7.87322828e-02 -7.33341730e-02  4.58942355e-02
 -5.82285923e-02 -6.53999695e-03 -3.95451211e-02  2.42545111e-02
 -4.12063174e-02 -1.67573673e-02 -2.83282383e-04 -2.12652944e-03
  6.33193991e-03 -6.80512018e-02 -1.83451164e-02  1.81292945e-02
  2.10273636e-02 -1.11628937e-01  1.00956739e-01 -5.53185278e-02
 -2.18616885e-02 -2.56874454e-02  2.73805530e-02 -3.16580029e-02
 -6.91456777e-02 -8.19042764e-03 -3.21448746e-02  1.35961911e-02
 -7.31995409e-02  4.52248610e-03  2.61698420e-02 -5.62906856e-03
 -6.79439614e-02  7.59384757e-02 -9.99538408e-03  1.19963132e-02
 -6.18265097e-02  5.06780728e-02  4.15934690e-02 -7.34769701e-02
  3.54069341e-02  2.73573919e-02 -3.18971414e-02 -5.75753328e-02
  6.44118819e-02 -2.62632939e-02  6.71476604e-02 -9.41276882e-02
  4.82897699e-02  2.28275559e-02 -1.76349025e-02 -4.49512624e-02
  4.73818422e-02  2.47962107e-03 -1.42589269e-01  5.44378807e-02
 -1.43848607e-02 -3.94599453e-02 -4.64316378e-02 -5.90663106e-03
 -6.97358185e-03  4.38531413e-02 -1.04966829e-01  1.02146060e-01
  1.41420769e-02 -7.23948897e-02  2.77826785e-02  2.59822195e-02
  4.52626478e-05 -4.36059193e-02  3.07541947e-02 -1.61733243e-02
  2.57310855e-02 -9.15378409e-02  8.73431293e-02 -9.62407330e-04
 -3.95707198e-02  1.99195512e-02  2.80764671e-02 -2.27304957e-02
 -8.97039146e-03 -6.42323576e-04  2.73048831e-03  5.52381679e-02
 -7.79356632e-02  3.12070064e-02  5.31987037e-02 -4.76926126e-02
  2.05626083e-03 -1.04330440e-02  7.07610260e-03  2.94879223e-03
 -5.90645472e-02 -2.30648792e-02  2.99603313e-02 -5.95086309e-02
 -3.10518731e-02  7.87979059e-03  5.90614206e-03 -5.73134111e-02
 -1.29945365e-02 -4.66646859e-03 -3.96688692e-03 -8.78754488e-02
 -4.59710390e-02  4.58445348e-02 -5.99164616e-02 -2.11579873e-02
 -2.67074887e-02  4.26525438e-02 -1.55669278e-02 -5.55546434e-02
  3.16928038e-02 -4.58865744e-03 -6.86700828e-02 -4.94371917e-02
  5.12579074e-02 -2.86856346e-02 -5.25117176e-02 -9.27069271e-03
  3.84147923e-03 -1.61907359e-02 -1.35086443e-02  1.75922702e-03
  1.22429943e-02]",0.27214285714285713,0.0010952380952380953,0.0,0.79095,0.26755,0.0,0.2833157894736842,0.0025789473684210526,0.0,0.7736111111111111,0.2235,0.0,0.28452941176470586,0.0029411764705882353,0.0,0.7678125,0.21375,0.0,0.2936,0.0033333333333333335,0.0,0.759,0.2057857142857143,0.0,0.30023076923076925,0.0036153846153846154,0.0,0.7626666666666667,0.23058333333333333,0.0,0.7503448275862069,0.19879310344827586,0.0,0.22552099354721647,5.7000155701531146e-05
3.94,0.1117,707,0.5899545454545454,0.04901528265637461,0.8144545454545455,0.09627221220567857,0.3093056172801854,3.7162162162162162,0.2024768058695889,0.7397555666497527,0.04657946674208541,3.7162162162162162,0.21784910480450956,0.7211995728279129,0.07209885103816127,11,0.5278693061371214,11,0.5687347398813523,0.000732745336974414,9.0,1.032975902225297,"[ 1.00000000e+00 -1.62987979e-01 -1.41798775e-01  8.74837946e-04
  2.96910693e-01 -4.56560344e-02 -8.81574013e-02  1.49452407e-01
  1.09893610e-01 -1.44124081e-01 -1.47184322e-01  5.68734740e-01
 -9.45069239e-02 -1.59774859e-01 -1.66823618e-01  4.76653851e-01
 -7.31571245e-02 -1.52298827e-01  3.06082631e-03  1.84826916e-01
 -1.55571228e-01 -8.47836851e-02  3.33935900e-01 -1.99106756e-02
 -1.64976625e-01 -1.84220996e-01  5.17475649e-01 -6.77112495e-02
 -1.68290013e-01 -6.49924324e-02  3.35516217e-01 -7.43809495e-02
 -7.89775683e-02  1.56812306e-01  9.82685875e-02 -1.45166555e-01
 -1.48085017e-01  4.38993212e-01 -2.26057852e-02 -1.65851800e-01
 -1.09777103e-01  4.32737255e-01 -2.97008202e-02 -8.67732541e-02
  5.68161224e-02  2.10769584e-01 -1.29977209e-01 -9.75848431e-02
  2.90509732e-01 -5.62037179e-04 -1.80525073e-01 -1.02174236e-01
  4.40340122e-01 -1.04694549e-02 -1.47274811e-01 -6.47169917e-02
  2.95074527e-01 -1.25121631e-01 -8.31275732e-02  1.53076044e-01
  6.96622668e-02 -1.51071401e-01 -1.18962591e-01  3.67501176e-01
 -3.36860768e-03 -1.55584108e-01 -1.19965617e-01  3.79597933e-01
 -7.49281977e-02 -1.17352879e-01  3.23285068e-02  1.74795249e-01
 -1.66300194e-01 -1.04056802e-01  3.04712441e-01  2.34492357e-02
 -1.49506027e-01 -1.50953205e-01  3.59541543e-01 -3.45201436e-02
 -1.65221898e-01 -7.11006740e-02  3.13637588e-01 -1.18328846e-01
 -9.27257893e-02  1.32404851e-01  1.01892224e-01 -1.43155981e-01
 -1.18675559e-01  3.44879863e-01  3.78441945e-03 -1.60691786e-01
 -1.24724644e-01  3.41773346e-01 -8.10167314e-02 -5.94788783e-02
  1.36957119e-02  2.32320600e-01 -1.07380244e-01 -1.18287336e-01
  2.57056106e-01  3.17017136e-02 -1.77752106e-01 -8.66501364e-02
  3.43839725e-01 -3.74708286e-02 -8.45278275e-02 -7.89672328e-02
  2.83636668e-01 -8.08691409e-02 -1.09638519e-01  1.00223755e-01
  1.47547430e-01 -1.64122322e-01 -9.36834293e-02  2.78924315e-01
 -1.30516249e-02 -1.22806746e-01 -1.32372739e-01  3.44991356e-01
 -8.79559351e-02 -1.02012468e-01 -9.50430681e-03  1.80468875e-01
 -1.37227794e-01 -8.66779927e-02  1.59192410e-01  3.31229729e-02
 -1.32682739e-01 -1.33639489e-01  3.26276064e-01 -9.70044420e-02
 -1.04053202e-01 -9.90481284e-02  2.34543825e-01 -1.14747119e-01
 -8.58528429e-02  8.72273177e-02  1.16830485e-01 -1.24642944e-01
 -8.26488861e-02  2.67966275e-01 -3.09523442e-02 -1.08622762e-01
 -1.28641118e-01  3.13128592e-01 -1.03918126e-01 -7.79664189e-02
  5.01673495e-03  2.26235542e-01 -1.00223741e-01 -6.37661707e-02
  1.62628883e-01  1.27353368e-02 -1.34085454e-01 -1.32590063e-01
  3.00493718e-01 -8.94376718e-02 -9.90036656e-02 -1.08853216e-01
  2.40715996e-01 -1.07180348e-01 -1.02807482e-01  7.03377721e-02
  7.75230215e-02 -1.25697010e-01 -1.15373912e-01  2.28517034e-01
 -7.27886338e-02 -1.34056458e-01 -1.27721878e-01  2.90855928e-01
 -9.64815418e-02 -1.18526703e-01 -3.18385877e-02  1.41808686e-01
 -1.16687951e-01 -6.68470421e-02  1.31953847e-01  8.25986598e-03
 -8.75563942e-02 -1.23954159e-01  2.97773088e-01 -5.33377902e-02
 -1.35138505e-01 -1.16129478e-01  2.17822718e-01 -9.05558156e-02
 -7.01405972e-02  5.87359339e-02  5.77907759e-02 -9.87618934e-02
 -7.38677282e-02  2.43398317e-01 -3.44969840e-02 -1.20156031e-01
 -1.20480574e-01  2.32379857e-01 -6.54928134e-02 -1.17660966e-01
 -4.56090101e-02  1.46816313e-01 -9.49290812e-02 -5.62378338e-02
  1.62103498e-01 -8.67158894e-03 -1.04836499e-01 -1.08866004e-01
  2.23603314e-01 -4.83542568e-03 -1.40234590e-01 -7.09183320e-02
  2.14339695e-01 -1.06996842e-01 -3.15234815e-02  3.08616888e-02
  5.32502118e-02 -9.51069567e-02 -8.18412895e-02  1.95002774e-01
 -1.80142296e-02 -1.36738836e-01 -8.61239418e-02  2.20919797e-01
 -7.31596342e-02 -7.88788877e-02 -7.15634518e-02  1.29689578e-01
 -9.69943205e-02 -8.75103004e-02  1.08194650e-01 -3.09684887e-03
 -1.41503675e-01 -6.39152316e-02  2.16852257e-01 -1.44523672e-02
 -1.21690254e-01 -1.02397670e-01  1.91197636e-01 -7.17128549e-02
 -3.18222876e-02 -3.90886823e-03  4.02653662e-02 -9.73023824e-02
 -3.52007687e-02  1.87347545e-01  2.44959943e-02 -1.12516233e-01
 -1.15925124e-01  2.23280003e-01 -5.74927739e-02 -4.05105528e-02
 -6.29043643e-02  9.68040490e-02 -6.16452398e-02 -2.82069241e-02
  1.04516347e-01  1.49454672e-02 -1.40212603e-01 -9.42300257e-02
  1.94526092e-01]",0.18457142857142858,0.00038095238095238096,0.0,0.84055,0.37255,0.0,0.18605263157894736,0.0004210526315789474,0.0,0.8481666666666666,0.37266666666666665,0.0,0.18588235294117647,0.0006470588235294118,0.0,0.850375,0.38775,0.0,0.18553333333333333,0.00013333333333333334,0.0,0.8425,0.35285714285714287,0.0,0.18761538461538463,0.0013076923076923077,0.0,0.8471666666666666,0.39258333333333334,0.0,0.8304310344827586,0.3356896551724138,0.0,0.37510341067601133,7.975739075883412e-06
3.94,0.1117,1313,0.6163181818181819,0.05185941342061804,0.7375454545454545,0.09565265156840198,0.35567365231671855,3.7931034482758625,0.055019614740958275,0.8926818742199287,0.08053498893039604,3.819444444444444,0.05373226359416689,0.8653747538846507,0.14221921029499876,26,0.2175733182831915,11,0.29804740574537913,-0.0234390623020319,11.0,1.0792869495809498,"[ 1.00000000e+00 -2.98994612e-02 -3.53969140e-02  1.85896627e-01
  2.02260267e-01  1.22493632e-01 -7.89894802e-02  1.27645693e-01
  2.02382659e-01 -8.95184084e-02  8.93949535e-03  2.98047406e-01
  1.02400361e-01 -5.42486330e-02 -1.68955626e-02  2.64509208e-01
  8.32694200e-02 -1.09771672e-01  1.66326961e-02  1.26271354e-01
 -8.88960166e-03 -1.58756537e-02  8.55648683e-02  1.27389156e-01
  1.32176319e-02 -9.35018633e-02  2.89872862e-01  1.57319666e-01
 -8.91249265e-02 -5.44552583e-03  1.07918243e-01  1.12484191e-01
 -8.55213074e-02 -6.31312433e-03  1.32635042e-01 -1.95409287e-02
 -1.31133281e-02  1.65704549e-01  9.40104949e-02  1.38708074e-02
 -8.93710742e-02  1.50180390e-01  9.63712058e-02 -5.46874118e-02
 -5.50930962e-02  5.81469238e-02  8.18659980e-03 -5.91617925e-02
  5.94193001e-02  4.43588615e-02  4.48248387e-02 -4.56257475e-02
  4.92326003e-02  9.85089175e-02  5.32682383e-03 -7.51877234e-02
  7.00307795e-03  4.38593464e-02 -1.67813162e-02 -1.28718135e-01
 -1.85844823e-02 -1.22723877e-03  7.93186932e-03 -5.63101558e-02
  9.72945710e-02  4.21205363e-02 -6.14925918e-02 -3.84230291e-02
  8.36374837e-02  2.67237389e-02 -8.07400559e-02 -9.09562239e-02
  3.29659413e-02  4.41122572e-02 -1.09925366e-01  2.93958535e-02
 -6.02985197e-03  2.49903485e-02 -1.61512893e-02 -8.73008471e-03
  6.19069098e-02 -5.26376677e-02 -8.60797785e-02  7.78496539e-03
  3.37115909e-02  6.10735471e-03 -1.25949040e-01 -7.12044967e-03
  9.75483817e-02 -6.20796179e-02  1.52651062e-02  3.26223498e-02
  2.58837955e-02 -6.93595796e-03 -8.50902443e-02  1.38662680e-02
  1.90527670e-02 -1.45421310e-01 -2.49767583e-02  3.34894917e-02
 -4.67757512e-02 -3.47577737e-02 -9.01847257e-02  8.61473354e-02
 -3.95725762e-02 -6.53151601e-02  5.42595364e-02 -5.46964708e-02
 -7.12473153e-02 -4.25891823e-02 -2.70972043e-02  9.13851339e-03
 -5.36131059e-02 -1.33381547e-01  1.21321473e-01 -2.73768832e-02
 -2.34332923e-02 -5.74941474e-02  7.43052800e-03  4.37899945e-02
 -7.22431823e-02 -4.04804888e-02  1.63716065e-02 -7.83008930e-02
 -9.11230130e-02  1.01919536e-02  3.21441636e-02 -8.12761914e-03
 -1.11243945e-01  2.95676797e-02  4.66756190e-02 -8.02872008e-02
 -3.58533477e-02  5.84538489e-03 -4.62277023e-02 -4.52649231e-02
 -7.15025024e-02  7.44008909e-02 -6.18774170e-02 -9.49464747e-02
  4.21400389e-02  4.85694461e-02  3.32964386e-03 -1.15187543e-01
 -4.38044420e-02  8.47126896e-02 -8.84527116e-02 -7.12210234e-02
  9.72686978e-03 -1.48947482e-02 -1.19750784e-01 -4.27773068e-02
  2.69916392e-02  4.57173463e-02 -8.06249227e-02 -8.21479598e-02
  1.11448421e-01 -8.93222480e-03 -1.19378638e-01 -1.54541061e-02
  2.95966847e-02 -3.52658913e-02 -8.38595583e-02 -1.71969793e-02
  5.75417927e-02 -7.06639352e-02 -9.45412535e-02  4.75132796e-02
  3.68021162e-02 -7.88598141e-02 -1.25466273e-01  3.01220482e-02
 -4.80866186e-03 -1.20841839e-01 -1.85332682e-02 -1.17783120e-03
 -1.62364633e-02 -9.33953391e-02  4.69131806e-03  6.17945242e-02
 -3.39935215e-02 -8.95406093e-02  2.45692657e-02  2.39160837e-02
 -7.90746871e-02 -7.05343232e-02 -5.55373406e-02  3.26132776e-02
 -7.77057735e-02 -3.83654953e-02  4.76741662e-02 -1.49537042e-02
 -1.31483683e-01  1.30548598e-02 -3.49598465e-03 -3.49490811e-02
 -1.21421639e-01 -5.40129535e-02  1.55066883e-02 -4.31467665e-02
 -1.26764068e-01 -1.12893423e-02  2.46653875e-03 -9.29484539e-02
 -4.67748907e-02  3.36762006e-02 -2.34886550e-02 -1.15052981e-01
 -6.85081711e-02 -4.57709960e-03 -1.05677412e-02 -9.62959990e-02
 -7.99323594e-02  5.85799791e-03 -5.29192058e-02 -5.27007263e-02
 -5.63329135e-02  7.16874162e-02 -6.28529883e-02 -4.82272522e-02
  1.50832685e-02 -2.46917122e-02  2.43115988e-04 -1.02252659e-01
  1.54567716e-02  3.09505562e-02 -5.25411896e-02 -6.59856670e-02
  3.24740433e-02  8.96977810e-03 -2.81938309e-02 -1.95297182e-02
  3.67018263e-02 -4.46789629e-02 -8.09745234e-02 -2.53653362e-02
 -4.30508041e-04 -5.75935570e-02 -7.68741024e-02 -2.99598527e-02
 -2.04601930e-03  3.26603515e-03 -4.76878928e-02  2.94111402e-02
  2.50328468e-02 -3.80918256e-02  1.28004529e-02  2.00979086e-02
 -2.57642510e-02 -2.21937132e-02 -3.45208378e-02  5.84740510e-02
  1.37310508e-02 -4.56667037e-02 -1.73145908e-03  5.62397955e-02
 -2.41365931e-03 -8.65179857e-03  4.60547397e-03  2.22102152e-02
 -2.43962440e-02]",0.25361904761904763,0.0007619047619047619,0.0,0.80115,0.27465,0.0,0.2712631578947368,0.0011578947368421054,0.0,0.7794444444444445,0.22927777777777777,0.0,0.27476470588235297,0.001,0.0,0.781125,0.2369375,0.0,0.27353333333333335,0.0014666666666666667,0.0,0.7715,0.21342857142857144,0.0,0.2813846153846154,0.0018461538461538461,0.0,0.76125,0.20816666666666667,0.0,0.7651724137931034,0.23060344827586207,0.0,0.2312455791722897,6.853089745536355e-06
3.94,0.1117,2029,0.6203181818181819,0.05333972284384173,0.7294545454545455,0.1038165897028055,0.36268260742642816,3.6912751677852347,0.0611845773553531,0.8483076658949567,0.10689585334918864,275.0,0.09685045795219104,0.8048962480780871,0.26738808317375806,15,0.3223699683861,11,0.47846713962782683,0.0016234769613236086,9.0,1.0830071534620056,"[ 1.00000000e+00  9.73091014e-02  8.10385125e-02  3.21878444e-01
  3.92982982e-01  1.91493809e-01  8.73512084e-02  2.95370641e-01
  3.66746626e-01  4.99263957e-02  1.16437812e-01  4.78467140e-01
  2.04513999e-01  8.11216948e-02  1.16672865e-01  4.28440101e-01
  1.61408081e-01  6.83009229e-03  2.55584915e-01  3.25349090e-01
  5.89121057e-02  9.34986439e-02  3.00599452e-01  2.11443156e-01
  9.71558142e-02  4.14380562e-02  4.10885390e-01  1.50006159e-01
  2.64635627e-02  1.67599785e-01  2.98094381e-01  1.06726945e-01
  3.63986135e-02  2.08645374e-01  2.45762347e-01  5.16681766e-02
  2.62926253e-02  3.09381606e-01  1.32850184e-01 -2.12537514e-03
  1.15566757e-01  2.79748334e-01  7.94262286e-02  3.88680719e-02
  9.81117746e-02  2.64777778e-01  1.04730755e-02  2.78755980e-03
  2.24822531e-01  9.83047569e-02 -1.55608460e-02 -9.62955837e-03
  2.62320911e-01  1.04594449e-01 -6.35021935e-02  7.74607323e-02
  2.07706886e-01  5.60580659e-02 -1.45187086e-02  1.18009436e-01
  1.86779841e-01 -4.63627636e-02  1.22253851e-03  2.11350666e-01
  9.50297755e-02  4.28467343e-03  5.23023884e-03  2.31459596e-01
  8.53915342e-02 -1.92709561e-02  6.54273813e-02  1.93662990e-01
 -3.01375692e-03  3.41441597e-03  1.18229521e-01  1.34432838e-01
 -9.45138234e-03 -2.51269358e-02  1.91500574e-01  1.08346775e-01
 -1.96616552e-02  5.66962818e-03  1.32640019e-01  8.95744325e-02
 -4.04445422e-02  2.28432544e-02  1.59242197e-01 -2.67865214e-03
 -1.31200407e-02  9.47218014e-02  8.59673690e-02  2.11216446e-02
 -2.07006528e-03  1.21699710e-01  6.52136202e-02  2.90461504e-02
 -3.92070358e-03  1.32576389e-01  2.59785001e-02 -9.59393432e-03
  5.47106368e-02  7.04170685e-02 -7.35227353e-03 -1.08725411e-02
  8.54611929e-02  7.01322323e-02 -3.13296421e-02 -1.26710371e-02
  9.21204816e-02 -3.10985263e-02  8.74518067e-03 -2.21881243e-02
  5.81195263e-02 -4.02920247e-02 -3.58222545e-02  5.19494103e-02
  4.26038684e-04 -3.79482765e-02 -2.82213376e-02  5.81639560e-02
  2.28399642e-02 -3.79616662e-02 -3.75359900e-02  5.60188671e-02
 -3.83485898e-02 -1.93663960e-02 -8.12579730e-03 -1.03057015e-02
 -3.28042258e-02 -5.11835099e-02 -4.34353565e-03  6.22688138e-03
 -4.30144986e-02 -2.71347705e-02 -2.14681203e-04 -1.95877358e-02
 -3.06993061e-02 -4.99972144e-02  3.55446010e-02 -5.13818457e-02
 -1.69686039e-02 -2.01652827e-02 -1.05364939e-02 -1.92909263e-02
 -4.64515839e-02  1.68132088e-02 -3.71424469e-02 -1.16378671e-02
 -2.16575167e-02 -3.96902079e-02 -7.21236491e-03  1.21394257e-02
 -5.31280377e-02 -4.45081491e-03 -3.95263641e-02  1.43098774e-02
  8.83120707e-03 -4.65629621e-02 -5.97392719e-03 -7.23520714e-03
 -3.23931829e-03 -1.27697840e-03  4.67300628e-02 -4.38417429e-02
 -1.14390461e-02 -6.27609031e-03  9.25129317e-02 -6.17006581e-03
 -3.99803978e-02 -2.15702355e-02  2.45995570e-02  5.02544292e-02
 -3.10161136e-02  2.63673365e-02  3.81799667e-02 -1.13850022e-02
 -3.39586726e-02  9.10763198e-02  3.42436372e-02 -4.13940058e-02
 -2.08751482e-02  4.40996046e-02  4.22432892e-02 -9.43037486e-03
  1.31333858e-03  4.41613611e-02  3.02709140e-02 -2.10040150e-02
  6.35440300e-02  1.47243890e-02  3.69302027e-02 -1.74471920e-02
  5.09014731e-02  6.31358424e-02 -5.08800530e-02  2.82605307e-02
  8.11914428e-03  3.65528933e-02  1.20208201e-02  4.28316214e-03
  3.57442307e-02  4.24959924e-02 -2.62205295e-02  7.42554487e-02
 -6.96295193e-03 -1.75776369e-02 -1.59618898e-02  3.43271429e-02
  8.77829520e-03  7.69031166e-03 -4.85977212e-03  2.84615490e-02
  1.28611418e-02 -3.69001275e-02  3.71044415e-02 -2.01499802e-02
 -2.20062956e-02 -3.07607280e-02  2.92283026e-02  1.42229308e-02
 -5.18880106e-02 -1.54412199e-02 -5.11924549e-03 -1.90326966e-02
 -3.74119806e-02 -1.50328705e-02 -2.14301652e-02 -5.05262216e-02
 -4.75701112e-02 -7.05622248e-03  1.69116936e-02 -6.09327947e-02
 -7.66083482e-02  6.15459043e-03 -1.95675537e-02 -5.28810004e-02
 -3.60075018e-02 -1.27097674e-02 -1.39402249e-03 -7.80714438e-02
  1.49087887e-03  2.95780351e-02 -5.34254718e-02 -1.21432513e-02
 -1.38032663e-02  2.46540694e-02 -4.72860724e-02 -7.22398846e-02
  2.78373585e-02  1.02264062e-02 -5.73230488e-02 -3.19687615e-02
  3.18159205e-02 -1.30347728e-02 -5.05656099e-02 -2.38479553e-02
  2.29690149e-02 -3.20034152e-02 -6.02329896e-02  5.78154169e-03
  2.55320674e-02]",0.26776190476190476,0.001,0.0,0.78165,0.21185,0.0,0.2889473684210526,0.0022105263157894735,0.0,0.7626666666666667,0.19105555555555556,0.0,0.31123529411764705,0.0068823529411764705,0.0,0.7275625,0.1676875,0.0,0.33586666666666665,0.0136,0.0,0.7168571428571429,0.18542857142857141,0.0,0.35846153846153844,0.015384615384615385,0.0,0.6855833333333333,0.14566666666666667,0.0,0.6955172413793104,0.17586206896551723,0.0,0.1725221598018425,4.331686278889941e-05
3.94,0.1117,3001,0.602090909090909,0.06376584230313358,0.7908181818181818,0.12962275205857832,0.31738502671746766,3.7162162162162162,0.3902435438243467,0.5773955833509278,0.052822097014816646,3.7162162162162162,0.3848675843678927,0.5760510267196535,0.09336629042636026,11,0.719318693647916,11,0.7383634039317301,-0.006740879893237816,9.0,1.0625381702699401,"[ 1.00000000e+00 -1.62375598e-01 -2.15011096e-01  9.83027749e-02
  5.32493713e-01 -1.79201651e-01 -2.46004048e-01  3.59382469e-01
  2.54457527e-01 -2.49250227e-01 -2.07448750e-01  7.38363404e-01
 -5.90180400e-02 -2.09783982e-01 -9.13011255e-02  6.60613094e-01
 -1.66576288e-01 -2.55241907e-01  2.12445027e-01  3.47060303e-01
 -2.44420545e-01 -2.17868085e-01  5.46148155e-01  7.23919653e-02
 -2.17155678e-01 -1.99751546e-01  7.10792396e-01 -1.30514206e-01
 -2.64998691e-01  7.85151411e-02  4.82285268e-01 -2.28355522e-01
 -2.27624869e-01  3.49946775e-01  2.25714871e-01 -2.31240936e-01
 -2.66590083e-01  6.63161464e-01 -4.61266779e-02 -2.39045563e-01
 -6.69978397e-02  6.05529705e-01 -1.79087167e-01 -2.27714400e-01
  1.82990139e-01  3.65097139e-01 -2.34278748e-01 -2.65790801e-01
  4.96651940e-01  4.76629848e-02 -2.37136618e-01 -1.94672588e-01
  6.26055517e-01 -1.27229597e-01 -2.57556779e-01  2.66117049e-02
  4.83477453e-01 -2.40518647e-01 -2.57642950e-01  3.14518101e-01
  1.67782559e-01 -2.32560742e-01 -2.69041686e-01  5.65312258e-01
 -4.33388597e-02 -2.60726905e-01 -1.02034491e-01  5.63210888e-01
 -1.96865011e-01 -2.49207846e-01  1.30286427e-01  3.07915915e-01
 -2.24865413e-01 -2.72018506e-01  4.41359014e-01  4.47037698e-02
 -2.36970970e-01 -1.99448287e-01  5.82544401e-01 -1.35058346e-01
 -2.49992884e-01 -4.90215882e-03  4.33197687e-01 -2.27223950e-01
 -2.64466804e-01  2.65270774e-01  1.62631562e-01 -2.26150778e-01
 -2.41331694e-01  5.05100119e-01 -4.77500811e-02 -2.54957358e-01
 -1.14462243e-01  4.98990484e-01 -1.88163907e-01 -2.54403111e-01
  1.33306409e-01  2.64404800e-01 -2.10356284e-01 -2.52689522e-01
  3.95860244e-01  5.49562384e-02 -2.41304967e-01 -1.79732692e-01
  5.05460067e-01 -1.27097017e-01 -2.49286176e-01 -1.26812281e-02
  3.74536912e-01 -2.12941081e-01 -2.53971350e-01  2.54565558e-01
  1.61295525e-01 -2.34299735e-01 -2.31382711e-01  4.36645188e-01
 -2.47163170e-02 -2.53764681e-01 -1.13197753e-01  4.55347055e-01
 -1.71258377e-01 -2.26847567e-01  7.96037049e-02  2.63725904e-01
 -2.11013046e-01 -2.53053620e-01  3.30938922e-01  5.24057691e-02
 -2.53103123e-01 -1.86291426e-01  4.33825183e-01 -1.00579323e-01
 -2.37818784e-01 -4.74247238e-02  3.56317858e-01 -2.03196225e-01
 -2.40218228e-01  2.08067796e-01  1.36169604e-01 -2.16880690e-01
 -2.22620615e-01  4.03375833e-01 -1.01019271e-02 -2.32287692e-01
 -1.27160146e-01  4.06265489e-01 -1.62076714e-01 -2.27233800e-01
  6.23231430e-02  2.39041684e-01 -2.03404881e-01 -2.32239183e-01
  3.01335489e-01  8.01049396e-02 -2.18541353e-01 -1.75144243e-01
  3.96006503e-01 -7.41831219e-02 -2.10710351e-01 -4.51056597e-02
  3.18869066e-01 -1.81029139e-01 -2.14142236e-01  1.70569324e-01
  1.64139304e-01 -2.09863264e-01 -1.96125055e-01  3.34203261e-01
  5.25223848e-03 -2.16072259e-01 -1.29511899e-01  3.53446187e-01
 -1.43476193e-01 -2.21105186e-01  5.91322563e-02  2.31572002e-01
 -1.90513027e-01 -2.02475133e-01  2.29772418e-01  1.00251415e-01
 -1.93624703e-01 -1.75386848e-01  3.71195380e-01 -9.01164462e-02
 -1.88327826e-01 -4.74628233e-02  2.97475470e-01 -1.55841960e-01
 -1.99627204e-01  1.45068105e-01  1.57034099e-01 -1.86227449e-01
 -1.78661742e-01  3.06880147e-01 -8.44503547e-03 -1.77706351e-01
 -1.22477749e-01  3.57013130e-01 -1.17775499e-01 -1.89033273e-01
  4.49932813e-02  2.25548916e-01 -1.62891081e-01 -1.90273376e-01
  2.02134507e-01  6.79648199e-02 -1.70723253e-01 -1.73807560e-01
  3.46362123e-01 -7.35089907e-02 -1.82911443e-01 -3.88497643e-02
  2.66050143e-01 -1.37368341e-01 -1.78497969e-01  9.34745480e-02
  1.38273986e-01 -1.66472996e-01 -1.84706963e-01  2.88489922e-01
 -1.74164027e-02 -1.62699939e-01 -1.11849490e-01  3.04188418e-01
 -1.00803566e-01 -1.78946074e-01  1.11553221e-02  1.97662609e-01
 -1.66970780e-01 -1.76056418e-01  1.86052145e-01  4.62510151e-02
 -1.47037758e-01 -1.68518080e-01  3.09620151e-01 -2.94619604e-02
 -1.68031934e-01 -3.43000605e-02  2.49818745e-01 -1.29472924e-01
 -1.49771769e-01  8.26316076e-02  1.15478063e-01 -1.29702721e-01
 -1.85148284e-01  2.55463552e-01 -8.86171013e-04 -1.56941213e-01
 -8.44483943e-02  2.61080638e-01 -8.50352442e-02 -1.53758894e-01
  6.36339177e-03  1.87460086e-01 -1.37504805e-01 -1.66880166e-01
  1.85980711e-01  4.82223256e-02 -1.24185987e-01 -1.37379248e-01
  2.64199097e-01]",0.2087142857142857,0.0005714285714285715,0.0,0.8269,0.3304,0.0,0.2108421052631579,0.001,0.0,0.8248888888888889,0.3426111111111111,0.0,0.21094117647058824,0.0008235294117647059,0.0,0.8235,0.2931875,0.0,0.2138,0.0014,0.0,0.8272142857142857,0.3002142857142857,0.0,0.21684615384615386,0.0003846153846153846,0.0,0.8161666666666667,0.25758333333333333,0.0,0.8196551724137932,0.2838793103448276,0.0,0.30396333135818426,5.853665786034888e-06
3.94,0.1283,101,0.5519090909090909,0.041076324845461976,0.865,0.07506058159307659,0.11634853848285813,137.5,0.12393886100638592,0.8354076702310153,0.2824144025854951,137.5,0.18871794347964962,0.7219463840032673,0.5516802839125773,2,0.343072783289673,4,0.586317063331989,-0.051088145950849005,9.0,1.0489471943556388,"[ 1.00000000e+00  4.61565147e-01  5.40475998e-01  5.73642598e-01
  5.86317063e-01  4.25857200e-01  4.72900363e-01  4.94610730e-01
  4.24671238e-01  3.66591367e-01  4.29770069e-01  4.08882614e-01
  3.33295684e-01  3.69366680e-01  3.51867689e-01  3.39532069e-01
  2.92424365e-01  3.13085922e-01  3.07446551e-01  2.63565954e-01
  2.76966519e-01  2.73424768e-01  2.53747479e-01  2.49883017e-01
  2.48438887e-01  2.32795482e-01  2.45873336e-01  2.07640177e-01
  2.22896329e-01  1.50294474e-01  2.04598628e-01  1.60395321e-01
  1.48624445e-01  1.03937071e-01  1.40976200e-01  9.09640984e-02
  6.64461476e-02  6.61315046e-02  7.36425978e-02  1.25776523e-02
  3.24324324e-02  1.13836224e-02  1.83299718e-02  1.04316257e-02
 -7.14804357e-03  1.30294474e-02 -8.34207342e-03 -4.55264219e-02
  4.66317063e-03 -5.33279548e-03 -4.28398548e-02 -6.35659540e-02
 -1.66034691e-02 -8.82371924e-02 -8.16135539e-02 -8.21702299e-02
 -7.44977814e-02 -1.32658330e-01 -1.10383219e-01 -1.42162162e-01
 -1.02218637e-01 -1.42388060e-01 -1.16966519e-01 -1.00661557e-01
 -9.29891085e-02 -1.41791045e-01 -1.02977007e-01 -9.23194837e-02
 -7.60951997e-02 -1.13844292e-01 -5.26825333e-02 -6.35659540e-02
 -8.35659540e-02 -7.13755547e-02 -2.65913675e-02 -8.07180315e-02
 -4.94070190e-02 -4.27833804e-02 -4.85034288e-02 -8.40742235e-02
 -7.66438080e-02 -4.38805970e-02 -5.39572408e-02 -6.42759177e-02
 -5.17628076e-02 -4.45744252e-02 -3.20613150e-02 -5.18192820e-02
 -2.43646632e-03 -2.02581686e-02 -3.43686971e-02 -1.29810407e-02
  1.13916902e-02  1.07301331e-03 -2.19120613e-02  2.60992336e-02
  3.73215006e-02  7.07543364e-03  2.22509076e-02  1.49173054e-02
  3.61436063e-02  1.05687777e-03  1.63130294e-02  1.94675272e-02
 -1.63453005e-02 -7.30133118e-03  1.95724082e-02 -3.77006858e-02
  4.66317063e-03  2.17022993e-03 -1.99273901e-02 -1.91932231e-02
  1.34893102e-02 -5.40540541e-04 -2.43323921e-02 -2.41629689e-02
  3.67567568e-02  5.70391287e-03 -1.02622025e-02  4.04921339e-02
  4.27591771e-02 -1.21742638e-02  3.47882211e-02  4.41549012e-02
  1.41508673e-02 -8.75352965e-03  3.79669221e-02  3.11980637e-02
 -1.38120210e-02  4.42920532e-03  1.62162162e-02  1.39653086e-02
 -1.67648245e-02  1.54336426e-02  1.35054457e-02 -2.52924566e-02
  2.63009278e-03 -6.63977410e-03 -3.40459863e-03 -3.50221864e-02
  1.22630093e-02 -2.45986285e-02 -4.08874546e-02  4.27591771e-04
 -1.44897136e-02 -2.04517951e-02 -3.09802340e-03 -1.31746672e-02
 -4.65671642e-02 -4.60750303e-02  6.21218233e-03 -4.10649455e-03
 -6.33965309e-02 -2.87777330e-02 -2.30738201e-03 -6.99072207e-02
 -4.79548205e-02 -2.36385639e-03 -2.31706333e-02 -6.17265026e-02
 -1.42799516e-02 -2.27430415e-02 -4.35498185e-02 -4.58814038e-02
 -5.37313433e-03 -3.80395321e-02 -4.89229528e-02 -3.80233965e-02
 -4.35014119e-02 -3.90560710e-02 -6.25252118e-02 -4.45260186e-02
 -3.70956031e-02 -7.26663977e-02 -3.05445744e-02 -7.98305768e-02
 -6.53812021e-02 -5.77087535e-02 -7.23033481e-02 -9.52884228e-02
 -5.37313433e-02 -8.39774102e-02 -9.59096410e-02 -8.36385639e-02
 -5.90237999e-02 -1.10488100e-01 -1.20000000e-01 -6.85195643e-02
 -1.04655103e-01 -1.17071400e-01 -1.29568374e-01 -9.18031464e-02
 -1.25518354e-01 -1.48826140e-01 -9.59741831e-02 -1.30576846e-01
 -1.65098830e-01 -1.35159338e-01 -1.64356595e-01 -1.53699072e-01
 -1.57644211e-01 -1.38434853e-01 -1.81024607e-01 -1.58023397e-01
 -1.61403792e-01 -1.56716418e-01 -1.63323921e-01 -1.58636547e-01
 -1.41847519e-01 -1.48132311e-01 -1.61194030e-01 -1.75627269e-01
 -1.19306172e-01 -1.79967729e-01 -1.30100847e-01 -1.59056071e-01
 -1.57515127e-01 -1.32900363e-01 -1.44913271e-01 -1.44179104e-01
 -1.42718838e-01 -1.33674869e-01 -1.16805163e-01 -1.48342073e-01
 -1.30746269e-01 -1.22267043e-01 -1.23146430e-01 -1.34594595e-01
 -1.08608310e-01 -1.42242840e-01 -1.13836224e-01 -1.38999597e-01
 -8.61476402e-02 -1.15022186e-01 -9.25857200e-02 -8.43485276e-02
 -7.55465914e-02 -7.66680113e-02 -5.77006858e-02 -4.67204518e-02
 -4.04195240e-02 -7.27632110e-02 -1.53126261e-02 -1.24808390e-02
 -4.99072207e-02 -3.89269867e-02 -4.30818879e-03 -1.54336426e-02
 -2.52682533e-02  9.35054457e-03  9.03590157e-03  1.62162162e-03
 -1.04719645e-02  2.97942719e-02 -1.06171843e-02  1.82734974e-02
  2.38483259e-02  3.42638161e-02  4.34045986e-03  2.16942315e-02
  5.17950787e-02]",0.12347619047619048,0.0003333333333333333,0.0,0.89075,0.63155,0.0,0.1464736842105263,0.001,0.0,0.8724444444444445,0.6078888888888889,0.0,0.16117647058823528,0.0017647058823529412,0.0,0.855125,0.588625,0.0,0.16806666666666667,0.0026,0.0,0.8544285714285714,0.5837142857142857,0.0,0.1676923076923077,0.004461538461538461,0.0,0.8564166666666667,0.5789166666666666,0.0,0.8564655172413793,0.5742241379310344,0.0,0.5961070527185234,0.00034791074369488334
3.94,0.1283,707,0.5671818181818181,0.0478421992916071,0.8246363636363637,0.08856099359637322,0.1547512776226889,550.0,0.15780003345379523,0.80758857956881,0.32029683898080824,550.0,0.32506966581726243,0.6386820303629749,0.637892273819137,4,0.4415542325046433,4,0.6760472067560614,0.06731136131967744,11.0,1.0679303037438193,"[ 1.          0.5825819   0.61083925  0.66169911  0.67604721  0.5370996
  0.59375499  0.61476371  0.56681419  0.50002501  0.55957816  0.53509627
  0.49033007  0.4980091   0.53726107  0.45887243  0.46395612  0.49539678
  0.45032816  0.42788735  0.43788459  0.42759751  0.39123903  0.39776739
  0.37415062  0.36965906  0.35938041  0.3531502   0.35473972  0.36097409
  0.34433723  0.32477732  0.3318768   0.35347351  0.33971755  0.33000159
  0.31971452  0.32247157  0.31624979  0.33117743  0.3098873   0.30048219
  0.30874078  0.30165388  0.28557972  0.33440693  0.29253006  0.3051395
  0.30935808  0.3135598   0.29515057  0.30690332  0.31544747  0.29791178
  0.26387993  0.27880758  0.28272374  0.25853584  0.25085253  0.27709409
  0.25752575  0.25072441  0.27114516  0.26491495  0.28505856  0.24086348
  0.29258003  0.26693061  0.25461932  0.25360507  0.25810078  0.22000364
  0.23898815  0.21391828  0.21203892  0.17944331  0.20422334  0.19161806
  0.17467035  0.17452121  0.19871326  0.19914368  0.15466304  0.19855985
  0.19695762  0.1895683   0.17695459  0.19738376  0.18216628  0.17215633
  0.17229276  0.22893972  0.19199325  0.18693057  0.21894236  0.22256452
  0.18416496  0.23096797  0.25284181  0.22604171  0.22357437  0.24660732
  0.25543702  0.19704713  0.23110842  0.24690118  0.24298075  0.19705544
  0.23197341  0.24660707  0.18069144  0.23010664  0.22908396  0.21734379
  0.20010209  0.23154275  0.19893871  0.18286454  0.21255812  0.1869087
  0.17081767  0.15966548  0.16443833  0.13705868  0.11603725  0.13907862
  0.15833183  0.1005215   0.13456593  0.12600908  0.1261455   0.14513001
  0.14410734  0.13351784  0.13395669  0.15147967  0.13770685  0.09787106
  0.11742669  0.15032045  0.10728447  0.07961083  0.10845616  0.11555564
  0.08324559  0.10831118  0.09426123  0.13815804  0.09744027  0.12800739
  0.10439062  0.13814949  0.12235245  0.13581857  0.12872325  0.11727707
  0.13800023  0.13147603  0.11597298  0.14192055  0.12960925  0.14280667
  0.11050505  0.14050948  0.13716859  0.1419583   0.11920664  0.1349994
  0.15050659  0.11241788  0.12010535  0.14429739  0.10098429  0.09185631
  0.10968172  0.09823554  0.0694028   0.07620829  0.10242455  0.04838552
  0.05372948  0.06806915  0.06561024  0.01474609  0.05980201  0.06457485
  0.01893511  0.0428416   0.02848922  0.01993237  0.00356422  0.01530011
  0.03542687  0.00572058  0.01108141  0.04281606  0.03193257  0.02105751
  0.04149512  0.05321415  0.03277227  0.02828071  0.04958343  0.05406228
  0.04871404  0.03783898  0.0446529   0.03291273  0.02438117  0.02915401
  0.04293098  0.04336983  0.02468347  0.02308967  0.02324296  0.02744468
  0.0159985   0.00715608  0.00295852  0.02395881  0.01018599 -0.03053177
  0.00496575 -0.0154677  -0.03734582 -0.03922518 -0.01792246 -0.06499844
 -0.05992318 -0.06266765 -0.06743634 -0.10003195 -0.08191255 -0.05625898
 -0.11232223 -0.12637218 -0.08912757 -0.09651689 -0.13519358 -0.12229015
 -0.11055425 -0.14661032 -0.16559067 -0.15557657 -0.13166166 -0.16222462
 -0.16961394 -0.15005831 -0.15570897 -0.17903175 -0.17687111 -0.15905413
 -0.17978157 -0.18978309 -0.16878279 -0.18688961 -0.19311982 -0.20109712
 -0.18299458 -0.18748614 -0.21053179]",0.16923809523809524,0.001142857142857143,0.0,0.84835,0.49785,0.0,0.20357894736842105,0.0023157894736842107,0.0,0.8070555555555555,0.4381111111111111,0.0,0.23323529411764707,0.0026470588235294116,0.0,0.7759375,0.392,0.0,0.2601333333333333,0.003,0.0,0.7486428571428572,0.3515714285714286,0.0,0.27784615384615385,0.010461538461538461,0.0,0.734,0.32816666666666666,0.0,0.7296551724137931,0.3220689655172414,0.0,0.3976263924895194,0.0005089055586876341
3.94,0.1283,1313,0.5892272727272727,0.046817762575351494,0.7614545454545454,0.07339601628570566,0.2196716815067024,2.301255230125523,0.01965841608910154,0.9081939006700173,0.0973223890007831,137.5,0.07023269978324956,0.8597058391128989,0.328330509842926,7,0.20307849967921174,3,0.40130680005087804,-0.004151478543403313,9.0,1.0939010056157765,"[ 1.          0.15286509  0.20156709  0.4013068   0.34557264  0.17443309
  0.27337565  0.34589696  0.15710848  0.2167797   0.14903923  0.21967967
  0.13843862  0.14495132  0.16035906  0.16920981  0.04033014  0.10610117
  0.15810774 -0.01679356  0.06727689  0.11974064  0.01460971  0.0148293
  0.053142    0.05160344 -0.041064    0.00614373  0.03368051 -0.0082892
 -0.0570092  -0.00538923  0.02448561 -0.06668757 -0.03232993 -0.01699276
 -0.03702404 -0.10138937  0.03752717 -0.08674696 -0.10386027 -0.05074604
 -0.04404003 -0.11918127 -0.10864295 -0.05936103 -0.08218754 -0.10202551
 -0.07656291 -0.05240127 -0.12358746 -0.09824759 -0.03884024 -0.05134802
 -0.14083362 -0.05247367 -0.09911949 -0.11136339 -0.12640252 -0.07029975
 -0.09442722 -0.10102849 -0.09639666 -0.10169697 -0.08175426 -0.09120292
 -0.11299234 -0.08649265 -0.1200245  -0.0943686  -0.08194939 -0.14443385
 -0.09047582 -0.11272242 -0.09446729 -0.12404408 -0.06145489 -0.11089595
 -0.12152284 -0.05743939 -0.08682288 -0.1012821  -0.13358356 -0.01419683
 -0.0746071  -0.07173342 -0.03971383 -0.01762638 -0.07524141 -0.03984668
  0.02423677 -0.04499797 -0.01934206  0.02000772 -0.02157538 -0.04271432
  0.02448041  0.00100342 -0.02351066  0.0411527   0.02722124  0.04846491
  0.00681123 -0.00309461  0.05508234  0.01024683  0.01572244  0.04988677
  0.06457346 -0.04834485  0.01807666  0.03924976 -0.0101913   0.01293325
  0.04514614 -0.02934462  0.00416923  0.05877774 -0.03765146 -0.04275846
  0.03762081 -0.01155637 -0.05586414  0.0143897  -0.00525497 -0.01853596
 -0.03526266 -0.00109832 -0.03405026 -0.03493833 -0.05730766 -0.02801274
 -0.00339392 -0.06821643 -0.02814559 -0.02143959 -0.02804085 -0.0059534
  0.05053598 -0.00351061  0.01435792  0.01178228  0.02186343  0.02143253
  0.03715631  0.03542445  0.0528358   0.03215404  0.05002257  0.08606778
  0.01663974  0.06676544  0.11170569  0.06207133  0.03736395  0.09749235
  0.04110771  0.06546265  0.05529293  0.07361863  0.03345923  0.04860309
  0.07510278  0.05331337  0.01737289  0.04724772  0.10788546  0.01437423
 -0.00825897  0.12851282  0.0893905  -0.02690296  0.06430439  0.10534174
  0.02947945  0.0472774   0.1467293   0.07236127  0.03765119  0.05675011
  0.10661194  0.01666915  0.06530058  0.03104768  0.11135637  0.03368377
 -0.01472019  0.09044491  0.04821132  0.01967161  0.02929558  0.10285399
 -0.01577752  0.02552371  0.03346011  0.02075903 -0.03225047  0.03390717
 -0.0028771  -0.026934    0.01371675 -0.01190499 -0.01259975 -0.02276947
 -0.0013325  -0.06193607 -0.03919813  0.00858951 -0.03721252 -0.08834115
 -0.02529478 -0.07136069 -0.03791741 -0.05483741 -0.04306869 -0.09296692
 -0.05699228 -0.08546142 -0.06363784 -0.12086627 -0.11162891 -0.05007681
 -0.07692894 -0.13668873 -0.08675634 -0.04026965 -0.11644799 -0.06735938
 -0.05708492 -0.06433668 -0.07178173 -0.04754952 -0.09277165 -0.02362547
 -0.06040974 -0.08926548 -0.02479542 -0.01030203 -0.06921804  0.01596007
 -0.0154976  -0.03487839 -0.00220833 -0.01847785 -0.01215845  0.01207376
 -0.008608   -0.07926644  0.01941225 -0.04560357 -0.03318436 -0.03952176
 -0.02541498 -0.04525295 -0.03789647 -0.02002794 -0.05927299 -0.06184863
 -0.0684499   0.00575899 -0.05224266]",0.22838095238095238,0.002,0.0,0.7989,0.35125,0.0,0.2718421052631579,0.0033157894736842103,0.0,0.7531111111111111,0.301,0.0,0.3045294117647059,0.0058823529411764705,0.0,0.732125,0.2666875,0.0,0.32066666666666666,0.004866666666666667,0.0,0.7112142857142857,0.25085714285714283,0.0,0.3422307692307692,0.008384615384615384,0.0,0.6900833333333334,0.22716666666666666,0.0,0.695,0.22594827586206898,0.0,0.27450237701153335,5.043681790662644e-05
3.94,0.1283,2029,0.5174545454545455,0.03695664200694852,0.9548181818181818,0.08420464053485001,0.03915808146202418,550.0,0.35694149502855804,0.5845599518536811,0.6556604097692964,550.0,0.46301726536846183,0.41748732199955607,0.8613132623263025,4,0.7063094025923735,4,0.8876887465561045,-0.024338373264989086,10.0,1.011459938366718,"[ 1.          0.84711057  0.85076571  0.84993336  0.88768875  0.8253137
  0.83986703  0.84999464  0.81845272  0.80024971  0.79557094  0.82569526
  0.78774265  0.78364317  0.76229659  0.7846663   0.7408205   0.73806494
  0.74440791  0.74638694  0.71856789  0.71523304  0.73760275  0.69971191
  0.693751    0.6994529   0.72246368  0.66323221  0.67406266  0.67649744
  0.67777363  0.66347881  0.65822075  0.66392265  0.64269962  0.652889
  0.65333879  0.65711748  0.62224666  0.62519895  0.6160327   0.61147748
  0.59770019  0.59097466  0.58187018  0.54962541  0.56552265  0.55513603
  0.55430368  0.52193536  0.53911474  0.49789499  0.51186902  0.49809173
  0.49359829  0.4825706   0.48372323  0.46936664  0.46410858  0.4544248
  0.45237209  0.45038115  0.4373067   0.40948765  0.41839489  0.41063433
  0.40543804  0.39709818  0.39825082  0.39049025  0.38010363  0.38522624
  0.37880959  0.37547473  0.36258561  0.36822573  0.35603946  0.34834067
  0.35089899  0.35327199  0.33275181  0.32691445  0.32422067  0.3228708
  0.30613526  0.29196399  0.30792301  0.29381352  0.26996444  0.27124062
  0.27572216  0.25834555  0.24417429  0.25250224  0.24031596  0.22480078
  0.22158948  0.22152175  0.20613013  0.19702565  0.1872801   0.18330417
  0.1730411   0.15496165  0.15303249  0.15302653  0.14532774  0.12788936
  0.14333085  0.12274889  0.1214608   0.10985382  0.1297828   0.10144623
  0.10663061  0.10207539  0.09950516  0.08853925  0.08077868  0.08718342
  0.07493537  0.06781588  0.05877317  0.06319293  0.04709846  0.04452823
  0.03414161  0.03669993  0.02310796  0.0114392   0.00630469  0.00693981
 -0.0079343  -0.01627416 -0.01692118 -0.02275854 -0.03180124 -0.04078217
 -0.04014705 -0.05175404 -0.05362142 -0.06458734 -0.06254653 -0.06441392
 -0.07147164 -0.0759033  -0.07642677 -0.07695024 -0.07747371 -0.07799719
 -0.07852066 -0.07904413 -0.0795676  -0.08009107 -0.08061454 -0.08113801
 -0.08166148 -0.08218495 -0.08270843 -0.0832319  -0.08375537 -0.08427884
 -0.08480231 -0.08532578 -0.08584925 -0.08637272 -0.08689619 -0.08741966
 -0.08794314 -0.08846661 -0.08899008 -0.08951355 -0.09003702 -0.09056049
 -0.09108396 -0.09160743 -0.0921309  -0.09265438 -0.09317785 -0.09370132
 -0.09422479 -0.09474826 -0.09527173 -0.0957952  -0.09631867 -0.09684214
 -0.09736561 -0.09788909 -0.09841256 -0.09893603 -0.0994595  -0.09998297
 -0.10050644 -0.10102991 -0.10155338 -0.10207685 -0.10260033 -0.1031238
 -0.10364727 -0.10417074 -0.10469421 -0.10521768 -0.10574115 -0.10626462
 -0.10678809 -0.10731156 -0.10783504 -0.10835851 -0.10888198 -0.10940545
 -0.10992892 -0.11045239 -0.11097586 -0.11149933 -0.1120228  -0.11254627
 -0.11306975 -0.11359322 -0.11411669 -0.11464016 -0.11516363 -0.1156871
 -0.11621057 -0.11673404 -0.11725751 -0.11778099 -0.11830446 -0.11882793
 -0.1193514  -0.11987487 -0.12039834 -0.12092181 -0.12144528 -0.12196875
 -0.12249222 -0.1230157  -0.12353917 -0.12406264 -0.12458611 -0.12510958
 -0.12563305 -0.12615652 -0.12667999 -0.12720346 -0.12772694 -0.12825041
 -0.12877388 -0.12929735 -0.12982082 -0.13034429 -0.13086776 -0.13139123
 -0.1319147  -0.13243817 -0.13296165 -0.13348512 -0.13400859 -0.13453206
 -0.13505553 -0.135579   -0.13610247]",0.04119047619047619,0.00019047619047619048,0.0,0.9628,0.8787,0.0,0.04547368421052632,0.0006315789473684211,0.0,0.957,0.8678333333333333,0.0,0.045941176470588235,0.00017647058823529413,0.0,0.952875,0.8555625,0.0,0.05026666666666667,0.0,0.0,0.9461428571428572,0.8349285714285715,0.0,0.058,0.0,0.0,0.9371666666666667,0.8074166666666667,0.0,0.935,0.8007758620689656,0.0,0.8486885091404984,0.00027943169002792446
3.94,0.1283,3001,0.5524545454545455,0.03838646455662496,0.8632727272727272,0.06234958760393018,0.10939742389585054,137.5,0.032214146246050325,0.9059061338285982,0.12640008271048242,137.5,0.08384961293607461,0.816041116498633,0.4020710523631902,2,0.1933966499018996,4,0.4680409506816867,-0.020185380796802828,14.0,1.0533555185801442,"[ 1.00000000e+00  2.25010297e-01  4.07952837e-01  3.96798639e-01
  4.68040951e-01  2.54915597e-01  3.52502342e-01  3.38150757e-01
  2.88100678e-01  2.71100192e-01  2.24009397e-01  2.77474744e-01
  2.27424665e-01  2.61012635e-01  1.95213721e-01  2.06585799e-01
  2.13518951e-01  2.00647007e-01  1.96508354e-01  1.59940876e-01
  2.15744738e-01  1.91180219e-01  1.34114596e-01  2.00752159e-01
  1.82582416e-01  1.86318180e-01  1.06488177e-01  2.02905665e-01
  1.40852626e-01  1.33516585e-01  1.10669813e-01  1.69598780e-01
  1.02009840e-01  1.44331100e-01  1.08622495e-01  6.61364487e-02
  1.10175454e-01  5.07713157e-02  1.13828825e-01  5.93398198e-02
  6.16682231e-02  6.07269573e-02  6.32934639e-02 -2.81583480e-03
  3.13206232e-02  3.33386417e-02 -1.58525646e-02 -2.23297329e-02
 -2.06220991e-02  1.38247436e-02 -3.47456933e-02 -4.73795336e-02
 -2.40044961e-02 -7.01740010e-04 -4.60747892e-02 -3.23641961e-02
 -4.93646815e-02 -2.57515407e-02 -7.43219776e-02 -2.55336607e-02
 -6.85681950e-02 -5.51679865e-02 -8.26917891e-02 -6.17275479e-02
 -1.30175362e-01 -3.66756445e-03 -1.02826457e-01 -8.80188875e-02
 -1.28404522e-01 -5.04570502e-02 -1.24751151e-01 -1.12282097e-01
 -1.19380035e-01 -9.45976363e-02 -1.32406653e-01 -1.81049371e-01
 -7.12215629e-02 -1.42939046e-01 -9.47714981e-02 -1.20267170e-01
 -1.10447016e-01 -9.35390350e-02 -8.59851139e-02 -8.07697077e-02
 -1.35496817e-01 -5.07719032e-02 -1.32081549e-01 -1.06129893e-01
 -1.44487398e-01 -8.22887606e-02 -1.60711403e-01 -1.16910501e-01
 -9.91436474e-02 -9.92260405e-02 -1.30568000e-01 -1.22155206e-01
 -9.18369054e-02 -1.51551429e-01 -8.73969430e-02 -6.93197048e-02
 -1.53899019e-01 -7.94593199e-02 -7.95417129e-02 -9.63040951e-02
 -9.78661303e-02 -2.34264307e-02 -8.36894421e-02 -2.12527019e-02
 -5.84409488e-02 -4.94796669e-02 -9.18653696e-03 -5.01929410e-02
 -1.34075834e-02 -7.74887519e-02 -2.78415623e-02 -5.83246493e-02
 -3.82192808e-02 -6.08279502e-02 -2.87196225e-02 -2.49838584e-02
 -8.21217636e-02 -3.16157012e-02 -2.25821379e-02 -9.80269892e-03
 -3.29598564e-02 -1.95596480e-02 -1.75416294e-02 -1.99625374e-02
 -3.11167356e-02 -6.64472199e-03 -1.73970048e-03  9.01160831e-03
 -4.79148951e-03 -3.14564194e-02  1.51078113e-03  1.22620899e-02
 -1.35439672e-02  7.73065874e-03  5.12211764e-02 -2.42421820e-02
 -3.27794081e-03  2.85200022e-02  2.00147037e-02 -5.48096874e-03
  1.99221990e-02 -1.32097876e-02  3.96347897e-02 -2.91234087e-02
  3.39341010e-02  1.39743312e-02  1.91897374e-02 -7.49817403e-02
  3.74949674e-02 -6.16639249e-02 -1.46656349e-02 -8.63108362e-02
 -7.19410679e-03 -8.93626252e-02 -3.83080748e-02 -7.86937094e-02
 -3.31750616e-02 -4.26115143e-02 -6.95868289e-02 -8.25310539e-02
 -6.15668127e-02 -2.15840675e-02 -1.27448120e-01 -3.68769191e-02
 -9.78329813e-02 -8.24046427e-02 -1.09690342e-01 -6.35509247e-02
 -8.32725912e-02 -1.07599006e-01 -7.61837292e-02 -1.25613039e-01
 -5.73300112e-02 -7.99386807e-02 -7.76825588e-02 -1.17519705e-01
 -4.16003636e-02 -7.33249894e-02 -9.38332473e-02 -5.85998132e-02
 -4.23848832e-02 -4.83858449e-02 -6.98252569e-02 -3.63095684e-02
 -2.56305409e-02 -2.86722183e-02 -2.64160964e-02 -2.64984894e-02
 -1.83960803e-02 -3.04814326e-02 -4.52977683e-03 -3.64925059e-02
 -2.83900968e-02 -5.06883815e-02 -2.79341134e-02 -5.31916825e-02
 -1.08704223e-02 -3.43379645e-02 -4.08874142e-02  1.36749085e-02
 -2.93596257e-02 -4.33912409e-03 -3.04555659e-02  3.46300740e-02
 -2.04074195e-02  1.84060682e-02 -5.37185866e-03  8.88722251e-03
 -3.71065961e-02  1.30890816e-02  1.73733337e-02  1.69805559e-02
 -1.56029426e-02  3.39719657e-02 -1.46707526e-02  2.67193535e-02
  6.02911664e-04  2.27364103e-02  1.73562181e-02  4.44048499e-02
  2.22918838e-03  3.30959773e-02  6.54424084e-02  4.86077449e-02
  5.32023817e-02  5.24992192e-02  9.70867129e-02  6.48135991e-02
  4.86719864e-02  8.71028081e-02  8.00048703e-02  7.37658053e-02
  3.62671736e-02  1.11565746e-01  5.41897374e-02  6.30787380e-02
  5.16141551e-02  1.22784186e-01  2.71330658e-02  1.28776072e-01
  6.08767460e-02  7.68535726e-02  7.94200792e-02  1.20261697e-01
  7.63682902e-02  5.26626447e-02  1.02309834e-01  6.27830724e-02
  5.19392589e-02  6.76779822e-02  9.41781260e-02  4.20999168e-02
  6.95312147e-02  6.24332770e-02  7.08460708e-02  8.54155367e-02
  5.99198643e-02]",0.13033333333333333,0.0005714285714285715,0.0,0.8889,0.60415,0.0,0.1455263157894737,0.0010526315789473684,0.0,0.8758888888888889,0.5727777777777778,0.0,0.1555294117647059,0.0009411764705882353,0.0,0.8561875,0.5466875,0.0,0.1796,0.004,0.0,0.8347142857142857,0.525,0.0,0.1926153846153846,0.012538461538461538,0.0,0.8235833333333333,0.5091666666666667,0.0,0.8187068965517241,0.5010344827586207,0.0,0.5477356492570038,0.000430758944418707
3.94,0.145,101,0.5488181818181819,0.038858293093608214,0.8696363636363638,0.08547117826524674,0.11277942601694062,550.0,0.22654464261093565,0.7498024790799223,0.4175313862495406,550.0,0.4481953397230365,0.49164142187526755,0.7678888270651923,14,0.4774457225368527,2,0.7847899208752843,-0.016433137256268535,14.0,1.0530603258476443,"[ 1.00000000e+00  7.32108788e-01  7.84789921e-01  7.50094477e-01
  7.61087449e-01  7.31392322e-01  7.67384614e-01  7.29089395e-01
  7.44682205e-01  7.25809031e-01  6.78425001e-01  7.20772900e-01
  6.91188640e-01  6.94959434e-01  7.40418389e-01  6.75501574e-01
  6.52761639e-01  6.58887786e-01  6.39636760e-01  6.44896337e-01
  6.59866935e-01  6.29904823e-01  6.39164653e-01  6.42179743e-01
  5.89951515e-01  6.19588201e-01  6.04314802e-01  5.95641369e-01
  6.59388814e-01  5.97071711e-01  5.81420460e-01  5.96257566e-01
  5.72273209e-01  5.64844198e-01  6.16147415e-01  5.66274540e-01
  6.01778113e-01  5.79038178e-01  5.41609530e-01  5.39780422e-01
  5.63950699e-01  5.28522177e-01  5.80581098e-01  5.30219504e-01
  5.36345651e-01  4.94206297e-01  5.13154523e-01  4.89303658e-01
  5.58406645e-01  4.78556758e-01  4.83705467e-01  4.82987289e-01
  4.62113988e-01  4.50329498e-01  4.64788753e-01  4.50137565e-01
  4.94729950e-01  4.53079315e-01  4.29094957e-01  4.43554211e-01
  4.37991835e-01  4.18118597e-01  4.61955278e-01  4.20171150e-01
  4.26186431e-01  4.34423571e-01  3.81817491e-01  4.14565234e-01
  4.04513885e-01  3.96951382e-01  4.21499511e-01  4.15803642e-01
  3.67419549e-01  3.77145471e-01  3.88493668e-01  3.61776106e-01
  3.89190932e-01  3.64206511e-01  3.64488396e-01  3.64770282e-01
  3.37919226e-01  3.22023616e-01  3.48060527e-01  3.21342965e-01
  3.48135579e-01  3.22284587e-01  2.74522705e-01  2.91226445e-01
  2.87885929e-01  2.65901698e-01  2.92805180e-01  2.75665147e-01
  2.90880105e-01  2.59429211e-01  2.61444238e-01  2.36326324e-01
  2.72829961e-01  2.10268499e-01  2.67549470e-01  2.28498547e-01
  2.06002972e-01  1.91351785e-01  2.04566616e-01  1.87426583e-01
  1.97041639e-01  1.97701376e-01  1.69605899e-01  1.84332138e-01
  1.45281215e-01  1.39585346e-01  1.48578190e-01  1.38771201e-01
  1.49141961e-01  1.39090613e-01  1.10506416e-01  8.71442699e-02
  1.09581405e-01  7.65082362e-02  9.87010119e-02  8.30497613e-02
  8.55761328e-02  6.43249799e-02  7.13176976e-02  5.67773771e-02
  5.80593258e-02  4.05414411e-02  7.52893108e-02  5.00605304e-02
  3.25426456e-02  2.43579314e-02  4.46614471e-02  1.65659692e-02
  3.82474003e-02  1.94850928e-02  1.09225266e-02  1.85374557e-02
  1.29524536e-02 -1.46543055e-02  7.02712554e-03  3.31193338e-04
  1.05684605e-02  3.00595760e-03 -1.27787857e-02 -3.96298408e-02
 -1.96815512e-02 -5.18881492e-02 -2.80957247e-02 -3.74139950e-02
 -4.94654700e-02 -4.44728790e-02 -4.88134584e-02 -5.41541011e-02
 -4.81614467e-02 -6.14573445e-02 -3.67983492e-02 -4.88498243e-02
 -6.33901448e-02 -7.68195353e-02 -5.02939059e-02 -7.76563057e-02
 -5.05084650e-02 -6.41822148e-02 -6.75227308e-02 -4.94637011e-02
 -6.00263941e-02 -7.43223553e-02 -4.96633600e-02 -6.20926871e-02
 -5.28554832e-02 -5.03517376e-02 -6.37811281e-02 -7.68326665e-02
 -6.27512644e-02 -7.60471622e-02 -6.09656967e-02 -6.24395786e-02
 -6.64023060e-02 -6.51429831e-02 -6.62390131e-02 -8.34016717e-02
 -7.60311019e-02 -8.68381543e-02 -7.11344775e-02 -6.94973026e-02
 -9.31264342e-02 -1.02689064e-01 -9.00964438e-02 -9.80367987e-02
 -9.19106517e-02 -1.04450846e-01 -1.08035721e-01 -1.07265117e-01
 -1.15205472e-01 -1.22412748e-01 -1.11064551e-01 -1.29715992e-01
 -1.12767892e-01 -1.09264083e-01 -1.36004272e-01 -1.35367160e-01
 -1.23774604e-01 -1.33092874e-01 -1.25855797e-01 -1.20863206e-01
 -1.32670321e-01 -1.21077765e-01 -1.18574019e-01 -1.31381198e-01
 -1.30988446e-01 -1.35329025e-01 -1.25603103e-01 -1.15877180e-01
 -1.34284262e-01 -1.38380482e-01 -1.19321389e-01 -1.37972829e-01
 -1.29491329e-01 -1.29476429e-01 -1.28839318e-01 -1.14513556e-01
 -1.30298299e-01 -1.35261090e-01 -1.27779654e-01 -1.37342283e-01
 -1.29860847e-01 -1.14290663e-01 -1.39786428e-01 -1.40393739e-01
 -1.26067978e-01 -1.37252882e-01 -1.27526960e-01 -1.34978596e-01
 -1.36208118e-01 -1.26482196e-01 -1.34556043e-01 -1.40763257e-01
 -1.30170764e-01 -1.38866822e-01 -1.45696247e-01 -1.27881577e-01
 -1.44288532e-01 -1.51117956e-01 -1.28703447e-01 -1.42621556e-01
 -1.35140120e-01 -1.38480636e-01 -1.44443490e-01 -1.33473145e-01
 -1.38058083e-01 -1.50865263e-01 -1.31561810e-01 -1.46724342e-01
 -1.46087231e-01 -1.31761469e-01 -1.48924128e-01 -1.48664868e-01
 -1.39561157e-01 -1.54101477e-01 -1.34175814e-01 -1.44982866e-01
 -1.51567931e-01]",0.11147619047619048,0.0003333333333333333,0.0,0.8958,0.59485,0.0,0.11826315789473685,0.0005263157894736842,0.0,0.9191111111111111,0.6746666666666666,0.0,0.11835294117647059,0.0012941176470588236,0.0,0.889125,0.5753125,0.0,0.1248,0.002,0.0,0.9035714285714286,0.6425,0.0,0.13246153846153846,0.0015384615384615385,0.0,0.8746666666666667,0.5415,0.0,0.8920689655172414,0.6136206896551725,0.0,0.6046273876716679,0.0004173111594081242
3.94,0.145,707,0.5872272727272727,0.047523134861953684,0.7618181818181818,0.07395553723422815,0.22445152299097973,2.0,0.29976590631586314,0.7033607318002135,0.12795343069577117,550.0,0.17457440492557144,0.7047853575599128,0.4647816729666144,14,0.3932910162268249,4,0.5560850572817936,-0.017446627077818747,14.0,1.1089056503903665,"[ 1.00000000e+00  3.25278442e-01  4.97217506e-01  4.17585098e-01
  5.56085057e-01  3.90021704e-01  4.73081953e-01  3.74727877e-01
  5.31949504e-01  3.98690623e-01  4.28955466e-01  3.76944696e-01
  5.16079288e-01  3.22590731e-01  4.52583587e-01  3.29101074e-01
  4.53276464e-01  3.37908184e-01  4.05178164e-01  3.58350229e-01
  4.92301986e-01  2.86105662e-01  3.93221517e-01  3.15885876e-01
  4.45244100e-01  2.75660046e-01  3.64537762e-01  2.68480453e-01
  4.30688480e-01  2.59004094e-01  3.47050743e-01  2.41655265e-01
  3.71013489e-01  2.44206709e-01  3.38267260e-01  2.36830682e-01
  3.68485673e-01  2.09267288e-01  3.08948872e-01  1.98174126e-01
  3.48112586e-01  1.80976400e-01  2.97913954e-01  2.03125910e-01
  3.02172862e-01  1.82649249e-01  2.89810434e-01  1.58848320e-01
  3.16704580e-01  1.51472293e-01  2.59222781e-01  1.24936399e-01
  2.38111487e-01  1.60141213e-01  2.27607627e-01  8.73073436e-02
  2.50542872e-01  1.04183357e-01  1.90809638e-01  7.79345586e-02
  2.16434517e-01  8.17552680e-02  1.64815517e-01  2.89123328e-02
  1.89458227e-01  8.44556169e-02  1.29090360e-01  4.13437182e-02
  1.75688343e-01  5.36715294e-02  1.22361878e-01 -1.15316355e-02
  1.48621391e-01  8.16514190e-02  6.45454545e-02  3.20874200e-02
  1.24878705e-01  1.50861287e-02  8.01046732e-02 -2.45913349e-03
  1.13405588e-01 -3.18662601e-03  5.16173521e-02 -4.00428583e-02
  9.90917333e-02 -4.76606500e-02  3.58377977e-02 -3.96392758e-02
  9.03535811e-02 -6.07505701e-02  5.61869832e-02 -6.02087969e-02
  7.87293607e-02 -4.84249567e-02  3.81559933e-02 -6.51391522e-02
  8.19132394e-02 -4.42589082e-02  8.49006841e-03 -5.26624358e-02
  5.99233495e-02 -5.52484958e-02  1.55875161e-02 -5.50995906e-02
  5.18651611e-02 -5.60235171e-02  2.08263963e-02 -5.13264101e-02
  5.08483750e-02 -6.53509712e-02 -4.72952554e-03 -5.23431962e-02
  3.71691530e-02 -4.41253881e-02 -3.21712135e-04 -4.52457485e-02
  4.38284019e-02 -6.01013764e-02  2.54520729e-02 -4.17143328e-02
  4.44737493e-02 -3.45240254e-02  3.60702217e-02 -4.39550537e-02
  6.77543339e-02 -4.05725432e-02  2.40078024e-02 -2.59479656e-02
  4.83634166e-02 -4.10453584e-02  2.51517899e-02 -1.62515454e-02
  1.96343306e-02 -9.30300283e-03  8.73760268e-03 -1.43822632e-02
  3.89560153e-02 -2.90414572e-02  3.67628232e-02 -3.39242836e-02
  8.73650375e-02 -3.19621418e-02  4.59152724e-02 -3.78724690e-02
  5.45259485e-02 -5.08695294e-02  2.95010852e-02 -3.01857194e-02
  8.79757686e-02 -3.51138768e-02  6.37366411e-02 -3.83345696e-02
  6.58952169e-02 -1.37371906e-02  4.41946207e-02 -4.14516882e-02
  4.69878293e-02 -3.20099453e-02  2.46526003e-02 -2.85821039e-02
  4.80260447e-02 -1.35646584e-02  3.14629523e-02 -4.81694552e-02
  2.34522926e-02 -2.50377758e-02  1.65144647e-02 -3.05099041e-02
  5.69021127e-02 -4.04244622e-02  4.39050523e-02 -2.03752850e-02
  5.06118300e-02 -3.13173439e-02  4.19665375e-02 -4.70040386e-02
  3.66455122e-02 -3.36487266e-02  1.20135169e-02 -3.66276546e-02
  5.24464958e-02 -4.82043463e-02  6.59963186e-03 -3.08448034e-02
  3.26627105e-02 -3.26451276e-02  2.48484848e-02 -5.68842551e-02
  5.79219209e-03 -1.63001731e-02  2.52616830e-03 -4.55257013e-02
  2.98131817e-02 -7.28926619e-02  2.96749911e-02 -7.30308525e-02
  3.34957004e-02 -5.90409077e-02 -8.39226352e-03 -8.28418363e-02
  2.90804692e-03 -8.56696613e-02 -3.31624495e-02 -5.10994808e-02
 -8.36863650e-03 -1.01101679e-01 -1.24657271e-02 -9.22945685e-02
 -3.65861699e-03 -9.17981263e-02 -5.15604824e-02 -1.04795187e-01
 -3.50320064e-02 -6.78829089e-02 -3.96730679e-02 -3.86919970e-02
 -3.01859941e-02 -6.18129619e-02 -6.17791698e-03 -6.42025880e-02
 -3.63856150e-02 -5.63776477e-02 -5.06066101e-02 -5.83290750e-02
 -3.42745680e-02 -6.92258029e-02 -1.41800599e-02 -4.62452265e-02
 -3.15288882e-02 -5.91969560e-02 -2.58042803e-02 -9.50256875e-02
  2.79732960e-03 -8.65661145e-02 -2.28168356e-02 -7.39512075e-02
 -3.18096651e-02 -7.44369351e-02 -3.70853595e-02 -7.92744306e-02
 -1.88494189e-02 -8.62122586e-02 -2.30976126e-02 -8.29355202e-02
 -1.25377071e-02 -1.02294019e-01 -1.87955713e-02 -8.52820132e-02
 -3.98162037e-02 -7.70642051e-02 -4.15711970e-02 -6.17596637e-02
 -4.66051265e-02 -6.28346933e-02 -4.20591225e-02 -8.73760268e-02
 -3.44306162e-02 -7.70578862e-02 -4.19577461e-02 -9.30921179e-02
 -2.85117723e-02]",0.20252380952380952,0.0009047619047619047,0.0,0.81095,0.3385,0.0,0.23089473684210526,0.0032105263157894736,0.0,0.8271111111111111,0.4297222222222222,0.0,0.25623529411764706,0.002176470588235294,0.0,0.752375,0.2521875,0.0,0.29006666666666664,0.004066666666666666,0.0,0.7563571428571428,0.31414285714285717,0.0,0.32284615384615384,0.006538461538461538,0.0,0.6869166666666666,0.17516666666666666,0.0,0.7005172413793104,0.22844827586206898,0.0,0.2985644718035662,6.11905573876137e-05
3.94,0.145,1313,0.585,0.04153311931459037,0.7785454545454545,0.07430693548489956,0.20915556512430505,550.0,0.10812700494229924,0.8278616282818488,0.1678856557699305,550.0,0.43144353341433966,0.5965274625570552,0.5691029012319138,28,0.328274044795784,6,0.6141774443390959,0.023185657829203937,10.0,1.1057456423499032,"[ 1.          0.44205503  0.55021594  0.51301924  0.59954279  0.46508878
  0.61417744  0.51500237  0.5875311   0.49270864  0.51019803  0.5121629
  0.52388972  0.4853998   0.55381241  0.45193416  0.49247386  0.49432197
  0.45536207  0.47296822  0.56890049  0.45925997  0.488981    0.43285012
  0.53571843  0.39314892  0.54564723  0.4298909   0.58427216  0.3934856
  0.49870684  0.39529889  0.52639335  0.41557638  0.5478473   0.39375263
  0.48121616  0.42837818  0.41740794  0.42019603  0.47673024  0.40084196
  0.38657881  0.41888626  0.40756277  0.40364832  0.41619836  0.37947164
  0.41671844  0.36164728  0.38607571  0.33288449  0.42575736  0.3539852
  0.41169588  0.30946439  0.46443239  0.30528162  0.37428096  0.3075649
  0.42784068  0.29797278  0.38167342  0.33342156  0.37760739  0.2923104
  0.35884006  0.32587623  0.31784565  0.30158281  0.32695122  0.29093098
  0.30889036  0.29592043  0.30482433  0.26880409  0.31922249  0.30048998
  0.27799459  0.24244433  0.36836295  0.25778247  0.29832217  0.2467774
  0.33835705  0.21425173  0.29900909  0.24299496  0.31728689  0.20929283
  0.30357865  0.24791775  0.27152296  0.22244787  0.25840146  0.22896702
  0.26692029  0.22102135  0.24051044  0.22389436  0.27431276  0.21606545
  0.23179164  0.22823042  0.24031048  0.18206316  0.21013774  0.21668871
  0.2478197   0.18369306  0.24892951  0.17515766  0.24204056  0.18144032
  0.26314127  0.1834901   0.22720595  0.1686054   0.19491677  0.18747292
  0.20319912  0.19022919  0.1753793   0.15711678  0.18389814  0.12929696
  0.16442732  0.13369967  0.15001261  0.14386496  0.14230343  0.09346483
  0.13753392  0.12421074  0.12111951  0.09027511  0.13446095  0.09256139
  0.10017208  0.06215215  0.14749925  0.10066033  0.06734626  0.08365919
  0.12572859  0.03866839  0.08273748  0.10657619  0.08149437  0.07052412
  0.04591229  0.04858363  0.0369099   0.04487383  0.04378229  0.03775139
  0.01643246  0.04897639  0.00660684 -0.03658593  0.0392357   0.01121421
 -0.01786698 -0.02554433  0.00793958 -0.02431777 -0.01964674 -0.00791992
 -0.01477404 -0.04185555 -0.02495289 -0.01969513 -0.03066537 -0.03457983
 -0.0215598  -0.02006492 -0.04467676 -0.00907641 -0.02251633 -0.04395501
 -0.0451633  -0.01156264 -0.07780572 -0.04420506 -0.03988727 -0.03839239
 -0.08099843 -0.05939291 -0.07765543 -0.07016149 -0.0790153  -0.05247043
 -0.0789652  -0.08464286 -0.04939575 -0.09694114 -0.09967914 -0.06325556
 -0.10386191 -0.09072513 -0.07358898 -0.07585699 -0.11293694 -0.06487147
 -0.10547782 -0.08410879 -0.10695743 -0.09840676 -0.11784575 -0.10035635
 -0.07781086 -0.07584599 -0.12209817 -0.0839114  -0.10264391 -0.12831546
 -0.12482089 -0.06358382 -0.12347759 -0.12598208 -0.11002239 -0.09947204
 -0.14501774 -0.11094709 -0.09334095 -0.10548766 -0.1496234  -0.11425954
 -0.11770402 -0.13302688 -0.13611811 -0.0760575  -0.15700188 -0.11963834
 -0.1250825  -0.1425218  -0.14561303 -0.09672433 -0.15038554 -0.12631034
 -0.13104802 -0.14637089 -0.15404823 -0.14220466 -0.13777012 -0.11828104
 -0.16829611 -0.12587646 -0.1586038  -0.15346278 -0.15690725 -0.13365528
 -0.19060939 -0.12690264 -0.16821547 -0.15884157 -0.17792732 -0.12327605
 -0.16411889 -0.14709948 -0.19582134]",0.18980952380952382,0.0012857142857142856,0.0,0.82805,0.36275,0.0,0.20278947368421052,0.0006315789473684211,0.0,0.8692222222222222,0.5264444444444445,0.0,0.21694117647058825,0.00041176470588235296,0.0,0.8049375,0.318875,0.0,0.22506666666666666,0.001,0.0,0.8304285714285714,0.4207142857142857,0.0,0.23292307692307693,0.001153846153846154,0.0,0.8051666666666667,0.34041666666666665,0.0,0.7972413793103448,0.3129310344827586,0.0,0.3929434985465171,0.0005399385152289037
3.94,0.145,2029,0.5728181818181818,0.03627249942967857,0.8252727272727273,0.058987041580165434,0.16241976590739046,2.0,0.7161526271859612,0.3371770176925334,0.01256339889119308,2.0,0.6456411246220162,0.3809923375840585,0.11378164757053758,28,0.7425089125160105,28,0.7673094177375251,-0.0034897495147873997,5.0,1.0886197385777672,"[ 1.         -0.37658074  0.60024552 -0.38510068  0.6851377  -0.38183485
  0.68579081 -0.36943873  0.75826541 -0.37010624  0.56035124 -0.39232162
  0.67138494 -0.35900943  0.68836047 -0.36490239  0.61845568 -0.40998627
  0.54985726 -0.37864074  0.73533945 -0.39041947  0.58640679 -0.40284425
  0.61513958 -0.42048024  0.54979995 -0.40156655  0.76730942 -0.42378193
  0.51712645 -0.44077186  0.59680743 -0.41921694  0.58570326 -0.42249718
  0.62029332 -0.438195    0.49094186 -0.44671494  0.58888343 -0.43628549
  0.56926652 -0.42912907  0.52613506 -0.47095416  0.47189239 -0.42655925
  0.62408368 -0.45857949  0.48883221 -0.46188823  0.51037288 -0.46516847
  0.47833839 -0.46257719  0.63770755 -0.48675925  0.43845852 -0.48547434
  0.51618708 -0.4861276   0.49789078 -0.47569815  0.53117447 -0.50313899
  0.41882    -0.47180771  0.51745038 -0.48942945  0.49981439 -0.47048725
  0.46061628 -0.49857415  0.42730392 -0.46656832  0.54685037 -0.47570582
  0.45083257 -0.47634482  0.46390325 -0.48091718  0.44757363 -0.4685068
  0.56907249 -0.4776443   0.40381741 -0.47176574  0.49135083 -0.47829051
  0.46261788 -0.44497831  0.4841728  -0.47763036  0.40121863 -0.44759119
  0.48547901 -0.46195415  0.46719696 -0.44430406  0.43128614 -0.47368307
  0.41822955 -0.43383906  0.50315023 -0.45147505  0.42150243 -0.44754891
  0.44305735 -0.47041035  0.42672773 -0.42664724  0.52341993 -0.45994534
  0.39277637 -0.436438    0.46332705 -0.44949459  0.43393379 -0.425973
  0.44766478 -0.4449011   0.38366001 -0.41420163  0.44898524 -0.4350964
  0.4352826  -0.41743206  0.39545268 -0.43768078  0.39413911 -0.40175586
  0.45620556 -0.42331093  0.38696108 -0.41285298  0.40917631 -0.43506836
  0.39610547 -0.40109586  0.46405768 -0.42721609  0.36149381 -0.40109602
  0.43073813 -0.41284624  0.38894154 -0.39780888  0.40397889 -0.41412426
  0.3517314  -0.36905479  0.40399299 -0.40040047  0.39224277 -0.38470281
  0.36678285 -0.40233879  0.36546928 -0.35596296  0.40140845 -0.3931944
  0.3484864  -0.36772039  0.37853981 -0.38601668  0.35174503 -0.36838085
  0.41316542 -0.38730895  0.32759852 -0.35530312  0.38508557 -0.37619789
  0.34916049 -0.37161144  0.36747088 -0.37552349  0.32240126 -0.33437311
  0.35768012 -0.37028394  0.35181566 -0.34413536  0.32896847 -0.3572062
  0.32438187 -0.33303855  0.35770831 -0.35785242  0.30741324 -0.31931477
  0.3381127  -0.34806197  0.30609247 -0.34087705  0.36490013 -0.34869393
  0.2956699  -0.31407537  0.33878695 -0.3401956   0.30939369 -0.33299642
  0.32639772 -0.32711786  0.29307112 -0.30361052  0.3061418  -0.33364984
  0.30811552 -0.30422823  0.29441287 -0.32252453  0.28329445 -0.30488869
  0.31008908 -0.32381679  0.27221159 -0.2761346   0.29115378 -0.32447726
  0.26174627 -0.30748748  0.32382697 -0.29898194  0.25980795 -0.28200642
  0.29116772 -0.31204574  0.2650475  -0.28981625  0.28727698 -0.29308224
  0.24741856 -0.28655763  0.26310197 -0.30351905  0.27684721 -0.25777503
  0.24942062 -0.30350496  0.24352766 -0.28128973  0.26967623 -0.28128268
  0.2383163  -0.24863079  0.24811395 -0.29566709  0.21675402 -0.27148519
  0.28928562 -0.26689874  0.21481569 -0.25384231  0.24095001 -0.27930222
  0.23377919 -0.24336305  0.23705927]",0.1490952380952381,0.0,0.0,0.8535,0.4297,0.0,0.14905263157894738,0.0,0.0,0.9400555555555555,0.6867222222222222,0.0,0.14935294117647058,0.0,0.0,0.8579375,0.4168125,0.0,0.15086666666666668,0.0,0.0,0.9380714285714286,0.6910714285714286,0.0,0.15176923076923077,0.0,0.0,0.8585833333333334,0.4116666666666667,0.0,0.9381896551724138,0.7067241379310345,0.0,0.5271945634920635,7.048414556622025e-06
3.94,0.145,3001,0.5435,0.03319741227593171,0.8903636363636365,0.06500247929155922,0.09277564121327338,2.0,0.47392604248623144,0.5537376367790032,0.146805189817893,2.0,0.29936932861438553,0.5754320372275725,0.46131876399095745,14,0.6072607287950339,6,0.7493651527479841,0.005146413775301546,8.0,1.047486631016043,"[ 1.00000000e+00  3.19415353e-01  7.21879776e-01  3.37130548e-01
  6.92053975e-01  2.81693713e-01  7.49365153e-01  2.84140867e-01
  6.85114867e-01  2.52370866e-01  6.06218527e-01  2.23828159e-01
  6.01342654e-01  1.82583600e-01  6.44007778e-01  1.46303209e-01
  5.16287348e-01  1.31538120e-01  4.90557278e-01  1.17848797e-01
  5.60777638e-01  8.39272648e-02  4.73728954e-01  7.28432491e-02
  4.24332051e-01  5.48508652e-02  4.48955615e-01  4.69941450e-02
  4.68654131e-01  2.30400661e-02  4.06179835e-01  4.68343130e-02
  4.27822552e-01  4.15829004e-02  4.80869787e-01  1.65139376e-02
  3.91254915e-01  2.09444116e-02  3.71150119e-01  2.14864834e-02
  4.41409597e-01  2.05381315e-02  4.10132492e-01 -2.27770602e-04
  3.59659823e-01 -5.27185386e-03  4.04100938e-01 -4.26721367e-04
  3.99925290e-01  4.00375255e-03  3.58305192e-01 -2.11609587e-03
  3.71549116e-01  4.88056695e-03  4.03949484e-01  1.77098329e-02
  3.77182768e-01  1.03068900e-02  3.60305268e-01  1.49446932e-02
  4.04539053e-01  2.99254895e-02  3.65731591e-01  1.71437208e-02
  3.55308682e-01  9.94810722e-03  3.92219440e-01 -4.57053321e-03
  3.58129698e-01 -8.95350987e-03  3.66863232e-01 -8.81081896e-04
  3.62894914e-01 -2.90519895e-03  3.93351081e-01 -1.87069338e-02
  3.53675184e-01 -4.59457345e-03  3.28191562e-01 -8.25206120e-04
  3.87900718e-01 -2.83134278e-04  3.22406456e-01 -1.21964671e-02
  3.41029207e-01 -1.72405503e-02  3.58368863e-01 -1.92646674e-02
  3.31394818e-01 -1.63246172e-02  3.26143405e-01 -2.45959959e-02
  3.39387330e-01 -1.75993331e-02  3.22509829e-01 -3.23253029e-02
  2.78323542e-01 -5.15616625e-02  2.96285186e-01 -5.72668524e-02
  3.04357614e-01 -6.61993377e-02  2.42297977e-01 -7.09969729e-02
  2.70395284e-01 -8.87429088e-02  2.89225364e-01 -9.57311931e-02
  2.30600352e-01 -1.02265700e-01  2.17196595e-01 -1.16123234e-01
  2.49804293e-01 -1.11692760e-01  2.26472202e-01 -1.14792642e-01
  1.75416664e-01 -1.44786654e-01  1.89943683e-01 -1.44659240e-01
  2.27722877e-01 -1.50117982e-01  1.47829010e-01 -1.48253697e-01
  1.46673329e-01 -1.62111231e-01  2.03816296e-01 -1.75554106e-01
  1.27771712e-01 -1.66159465e-01  1.15443720e-01 -1.82583188e-01
  1.56242880e-01 -1.75132748e-01  1.54011434e-01 -1.60566610e-01
  9.95212721e-02 -1.57833889e-01  1.20542001e-01 -1.72106081e-01
  1.98992942e-01 -1.57332614e-01  1.16740215e-01 -1.41898041e-01
  1.36477849e-01 -1.55094468e-01  1.83731600e-01 -1.28487584e-01
  1.61721722e-01 -1.29189488e-01  1.47242200e-01 -1.28193639e-01
  1.78152145e-01 -1.15779032e-01  2.09269419e-01 -1.09611686e-01
  1.47456230e-01 -1.14201992e-01  1.60078166e-01 -1.12337707e-01
  2.30998751e-01 -1.04887267e-01  1.72620187e-01 -9.46241899e-02
  1.54252263e-01 -1.06122864e-01  1.96127189e-01 -9.65208937e-02
  1.74531969e-01 -1.03055401e-01  1.28401481e-01 -1.17988700e-01
  1.47892667e-01 -1.29694703e-01  1.82444565e-01 -1.34946116e-01
  1.14591444e-01 -1.35233361e-01  1.06112736e-01 -1.49959331e-01
  1.47987661e-01 -1.42508891e-01  1.03594044e-01 -1.46023431e-01
  8.09230599e-02 -1.58805200e-01  1.13323428e-01 -1.76965795e-01
  9.83901290e-02 -1.65626952e-01  5.95826671e-02 -1.67651069e-01
  7.32803689e-02 -1.80432838e-01  9.79430517e-02 -1.70377090e-01
  6.71197232e-02 -1.68720135e-01  5.28475308e-02 -1.72027346e-01
  9.98939527e-02 -1.67143095e-01  7.35810142e-02 -1.63334609e-01
  5.28542308e-02 -1.65566055e-01  8.39715045e-02 -1.68873267e-01
  7.16435131e-02 -1.63120580e-01  5.62955555e-02 -1.68579321e-01
  5.40641092e-02 -1.58108915e-01  7.83121334e-02 -1.62906550e-01
  6.06053162e-02 -1.66421091e-01  4.00858621e-02 -1.58102215e-01
  8.28292233e-02 -1.65712487e-01  5.11374590e-02 -1.58884035e-01
  4.22440924e-02 -1.62191247e-01  5.93764189e-02 -1.64422693e-01
  4.38211321e-02 -1.62973066e-01  3.92308261e-02 -1.69507573e-01
  4.23782056e-02 -1.53658341e-01  5.82274377e-02 -1.63627473e-01
  3.92375261e-02 -1.64122048e-01  2.51726630e-02 -1.55803172e-01
  6.03856680e-02 -1.59110383e-01  2.22393128e-02 -1.57660757e-01
  2.73308933e-02 -1.65271029e-01  4.44632199e-02 -1.54800622e-01
  2.67564027e-02 -1.61749788e-01  2.94891236e-02 -1.63112799e-01
  2.29546166e-02 -1.48339332e-01  4.31069094e-02 -1.52929637e-01
  1.33593461e-02 -1.57727273e-01  1.75824907e-02 -1.58882954e-01
  3.90178780e-02]",0.09638095238095239,0.00014285714285714287,0.0,0.9053,0.61775,0.0,0.10289473684210526,0.00010526315789473685,0.0,0.9476111111111111,0.8151666666666667,0.0,0.10788235294117647,0.00011764705882352942,0.0,0.8911875,0.59425,0.0,0.11806666666666667,0.0002,0.0,0.9250714285714285,0.7730714285714285,0.0,0.12576923076923077,0.0003846153846153846,0.0,0.8749166666666667,0.57225,0.0,0.9131034482758621,0.7459482758620689,0.0,0.6743075424987809,8.622291135967214e-06
