r,epsilon,seed,global_activity_mean,global_activity_std,wall_density_mean,wall_density_std,mean_wall_velocity,global_period,global_period_power,global_spectral_entropy,global_lowfreq_power,wall_period,wall_period_power,wall_spectral_entropy,wall_lowfreq_power,global_ac_peak_lag,global_ac_peak_value,wall_ac_peak_lag,wall_ac_peak_value,wall_ac_late_mean,max_cluster_lifetime,mean_cluster_lifetime,wall_ac,frame_10,motif_10,comp_10,frame_20,motif_20,comp_20,frame_50,motif_50,comp_50,frame_100,motif_100,comp_100,frame_150,motif_150,comp_150,long_memory_score
3.55,0.08333333333333333,101,0.575,0.1211919964354082,0.475,0.05590169943749474,0.14600945073048074,2.0,0.9257142857142857,0.045625460238512,5.0615831582209955e-34,2.0,0.8888888888888888,0.059548664459588105,2.5302914784418745e-34,4,0.9942857142857143,4,0.9942857142857142,0.00708382526564335,3.0,1.1174592505461267,"[ 1.         -0.79971429  0.59828571 -0.79571429  0.99428571 -0.79514286
  0.59485714 -0.79114286  0.98857143 -0.79057143  0.59142857 -0.78657143
  0.98285714 -0.786       0.588      -0.782       0.97714286 -0.78142857
  0.58457143 -0.77742857  0.97142857 -0.77685714  0.58114286 -0.77285714
  0.96571429 -0.77228571  0.57771429 -0.76828571  0.96       -0.76771429
  0.57428571 -0.76371429  0.95428571 -0.76314286  0.57085714 -0.75914286
  0.94857143 -0.75857143  0.56742857 -0.75457143  0.94285714 -0.754
  0.564      -0.75        0.93714286 -0.74942857  0.56057143 -0.74542857
  0.93142857 -0.74485714  0.55714286 -0.74085714  0.92571429 -0.74028571
  0.55371429 -0.73628571  0.92       -0.73571429  0.55028571 -0.73171429
  0.91428571 -0.73114286  0.54685714 -0.72714286  0.90857143 -0.72657143
  0.54342857 -0.72257143  0.90285714 -0.722       0.54       -0.718
  0.89714286 -0.71742857  0.53657143 -0.71342857  0.89142857 -0.71285714
  0.53314286 -0.70885714  0.88571429 -0.70828571  0.52971429 -0.70428571
  0.88       -0.70371429  0.52628571 -0.69971429  0.87428571 -0.69914286
  0.52285714 -0.69514286  0.86857143 -0.69457143  0.51942857 -0.69057143
  0.86285714 -0.69        0.516      -0.686       0.85714286 -0.68542857
  0.51257143 -0.68142857  0.85142857 -0.68085714  0.50914286 -0.67685714
  0.84571429 -0.67628571  0.50571429 -0.67228571  0.84       -0.67171429
  0.50228571 -0.66771429  0.83428571 -0.66714286  0.49885714 -0.66314286
  0.82857143 -0.66257143  0.49542857 -0.65857143  0.82285714 -0.658
  0.492      -0.654       0.81714286 -0.65342857  0.48857143 -0.64942857
  0.81142857 -0.64885714  0.48514286 -0.64485714  0.80571429 -0.64428571
  0.48171429 -0.64028571  0.8        -0.63971429  0.47828571 -0.63571429
  0.79428571 -0.63514286  0.47485714 -0.63114286  0.78857143 -0.63057143
  0.47142857 -0.62657143  0.78285714 -0.626       0.468      -0.622
  0.77714286 -0.62142857  0.46457143 -0.61742857  0.77142857]",0.85,0.525,0.0,1.0,1.0,0.0,0.85,0.525,0.0,1.0,1.0,0.0,0.85,0.525,0.0,0.0
3.55,0.08333333333333333,707,0.5874999999999999,0.09762812094883319,0.4750000000000001,0.024999999999999994,0.168137021141313,2.0,0.7422680412371135,0.09840698501678136,2.915767479235027e-33,4.0,1.0,7.40509007887423e-32,4.637753167550842e-35,4,0.9942857142857143,4,0.9942857142857144,0.0070838252656432515,3.0,1.18728798428852,"[ 1.         -0.00142857 -0.99714286  0.00142857  0.99428571 -0.00142857
 -0.99142857  0.00142857  0.98857143 -0.00142857 -0.98571429  0.00142857
  0.98285714 -0.00142857 -0.98        0.00142857  0.97714286 -0.00142857
 -0.97428571  0.00142857  0.97142857 -0.00142857 -0.96857143  0.00142857
  0.96571429 -0.00142857 -0.96285714  0.00142857  0.96       -0.00142857
 -0.95714286  0.00142857  0.95428571 -0.00142857 -0.95142857  0.00142857
  0.94857143 -0.00142857 -0.94571429  0.00142857  0.94285714 -0.00142857
 -0.94        0.00142857  0.93714286 -0.00142857 -0.93428571  0.00142857
  0.93142857 -0.00142857 -0.92857143  0.00142857  0.92571429 -0.00142857
 -0.92285714  0.00142857  0.92       -0.00142857 -0.91714286  0.00142857
  0.91428571 -0.00142857 -0.91142857  0.00142857  0.90857143 -0.00142857
 -0.90571429  0.00142857  0.90285714 -0.00142857 -0.9         0.00142857
  0.89714286 -0.00142857 -0.89428571  0.00142857  0.89142857 -0.00142857
 -0.88857143  0.00142857  0.88571429 -0.00142857 -0.88285714  0.00142857
  0.88       -0.00142857 -0.87714286  0.00142857  0.87428571 -0.00142857
 -0.87142857  0.00142857  0.86857143 -0.00142857 -0.86571429  0.00142857
  0.86285714 -0.00142857 -0.86        0.00142857  0.85714286 -0.00142857
 -0.85428571  0.00142857  0.85142857 -0.00142857 -0.84857143  0.00142857
  0.84571429 -0.00142857 -0.84285714  0.00142857  0.84       -0.00142857
 -0.83714286  0.00142857  0.83428571 -0.00142857 -0.83142857  0.00142857
  0.82857143 -0.00142857 -0.82571429  0.00142857  0.82285714 -0.00142857
 -0.82        0.00142857  0.81714286 -0.00142857 -0.81428571  0.00142857
  0.81142857 -0.00142857 -0.80857143  0.00142857  0.80571429 -0.00142857
 -0.80285714  0.00142857  0.8        -0.00142857 -0.79714286  0.00142857
  0.79428571 -0.00142857 -0.79142857  0.00142857  0.78857143 -0.00142857
 -0.78571429  0.00142857  0.78285714 -0.00142857 -0.78        0.00142857
  0.77714286 -0.00142857 -0.77428571  0.00142857  0.77142857]",0.825,0.45,0.0,1.0,1.0,0.0,0.825,0.45,0.0,1.0,1.0,0.0,0.825,0.45,0.0,0.0
3.55,0.08333333333333333,1313,0.5687500000000001,0.06218671481916376,0.5249999999999999,0.02500000000000002,0.14085056574326962,2.0,0.6621621621621623,0.11029154714862655,5.65243001402556e-34,4.0,1.0,8.118656798428127e-32,1.1875113257034443e-34,4,0.9942857142857144,4,0.9942857142857144,0.007083825265643985,3.0,1.1661113755354593,"[ 1.         -0.00142857 -0.99714286  0.00142857  0.99428571 -0.00142857
 -0.99142857  0.00142857  0.98857143 -0.00142857 -0.98571429  0.00142857
  0.98285714 -0.00142857 -0.98        0.00142857  0.97714286 -0.00142857
 -0.97428571  0.00142857  0.97142857 -0.00142857 -0.96857143  0.00142857
  0.96571429 -0.00142857 -0.96285714  0.00142857  0.96       -0.00142857
 -0.95714286  0.00142857  0.95428571 -0.00142857 -0.95142857  0.00142857
  0.94857143 -0.00142857 -0.94571429  0.00142857  0.94285714 -0.00142857
 -0.94        0.00142857  0.93714286 -0.00142857 -0.93428571  0.00142857
  0.93142857 -0.00142857 -0.92857143  0.00142857  0.92571429 -0.00142857
 -0.92285714  0.00142857  0.92       -0.00142857 -0.91714286  0.00142857
  0.91428571 -0.00142857 -0.91142857  0.00142857  0.90857143 -0.00142857
 -0.90571429  0.00142857  0.90285714 -0.00142857 -0.9         0.00142857
  0.89714286 -0.00142857 -0.89428571  0.00142857  0.89142857 -0.00142857
 -0.88857143  0.00142857  0.88571429 -0.00142857 -0.88285714  0.00142857
  0.88       -0.00142857 -0.87714286  0.00142857  0.87428571 -0.00142857
 -0.87142857  0.00142857  0.86857143 -0.00142857 -0.86571429  0.00142857
  0.86285714 -0.00142857 -0.86        0.00142857  0.85714286 -0.00142857
 -0.85428571  0.00142857  0.85142857 -0.00142857 -0.84857143  0.00142857
  0.84571429 -0.00142857 -0.84285714  0.00142857  0.84       -0.00142857
 -0.83714286  0.00142857  0.83428571 -0.00142857 -0.83142857  0.00142857
  0.82857143 -0.00142857 -0.82571429  0.00142857  0.82285714 -0.00142857
 -0.82        0.00142857  0.81714286 -0.00142857 -0.81428571  0.00142857
  0.81142857 -0.00142857 -0.80857143  0.00142857  0.80571429 -0.00142857
 -0.80285714  0.00142857  0.8        -0.00142857 -0.79714286  0.00142857
  0.79428571 -0.00142857 -0.79142857  0.00142857  0.78857143 -0.00142857
 -0.78571429  0.00142857  0.78285714 -0.00142857 -0.78        0.00142857
  0.77714286 -0.00142857 -0.77428571  0.00142857  0.77142857]",0.8625,0.5125,0.0,1.0,1.0,0.0,0.8625,0.5125,0.0,1.0,1.0,0.0,0.8625,0.5125,0.0,0.0
3.55,0.08333333333333333,2029,0.59375,0.1865601444574912,0.4,0.08660254037844389,0.15931850695799196,2.0,0.6621621621621621,0.11029154714862656,5.552131857168739e-34,4.0,0.5,0.11952683322395147,1.0788345129071917e-34,4,0.9942857142857142,4,0.9942857142857141,0.007083825265643283,3.0,1.0664635307560464,"[ 1.         -0.33190476 -0.33238095 -0.33285714  0.99428571 -0.33
 -0.33047619 -0.33095238  0.98857143 -0.32809524 -0.32857143 -0.32904762
  0.98285714 -0.32619048 -0.32666667 -0.32714286  0.97714286 -0.32428571
 -0.3247619  -0.3252381   0.97142857 -0.32238095 -0.32285714 -0.32333333
  0.96571429 -0.32047619 -0.32095238 -0.32142857  0.96       -0.31857143
 -0.31904762 -0.31952381  0.95428571 -0.31666667 -0.31714286 -0.31761905
  0.94857143 -0.3147619  -0.3152381  -0.31571429  0.94285714 -0.31285714
 -0.31333333 -0.31380952  0.93714286 -0.31095238 -0.31142857 -0.31190476
  0.93142857 -0.30904762 -0.30952381 -0.31        0.92571429 -0.30714286
 -0.30761905 -0.30809524  0.92       -0.3052381  -0.30571429 -0.30619048
  0.91428571 -0.30333333 -0.30380952 -0.30428571  0.90857143 -0.30142857
 -0.30190476 -0.30238095  0.90285714 -0.29952381 -0.3        -0.30047619
  0.89714286 -0.29761905 -0.29809524 -0.29857143  0.89142857 -0.29571429
 -0.29619048 -0.29666667  0.88571429 -0.29380952 -0.29428571 -0.2947619
  0.88       -0.29190476 -0.29238095 -0.29285714  0.87428571 -0.29
 -0.29047619 -0.29095238  0.86857143 -0.28809524 -0.28857143 -0.28904762
  0.86285714 -0.28619048 -0.28666667 -0.28714286  0.85714286 -0.28428571
 -0.2847619  -0.2852381   0.85142857 -0.28238095 -0.28285714 -0.28333333
  0.84571429 -0.28047619 -0.28095238 -0.28142857  0.84       -0.27857143
 -0.27904762 -0.27952381  0.83428571 -0.27666667 -0.27714286 -0.27761905
  0.82857143 -0.2747619  -0.2752381  -0.27571429  0.82285714 -0.27285714
 -0.27333333 -0.27380952  0.81714286 -0.27095238 -0.27142857 -0.27190476
  0.81142857 -0.26904762 -0.26952381 -0.27        0.80571429 -0.26714286
 -0.26761905 -0.26809524  0.8        -0.2652381  -0.26571429 -0.26619048
  0.79428571 -0.26333333 -0.26380952 -0.26428571  0.78857143 -0.26142857
 -0.26190476 -0.26238095  0.78285714 -0.25952381 -0.26       -0.26047619
  0.77714286 -0.25761905 -0.25809524 -0.25857143  0.77142857]",0.8125,0.625,0.0,1.0,1.0,0.0,0.8125,0.625,0.0,1.0,1.0,0.0,0.8125,0.625,0.0,0.0
3.55,0.08333333333333333,3001,0.59375,0.07781187248742956,0.3875,0.05448623679425843,0.3020386266094421,2.0,0.6864406779661014,0.10616696681831819,2.6761039793401156e-34,4.0,0.8999999999999999,0.056057558097714184,2.3981589705637345e-34,4,0.9942857142857142,4,0.9942857142857143,0.007083825265643738,3.0,1.2394334018734292,"[ 1.         -0.05300752 -0.89218045 -0.05195489  0.99428571 -0.05270677
 -0.88706767 -0.05165414  0.98857143 -0.05240602 -0.88195489 -0.05135338
  0.98285714 -0.05210526 -0.87684211 -0.05105263  0.97714286 -0.05180451
 -0.87172932 -0.05075188  0.97142857 -0.05150376 -0.86661654 -0.05045113
  0.96571429 -0.05120301 -0.86150376 -0.05015038  0.96       -0.05090226
 -0.85639098 -0.04984962  0.95428571 -0.0506015  -0.8512782  -0.04954887
  0.94857143 -0.05030075 -0.84616541 -0.04924812  0.94285714 -0.05
 -0.84105263 -0.04894737  0.93714286 -0.04969925 -0.83593985 -0.04864662
  0.93142857 -0.0493985  -0.83082707 -0.04834586  0.92571429 -0.04909774
 -0.82571429 -0.04804511  0.92       -0.04879699 -0.8206015  -0.04774436
  0.91428571 -0.04849624 -0.81548872 -0.04744361  0.90857143 -0.04819549
 -0.81037594 -0.04714286  0.90285714 -0.04789474 -0.80526316 -0.04684211
  0.89714286 -0.04759398 -0.80015038 -0.04654135  0.89142857 -0.04729323
 -0.79503759 -0.0462406   0.88571429 -0.04699248 -0.78992481 -0.04593985
  0.88       -0.04669173 -0.78481203 -0.0456391   0.87428571 -0.04639098
 -0.77969925 -0.04533835  0.86857143 -0.04609023 -0.77458647 -0.04503759
  0.86285714 -0.04578947 -0.76947368 -0.04473684  0.85714286 -0.04548872
 -0.7643609  -0.04443609  0.85142857 -0.04518797 -0.75924812 -0.04413534
  0.84571429 -0.04488722 -0.75413534 -0.04383459  0.84       -0.04458647
 -0.74902256 -0.04353383  0.83428571 -0.04428571 -0.74390977 -0.04323308
  0.82857143 -0.04398496 -0.73879699 -0.04293233  0.82285714 -0.04368421
 -0.73368421 -0.04263158  0.81714286 -0.04338346 -0.72857143 -0.04233083
  0.81142857 -0.04308271 -0.72345865 -0.04203008  0.80571429 -0.04278195
 -0.71834586 -0.04172932  0.8        -0.0424812  -0.71323308 -0.04142857
  0.79428571 -0.04218045 -0.7081203  -0.04112782  0.78857143 -0.0418797
 -0.70300752 -0.04082707  0.78285714 -0.04157895 -0.69789474 -0.04052632
  0.77714286 -0.0412782  -0.69278195 -0.04022556  0.77142857]",0.8125,0.45,0.0,1.0,1.0,0.0,0.8125,0.45,0.0,1.0,1.0,0.0,0.8125,0.45,0.0,0.0
3.55,0.08333333333333333,4099,0.60625,0.10807260291119114,0.375,0.025000000000000026,0.229881974248927,2.0,0.7222222222222222,0.10086189628561609,8.478683970078646e-35,4.0,1.0,1.6620683199519985e-31,3.5906999985972256e-38,4,0.9942857142857142,4,0.9942857142857144,0.00708382526564343,3.0,1.4987153868113046,"[ 1.         -0.00142857 -0.99714286  0.00142857  0.99428571 -0.00142857
 -0.99142857  0.00142857  0.98857143 -0.00142857 -0.98571429  0.00142857
  0.98285714 -0.00142857 -0.98        0.00142857  0.97714286 -0.00142857
 -0.97428571  0.00142857  0.97142857 -0.00142857 -0.96857143  0.00142857
  0.96571429 -0.00142857 -0.96285714  0.00142857  0.96       -0.00142857
 -0.95714286  0.00142857  0.95428571 -0.00142857 -0.95142857  0.00142857
  0.94857143 -0.00142857 -0.94571429  0.00142857  0.94285714 -0.00142857
 -0.94        0.00142857  0.93714286 -0.00142857 -0.93428571  0.00142857
  0.93142857 -0.00142857 -0.92857143  0.00142857  0.92571429 -0.00142857
 -0.92285714  0.00142857  0.92       -0.00142857 -0.91714286  0.00142857
  0.91428571 -0.00142857 -0.91142857  0.00142857  0.90857143 -0.00142857
 -0.90571429  0.00142857  0.90285714 -0.00142857 -0.9         0.00142857
  0.89714286 -0.00142857 -0.89428571  0.00142857  0.89142857 -0.00142857
 -0.88857143  0.00142857  0.88571429 -0.00142857 -0.88285714  0.00142857
  0.88       -0.00142857 -0.87714286  0.00142857  0.87428571 -0.00142857
 -0.87142857  0.00142857  0.86857143 -0.00142857 -0.86571429  0.00142857
  0.86285714 -0.00142857 -0.86        0.00142857  0.85714286 -0.00142857
 -0.85428571  0.00142857  0.85142857 -0.00142857 -0.84857143  0.00142857
  0.84571429 -0.00142857 -0.84285714  0.00142857  0.84       -0.00142857
 -0.83714286  0.00142857  0.83428571 -0.00142857 -0.83142857  0.00142857
  0.82857143 -0.00142857 -0.82571429  0.00142857  0.82285714 -0.00142857
 -0.82        0.00142857  0.81714286 -0.00142857 -0.81428571  0.00142857
  0.81142857 -0.00142857 -0.80857143  0.00142857  0.80571429 -0.00142857
 -0.80285714  0.00142857  0.8        -0.00142857 -0.79714286  0.00142857
  0.79428571 -0.00142857 -0.79142857  0.00142857  0.78857143 -0.00142857
 -0.78571429  0.00142857  0.78285714 -0.00142857 -0.78        0.00142857
  0.77714286 -0.00142857 -0.77428571  0.00142857  0.77142857]",0.7875,0.4375,0.0,1.0,1.0,0.0,0.7875,0.4375,0.0,1.0,1.0,0.0,0.7875,0.4375,0.0,0.0
3.55,0.08333333333333333,5003,0.5874999999999998,0.15461646096066228,0.475,0.08291561975888498,0.2002861230329041,2.0,0.8832116788321167,0.06153650358559437,1.911679572352983e-34,2.0,0.8999999999999999,0.055494483262008724,1.4292177720841634e-33,4,0.9942857142857144,4,0.9942857142857141,0.007083825265643253,3.0,1.1875,"[ 1.         -0.81779221  0.63454545 -0.8138961   0.99428571 -0.81311688
  0.63090909 -0.80922078  0.98857143 -0.80844156  0.62727273 -0.80454545
  0.98285714 -0.80376623  0.62363636 -0.79987013  0.97714286 -0.79909091
  0.62       -0.79519481  0.97142857 -0.79441558  0.61636364 -0.79051948
  0.96571429 -0.78974026  0.61272727 -0.78584416  0.96       -0.78506494
  0.60909091 -0.78116883  0.95428571 -0.78038961  0.60545455 -0.77649351
  0.94857143 -0.77571429  0.60181818 -0.77181818  0.94285714 -0.77103896
  0.59818182 -0.76714286  0.93714286 -0.76636364  0.59454545 -0.76246753
  0.93142857 -0.76168831  0.59090909 -0.75779221  0.92571429 -0.75701299
  0.58727273 -0.75311688  0.92       -0.75233766  0.58363636 -0.74844156
  0.91428571 -0.74766234  0.58       -0.74376623  0.90857143 -0.74298701
  0.57636364 -0.73909091  0.90285714 -0.73831169  0.57272727 -0.73441558
  0.89714286 -0.73363636  0.56909091 -0.72974026  0.89142857 -0.72896104
  0.56545455 -0.72506494  0.88571429 -0.72428571  0.56181818 -0.72038961
  0.88       -0.71961039  0.55818182 -0.71571429  0.87428571 -0.71493506
  0.55454545 -0.71103896  0.86857143 -0.71025974  0.55090909 -0.70636364
  0.86285714 -0.70558442  0.54727273 -0.70168831  0.85714286 -0.70090909
  0.54363636 -0.69701299  0.85142857 -0.69623377  0.54       -0.69233766
  0.84571429 -0.69155844  0.53636364 -0.68766234  0.84       -0.68688312
  0.53272727 -0.68298701  0.83428571 -0.68220779  0.52909091 -0.67831169
  0.82857143 -0.67753247  0.52545455 -0.67363636  0.82285714 -0.67285714
  0.52181818 -0.66896104  0.81714286 -0.66818182  0.51818182 -0.66428571
  0.81142857 -0.66350649  0.51454545 -0.65961039  0.80571429 -0.65883117
  0.51090909 -0.65493506  0.8        -0.65415584  0.50727273 -0.65025974
  0.79428571 -0.64948052  0.50363636 -0.64558442  0.78857143 -0.64480519
  0.5        -0.64090909  0.78285714 -0.64012987  0.49636364 -0.63623377
  0.77714286 -0.63545455  0.49272727 -0.63155844  0.77142857]",0.825,0.575,0.0,1.0,1.0,0.0,0.825,0.575,0.0,1.0,1.0,0.0,0.825,0.575,0.0,0.0
3.6,0.08333333333333333,101,0.5567142857142857,0.1468037701790234,0.45614285714285707,0.08576201052318906,0.2504169054598239,2.0,0.932031294245192,0.06370601957368872,0.0001682854390180397,2.0,0.7819393607565202,0.16593201353140488,0.0009994440269911048,8,0.9760936427911265,8,0.9664966761230648,0.007022015589240263,3.0,1.0286726804123711,"[ 1.         -0.71030503  0.46003124 -0.56926569  0.66395608 -0.56891409
  0.45763372 -0.70385762  0.96649668 -0.70302045  0.45517656 -0.5628926
  0.66207447 -0.56205543  0.45144164 -0.69499702  0.95156433 -0.69464542
  0.45044119 -0.55651951  0.65048147 -0.5547112   0.44610139 -0.68716722
  0.94385589 -0.68681562  0.44473468 -0.54911562  0.63846255 -0.54730731
  0.44130637 -0.67933742  0.93129174 -0.67850025  0.4385426  -0.54171173
  0.63275604 -0.54038899  0.43614509 -0.67041716  0.91641905 -0.66860885
  0.43283609 -0.53430784  0.62073712 -0.5329851   0.43092415 -0.66204213
  0.90634241 -0.65974825  0.4275555  -0.52690396  0.61503061 -0.52558122
  0.42521764 -0.65318154  0.89335235 -0.65137322  0.42190864 -0.51895484
  0.60549919 -0.5176321   0.41957079 -0.64377571  0.88139308 -0.6419674
  0.41626179 -0.51100573  0.59791006 -0.50968299  0.41434985 -0.63546034
  0.86785779 -0.63365203  0.41055528 -0.50463264  0.59117275 -0.5033099
  0.40955483 -0.62763054  0.85577922 -0.62485108  0.40564095 -0.49935
  0.58577285 -0.49802726  0.40464049 -0.62089119  0.84600918 -0.61811173
  0.4003007  -0.49352213  0.57606247 -0.49219939  0.39978581 -0.61360661
  0.83435652 -0.61034159  0.39453453 -0.48714904  0.56786845 -0.4858263
  0.39499079 -0.60577681  0.82519136 -0.60154065  0.38919428 -0.48132118
  0.56398491 -0.47999843  0.38971019 -0.59794701  0.8111705  -0.59322527
  0.38391369 -0.47494808  0.55724761 -0.47313977  0.38485551 -0.5901172
  0.80394763 -0.5849099   0.37857344 -0.46808942  0.54468346 -0.46676668
  0.379149   -0.5812566   0.79241428 -0.57653487  0.37292659 -0.46014031
  0.53757989 -0.45881757  0.37392807 -0.57294123  0.77887899 -0.5682195
  0.36764599 -0.45431244  0.53321078 -0.4529897   0.36864747 -0.5645662
  0.76588892 -0.5593589   0.3623654  -0.44690855  0.52070629 -0.44558581
  0.36294096 -0.55625083  0.75818048 -0.5515291   0.35714446 -0.44053546
  0.51154114 -0.43872715  0.35808628 -0.54896625  0.74749896]",0.8866304347826087,0.649963768115942,0.00039855072463768114,0.945514705882353,0.7945220588235294,0.0,0.8866153846153846,0.65,0.0004230769230769231,0.9452916666666666,0.79275,0.0,0.8864090909090909,0.6501363636363636,0.0004090909090909091,7.507678932214551e-07
3.6,0.08333333333333333,707,0.5755357142857143,0.0914011887007952,0.4505,0.05199347486532737,0.27271354460195657,2.0,0.8767296220925148,0.12509863415912778,0.0007768893819382038,2.0,0.6946460510561558,0.265327028307741,0.0024227027025542436,8,0.937598037852478,16,0.8784278599077857,0.006307230829013422,694.0,1.1990494296577947,"[ 1.         -0.43738536  0.37247804 -0.62363799  0.48609462 -0.62499901
  0.36980883 -0.43607824  0.84538755 -0.4347838   0.36449738 -0.62104963
  0.51247645 -0.61974198  0.37111569 -0.42947366  0.87842786 -0.42816601
  0.36584387 -0.61309751  0.50061168 -0.6131242   0.3592245  -0.42552455
  0.82159196 -0.42555124  0.35788963 -0.60650615  0.49663403 -0.6051985
  0.36318682 -0.42024111  0.8612379  -0.42025458  0.35659387 -0.5972329
  0.48871943 -0.59859393  0.35261675 -0.41627878  0.80045183 -0.41630547
  0.35260301 -0.59197588  0.48342066 -0.59066823  0.35524474 -0.41366401
  0.85064035 -0.41367749  0.34865179 -0.58405018  0.47151626 -0.5854112
  0.34598259 -0.40968848  0.79647312 -0.40707291  0.34466093 -0.57879315
  0.45961185 -0.57880663  0.34863699 -0.40307069  0.82952664 -0.39912079
  0.3446863  -0.57084103  0.46756398 -0.57218884  0.33542468 -0.39912158
  0.77136961 -0.39650602  0.33673206 -0.565584    0.45432523 -0.56559748
  0.33805266 -0.39383814  0.82158456 -0.38988823  0.33542309 -0.55764509
  0.44773176 -0.56031403  0.32485355 -0.38722035  0.75684832 -0.38460479
  0.32617415 -0.55104052  0.4424462  -0.55237512  0.32881587 -0.38327124
  0.77666416 -0.37932134  0.32617309 -0.54310161  0.45566961 -0.54577055
  0.31692468 -0.37798779  0.71852034 -0.37669335  0.3195532  -0.53651025
  0.44112296 -0.53784485  0.32219492 -0.37403868  0.77532771 -0.37273103
  0.31823101 -0.52858455  0.41998388 -0.53257461  0.30764826 -0.37008957
  0.7184918  -0.37143739  0.31028999 -0.52067206  0.42129074 -0.52464891
  0.31031588 -0.36345858  0.75552191 -0.36347205  0.30900744 -0.51271993
  0.41735273 -0.51671     0.29974582 -0.35949625  0.69077246 -0.35952294
  0.29974529 -0.50612857  0.42130184 -0.5087843   0.30372135 -0.35286526
  0.72251807 -0.35023648  0.29977065 -0.49817645  0.41868495 -0.50216651
  0.29184337 -0.34758181  0.6670165  -0.34628737  0.2905085  -0.49290621
  0.41867068 -0.49424081  0.29447135 -0.3436327   0.69740134]",0.8489492753623188,0.5628985507246377,0.0007246376811594203,0.9291176470588235,0.7474264705882353,0.0,0.8487692307692307,0.5625769230769231,0.0007307692307692308,0.9316666666666666,0.7509166666666667,0.0,0.8492272727272727,0.5633181818181818,0.0008181818181818182,2.616631720788879e-06
3.6,0.08333333333333333,1313,0.5505714285714285,0.04568559367445885,0.5549999999999999,0.035606981658898605,0.1463282544827609,2.0,0.4124324261392964,0.3679290908404963,0.0020008137609434295,4.0,0.33062691548595163,0.547599600332644,0.00526080640796779,16,0.8639712362262637,16,0.8313802816901409,0.0055523221976487465,3.0,1.0902202890416726,"[ 1.         -0.12087324 -0.32653521  0.12695775 -0.10123944  0.11591549
 -0.3235493  -0.12667606  0.63414085 -0.12898592 -0.32338028  0.10476056
 -0.08428169  0.10470423 -0.31814085 -0.11535211  0.83138028 -0.10076056
 -0.32332394  0.12735211 -0.06957746  0.11630986 -0.31188732 -0.12064789
  0.64270423 -0.12887324 -0.3204507   0.10205634 -0.07853521  0.0963662
 -0.30957746 -0.12087324  0.76698592 -0.08346479 -0.32011268  0.11929577
 -0.0748169   0.11388732 -0.30022535 -0.12025352  0.64873239 -0.12284507
 -0.31723944  0.10808451 -0.08039437  0.08323944 -0.29735211 -0.11709859
  0.72202817 -0.08053521 -0.3115493   0.11095775 -0.07188732  0.1224507
 -0.29729577 -0.11732394  0.69391549 -0.1255493  -0.30867606  0.10538028
 -0.0915493   0.08053521 -0.29414085 -0.11952113  0.6835493  -0.08802817
 -0.30214085  0.10909859 -0.05430986  0.11749296 -0.2884507  -0.10566197
  0.67459155 -0.11388732 -0.30264789  0.10295775 -0.07143662  0.08092958
 -0.28529577 -0.12757746  0.63323944 -0.09326761 -0.29611268  0.10667606
 -0.048       0.10408451 -0.27932394 -0.09653521  0.65864789 -0.10419718
 -0.29295775  0.10983099 -0.05892958  0.09033803 -0.27025352 -0.13225352
  0.61447887 -0.09230986 -0.28952113  0.102      -0.04985915  0.08504225
 -0.26456338 -0.10402817  0.62833803 -0.09253521 -0.28974648  0.11304225
 -0.05571831  0.09974648 -0.26084507 -0.11749296  0.61205634 -0.09473239
 -0.28067606  0.09957746 -0.04383099  0.08571831 -0.25825352 -0.10898592
  0.58957746 -0.09185915 -0.27780282  0.0996338  -0.03814085  0.10859155
 -0.2548169  -0.11146479  0.59273239 -0.09715493 -0.27183099  0.09997183
 -0.05188732  0.07202817 -0.25222535 -0.11422535  0.54771831 -0.08301408
 -0.26895775  0.10847887 -0.02929577  0.11461972 -0.24878873 -0.11107042
  0.60157746 -0.09366197 -0.26270423  0.09783099 -0.04839437  0.07523944
 -0.24309859 -0.1191831   0.50895775 -0.09360563 -0.26264789  0.10915493
 -0.01735211  0.10684507 -0.23994366 -0.09659155  0.59915493]",0.8989855072463768,0.6485507246376812,0.0,0.9498529411764706,0.7871323529411764,0.0,0.8988076923076923,0.6479230769230769,0.0,0.9504583333333333,0.787125,0.0,0.899,0.6485909090909091,0.0,0.0
3.6,0.08333333333333333,2029,0.5917499999999999,0.14254939620055515,0.4465000000000001,0.1043614939935771,0.4574338751377377,2.0,0.9326406378238951,0.06485471798380021,0.0003467014012419686,2.0,0.9218419657062047,0.08063696030757211,0.0008533410569434803,8,0.9599033163918788,8,0.9498620461245358,0.006706866165144359,3.0,1.0220732504905168,"[ 1.         -0.8530727   0.76291418 -0.85171834  0.91799185 -0.84783248
  0.75930069 -0.84647813  0.94986205 -0.84322514  0.75341474 -0.84187079
  0.91050581 -0.83925068  0.74984716 -0.83789633  0.94005765 -0.83401047
  0.74492201 -0.83265611  0.90688589 -0.82940313  0.74165938 -0.82804877
  0.92526566 -0.82289716  0.73701624 -0.82154281  0.88324019 -0.8163912
  0.73073351 -0.81503684  0.91703197 -0.81178386  0.72615923 -0.8104295
  0.8727111  -0.80654364  0.72320157 -0.80518929  0.90095128 -0.80193631
  0.71731562 -0.80121483  0.87115049 -0.79859472  0.71508265 -0.79724037
  0.88625111 -0.79272163  0.71013454 -0.79136727  0.85476484 -0.78874717
  0.70492738 -0.78739281  0.88459868 -0.78287408  0.70161885 -0.78151972
  0.84264208 -0.77889962  0.69641169 -0.77754526  0.87676177 -0.7736594
  0.69247028 -0.77230505  0.83311969 -0.76905206  0.68953557 -0.76769771
  0.86337326 -0.76444472  0.68332171 -0.76309037  0.82827992 -0.76047026
  0.68040996 -0.75911591  0.85028971 -0.75586292  0.67714734 -0.75450857
  0.81847552 -0.75062271  0.67058261 -0.74926836  0.84503022 -0.74601537
  0.66830373 -0.74466102  0.80012238 -0.74140803  0.66307361 -0.74005368
  0.83328128 -0.73553494  0.65845342 -0.73418059  0.79355122 -0.73092761
  0.65584663 -0.72957325  0.82015182 -0.72568739  0.64960981 -0.72433304
  0.78372387 -0.72171293  0.64571431 -0.72035858  0.80245451 -0.71583984
  0.64076621 -0.71448548  0.77192903 -0.71059963  0.63551314 -0.70924527
  0.79618832 -0.70472654  0.63154878 -0.70337218  0.75615329 -0.7001192
  0.62697449 -0.69876484  0.78406556 -0.69424611  0.62104264 -0.69289175
  0.75056588 -0.68963877  0.61843585 -0.68828441  0.76828982 -0.68376568
  0.61217608 -0.68241132  0.74038766 -0.67915834  0.60760179 -0.67780399
  0.75583915 -0.67581675  0.60438508 -0.6744624   0.72835672 -0.67247517
  0.5998567  -0.67112081  0.75661985 -0.66786783  0.59692199 -0.66651348
  0.71428942 -0.66262762  0.59232475 -0.66127326  0.74447414]",0.8165942028985507,0.6622826086956521,0.00032608695652173916,0.9669852941176471,0.8715808823529412,0.0,0.8165384615384615,0.6622692307692307,0.0004230769230769231,0.96525,0.86325,4.1666666666666665e-05,0.8165909090909091,0.6622727272727272,0.0003181818181818182,2.8608064546733364e-07
3.6,0.08333333333333333,3001,0.5817142857142857,0.052043153208835895,0.38792857142857134,0.0588642072736836,0.47900827713059474,2.0,0.59121499692164,0.2991318333495248,0.002795776095443208,2.0,0.6085555296036321,0.2672146802337086,0.002091559546528647,8,0.8456704864953304,8,0.880453910865712,0.006151392470888754,3.0,1.081226358749751,"[ 1.         -0.43378719  0.08279071 -0.44371683  0.66424369 -0.42990464
  0.08176852 -0.42593727  0.88045391 -0.43352129  0.0882102  -0.43417447
  0.66554031 -0.4461302   0.09131088 -0.42567136  0.87503321 -0.42682223
  0.08047922 -0.42232183  0.6619322  -0.42784442  0.07970588 -0.41872346
  0.86396123 -0.42243346  0.08589871 -0.42720951  0.65910596 -0.41933277
  0.08409465 -0.40711967  0.84283093 -0.40851939  0.07816773 -0.41329544
  0.65265454 -0.42372276  0.07867395 -0.40532535  0.84025353 -0.39744862
  0.0750573  -0.40919085  0.63305264 -0.409311    0.06937922 -0.39915933
  0.83326908 -0.39824877  0.07400831 -0.41411386  0.63072409 -0.40904509
  0.07892158 -0.3916784   0.8098285  -0.39101669  0.0699025  -0.39476202
  0.6181237  -0.41496349  0.07712605 -0.39244321  0.83198831 -0.38431763
  0.07454012 -0.39733942  0.6065187  -0.39589583  0.07454866 -0.38574416
  0.79927128 -0.38611316  0.07686747 -0.39991682  0.59981843 -0.40028582
  0.07634297 -0.37570411  0.7930687  -0.38303928  0.06782158 -0.38344362
  0.60495374 -0.38072047  0.07117111 -0.3767531   0.78199673 -0.37865051
  0.06990008 -0.38445728  0.59569436 -0.37992154  0.0688779  -0.36667771
  0.77170662 -0.37141843  0.07094786 -0.37619448  0.58643497 -0.38146822
  0.06939265 -0.36616296  0.76191421 -0.36240909  0.06758859 -0.36821586
  0.56992522 -0.37167701  0.0637231  -0.35843319  0.75546278 -0.35880219
  0.06501119 -0.36254753  0.56631711 -0.37013154  0.06423785 -0.34864199
  0.74232937 -0.35132127  0.06218495 -0.36022018  0.55577816 -0.3664893
  0.06994153 -0.34603046  0.73822357 -0.34693249  0.06142014 -0.35789284
  0.55113933 -0.36135399  0.06167752 -0.34192587  0.72121614 -0.34279256
  0.06659079 -0.35066076  0.53878779 -0.36261649  0.06763004 -0.3328812
  0.70911344 -0.3394345   0.05964168 -0.34293099  0.53621039 -0.35051501
  0.06736292 -0.3321176   0.69622888 -0.3420119   0.06634073 -0.33854222
  0.53132271 -0.35231053  0.06969026 -0.32772883  0.6789726 ]",0.8367753623188405,0.5378623188405797,0.0005072463768115942,0.9333088235294118,0.769375,0.0,0.8366923076923077,0.5371538461538462,0.0003846153846153846,0.9340416666666667,0.773375,0.0,0.8364545454545455,0.5368181818181819,0.00027272727272727274,2.088087103967201e-07
3.6,0.08333333333333333,4099,0.5994285714285714,0.07490252168720384,0.38785714285714284,0.06410689414993541,0.5685371495457332,2.0,0.8762666623065007,0.15105561059244552,0.0027696801976269895,2.0,0.5286918783061051,0.33163593538722497,0.01507508338555092,16,0.8981795222626914,16,0.8546113328012768,0.007746052266113262,3.0,1.1753246753246753,"[ 1.00000000e+00 -3.78958766e-01  1.52916556e-02 -3.53015341e-01
  6.75859537e-01 -3.45085572e-01  8.32065266e-03 -3.73679702e-01
  8.18994059e-01 -3.61615855e-01  7.43282788e-03 -3.31116254e-01
  6.91464397e-01 -3.42938193e-01  1.22060832e-02 -3.82829653e-01
  8.54611333e-01 -3.81616210e-01  1.17651858e-02 -3.35685200e-01
  6.77336171e-01 -3.28177529e-01  3.50305932e-03 -3.68280039e-01
  7.99638911e-01 -3.68804647e-01  6.11616565e-03 -3.26560787e-01
  6.77112353e-01 -3.40778753e-01  1.02314445e-02 -3.71557861e-01
  8.11134522e-01 -3.60785138e-01  1.32666489e-02 -3.28100559e-01
  6.64064201e-01 -3.25595992e-01 -6.56557595e-04 -3.64407378e-01
  7.78309834e-01 -3.68197038e-01  1.19379268e-02 -3.20739026e-01
  6.62735479e-01 -3.25397712e-01  1.77912565e-02 -3.75295380e-01
  7.84144365e-01 -3.62573557e-01  8.00212823e-03 -3.14035470e-01
  6.37943070e-01 -3.11741953e-01  4.50722710e-03 -3.64246697e-01
  7.63908132e-01 -3.59346103e-01  1.64437350e-02 -3.23185422e-01
  6.36614348e-01 -3.20444977e-01  2.51400195e-02 -3.69684668e-01
  7.68898466e-01 -3.61519021e-01  2.05650439e-02 -3.10162809e-01
  6.11188791e-01 -3.19166622e-01  1.77281192e-02 -3.60796134e-01
  7.43237031e-01 -3.54815465e-01  2.05274452e-02 -3.19970737e-01
  6.12020218e-01 -3.20495345e-01  1.87954243e-02 -3.58201827e-01
  7.29766782e-01 -3.52643256e-01  2.18306287e-02 -3.05632172e-01
  6.00288020e-01 -3.09843930e-01  2.18366587e-02 -3.61243771e-01
  7.14111554e-01 -3.47441873e-01  1.57346812e-02 -3.19338299e-01
  5.96563270e-01 -3.11172652e-01  1.70318347e-02 -3.51275162e-01
  6.99325352e-01 -3.47243593e-01  1.72489137e-02 -2.98047530e-01
  5.82881972e-01 -3.00757116e-01  1.02779108e-02 -3.63690166e-01
  6.93862552e-01 -3.36405959e-01  2.54794715e-02 -3.05459431e-01
  5.70255919e-01 -3.04034938e-01  1.35301942e-02 -3.45664450e-01
  6.79734327e-01 -3.40105879e-01  1.20092223e-02 -2.97204044e-01
  5.70690077e-01 -2.99255653e-01  2.09165558e-02 -3.48048417e-01
  6.75612308e-01 -3.39013745e-01  6.36020218e-03 -3.00903964e-01
  5.53954775e-01 -2.93396293e-01  1.00533830e-02 -3.38266028e-01
  6.68014188e-01 -3.30969407e-01  3.10720936e-03 -2.93939700e-01
  5.59838964e-01 -2.84905028e-01  1.87556974e-02 -3.47813248e-01
  6.54332890e-01 -3.34222400e-01  1.54966746e-02 -2.87422364e-01
  5.43550590e-01 -2.81416866e-01  9.20847743e-03 -3.28471579e-01
  6.38913541e-01 -3.19014809e-01 -3.39877627e-03 -2.91755431e-01
  5.35083444e-01 -2.70765452e-01  1.35656646e-02 -3.29539594e-01
  6.43717655e-01 -3.25508025e-01  8.56859094e-03 -2.75020839e-01
  5.23140197e-01 -2.69673317e-01  5.09851911e-03 -3.24971358e-01
  6.11997872e-01]",0.8008333333333333,0.5146376811594203,3.6231884057971014e-05,0.9422426470588235,0.7673529411764706,3.676470588235294e-05,0.8016153846153846,0.5144615384615384,0.00015384615384615385,0.9421666666666667,0.7678333333333334,0.0,0.8025,0.5132727272727273,4.545454545454545e-05,2.3055050562107663e-08
3.6,0.08333333333333333,5003,0.5784999999999999,0.15971034048283428,0.4914285714285713,0.0968693629037982,0.24136712715038897,2.0,0.9138775044671711,0.06975324963912795,0.00034327720116454397,2.0,0.9422590292155509,0.06813833868861681,0.00045714159059562513,8,0.9699808038845881,8,0.9464416205803761,0.006743345625863715,3.0,1.0934520025429115,"[ 1.         -0.89000684  0.83105636 -0.8869844   0.9235851  -0.88535388
  0.82657491 -0.88163549  0.94644162 -0.88000497  0.82209346 -0.87767849
  0.9172864  -0.87604797  0.81672031 -0.87024172  0.94261138 -0.8686112
  0.81134717 -0.86698067  0.91199901 -0.86535015  0.80686572 -0.86093581
  0.92641708 -0.85930529  0.80283011 -0.85767477  0.8977077  -0.85604424
  0.79834866 -0.8516299   0.92316318 -0.84999938  0.79386721 -0.8476729
  0.89172435 -0.84604238  0.78893991 -0.84232399  0.90506587 -0.84069347
  0.78445846 -0.83697508  0.87730255 -0.83534456  0.77908532 -0.83093022
  0.89742963 -0.8292997   0.77460387 -0.82697322  0.8621848  -0.8253427
  0.76967657 -0.82232026  0.89309917 -0.82068974  0.76564096 -0.81766731
  0.8539831  -0.81603679  0.76071366 -0.81162244  0.87677437 -0.80999192
  0.75623221 -0.80766544  0.84647735 -0.80603492  0.75130492 -0.80092463
  0.86235258 -0.7992941   0.74637762 -0.79766358  0.836688   -0.79603306
  0.74145032 -0.79092276  0.85370503 -0.78929224  0.73652302 -0.78626981
  0.82067856 -0.78463928  0.73204157 -0.7809209   0.84239328 -0.77929037
  0.72711427 -0.77626794  0.81583701 -0.77463742  0.72218698 -0.77022308
  0.82797148 -0.76859256  0.71770552 -0.76557012  0.80522121 -0.7639396
  0.71233238 -0.75952526  0.82001988 -0.75789474  0.70695924 -0.75417635
  0.78540577 -0.75254583  0.70203194 -0.74813149  0.80971944 -0.74650096
  0.69710464 -0.74278258  0.77929193 -0.74115205  0.6917315  -0.73743367
  0.79682005 -0.73580314  0.68769589 -0.73417262  0.76963307 -0.7325421
  0.6827686  -0.72673585  0.77897285 -0.72510533  0.6778413  -0.72277885
  0.76009383 -0.72114833  0.672914   -0.71673398  0.7764149  -0.71510346
  0.66709501 -0.71068912  0.74554154 -0.7090586   0.66216771 -0.70534021
  0.75736065 -0.70370969  0.65768626 -0.70068726  0.73727459 -0.69905673
  0.65275896 -0.69464239  0.74560306 -0.69301187  0.64783167 -0.69068539
  0.72672404 -0.68905487  0.64335021 -0.68464053  0.73543311]",0.8430072463768116,0.6127536231884058,0.0,0.9629411764705882,0.8645588235294117,3.676470588235294e-05,0.8427307692307693,0.6123461538461539,0.0,0.9682083333333333,0.8784166666666666,0.0,0.8425,0.6128181818181818,0.0,0.0
3.65,0.08333333333333333,101,0.6199999999999999,0.08273235677256424,0.40292857142857147,0.04029350228672872,0.7925061208859493,2.0,0.8423407058912868,0.20407997134156808,0.008835032083336499,4.0,0.3068480241251492,0.6879909187366813,0.1379817980152082,4,0.817798069397339,4,0.6108729971677195,0.044391610296908864,78.0,1.192600422832981,"[ 1.00000000e+00  1.46364566e-02 -1.61479368e-01  8.02213480e-03
  6.10872997e-01  2.35340846e-02 -1.63709296e-01  1.45911778e-02
  5.95315769e-01  1.23763419e-02 -2.05663440e-01  1.21035648e-02
  4.78312680e-01  9.60915057e-04 -2.21349511e-01  9.74479390e-03
  4.16689692e-01  1.19294439e-02 -2.74302369e-01  5.18628007e-03
  3.85605421e-01  5.17118714e-03 -2.80931784e-01  2.82750918e-03
  3.45979862e-01 -8.18629847e-03 -2.41366597e-01  2.66848123e-03
  3.50349162e-01 -1.68866140e-02 -1.90545011e-01  1.40235364e-02
  3.37507045e-01  5.33831373e-03 -1.64049439e-01  2.29211644e-02
  3.46662357e-01 -2.97547556e-03 -1.76762715e-01  3.22053186e-02
  3.49089598e-01  6.17983662e-03 -1.89475990e-01  2.60912723e-02
  3.67043882e-01  8.60707787e-03 -2.09175020e-01  3.71886432e-02
  3.34146394e-01 -2.29298062e-03 -1.78279963e-01  2.18890988e-02
  3.95837853e-01  4.53374653e-03 -1.91508606e-01  1.29310991e-02
  4.13405611e-01 -2.35335234e-03 -1.91796476e-01  8.37258528e-03
  4.72639642e-01 -5.49531702e-05 -1.56501933e-01  1.87201267e-03
  4.70538555e-01  1.54419037e-02 -2.26666209e-01 -6.57061871e-03
  4.68695153e-01  6.99927229e-03 -1.97713210e-01 -4.14337745e-03
  4.09400750e-01  2.69844263e-03 -1.82345195e-01  3.54764666e-04
  4.07428505e-01  1.37958136e-02 -2.10714355e-01  7.11105066e-04
  3.37393071e-01  2.07513828e-02 -1.92888913e-01 -6.04715171e-03
  3.39176102e-01  2.24055715e-02 -1.97705111e-01  2.64207085e-04
  3.45616303e-01  4.90628422e-03 -1.93078127e-01  1.78319648e-02
  3.43515216e-01  3.12730137e-02 -1.73439469e-01  2.66007507e-02
  3.78552075e-01  1.80443702e-02 -1.66741584e-01  1.58295343e-02
  3.17315613e-01  2.03427693e-02 -1.90968942e-01  3.33972920e-02
  3.28155300e-01  7.11412581e-03 -1.82071314e-01  2.67678773e-02
  3.12726914e-01  1.57540696e-02 -2.02028028e-01  4.61141990e-03
  3.34565315e-01  4.85401114e-03 -2.04515641e-01  2.19214934e-02
  2.81483614e-01  4.30845693e-03 -1.78406596e-01  1.06349087e-02
  3.25319445e-01 -2.50056902e-04 -1.80894209e-01 -3.93991918e-04
  3.29688745e-01 -1.33498583e-02 -1.58798123e-01 -2.95335692e-04
  3.47385345e-01  8.74622733e-03 -1.82767797e-01 -8.86680916e-03
  3.16816442e-01  8.97372564e-03 -1.73870169e-01 -4.49750913e-03
  3.23385485e-01  1.99422545e-02 -1.84770228e-01  2.32921802e-03
  2.59562754e-01  1.77123257e-02 -2.28666431e-01  1.76972328e-02
  2.55133082e-01  1.96241986e-02 -2.42281600e-01  1.06812918e-02
  2.36989584e-01  1.27370997e-02 -2.22900626e-01 -5.13362092e-03
  2.71897602e-01  2.13770436e-02 -2.47127984e-01  8.03465089e-03
  2.87136774e-01  1.68185297e-02 -2.20761255e-01 -5.19399264e-03
  2.89692858e-01]",0.7632608695652174,0.4693478260869565,0.00014492753623188405,0.9333823529411764,0.7354044117647058,0.0002941176470588235,0.7709615384615385,0.473,0.00011538461538461538,0.9235833333333333,0.7159583333333334,8.333333333333333e-05,0.7778181818181819,0.4776818181818182,4.545454545454545e-05,4.538630624778975e-08
3.65,0.08333333333333333,707,0.622,0.08486291466662152,0.49792857142857144,0.060939037788027235,0.6085851499478109,2.0,0.8882829667084092,0.15031203153445363,0.006558802565403326,2.0,0.8305795215372505,0.20332855892220109,0.009551074829645465,16,0.8558688407522018,16,0.8394054028910228,0.006220675293194148,31.0,1.1459806016768042,"[ 1.         -0.73018428  0.64704372 -0.70894995  0.80865002 -0.69645083
  0.6336925  -0.71753239  0.82891932 -0.71276691  0.629839   -0.69642089
  0.79901957 -0.69650388  0.63460118 -0.70896976  0.8394054  -0.69554876
  0.62401561 -0.69931927  0.79323601 -0.68589827  0.61924022 -0.69447741
  0.79615443 -0.68109625  0.62885087 -0.69356213  0.76917969 -0.6753325
  0.62307392 -0.68679682  0.77598485 -0.67818444  0.62406888 -0.67810805
  0.78659706 -0.67522618  0.61548644 -0.67699356  0.77136223 -0.67799843
  0.61367592 -0.68661741  0.75019769 -0.67608158  0.60309034 -0.67889037
  0.74922936 -0.67320301  0.60396578 -0.65978201  0.7462579  -0.65501653
  0.59137707 -0.65397842  0.74917631 -0.66740602  0.59152984 -0.65198189
  0.74640406 -0.64817813  0.58767634 -0.65006504  0.72712312 -0.65395508
  0.58093766 -0.64718647  0.72619464 -0.64338271  0.57227554 -0.64811495
  0.74161547 -0.6577355   0.57908069 -0.63942619  0.7194892  -0.63850761
  0.57430531 -0.65001176  0.73106314 -0.64420487  0.55995252 -0.63551281
  0.70805483 -0.63643799  0.56287094 -0.6498656   0.7301679  -0.63840789
  0.57632848 -0.62963614  0.71296978 -0.6295996   0.56201554 -0.64010218
  0.71111941 -0.62856479  0.55150965 -0.62748684  0.69872991 -0.63229876
  0.54100376 -0.62945673  0.69868347 -0.62372953  0.55538318 -0.62846177
  0.69390809 -0.62561974  0.53810538 -0.62458163  0.68139906 -0.61689113
  0.54583242 -0.61877804  0.68628077 -0.61497428  0.51989909 -0.60724394
  0.67661708 -0.60444176  0.54489733 -0.61205917  0.67761204 -0.60729369
  0.52084761 -0.60433213  0.66702647 -0.59952681  0.53342311 -0.60333717
  0.66325265 -0.59087789  0.50067803 -0.59084135  0.65551241 -0.59665484
  0.52763956 -0.59469485  0.6593527  -0.58612231  0.51793602 -0.58997251
  0.65349607 -0.57943669  0.50923406 -0.59001896  0.648641   -0.57471435
  0.49091484 -0.58333333  0.65248129 -0.56798888  0.49760047 -0.56795234
  0.64185588 -0.55941965  0.49378681 -0.56411204  0.63615861]",0.7565579710144927,0.4244927536231884,0.0,0.9372794117647059,0.7277205882352941,0.0,0.7578846153846154,0.4247692307692308,0.0,0.9377083333333334,0.7305416666666666,0.0,0.7585454545454545,0.4289090909090909,0.0,0.0
3.65,0.08333333333333333,1313,0.6192857142857143,0.06938137725790748,0.49385714285714283,0.05742803837705703,0.44464023101362155,4.0,0.6888430133902321,0.37845547145982955,0.008754115063776446,4.0,0.6974876656610778,0.37455439607190905,0.037034515203437465,8,0.7474688469982588,8,0.7800376765702475,0.005149082074236064,131.0,1.2520825787758059,"[ 1.00000000e+00  1.43987882e-02 -6.92760459e-01  2.30294102e-02
  7.37869409e-01  2.55523525e-04 -6.95124712e-01  5.63740323e-03
  7.80037677e-01 -1.05059551e-02 -7.05753147e-01  3.53923729e-03
  7.11881751e-01 -8.27246472e-03 -6.87275945e-01  2.39094171e-03
  7.05185841e-01 -1.82171168e-02 -7.05750866e-01 -8.37053696e-03
  6.51107799e-01 -1.38177982e-02 -6.70080083e-01 -3.15439172e-03
  6.68102956e-01 -3.03929785e-02 -6.61748239e-01 -3.25914974e-02
  6.53959691e-01 -2.30259360e-03 -6.53150308e-01 -1.08655533e-02
  6.69055107e-01  7.64433919e-03 -6.45369203e-01 -2.05441179e-02
  6.48547401e-01  2.15237971e-02 -6.21743518e-01 -7.74757405e-03
  6.71090172e-01  3.43203410e-02 -6.40484527e-01 -7.94599927e-03
  6.52482207e-01  3.84535722e-02 -6.37035078e-01 -2.07402624e-02
  6.59180398e-01  1.92948682e-02 -6.47663513e-01 -3.47504833e-02
  6.45436264e-01  1.31311334e-02 -6.41915193e-01 -1.60071941e-02
  6.68378166e-01 -7.24352837e-03 -6.63372769e-01 -2.88014572e-02
  6.49086418e-01 -2.31534900e-02 -6.56674579e-01 -2.30531370e-02
  6.60382353e-01 -1.29450224e-03 -6.55124871e-01 -2.16364733e-02
  6.45422261e-01 -1.93702921e-02 -6.56273167e-01 -1.20886717e-02
  6.64716290e-01 -1.42526523e-03 -6.42659796e-01 -1.55358392e-02
  6.35412228e-01 -8.93800162e-03 -6.46923790e-01  1.37705035e-02
  6.48341815e-01  3.85854225e-03 -6.16800621e-01 -2.12142163e-02
  6.33932463e-01 -1.13676365e-02 -6.22147529e-01  1.35066968e-02
  6.37248868e-01 -1.25159321e-02 -6.23428868e-01 -1.34984932e-02
  6.14575334e-01  4.74531187e-03 -5.86542127e-01 -4.90056197e-03
  6.25206050e-01 -8.44808245e-03 -6.01768306e-01 -2.24256126e-02
  5.95901988e-01  2.44872070e-03 -5.94120245e-01 -2.00590785e-02
  6.03417005e-01 -6.27997352e-03 -5.94185627e-01 -2.25563756e-02
  5.93472353e-01  1.30140549e-02 -5.72725770e-01 -2.80363276e-02
  6.03286242e-01 -7.49365059e-03 -5.77122808e-01 -2.25540949e-02
  5.60037341e-01  1.20664653e-02 -5.73806403e-01 -2.37023905e-02
  5.78381499e-01 -2.07679938e-03 -5.68590258e-01 -1.74033311e-02
  5.66404062e-01  1.30186164e-02 -5.68522596e-01 -1.30040125e-02
  5.62007024e-01  6.58879409e-03 -5.62090493e-01 -1.40192644e-02
  5.75335743e-01  1.24188588e-03 -5.77050584e-01 -2.03954714e-03
  5.69722747e-01 -4.37110980e-03 -5.50176157e-01 -7.65254281e-03
  5.69790410e-01 -3.08748973e-03 -5.56339892e-01  8.10809162e-03
  5.72289988e-01 -1.67082594e-03 -5.49641701e-01 -3.54515133e-04
  5.63960425e-01  8.40915058e-03 -5.39295637e-01  1.75719475e-02
  5.71874573e-01  9.82581437e-03 -5.32597447e-01  5.72755473e-03
  5.46218384e-01  4.13337258e-04 -5.39711052e-01  9.57613416e-03
  5.58464189e-01]",0.7644927536231884,0.42289855072463767,0.0,0.9314705882352942,0.716875,0.0,0.7702307692307693,0.4341153846153846,0.0,0.9299583333333333,0.716625,0.0,0.7696363636363637,0.4273636363636364,0.0,0.0
3.65,0.08333333333333333,2029,0.641892857142857,0.16336688318140907,0.4225,0.13007209539328565,1.1722351841450553,2.0,0.8993812456282114,0.07437800775379066,0.000681532425935622,2.0,0.9400939702427564,0.061165492669754795,0.0006671589496914179,8,0.9703185450382651,8,0.9721315108976727,0.00675479942027931,698.0,1.262540021344717,"[ 1.         -0.88510264  0.80294369 -0.88354161  0.94849121 -0.87982743
  0.79893081 -0.8782664   0.97213151 -0.87528049  0.7965328  -0.87463771
  0.94336799 -0.87207399  0.79115837 -0.86978469  0.95802628 -0.86679878
  0.78937253 -0.86554383  0.93313631 -0.86255792  0.78538076 -0.85984643
  0.94411103 -0.85770489  0.78031242 -0.85560557  0.9242873  -0.85346404
  0.77547628 -0.8491799   0.92860204 -0.84830492  0.76965856 -0.84493905
  0.9150161  -0.84437015  0.76883318 -0.83966383  0.91848646 -0.83878885
  0.76069344 -0.83438862  0.90286348 -0.83278537  0.75836931 -0.82838514
  0.90295636 -0.82866062  0.75437754 -0.82402818  0.8930751  -0.82441976
  0.74867592 -0.81844688  0.89368515 -0.81956673  0.74510634 -0.81336165
  0.88263233 -0.81647633  0.74099847 -0.80766426  0.88230302 -0.81058895
  0.73614122 -0.80300121  0.87188348 -0.80634809  0.73022851 -0.79741992
  0.87080479 -0.8007668   0.72865375 -0.79275687  0.86122962 -0.79652594
  0.72126339 -0.78863212  0.86186078 -0.79155681  0.71992084 -0.78396907
  0.85123014 -0.78731595  0.71379703 -0.77911605  0.85111193 -0.78131247
  0.71011135 -0.77341865  0.83813816 -0.7774938   0.70588738 -0.76814344
  0.8424529  -0.77118423  0.69943638 -0.76286823  0.82356853 -0.76767164
  0.69818882 -0.7578991   0.8301103  -0.76136208  0.69164283 -0.7522017
  0.81300966 -0.75650905  0.68781994 -0.74589213  0.8172083  -0.75019948
  0.67989129 -0.73988865  0.79989656 -0.74565254  0.67873872 -0.73491952
  0.80601615 -0.74007124  0.66794976 -0.72933822  0.78828223 -0.73437385
  0.66794765 -0.72375693  0.79353633 -0.72806428  0.65842525 -0.71817563
  0.77664679 -0.72163861  0.65713547 -0.71198216  0.78082432 -0.71460077
  0.64550214 -0.70712914  0.76330149 -0.7081751   0.64528893 -0.70081957
  0.76813341 -0.7025938   0.63651591 -0.69627263  0.75262652 -0.69689641
  0.63407568 -0.68965697  0.75661407 -0.69162119  0.62764579 -0.68614439
  0.74248984 -0.68665207  0.62480448 -0.6801409   0.74480975]",0.716159420289855,0.34202898550724636,0.00010869565217391305,0.925,0.7408455882352941,7.352941176470588e-05,0.7169615384615384,0.3436923076923077,3.846153846153846e-05,0.9265416666666667,0.7419166666666667,0.000125,0.7173636363636363,0.34336363636363637,0.0,1.1461552646626342e-09
3.65,0.08333333333333333,3001,0.6551071428571429,0.07070933424223136,0.3765,0.0736393237339942,1.704101509680909,2.0,0.6264017717287321,0.30411000030812685,0.006266938715169696,2.0,0.7622031746771171,0.27448017864536745,0.015952193217988176,8,0.8121490579980862,8,0.8050888782049175,0.013417661839085075,10.0,1.0683015808674503,"[ 1.         -0.55448336  0.57948208 -0.68091618  0.58248411 -0.65257776
  0.60388746 -0.56035505  0.80508888 -0.54952884  0.58277034 -0.64729275
  0.57163221 -0.65386019  0.56273991 -0.55307567  0.78931723 -0.55177941
  0.58082931 -0.65221725  0.54694969 -0.64991333  0.57823205 -0.54285234
  0.79093923 -0.53303378  0.56044745 -0.64528692  0.56275137 -0.63740465
  0.56834829 -0.52968506  0.75506049 -0.52219136  0.56997267 -0.63607125
  0.5443058  -0.63214058  0.55021227 -0.53794207  0.74416908 -0.51917313
  0.54959081 -0.62352305  0.53546922 -0.62385354  0.5519133  -0.52012507
  0.72708022 -0.5115842   0.54269052 -0.61562458  0.54301863 -0.61827993
  0.54629069 -0.51815401  0.71952133 -0.50697873  0.56538775 -0.61233632
  0.52887373 -0.62587834  0.53280439 -0.50366953  0.72180193 -0.50403953
  0.53876894 -0.61493595  0.51209442 -0.59686513  0.53477545 -0.50398381
  0.70238822 -0.495792    0.52094246 -0.59324638  0.50778901 -0.5892762
  0.50618084 -0.48353241  0.69021912 -0.49808209  0.52721418 -0.58267399
  0.50286452 -0.59784275  0.49726523 -0.48322761  0.69025389 -0.49475431
  0.51241068 -0.58302779  0.49724191 -0.58308825  0.50345792 -0.48362092
  0.67668855 -0.48298326  0.50508229 -0.57090768  0.49588045 -0.57290443
  0.49186839 -0.46754921  0.67427992 -0.47748869  0.49345324 -0.56440545
  0.47472144 -0.56113339  0.49178461 -0.46925973  0.66071458 -0.4739304
  0.49472619 -0.55426115  0.483239   -0.55753558  0.49046267 -0.47883395
  0.64920408 -0.48342558  0.50099791 -0.54144293  0.46901506 -0.5625391
  0.48216614 -0.45714437  0.65504772 -0.47630426  0.48673446 -0.54772414
  0.47427913 -0.55169669  0.47786073 -0.46276698  0.63559449 -0.47991155
  0.48905458 -0.52959759  0.47133044 -0.54771031  0.46011328 -0.45843154
  0.62315536 -0.46403084  0.48420912 -0.53483163  0.45292439 -0.54438253
  0.47037613 -0.44623241  0.61954807 -0.47193879  0.49048084 -0.51670509
  0.46806747 -0.53090571  0.4509229  -0.44790341  0.60106298]",0.6897101449275362,0.16391304347826086,0.0,0.9202205882352941,0.6313235294117647,0.0,0.6898461538461539,0.1641923076923077,0.0,0.9212083333333333,0.63475,0.0,0.6905454545454546,0.16413636363636364,0.0,0.0
3.65,0.08333333333333333,4099,0.6431071428571428,0.06572254412393398,0.3925,0.07467190138963155,1.1302393699925888,2.0,0.7861773837541481,0.2767782509092851,0.008754988346013596,2.0,0.7164060426253616,0.3031300553621984,0.05547157613891443,16,0.7350431452531615,8,0.8321665332265812,0.04415539042804488,382.0,1.2098194627917218,"[ 1.         -0.51473018  0.61768135 -0.56042754  0.70668375 -0.54873499
  0.62796797 -0.52378383  0.83216653 -0.5110024   0.61125701 -0.55916573
  0.69247718 -0.54949079  0.61385749 -0.50769416  0.80617454 -0.50240673
  0.59916413 -0.52972138  0.69117694 -0.55335308  0.60275741 -0.49701681
  0.79763651 -0.50197758  0.57406886 -0.52910008  0.67834748 -0.54494956
  0.58188951 -0.48906165  0.7798751  -0.47746517  0.56399359 -0.53661329
  0.67073819 -0.52639392  0.57463251 -0.49129063  0.73921537 -0.48097518
  0.55206085 -0.51834588  0.64042274 -0.52276221  0.55293195 -0.47180624
  0.7196285  -0.48784788  0.5323779  -0.5073803   0.63172458 -0.51288551
  0.52930985 -0.45654924  0.72133867 -0.47259087  0.51945236 -0.49798399
  0.61870296 -0.50230424  0.51747318 -0.45740112  0.70914972 -0.44891113
  0.50297198 -0.50520897  0.59985268 -0.48720737  0.52232186 -0.46280064
  0.67290953 -0.46913851  0.49216013 -0.48748599  0.59185909 -0.49766693
  0.48742674 -0.43374059  0.66225781 -0.4638735   0.46741713 -0.47690472
  0.58021457 -0.49073659  0.46498959 -0.43760288  0.64622578 -0.43689512
  0.45285829 -0.4736253   0.56866613 -0.47400641  0.46442594 -0.43861489
  0.62865653 -0.42307926  0.45002082 -0.47306805  0.56208167 -0.47364131
  0.46469496 -0.42114812  0.61089512 -0.43379504  0.44314812 -0.46456845
  0.54688231 -0.4710024   0.4597438  -0.41713211  0.60648839 -0.42346998
  0.42958207 -0.46093675  0.54218735 -0.4571225   0.43016493 -0.4135004
  0.59868695 -0.41324099  0.42581585 -0.45189271  0.53457806 -0.44734187
  0.43664692 -0.40032506  0.57919616 -0.40080224  0.42726982 -0.4478767
  0.5217486  -0.43144436  0.4273723  -0.37795837  0.56130665 -0.41677022
  0.41514492 -0.44398879  0.50853483 -0.42608327  0.39523139 -0.38995516
  0.56000641 -0.3943715   0.40433307 -0.4361297   0.48702642 -0.42059408
  0.38515612 -0.38776461  0.5463763  -0.39070777  0.39829303 -0.42305044
  0.47438911 -0.41401601  0.38231865 -0.37148279  0.52999199]",0.7142753623188406,0.3423913043478261,0.00010869565217391305,0.9247058823529412,0.6829044117647058,3.676470588235294e-05,0.7168076923076923,0.33707692307692305,3.846153846153846e-05,0.9167916666666667,0.66025,0.0,0.725,0.33904545454545454,9.09090909090909e-05,1.6941676645983178e-09
3.65,0.08333333333333333,5003,0.6473214285714286,0.15848885800662738,0.4375714285714285,0.11860421233528542,0.8550181955224873,2.0,0.9626679343775267,0.05260040657472647,0.0008214904317075953,2.0,0.9478433093552635,0.0761587828565301,0.003679882014172155,4,0.9535721494557277,4,0.930118121015128,0.005956481452884777,13.0,1.1525870178739417,"[ 1.         -0.89858826  0.87550052 -0.89639775  0.93011812 -0.89204992
  0.87086779 -0.89036719  0.93005537 -0.88551159  0.85481012 -0.88503519
  0.90942772 -0.87897326  0.85176382 -0.87875075  0.90098667 -0.87338737
  0.83900669 -0.87316485  0.89178396 -0.86640437  0.84909945 -0.86618186
  0.88340603 -0.86056459  0.84046763 -0.85989741  0.87344166 -0.8549787
  0.84097576 -0.85545474  0.87299735 -0.84983747  0.83247016 -0.85005963
  0.86353931 -0.84583947  0.83145352 -0.84650629  0.85909591 -0.84165069
  0.82390035 -0.84111118  0.84989175 -0.83765268  0.82294827 -0.83482673
  0.8515431  -0.83092357  0.81450723 -0.82968551  0.84513316 -0.82559157
  0.81120705 -0.82289329  0.84748162 -0.82070423  0.79495859 -0.81775206
  0.83326427 -0.81511834  0.79699006 -0.81121373  0.83301074 -0.80883389
  0.78296348 -0.80492928  0.82279248 -0.803248    0.77921864 -0.80023272
  0.82164962 -0.79810678  0.76474739 -0.79464683  0.80927259 -0.79271167
  0.76830073 -0.7910935   0.80387675 -0.79036466  0.76214323 -0.7868416
  0.80838253 -0.78731909  0.76284069 -0.78258971  0.79822593 -0.78122543
  0.75097144 -0.77770237  0.79365631 -0.7760842   0.74976547 -0.7718626
  0.78426283 -0.76979976  0.74671918 -0.76741992  0.7806442  -0.76484931
  0.73662714 -0.76208792  0.77981979 -0.76040664  0.74316402 -0.75923314
  0.77353461 -0.75545619  0.73148554 -0.75275791  0.768331   -0.74891786
  0.73154901 -0.7490138   0.76084095 -0.74491986  0.72710561 -0.74247546
  0.75728688 -0.74003252  0.71345914 -0.73847746  0.74935216 -0.73533596
  0.71472749 -0.73492412  0.75112828 -0.73273507  0.7083161  -0.73022756
  0.74693877 -0.72759384  0.71383743 -0.72527712  0.75087367 -0.72410361
  0.70355461 -0.72102522  0.74763514 -0.72055027  0.70126853 -0.71772577
  0.74014509 -0.71540905  0.69187504 -0.71213988  0.73125938 -0.70887072
  0.69155841 -0.70541077  0.72148579 -0.70328482  0.6870519  -0.70071421
  0.7191366  -0.69858827  0.68045118 -0.69468365  0.71393299]",0.7077536231884058,0.33619565217391306,0.0,0.9356985294117647,0.7515808823529412,0.0,0.7152692307692308,0.33807692307692305,0.0,0.9291666666666667,0.7413333333333333,0.0,0.7222727272727273,0.35145454545454546,0.0,0.0
3.7,0.08333333333333333,101,0.63375,0.12319862736944064,0.42157142857142854,0.08488876274758826,0.6590048185005266,2.0,0.8887667100907236,0.14562559410821602,0.0035813573672976466,2.0,0.6556905833352369,0.3960637266557178,0.019782891387832686,16,0.8584755209788667,8,0.6567362613398992,0.004379625992828006,16.0,1.1705672352241174,"[ 1.         -0.48119387  0.36734699 -0.46069861  0.61496835 -0.47928871
  0.39183646 -0.49221326  0.65673626 -0.4785886   0.34325719 -0.49902521
  0.61926436 -0.49382594  0.36314031 -0.48692603  0.60007203 -0.50431108
  0.38062325 -0.52126849  0.57238634 -0.50381488  0.34125669 -0.49599171
  0.59447563 -0.48102606  0.37579434 -0.49416443  0.5939707  -0.4670124
  0.39016767 -0.48750707  0.61089006 -0.4602191   0.35391072 -0.47519407
  0.59842247 -0.46206502  0.37712718 -0.50203439  0.57823892 -0.46462037
  0.36494139 -0.46756471  0.59196088 -0.45585453  0.35948034 -0.47975051
  0.56766658 -0.45239457  0.33716849 -0.45002313  0.59463412 -0.45488195
  0.35995731 -0.47056635  0.55292544 -0.46062479  0.34592501 -0.47072152
  0.58307055 -0.46573608  0.34811195 -0.45317061  0.55127411 -0.44457004
  0.33543055 -0.45777638  0.57272194 -0.41859373  0.34873477 -0.45347105
  0.54735854 -0.43659092  0.34164104 -0.46317878  0.54728125 -0.42123628
  0.33999903 -0.4505939   0.52043102 -0.44461724  0.3355292  -0.43481162
  0.54718473 -0.42883495  0.32029186 -0.4552189   0.52996493 -0.44273131
  0.31567618 -0.4402919   0.52769138 -0.42001047  0.32770739 -0.43414006
  0.51111305 -0.41329505  0.32875726 -0.43365377  0.53376592 -0.41485917
  0.33738716 -0.42870698  0.51775118 -0.39653086  0.33681426 -0.42453758
  0.50506977 -0.39250732  0.29856495 -0.44869594  0.52608005 -0.4052666
  0.30181109 -0.428599    0.50801489 -0.41363336  0.31829289 -0.44036706
  0.52074562 -0.3870255   0.33492055 -0.42232054  0.49517831 -0.3920589
  0.2957579  -0.40073677  0.50635424 -0.39893882  0.33291946 -0.40882173
  0.47646236 -0.37140771  0.32879939 -0.40210631  0.5094452  -0.39046409
  0.32737121 -0.40650817  0.48493709 -0.40223216  0.308101   -0.39979275
  0.46340264 -0.40847061  0.31028794 -0.40581738  0.47280994 -0.39410719
  0.29293221 -0.38005489  0.48193545 -0.38427225  0.29915202 -0.41022856
  0.46833079 -0.37380576  0.301271   -0.40166663  0.47646508]",0.7739492753623188,0.2980434782608696,0.00032608695652173916,0.8590073529411765,0.4936029411764706,0.0003676470588235294,0.7831923076923077,0.30603846153846154,0.0002692307692307692,0.8480416666666667,0.46570833333333334,0.00025,0.7886818181818182,0.31586363636363635,0.0003636363636363636,1.6995698920882142e-07
3.7,0.08333333333333333,707,0.6072857142857143,0.08917553201525676,0.5285714285714286,0.06727949622466638,0.4049622309815443,2.0,0.8006014514556494,0.2606126970219574,0.011140611700487666,2.0,0.25987353093471,0.670409322994519,0.22793001860824072,8,0.7484278644046547,8,0.515184207136416,0.15469026628752827,30.0,1.1483550589695841,"[ 1.          0.08619413  0.33965606  0.06460131  0.410827    0.08076774
  0.37604663  0.04790352  0.51518421  0.06643694  0.34920456  0.05589012
  0.41744493  0.08141183  0.36880072  0.06635643  0.48607175  0.07034974
  0.35773863  0.06059191  0.40907188  0.06007665  0.39818691  0.06102666
  0.4410666   0.06682339  0.33076774  0.0413983   0.42380523  0.075599
  0.3519419   0.04160763  0.41263043  0.08426188  0.37480678  0.0724752
  0.39581991  0.02315471  0.34999356  0.04991627  0.47064601  0.07205655
  0.35899459  0.04561703  0.39296986  0.0652776   0.34038065  0.05056035
  0.44773284  0.07439134  0.36437267  0.04581025  0.31076903  0.04754927
  0.33178217  0.03519902  0.44161407  0.06184787  0.32714479  0.03450663
  0.31118769  0.05619606  0.33535682  0.03809739  0.42557645  0.04547211
  0.35281141  0.02940229  0.33088046  0.0629267   0.33261948  0.00210936
  0.41821783  0.03845163  0.31479454  0.00491112  0.32543798  0.06255636
  0.32830413  0.00365516  0.35089527  0.03830671  0.29176865  0.00273734
  0.34580703  0.03953047  0.3080961   0.00339753  0.38546631  0.03804908
  0.30740371 -0.01544184  0.30745202  0.00218988  0.29205848 -0.00610267
  0.36604728  0.05537486  0.2738954   0.00909764  0.29930439  0.04442548
  0.27940229 -0.03972369  0.3423451   0.02660054  0.27825905 -0.01550625
  0.29713062 -0.0182758   0.25491112 -0.01281721  0.35651488  0.0103375
  0.28284813 -0.02590815  0.26553845  0.03151166  0.23740822 -0.04373309
  0.29065761 -0.03218794  0.25520095 -0.04837048  0.22549272 -0.01777663
  0.21798918 -0.03812959  0.26616643 -0.04304071  0.24040319 -0.03476427
  0.25758405 -0.00619928  0.23148267 -0.02677766  0.27289708 -0.0358592
  0.21377045 -0.02081991  0.19014878 -0.00769677  0.23663532 -0.03515071
  0.27354116 -0.03645498  0.22884194 -0.01645627  0.2109687  -0.03849994
  0.218118   -0.01759951  0.25389669 -0.01507149  0.20367448 -0.04827386
  0.20338465 -0.04664756  0.20410924 -0.04941711  0.25296277]",0.825,0.43623188405797103,0.00014492753623188405,0.8739705882352942,0.5487867647058824,0.0002573529411764706,0.8326538461538462,0.43973076923076926,0.00023076923076923076,0.8612083333333334,0.5060833333333333,0.00016666666666666666,0.8246818181818182,0.41695454545454547,9.09090909090909e-05,8.750778002937383e-07
3.7,0.08333333333333333,1313,0.6031428571428571,0.04510837290484383,0.5789285714285713,0.04577423524478478,0.3092843891127153,2.67175572519084,0.07432270041892952,0.8475158640072066,0.031183643079030984,2.67175572519084,0.0969888772977177,0.8490947127795554,0.06324498981447321,16,0.32622161852750525,8,0.31936550452651985,0.001831206420103935,83.0,1.213686732554657,"[ 1.00000000e+00 -6.87631860e-02 -6.76292515e-02  6.23291793e-02
  2.93728965e-02  9.99412987e-02 -5.81626069e-02 -1.12291350e-01
  3.19365505e-01 -7.63837411e-02 -1.55919262e-02  4.44815591e-02
 -8.12366400e-02  4.43265878e-02 -5.67480368e-03 -1.06543669e-01
  3.09504735e-01 -1.06698641e-01  1.37510544e-02  8.67422971e-02
 -1.15678891e-01  6.98100688e-02  2.04523911e-03 -8.78782318e-02
  2.49762673e-01 -8.39058519e-02 -2.21278557e-02  5.49907382e-02
 -7.44043343e-02  3.68044769e-02  2.89653793e-02 -9.33437981e-02
  3.00545965e-01 -9.69077912e-02 -3.19886250e-02  8.09246971e-02
 -1.15664629e-01  9.53919940e-02 -1.25627669e-02 -1.04190749e-01
  2.72203428e-01 -6.63107776e-02  2.34577220e-02  5.45545226e-02
 -1.59798242e-01  9.26171199e-02  2.14432685e-02 -1.07951804e-01
  2.40184018e-01 -2.67407317e-02 -2.87479672e-02  6.37112246e-02
 -1.26778387e-01  6.11334128e-02 -2.53810364e-02 -1.59621790e-01
  2.71767213e-01 -1.37618120e-01 -5.63721747e-02  8.09651358e-03
 -1.41484838e-01  7.78264878e-02 -1.03924723e-02 -9.59207402e-02
  3.04336589e-01 -4.53908635e-02 -4.83842802e-02  1.77889189e-02
 -1.18156345e-01  6.85014219e-02 -9.67918670e-04 -9.25959005e-02
  2.52130899e-01 -3.82065241e-02 -2.51410135e-02  5.36820913e-02
 -1.44611745e-01  1.21439703e-01 -8.69474471e-04 -1.58973380e-01
  2.23970989e-01 -2.58120342e-03 -1.92107071e-02 -2.46832306e-03
 -1.50613015e-01  2.16903356e-02  3.98693788e-02 -1.20657367e-01
  1.74370766e-01 -3.14594439e-02 -7.44853856e-03  4.16795520e-02
 -1.50514571e-01  7.92916714e-02  5.31534321e-02 -1.21995582e-01
  2.21745036e-01 -3.35159885e-02  3.41267426e-03  6.00771378e-02
 -1.30412474e-01  6.26128586e-02  7.76578629e-03 -1.41547713e-01
  1.71779562e-01 -5.01095757e-02 -4.21575977e-02  6.12469888e-02
 -1.40188018e-01  4.54835680e-02  2.13176913e-02 -9.58779535e-02
  2.44453643e-01 -5.58429937e-02 -1.03917766e-02  6.25994660e-02
 -1.10126708e-01  5.63447808e-02 -3.25925088e-02 -8.74395812e-02
  1.56002748e-01 -8.19453165e-02 -7.22888276e-02  7.91099149e-02
 -1.14070389e-01  2.75517658e-02 -7.41462227e-04 -1.18655437e-01
  2.06335563e-01 -1.35812121e-02 -7.55141796e-02  3.76669942e-02
 -1.30663977e-01  6.33475376e-02 -4.14944038e-03 -9.89185922e-02
  1.80318465e-01 -6.88428458e-02 -3.30829905e-02  7.91120020e-02
 -1.06982407e-01  2.63850455e-02  1.14600527e-02 -1.04749411e-01
  2.00055310e-01 -5.00921827e-02 -4.14218751e-02  3.83874110e-02
 -1.23125516e-01  6.03910809e-02 -1.54188662e-03 -1.18737531e-01
  1.42200384e-01 -6.33619738e-02  1.03475985e-02  5.33759751e-02
 -1.64385811e-01  2.28076599e-02  4.61002357e-02 -6.23050031e-02
  1.25606797e-01]",0.8168840579710145,0.3756159420289855,0.0,0.8873161764705882,0.5531985294117647,0.0,0.8209615384615384,0.37115384615384617,0.0,0.87625,0.517,0.0,0.8181818181818182,0.3639545454545455,0.0,0.0
3.7,0.08333333333333333,2029,0.6356428571428572,0.10552224352026932,0.4584285714285714,0.06766800709104318,0.6269448561294055,2.0,0.8491651308660334,0.19330127205497402,0.00377427636538922,2.0,0.4112657107452647,0.5504097549988779,0.05596659420638943,8,0.8238448065845819,8,0.6453329878140792,0.0012150302054229894,594.0,1.2960420032310178,"[ 1.         -0.27526518  0.11885802 -0.24241949  0.52816391 -0.2130881
  0.10862981 -0.26798404  0.64533299 -0.29220728  0.10139891 -0.25584729
  0.5350152  -0.2288558   0.07869126 -0.25671591  0.59979513 -0.26235148
  0.10135308 -0.25134481  0.50909904 -0.253992    0.06616599 -0.25571882
  0.54151488 -0.2543347   0.07739129 -0.26100427  0.51113906 -0.25676325
  0.03050472 -0.24484514  0.49389117 -0.25658894  0.04173002 -0.27326658
  0.50498499 -0.26213735  0.05450633 -0.27036686  0.48734266 -0.24974657
  0.03635591 -0.27890365  0.45865826 -0.27245421  0.05303205 -0.28237512
  0.47377446 -0.23991581  0.04878061 -0.27804695  0.46354626 -0.28316551
  0.0819675  -0.28710966  0.44381809 -0.27702335  0.00101651 -0.28694427
  0.43202995 -0.27334366  0.05760236 -0.27247655  0.45338588 -0.24093674
  0.01058431 -0.27282816  0.4551112  -0.25507368  0.07535533 -0.2961932
  0.41874971 -0.24060596  0.03001978 -0.2671691   0.45791336 -0.22497275
  0.06320667 -0.25985255  0.46146157 -0.24469201  0.04491586 -0.23381682
  0.42510008 -0.2203477   0.08251957 -0.27472663  0.44801594 -0.24084693
  0.07944254 -0.26857556  0.44883873 -0.23729872  0.06621704 -0.25047097
  0.43327334 -0.23517896  0.04584929 -0.25484498  0.40628034 -0.24839554
  0.07332238 -0.25805349  0.442596   -0.22676774  0.03567283 -0.22953748
  0.39753233 -0.21034564  0.05989457 -0.23469146  0.41682024 -0.21575366
  0.04824684 -0.21826045  0.38034509 -0.2002341   0.04504723 -0.24407904
  0.39923856 -0.22020741  0.05458112 -0.22246015  0.37575095 -0.19273432
  0.04383591 -0.23593078  0.39673027 -0.19775681  0.05779554 -0.21911425
  0.3828652  -0.21291885  0.04315051 -0.23908756  0.39253057 -0.21989571
  0.04085344 -0.22045705  0.3722943  -0.22036989  0.04336764 -0.24575863
  0.41172982 -0.19458822  0.05459294 -0.21516569  0.3588665  -0.20090768
  0.04255076 -0.23721593  0.38595406 -0.19059383  0.0390882  -0.2331418
  0.37832871 -0.18339984  0.06097005 -0.23621884  0.39227943]",0.7597463768115942,0.23355072463768117,0.00014492753623188405,0.8911764705882353,0.6208823529411764,0.0001838235294117647,0.7623846153846154,0.22988461538461538,0.00011538461538461538,0.8780833333333333,0.5890833333333333,0.00025,0.7585909090909091,0.21845454545454546,9.09090909090909e-05,1.8321281943319194e-07
3.7,0.08333333333333333,3001,0.6374642857142857,0.06555394841701928,0.40871428571428575,0.06976330244008622,0.7079087420289137,4.0,0.1749972609114557,0.7471613084219155,0.017372932272100287,4.0,0.14851236346579105,0.8300705908403533,0.08973034367262164,24,0.4404759152860411,24,0.37578119187493597,0.016570523861045707,38.0,1.2396013864818025,"[ 1.00000000e+00  2.14156562e-02 -2.04016418e-01  5.52545627e-02
  2.82715615e-01  5.15073505e-02 -1.02010635e-01  2.42490953e-03
  3.44361450e-01  1.35154817e-02 -1.01844008e-01  2.00752567e-02
  2.12313082e-01 -2.23084812e-02 -1.49281153e-01 -2.85737349e-02
  3.54200783e-01  1.13579513e-02 -1.32748304e-01  1.51103511e-02
  2.20206751e-01 -2.54584261e-03 -1.42599330e-01 -4.05805722e-03
  3.75781192e-01  1.26472651e-02 -1.47825211e-01  5.92168523e-02
  2.38118073e-01  1.09625765e-02 -1.18339440e-01 -2.29071383e-03
  3.16547357e-01  1.18630212e-02 -1.21714005e-01  4.55740338e-02
  2.64835203e-01 -2.34829122e-02 -1.35523451e-01 -6.39390830e-03
  2.95660714e-01 -2.59014181e-02 -1.25850746e-01 -1.82241443e-02
  2.46311451e-01 -1.98642528e-02 -1.08200399e-01 -8.90157444e-03
  3.04416094e-01 -2.16768353e-02 -1.43384892e-01  5.71807101e-02
  2.50152352e-01 -1.57675638e-02 -9.97008062e-02  1.89330537e-02
  2.56667547e-01  3.15856083e-02 -1.16539869e-01  1.65145479e-02
  2.74190001e-01 -4.29692282e-02 -1.16979165e-01  1.58194642e-02
  2.27136537e-01  8.82039329e-03 -1.27308221e-01  4.40645567e-03
  2.00919290e-01 -4.65273013e-02 -1.37798716e-01 -1.80903021e-03
  1.88355237e-01 -1.07873110e-02 -1.32145232e-01  1.09268381e-02
  2.00101500e-01 -1.01426541e-02 -1.05083155e-01 -1.17827625e-02
  1.42680248e-01 -1.90403707e-03 -7.25006754e-02  2.88717066e-02
  2.48260769e-01 -2.78046944e-02 -1.16012946e-01  2.58472774e-02
  2.12342458e-01 -2.67763559e-02 -8.62378418e-02  4.87622390e-02
  1.77891782e-01  9.82534551e-03 -1.21550229e-01 -1.96998178e-02
  1.69124709e-01 -4.07693100e-02 -1.42920089e-01 -1.31565343e-03
  1.80520837e-01 -2.14290866e-02 -1.45116353e-01  1.11644272e-02
  1.36146854e-01 -1.85829780e-02 -1.27816142e-01 -6.03272465e-02
  1.78746988e-01  7.90791402e-04 -1.24714246e-01  3.55358633e-03
  1.70235702e-01 -3.57337843e-03 -1.03394812e-01  7.84944826e-04
  1.28574747e-01  3.18164762e-02 -1.27094018e-01  3.01763677e-02
  1.35089942e-01 -1.92897548e-02 -9.34275854e-02 -2.26197395e-02
  1.18856803e-01 -5.65862942e-03 -1.25899052e-01 -1.79223148e-02
  1.56959684e-01  4.43130362e-03 -9.12430145e-02 -2.74232053e-02
  1.73748320e-01  4.67756490e-02 -1.78656426e-01  1.19858712e-02
  1.78540093e-01  6.80457039e-03 -7.76402474e-02  5.73598334e-02
  1.13713576e-01  6.42607645e-03 -1.31425960e-01  5.04175570e-03
  1.56313710e-01 -4.35626557e-02 -1.26250505e-01  3.60287069e-02
  1.61617058e-01 -1.32759758e-02 -1.33166263e-01 -1.47881904e-02
  1.29145591e-01  7.91556369e-03 -1.58811132e-01 -2.86919843e-02
  1.42648823e-01  7.73205547e-03 -1.68534264e-01 -3.79781269e-03
  1.22652249e-01]",0.7690217391304348,0.2633695652173913,0.00010869565217391305,0.8494117647058823,0.44786764705882354,3.676470588235294e-05,0.7733461538461538,0.26453846153846156,0.0,0.8324583333333333,0.39875,0.0,0.772090909090909,0.26222727272727275,4.545454545454545e-05,1.518124340752685e-08
3.7,0.08333333333333333,4099,0.6367857142857143,0.06699166107107081,0.4126428571428572,0.05720402975672399,0.6499089608531669,2.0,0.554658039116454,0.5208903958525164,0.012367569361805716,350.0,0.022021626121353652,0.9258408834856501,0.06448209846237145,16,0.48050898312998624,8,0.16697037172824206,-0.0013102631971217424,23.0,1.2531453362255964,"[ 1.00000000e+00  5.04017866e-02  1.13171449e-02 -7.08845070e-02
  4.22765874e-02 -9.90499815e-03  6.86068839e-02 -3.67903912e-02
  1.66970372e-01 -3.63780112e-02  3.64133128e-02 -3.95033652e-02
  1.63701107e-03 -4.50999878e-02  2.35891863e-02  2.13365810e-02
  1.21952674e-01 -1.07174274e-02  4.78730674e-02 -6.07984436e-02
  4.25399429e-02  2.39161577e-02  6.85942680e-02 -3.02420618e-02
  9.95661838e-02 -4.78442163e-02  4.04903736e-02  4.77969782e-02
  3.81804603e-02 -2.11015398e-02  9.34269379e-02  2.89638491e-02
  9.73895252e-02 -3.25582831e-02 -2.85383877e-02 -3.89703463e-02
  3.27170924e-02 -4.31995856e-02  6.23216249e-02  1.99502739e-02
  7.25317662e-02 -7.78768985e-02 -3.29228169e-02 -7.66490779e-02
  2.75047493e-02  2.03345534e-02  4.53672479e-02 -5.56643792e-02
  8.07048116e-02 -1.45813110e-02 -1.19287990e-02  2.56488968e-02
  3.45863827e-02  9.58800979e-04  3.82729987e-02  3.22066880e-02
  7.00728284e-02  1.62478882e-02  1.56261642e-02 -2.01842415e-02
  2.47698401e-02  2.38846182e-02  4.37362240e-02  9.29320159e-03
  4.60554566e-02 -2.79543687e-02  5.16489253e-02 -1.82836967e-02
 -1.75380374e-02 -8.60055145e-03  4.70258244e-03 -2.59267346e-02
  5.47679714e-02 -2.05523347e-03  8.51313381e-03 -2.42990072e-02
 -5.38244390e-02  5.30641548e-02  3.44403696e-02 -1.22841560e-02
  2.61214537e-02 -1.32391593e-02  3.14389510e-02 -2.74057337e-03
 -3.51559394e-04  6.80741167e-02  6.74648660e-02 -3.00722537e-03
  5.96854194e-02 -5.79808856e-02  2.08069678e-02 -4.66668590e-02
 -2.95375465e-02  1.62319758e-02  2.89956404e-02 -7.06686034e-02
  8.93469057e-03 -5.30696029e-02 -6.20866862e-03 -2.61998371e-02
 -2.24608133e-03  3.66989977e-02  3.36649370e-04 -5.56711148e-02
  1.13871780e-02 -2.63300804e-02 -5.23177782e-02 -5.51098528e-02
  2.36904738e-02  2.52640471e-02 -1.05463586e-02 -1.27989639e-02
 -6.32027329e-03 -4.20723063e-03 -2.41983991e-02 -9.80385322e-03
 -2.35100478e-02  2.00766505e-02  1.37343686e-02 -8.43962387e-03
  1.16879533e-02 -2.29421260e-03 -7.22143613e-02 -5.70801121e-03
 -3.33265903e-02 -4.26671369e-02 -3.53730056e-02 -2.26218144e-02
  3.37858565e-02  1.73448953e-02 -2.50264556e-02 -5.97454493e-02
 -6.82705552e-02  1.24241508e-02  5.84696444e-02  2.23832674e-02
  3.40555199e-02  2.33479085e-03  6.09118814e-03  2.13011747e-02
 -2.89610849e-02  2.96418832e-02 -1.32564638e-02 -1.05914785e-02
 -2.86609244e-04 -1.23494492e-02 -6.78052707e-02 -1.35804238e-02
 -5.53873588e-02 -1.15003863e-03 -1.10300546e-02 -1.19152766e-02
 -3.54566523e-02 -7.68919126e-03 -4.76017469e-02  3.77345784e-02
  2.78420892e-02 -2.78722790e-03 -6.26086974e-02  1.80860086e-02
  4.58409964e-02]",0.7732971014492753,0.3020289855072464,0.0,0.8458823529411764,0.45279411764705885,0.0,0.7835,0.3053461538461538,0.0,0.839875,0.4357083333333333,0.0,0.784,0.3089090909090909,0.0,0.0
3.7,0.08333333333333333,5003,0.6285714285714286,0.12993031884476403,0.46628571428571425,0.08421352841050504,0.470503991319442,2.0,0.9206605504587155,0.11717256239743909,0.0017087160955036283,2.0,0.7030045161049528,0.35876656552663766,0.022095928107352655,16,0.859080301960759,16,0.654268579847796,0.011042380941327687,7.0,1.2127066691436001,"[ 1.         -0.5460788   0.47177836 -0.5094465   0.60762966 -0.50771453
  0.5160217  -0.54108143  0.62887182 -0.53128048  0.4971521  -0.52486366
  0.56938686 -0.52782804  0.47124373 -0.52760684  0.65426858 -0.52502019
  0.49704123 -0.55400729  0.56021135 -0.51517358  0.48253993 -0.53024717
  0.61957394 -0.52681737  0.48986858 -0.52375016  0.59081956 -0.51244995
  0.49248938 -0.50670075  0.61760123 -0.49353869  0.48974621 -0.51665823
  0.57254488 -0.50100123  0.48060886 -0.48214715  0.57516567 -0.48864817
  0.51277752 -0.51477775  0.56771464 -0.50044448  0.46471113 -0.48881621
  0.58831221 -0.50739191  0.43661286 -0.52278204  0.55216798 -0.51248902
  0.44946951 -0.48944218  0.52273447 -0.48971306  0.4784641  -0.50341687
  0.54634208 -0.48958719  0.44502488 -0.46670438  0.56359004 -0.48242257
  0.45319669 -0.49394799  0.54674631 -0.47140474  0.44607371 -0.48377333
  0.54702469 -0.47062278  0.46834608 -0.47174832  0.52480549 -0.4643013
  0.44544775 -0.46980665  0.5539526  -0.47661271  0.43701256 -0.47403758
  0.52888738 -0.47717749  0.44215131 -0.46956644  0.54696699 -0.46059714
  0.4540238  -0.4833656   0.50881991 -0.44906422  0.41452997 -0.46899818
  0.54300293 -0.45197141  0.39768624 -0.45008692  0.5024789  -0.45238368
  0.43236135 -0.46375659  0.52692966 -0.44135434  0.44540504 -0.45977753
  0.50873919 -0.46761379  0.41831395 -0.45179277  0.51805919 -0.45962903
  0.43216627 -0.44666553  0.52219076 -0.46137653  0.39533141 -0.43766207
  0.51961161 -0.44582638  0.41491028 -0.4352053   0.48329185 -0.45376949
  0.41149949 -0.46413522  0.51277853 -0.43201223  0.39667013 -0.45008434
  0.5256582  -0.46328457  0.38268392 -0.43251983  0.4963772  -0.41182692
  0.41786262 -0.45424696  0.49228728 -0.41624489  0.38306514 -0.43114294
  0.49960443 -0.41630608  0.38467875 -0.43119262  0.48411896 -0.44488493
  0.38161904 -0.43592713  0.48424482 -0.40364011  0.39515482 -0.44724287
  0.46218964 -0.44130662  0.40818701 -0.43908257  0.47150964]",0.7798550724637681,0.33608695652173914,3.6231884057971014e-05,0.8675367647058824,0.5220220588235294,0.0,0.7855384615384615,0.32853846153846156,3.846153846153846e-05,0.8600416666666667,0.505125,0.00016666666666666666,0.7887272727272727,0.3317727272727273,9.09090909090909e-05,1.8572656869212544e-07
3.85,0.16666666666666666,101,0.7895357142857142,0.08725147650934752,0.22542857142857145,0.08282832011000162,2.7226002596160415,4.0,0.5936270989516604,0.3226261378855929,0.0025770538335729023,4.0,0.5181853836423753,0.37749733407807545,0.004061405097009335,8,0.815144309398105,8,0.7834489423167637,0.005827095275868682,13.0,1.3166458072590739,"[ 1.         -0.2088946  -0.45970005 -0.11520436  0.66788119 -0.11336457
 -0.45160896 -0.16491507  0.78344894 -0.1495403  -0.47634094 -0.13523346
  0.73739119 -0.15161384 -0.44873271 -0.13964512  0.72491505 -0.13702001
 -0.44611213 -0.14509794  0.72934426 -0.14457298 -0.46172957 -0.1258457
  0.7238736  -0.13416161 -0.4271248  -0.14614832  0.71189127 -0.13443544
 -0.44091576 -0.14433092  0.75301663 -0.14405286 -0.42738093 -0.13938114
  0.68977094 -0.13390624 -0.42895173 -0.15004864  0.7207406  -0.12089199
 -0.44117204 -0.12376416  0.6738886  -0.14379749 -0.42815779 -0.13729037
  0.73246665 -0.1333772  -0.41722584 -0.14666089  0.68795277 -0.1302539
 -0.43700789 -0.13025844  0.69862889 -0.13858327 -0.41540859 -0.1336468
  0.68171448 -0.1159339  -0.4250171  -0.14977588  0.71684875 -0.1484656
 -0.40680601 -0.12425888  0.65752077 -0.12788961 -0.42319092 -0.14247028
  0.70047261 -0.12762501 -0.40756487 -0.12659732  0.66767616 -0.14011899
 -0.39508012 -0.13466194  0.6908461  -0.13335165 -0.4070446  -0.13388569
  0.66507297 -0.1523573  -0.39013941 -0.12789476  0.64945553 -0.11852
 -0.39950101 -0.12190382  0.65024071 -0.1393432  -0.4039216  -0.12920096
  0.65466099 -0.12346132 -0.38571051 -0.12373061  0.63852297 -0.13127904
 -0.39455154 -0.12554831  0.6424316  -0.11642938 -0.38596664 -0.12268976
  0.64971952 -0.1338733  -0.38283442 -0.13388676  0.63434898 -0.12061215
 -0.38103486 -0.11880805  0.61793729 -0.13077692 -0.37818523 -0.12374922
  0.62809284 -0.12218311 -0.37687056 -0.11359368  0.61040202 -0.11905088
 -0.37635014 -0.11567613  0.61066662 -0.10342482 -0.37842367 -0.13570508
  0.62706908 -0.13205666 -0.37035043 -0.12139385  0.59869306 -0.09951634
 -0.36463317 -0.1200881   0.61717782 -0.13128057 -0.36645088 -0.12686467
  0.59868383 -0.10603724 -0.36749218 -0.10526537  0.58072826 -0.11644891
 -0.35890729 -0.12607965  0.61639204 -0.11644014 -0.35760154 -0.11385073
  0.58619847 -0.12243138 -0.34953723 -0.11619793  0.57317499]",0.8204710144927536,0.41742753623188406,0.0,0.9282720588235294,0.7498529411764706,0.0,0.8203846153846154,0.41657692307692307,0.0,0.9244166666666667,0.73675,0.0,0.8223636363636364,0.4208181818181818,0.0,0.0
3.85,0.16666666666666666,707,0.8395714285714285,0.06279355549930977,0.16957142857142857,0.06602890523498486,4.151743136453437,4.0,0.2747856006415813,0.673457440817827,0.17461987335769094,4.0,0.18950344517675252,0.7125273998541188,0.23683270753980248,8,0.5934901784489669,8,0.5516942632055137,0.1222800691812892,42.0,1.4930817610062892,"[ 1.          0.02032564  0.21448607  0.06804987  0.50486235  0.06010568
  0.13188921  0.09062734  0.55169426  0.16164407  0.09694694  0.14433326
  0.45239336  0.16915585  0.01634416  0.190346    0.39369518  0.20038843
  0.01431145  0.15964235  0.38824301  0.17235528  0.01395218  0.21484384
  0.41409716  0.19917137 -0.01593231  0.17626914  0.33816132  0.15471971
 -0.02548032  0.19916726  0.42823134  0.18071664 -0.03420916  0.18502488
  0.3146488   0.16265628 -0.0322888   0.18284939  0.38669709  0.16621498
 -0.02723453  0.15072039  0.36603646  0.13949952 -0.04511701  0.1975523
  0.35566927  0.19794257 -0.03172827  0.16752505  0.34793748  0.14483581
 -0.05762457  0.1909568   0.36168197  0.19444588 -0.04473436  0.21841419
  0.30166609  0.21178769 -0.06998936  0.20266857  0.35441007  0.19126983
 -0.05218413  0.20195355  0.29289862  0.18941499 -0.0299273   0.20013382
  0.36038765  0.17744457 -0.03438242  0.16700776  0.33299579  0.13972415
 -0.03833902  0.18680708  0.31970768  0.15838365 -0.04179709  0.17038507
  0.31229653  0.1327729  -0.06117514  0.17130838  0.31208003  0.1161379
 -0.07371429  0.14270649  0.26431659  0.12557356 -0.0801635   0.13939119
  0.33864451  0.11207247 -0.07254406  0.1502873   0.2612482   0.07695232
 -0.07931392  0.11730402  0.29379848  0.12606387 -0.09395482  0.11544918
  0.29963681  0.08602871 -0.09385068  0.12292585  0.22651422  0.11857898
 -0.10845648  0.10700236  0.2666149   0.08531016 -0.06376143  0.08812284
  0.30279761  0.0428175  -0.07822446  0.07711436  0.2562091   0.03640339
 -0.04286091  0.07447546  0.30749261  0.04359452 -0.06056551  0.11475402
  0.25438585  0.05028713 -0.0589658   0.08194861  0.2658156   0.05893872
 -0.06997427  0.08732353  0.26103983  0.04661256 -0.06541853  0.08614509
  0.27524773  0.05804231 -0.08807325  0.1065857   0.23343146  0.06883076
 -0.11496659  0.11131932  0.21540622  0.07584402 -0.11810402  0.144546
  0.18979546  0.09154749 -0.12206062  0.09603361  0.24599399]",0.8466666666666667,0.5086594202898551,0.0,0.9121323529411764,0.7070588235294117,0.0,0.8327307692307693,0.4835,0.0,0.900875,0.685,0.0,0.8312727272727273,0.4824090909090909,0.0,0.0
3.85,0.16666666666666666,1313,0.8283571428571427,0.05664249684626898,0.18314285714285714,0.05899256265818253,2.9783596365375424,2.0,0.4511782272713279,0.5260359267464844,0.012672410151802012,2.0,0.4924012695493808,0.5235728677718844,0.01448221414075378,8,0.6695384911062008,8,0.6505275944514533,0.0040126070925959505,14.0,1.6404350607805502,"[ 1.         -0.42248039  0.21606803 -0.28073534  0.27059471 -0.26932232
  0.20057734 -0.38413638  0.65052759 -0.35528906  0.1936308  -0.33499763
  0.38189075 -0.32598307  0.22156457 -0.37888868  0.54460749 -0.33259535
  0.18553742 -0.31367614  0.41756783 -0.308098    0.21379372 -0.38152835
  0.52999898 -0.3482301   0.20855367 -0.3289649   0.40227907 -0.32611949
  0.1903068  -0.35507567  0.5410581  -0.33443825  0.22029304 -0.34630614
  0.36989027 -0.2965881   0.19281004 -0.36386103  0.5555302  -0.34049088
  0.20124532 -0.30240744  0.33921969 -0.29921604  0.19324909 -0.39045012
  0.56348716 -0.34826173  0.20852204 -0.32181288  0.36634088 -0.28954087
  0.15914208 -0.36298294  0.53280485 -0.3166896   0.20520212 -0.30050312
  0.34044377 -0.27233605  0.1749864  -0.39229302  0.57806404 -0.30769468
  0.19059361 -0.28706898  0.3313007  -0.27497571  0.19765666 -0.38159161
  0.5620833  -0.30383094  0.20438546 -0.30371824  0.34270581 -0.26219837
  0.19333397 -0.39001925  0.53245069 -0.31191259  0.17475284 -0.3001653
  0.32813248 -0.26549483  0.19927364 -0.37724191  0.49357021 -0.28819263
  0.19231537 -0.29594384  0.34842774 -0.27598667  0.17065553 -0.33915465
  0.48274411 -0.27165634  0.23416159 -0.32182923  0.34477357 -0.25226672
  0.15024732 -0.32877577  0.48320662 -0.29137258  0.21102066 -0.30118799
  0.32231288 -0.24633877  0.16335892 -0.34507904  0.47956417 -0.29604126
  0.20840445 -0.31133384  0.31935068 -0.23321545  0.17203131 -0.34530852
  0.49301003 -0.2825954   0.19961909 -0.28385493  0.29483752 -0.23241868
  0.14922463 -0.36742322  0.49757748 -0.26673935  0.18571429 -0.26799888
  0.25082586 -0.23845959  0.15481832 -0.33822609  0.49358905 -0.26662284
  0.21114072 -0.27507775  0.27008315 -0.20893994  0.14123604 -0.3271787
  0.47762004 -0.27883289  0.21364397 -0.29479399  0.30270498 -0.20813145
  0.17077915 -0.33150139  0.42746269 -0.24791755  0.17545547 -0.28099041
  0.3124036  -0.20596246  0.17875957 -0.33105061  0.41526437]",0.8384782608695652,0.4628623188405797,0.0,0.9340808823529412,0.7482720588235294,0.0,0.8399615384615384,0.4660384615384615,0.0,0.9346666666666666,0.7517083333333333,0.0,0.8451818181818181,0.4781818181818182,0.0,0.0
3.85,0.16666666666666666,2029,0.8587857142857143,0.07400258544849107,0.1465,0.07525124583686306,4.697637512421776,2.0,0.45095868822933455,0.3768066513313736,0.030041288069670876,2.0,0.4861311538912699,0.40172442967880795,0.04085577089303021,8,0.824670218538471,16,0.7849868501548339,0.025059841086426334,23.0,1.5283159463487332,"[ 1.         -0.35539579  0.09288786 -0.2981418   0.64847367 -0.2812077
  0.04670283 -0.30774693  0.7832961  -0.30338244  0.04601563 -0.2755942
  0.63750651 -0.27766904  0.04780703 -0.30362173  0.78498685 -0.30876171
  0.05018498 -0.26516212  0.64113347 -0.27782621  0.04310261 -0.28544479
  0.72730463 -0.2893234   0.03980436 -0.26851687  0.62179078 -0.28189995
  0.04218231 -0.29330266  0.74732948 -0.29461437  0.04662891 -0.25799649
  0.61798192 -0.28070744  0.0363931  -0.2895874   0.70626589 -0.28387324
  0.05164969 -0.26058812  0.59894826 -0.2733405   0.03371318 -0.28285115
  0.71615558 -0.29046974  0.03496219 -0.24695844  0.59689903 -0.27660696
  0.0285988  -0.26778351  0.67752644 -0.27990521  0.0202992  -0.2502249
  0.5765157  -0.26613073  0.02393852 -0.26307177  0.6917868  -0.2920896
  0.0219458  -0.25105691  0.56942097 -0.26678614  0.0055797  -0.24228378
  0.64000151 -0.2668868   0.01435282 -0.23909856  0.55808801 -0.25982915
  0.00807773 -0.25109399  0.66389879 -0.28402839  0.0218522  -0.24173433
  0.55738845 -0.26120354  0.00990092 -0.24359461  0.62986106 -0.27139521
  0.01362854 -0.22788392  0.53200376 -0.25500968  0.00100242 -0.23361662
  0.63109771 -0.26646272  0.00157659 -0.22614902  0.53134835 -0.2601682
 -0.00609232 -0.22805344  0.59629685 -0.253243   -0.01673808 -0.22360684
  0.51303367 -0.24694848 -0.01053186 -0.23249298  0.60947243 -0.25772669
 -0.02000454 -0.2161516   0.50846169 -0.25088977 -0.01379832 -0.22314568
  0.5835012  -0.24901007 -0.02894719 -0.20554293  0.48694943 -0.24528245
 -0.01886855 -0.22569316  0.6036585  -0.26863027 -0.01761953 -0.20867694
  0.49895192 -0.26544504 -0.01758774 -0.2326996   0.57520866 -0.25978121
 -0.02075355 -0.2042427   0.46415106 -0.25488052 -0.01206872 -0.22781126
  0.59023216 -0.26624526 -0.02469484 -0.2025078   0.4634515  -0.25364386
 -0.02340168 -0.203195    0.53979654 -0.24789174 -0.03918124 -0.1804143
  0.43639549 -0.23087552 -0.03279843 -0.20434866  0.54873389]",0.8580434782608696,0.5372101449275363,0.0,0.9302205882352941,0.7691911764705882,0.0,0.8552307692307692,0.5303461538461538,0.0,0.9258333333333333,0.758125,0.0,0.8511363636363637,0.5214090909090909,0.0,0.0
3.85,0.16666666666666666,3001,0.7908214285714285,0.10778054872598056,0.22128571428571425,0.1133757523657056,3.5837523360064343,2.0,0.825094567011961,0.21522093034982398,0.004612558536970171,2.0,0.833710153783481,0.21080587170090262,0.0062410081292405785,8,0.8526404538751525,8,0.8522158077344162,0.00787623329137251,10.0,1.337651122625216,"[ 1.         -0.7938549   0.72515249 -0.74378406  0.7845462  -0.7406332
  0.70009908 -0.76585818  0.85221581 -0.75369802  0.68754867 -0.72522203
  0.76448786 -0.71091612  0.66380748 -0.70534165  0.78666799 -0.70628145
  0.64677028 -0.69387917  0.73009989 -0.68001065  0.62874555 -0.66228804
  0.74339456 -0.66997311  0.62294596 -0.66146064  0.70671297 -0.66037297
  0.61059639 -0.6518605   0.72381491 -0.64970274  0.60499209 -0.64134983
  0.69792797 -0.65204991  0.61820421 -0.66004854  0.72646281 -0.66023181
  0.60363189 -0.63699359  0.691407   -0.65229874  0.62228261 -0.66406891
  0.72589485 -0.65853573  0.60084118 -0.63462354  0.68266328 -0.64075982
  0.61016347 -0.65562756  0.71695028 -0.6554147   0.60483701 -0.62594563
  0.67772682 -0.62624718  0.60308126 -0.64389336  0.70713091 -0.65384246
  0.60450562 -0.63326441  0.67140113 -0.62395969  0.5950115  -0.63144391
  0.69501177 -0.64635293  0.59699156 -0.62906773  0.66476188 -0.63004325
  0.59504052 -0.64169514  0.68714286 -0.63215385  0.59813195 -0.61998813
  0.6637208  -0.61778908  0.59221408 -0.63039279  0.67931523 -0.63498029
  0.59780612 -0.61713939  0.6427932  -0.60938346  0.57894785 -0.61730509
  0.67001582 -0.62086377  0.58576398 -0.60762795  0.63948252 -0.59753098
  0.56757969 -0.60425867  0.64638678 -0.60833176  0.56940018 -0.59331059
  0.62728639 -0.57987948  0.54640997 -0.5833556   0.63835275 -0.59413824
  0.5655751  -0.58419527  0.61040262 -0.5656034   0.54215303 -0.58261134
  0.62980987 -0.58962244  0.5575879  -0.5815061   0.60757618 -0.57446541
  0.54373083 -0.58738824  0.62519253 -0.57495023  0.54626102 -0.57469609
  0.59942387 -0.56003533  0.5522079  -0.58065524  0.61664409 -0.5813942
  0.54549222 -0.57236732  0.59552178 -0.55873537  0.54822881 -0.58118191
  0.61349853 -0.57497476  0.53762331 -0.55979403  0.57776876 -0.53909769
  0.53456089 -0.569643    0.59193269 -0.55648974  0.53110234 -0.55127012
  0.56303074 -0.52255758  0.5062085  -0.54960919  0.57052641]",0.8008333333333333,0.4215942028985507,0.0,0.8973529411764706,0.6559558823529412,0.0,0.7902307692307692,0.40342307692307694,0.0,0.88275,0.6230833333333333,0.0,0.7889090909090909,0.403,0.0,0.0
3.85,0.16666666666666666,4099,0.8330000000000001,0.075097080026932,0.17514285714285716,0.08046725788689915,4.618867089038763,2.0,0.8062156155027509,0.23518932691754654,0.009920539394497736,2.0,0.8105919598724647,0.23523799920990462,0.012101474179756452,8,0.8393844517060567,8,0.8257121244458372,0.006343129394211816,29.0,1.2973544973544973,"[ 1.         -0.70367333  0.65112961 -0.63996657  0.62106884 -0.62314043
  0.64451702 -0.66560689  0.82571212 -0.6895972   0.6329371  -0.6537465
  0.65362111 -0.64243924  0.63128236 -0.64602448  0.76338741 -0.66643114
  0.62659239 -0.66367486  0.67706138 -0.64161349  0.6119804  -0.62423263
  0.72505773 -0.64601665  0.61722506 -0.65374026  0.67982551 -0.63498834
  0.61143194 -0.63801886  0.71843881 -0.62808896  0.60591618 -0.62560689
  0.64370213 -0.63029527  0.59378785 -0.62781005  0.72202873 -0.62174432
  0.58826894 -0.61788174  0.62384859 -0.63111794  0.57503746 -0.61980754
  0.7162419  -0.61429339  0.59020414 -0.63001009  0.61585546 -0.6085003
  0.5640091  -0.59967356  0.69804623 -0.60987453  0.60317081 -0.61842393
  0.60399817 -0.58670845  0.54912288 -0.58229429  0.69970722 -0.61703872
  0.59573557 -0.617034    0.60235917 -0.58669273  0.55079332 -0.58393329
  0.67710527 -0.60488837  0.56844997 -0.62170823  0.60430067 -0.59192483
  0.56817574 -0.58943961  0.66029011 -0.58778332  0.54694171 -0.59164277
  0.6092711  -0.59495065  0.5623889  -0.59329436  0.65119384 -0.57205878
  0.56184046 -0.58943021  0.59548803 -0.58088082  0.53481649 -0.58391134
  0.65120011 -0.57812297  0.56349515 -0.58970446  0.57342504 -0.56074684
  0.51992396 -0.57260569  0.65781896 -0.57701986  0.56349511 -0.57785038
  0.55714885 -0.55606323  0.5218497  -0.56102898  0.64926165 -0.55744691
  0.54115161 -0.57096048  0.54252739 -0.55745008  0.52652701 -0.54917806
  0.63436282 -0.55910797  0.5221144  -0.57152154  0.55106571 -0.53649977
  0.51327975 -0.54560075  0.6092583  -0.553047    0.51907599 -0.55580645
  0.53782476 -0.53705138  0.50114825 -0.54559763  0.61974131 -0.54890866
  0.52293697 -0.55497755  0.52707061 -0.52822624  0.49618405 -0.53429198
  0.59519467 -0.54284138  0.50997337 -0.5400851   0.51797118 -0.52464262
  0.48763304 -0.53594989  0.59436255 -0.52878102  0.50417708 -0.54367509
  0.51989377 -0.51802692  0.47825625 -0.51692221  0.57616058]",0.826376811594203,0.4727536231884058,0.0,0.9369485294117647,0.786875,0.0,0.8251538461538461,0.46965384615384614,0.0,0.9369166666666666,0.7810416666666666,0.0,0.8270454545454545,0.4729090909090909,0.0,0.0
3.85,0.16666666666666666,5003,0.8211071428571428,0.07877424310998501,0.1917142857142857,0.08278149255844619,3.8760665804783447,2.0,0.6399521511036612,0.34929220587115917,0.010817665486791717,2.0,0.6498079977482459,0.3764332886636314,0.02192548808938537,8,0.7778594938977339,8,0.7353926437841785,0.015084155998580352,15.0,1.3241243216576222,"[ 1.         -0.60450944  0.55246314 -0.56996842  0.66856801 -0.55818298
  0.50854165 -0.57792951  0.73539264 -0.56744847  0.46244615 -0.55462367
  0.63978645 -0.51825709  0.45717725 -0.51463755  0.67343221 -0.52569701
  0.42775904 -0.50322917  0.64748943 -0.49874003  0.437866   -0.50128812
  0.64786698 -0.50982811  0.43476813 -0.49457022  0.63730007 -0.48964628
  0.42081513 -0.50313884  0.65157635 -0.50655354  0.43213715 -0.49025332
  0.61720856 -0.49297413  0.42113543 -0.50638032  0.65311172 -0.4956372
  0.42811243 -0.46717745  0.58808154 -0.44844412  0.39122518 -0.46132915
  0.60131252 -0.46187893  0.36832302 -0.42334133  0.53941231 -0.40912278
  0.35984374 -0.42791336  0.58209062 -0.44514043  0.37906663 -0.43761365
  0.55241331 -0.42799923  0.37014958 -0.44418695  0.56529586 -0.46045806
  0.37234972 -0.44797872  0.55889826 -0.44531515  0.3629115  -0.44048056
  0.56283761 -0.43147367  0.36711291 -0.42264248  0.54488801 -0.41598232
  0.35159344 -0.42304817  0.55490563 -0.43992681  0.36630155 -0.42658084
  0.52635703 -0.4116684   0.34087993 -0.41829944  0.54627679 -0.43448419
  0.35402454 -0.44311353  0.50704578 -0.42681032  0.35518533 -0.43509123
  0.55128758 -0.44406603  0.36268349 -0.43593171  0.54002379 -0.4360467
  0.36966049 -0.43894322  0.55924966 -0.44383506  0.37750709 -0.43691581
  0.52644536 -0.42200337  0.34817822 -0.42533469  0.53385716 -0.43022653
  0.3585413  -0.41297331  0.51043086 -0.38902834  0.33450747 -0.41164277
  0.51488839 -0.41115023  0.33575165 -0.4072716   0.49684946 -0.40808049
  0.33969099 -0.42078981  0.51190898 -0.41994883  0.36360735 -0.41589747
  0.51740884 -0.41913945  0.35347523 -0.43271837  0.52499635 -0.43283336
  0.36566388 -0.43625105  0.52910842 -0.42611546  0.36300081 -0.44039125
  0.5423394  -0.43625055  0.37640451 -0.42811624  0.49415924 -0.40859968
  0.35376443 -0.42409053  0.53119109 -0.42316319  0.35040448 -0.40955515
  0.48092925 -0.39247168  0.3408799  -0.39276238  0.50206407]",0.8293840579710144,0.44,0.0,0.9148161764705882,0.7133823529411765,0.0,0.8213461538461538,0.4261923076923077,0.0,0.908,0.695875,0.0,0.82,0.4255909090909091,0.0,0.0
3.9,0.16666666666666666,101,0.7695000000000002,0.08358122653186796,0.3265,0.10863388710973859,2.1982367874535256,2.0,0.7975735807467189,0.2671654478241862,0.002286930584943998,2.0,0.5825472073889506,0.4896973838083669,0.006010804351008371,4,0.717157507809185,4,0.5170747827876419,0.0038211107219723087,10.0,1.3033932135728543,"[ 1.         -0.50335189  0.22095231 -0.43930997  0.51707478 -0.37726238
  0.34077437 -0.45054467  0.47623686 -0.42069989  0.39026229 -0.3951464
  0.41494421 -0.38071756  0.42132612 -0.42400321  0.37731114 -0.38251627
  0.43756111 -0.40808902  0.38306001 -0.41984672  0.40881021 -0.38929076
  0.42589008 -0.41318996  0.39885866 -0.36098691  0.39247566 -0.44674661
  0.42278347 -0.39395646  0.41972939 -0.40528745  0.37496691 -0.41332584
  0.41789436 -0.3729435   0.41261596 -0.41092405  0.38204075 -0.36657121
  0.38751478 -0.38423926  0.39252578 -0.37789367  0.3453241  -0.38726665
  0.42821682 -0.39334702  0.37393058 -0.35575795  0.35878948 -0.3896984
  0.3806055  -0.35955099  0.37908273 -0.38772332  0.35456011 -0.34166062
  0.37580719 -0.40050445  0.37971359 -0.35864528  0.35430124 -0.37074193
  0.40908573 -0.39809413  0.36307641 -0.38252741  0.42462466 -0.41374419
  0.34365256 -0.33914655  0.40979473 -0.37938775  0.34078557 -0.36227157
  0.38998048 -0.36032318  0.35954751 -0.36031464  0.32868783 -0.34262952
  0.37937773 -0.40191822  0.36685438 -0.30722295  0.36499266 -0.39132727
  0.32327463 -0.32698272  0.38800958 -0.38317552  0.33988185 -0.35331258
  0.37999788 -0.36829329  0.36761676 -0.37492445  0.37034896 -0.33318935
  0.34903119 -0.3749437   0.37230589 -0.35556687  0.3539781  -0.33868371
  0.31763477 -0.38768301  0.40515772 -0.3046299   0.32414929 -0.37677128
  0.32921477 -0.30685532  0.36128388 -0.35722552  0.3407136  -0.36421378
  0.33507809 -0.31094245  0.34583906 -0.37404125  0.3611213  -0.3085225
  0.32493837 -0.38872896  0.36913082 -0.29063213  0.31347367 -0.37345633
  0.32661936 -0.30790126  0.35553809 -0.35104468  0.30482894 -0.29791558
  0.36141104 -0.33879835  0.29697764 -0.31956376  0.35384421 -0.32943608
  0.29813259 -0.33065622  0.336451   -0.30686403  0.32171845 -0.33037284
  0.30433487 -0.29963833  0.3235513  -0.33325799  0.3395992  -0.31598141
  0.27666079 -0.28996489  0.29949061 -0.30462482  0.33944625]",0.7979710144927536,0.33605072463768115,0.0,0.8114705882352942,0.35558823529411765,0.0,0.8007307692307692,0.3321153846153846,0.0,0.8132916666666666,0.3632916666666667,0.0,0.7980454545454545,0.3287272727272727,0.0,0.0
3.9,0.16666666666666666,707,0.8118214285714284,0.049537902928269095,0.26857142857142857,0.08157880877296705,2.936393827917433,700.0,0.06376224338754867,0.8644642761992565,0.12949720708385032,3.954802259887006,0.034086712730139836,0.8859828036553385,0.04720052884412892,4,0.31602505960056804,4,0.2985692381828538,0.011014884867021691,16.0,1.4733542319749215,"[ 1.00000000e+00 -1.27565602e-01 -2.99841416e-01 -6.76917685e-03
  2.98569238e-01  1.18519735e-01 -1.70806063e-01 -5.08095676e-02
  2.05494809e-01  1.38384369e-02 -4.14487230e-02  4.65483857e-02
  1.31325623e-01  8.46804223e-04  5.87856486e-03  1.23669339e-02
  1.01437333e-01 -6.10373680e-03  3.13873921e-02  1.23314496e-02
  2.21776843e-02  1.54992334e-01  1.08213957e-02  3.09633329e-03
 -2.48214833e-03  8.51163096e-02  4.62658256e-02  1.49283743e-02
  3.60441582e-02  1.34310247e-02  3.09282867e-02  2.22679283e-02
  5.74131511e-02  6.49134797e-02 -1.69299514e-02  4.75927630e-02
  5.97235730e-02  2.10724142e-02 -5.55425593e-02  1.03230385e-01
  8.31011521e-02 -5.92605248e-02  3.03465195e-02  3.06098042e-02
  1.00023656e-01 -7.29881281e-02  2.06816489e-03  7.16200114e-02
  5.20887545e-02 -4.35847899e-02 -7.90292198e-03  7.60770141e-02
  2.71529329e-02 -3.33626845e-02  2.11630963e-02  9.42086126e-03
  5.99908004e-02 -3.07149428e-02  5.01064529e-02  2.79686336e-02
  1.35431726e-02  2.56739826e-02  4.00740351e-02 -1.72033119e-03
 -3.84855653e-02  2.52245148e-02  5.80084987e-02  3.89525562e-02
 -2.29736715e-02 -2.03644807e-02  3.91904324e-02  6.25907916e-02
 -1.56954484e-02 -6.04490297e-02  4.21754939e-02  4.21627897e-02
  1.96109870e-02 -6.59276296e-02  1.32838306e-02  9.47798659e-02
  2.56275463e-04 -4.87904674e-02  3.05589872e-02  5.62439217e-02
  2.71143821e-02 -1.16182591e-01  3.70245762e-02  6.07622552e-02
  1.70206335e-02 -8.60279494e-02  6.25487361e-02  3.43698252e-02
 -1.09204013e-02 -1.74341788e-02  2.14833311e-03  8.24330836e-02
  1.03105971e-02 -5.95273141e-02  3.23643054e-02  6.01958207e-02
  2.98703290e-02 -5.93157226e-04 -3.49511543e-02  6.62014281e-02
  4.78814562e-02 -4.89880405e-02 -2.83475709e-02  5.00665878e-02
  5.89161957e-02 -5.27800412e-02 -3.93766154e-02  6.88903491e-02
 -3.70745170e-03 -5.56980768e-02 -1.19052000e-02  8.55521970e-02
  6.04551627e-02 -6.41205590e-02 -1.92543917e-02  7.24379025e-02
  6.68594209e-02  1.98931090e-03 -5.20865642e-02  1.33714461e-02
  4.94519648e-02 -2.87598020e-03  2.90493714e-02  2.34240154e-03
  1.35992465e-02  2.46567661e-02 -1.14338284e-02  2.71305910e-02
  2.60445963e-02 -4.14474088e-02 -7.57480177e-03  2.03947080e-02
  1.95080387e-02  3.81127612e-05 -3.15599947e-02  6.34901652e-02
  4.39589083e-02 -3.13221185e-02  6.90498094e-03  3.54111359e-02
 -2.70337758e-03 -4.51110527e-02  1.45205239e-02  2.57160380e-02
 -2.61519254e-02  8.05624918e-04  3.75607833e-02  9.51986682e-03
 -5.46909362e-02  3.64647128e-02  8.73719718e-02 -1.84824988e-02
 -1.09050248e-01  4.31449599e-02  1.35910545e-01 -3.97078022e-02
 -6.68134227e-02]",0.821376811594203,0.3705434782608696,0.0,0.8432352941176471,0.43463235294117647,0.0,0.8343461538461538,0.40992307692307695,0.0,0.8338333333333333,0.424625,0.0,0.8372272727272727,0.43404545454545457,0.0,0.0
3.9,0.16666666666666666,1313,0.8087142857142857,0.05919812807299687,0.27399999999999997,0.08562209327704419,2.381182249637185,2.0,0.6952761491930314,0.3718785792636203,0.003954920805860396,2.0,0.4242642236926661,0.6208128483502806,0.01067624234511049,4,0.6476036789875007,4,0.48505319770840644,0.0018731043092511356,14.0,1.5498989898989899,"[ 1.         -0.3222799  -0.03933357 -0.2900986   0.4850532  -0.19585331
  0.08754121 -0.28378581  0.37815036 -0.30035933  0.23271367 -0.24091664
  0.25733427 -0.3059332   0.26903543 -0.25184925  0.22570716 -0.25891344
  0.28852099 -0.23479949  0.24297128 -0.23677774  0.24978136 -0.2794045
  0.28630812 -0.24533302  0.19373787 -0.25847695  0.34012861 -0.24018941
  0.17206828 -0.2589454   0.29115866 -0.22411396  0.21322265 -0.2974317
  0.25904439 -0.23017499  0.27097938 -0.2633119   0.21716747 -0.23089676
  0.26269691 -0.31179469  0.23006664 -0.21823142  0.29899918 -0.28958104
  0.212041   -0.19586188  0.27436767 -0.31933746  0.26611481 -0.21684945
  0.23319225 -0.28375619  0.28363225 -0.19319381  0.20783974 -0.28697221
  0.27681126 -0.22729569  0.21300285 -0.26890915  0.27388752 -0.22873845
  0.24129623 -0.24061577  0.25662185 -0.23068787  0.24737519 -0.24377333
  0.17259597 -0.21923068  0.29996804 -0.24383257  0.13773413 -0.23704197
  0.33964145 -0.22728945  0.10115749 -0.22047936  0.29918703 -0.21631942
  0.16135001 -0.23971316  0.27656261 -0.25747535  0.22175689 -0.21196539
  0.22418255 -0.22579134  0.22004131 -0.20610078  0.17571924 -0.22678592
  0.27240033 -0.24045598  0.21056004 -0.23117113  0.21470049 -0.19826883
  0.19545734 -0.18929576  0.22711251 -0.24969406  0.23370825 -0.2021965
  0.17256947 -0.22407031  0.21157099 -0.20457461  0.21524377 -0.21723138
  0.20866674 -0.188012    0.23204022 -0.2033384   0.15827429 -0.18479754
  0.26812814 -0.19944191  0.16361277 -0.21015004  0.23862504 -0.19996882
  0.18625512 -0.18799486  0.18653728 -0.24130013  0.25280019 -0.1784863
  0.1548712  -0.23958611  0.27203243 -0.17435598  0.14658872 -0.2213087
  0.25207763 -0.1886987   0.14027437 -0.20229081  0.24625044 -0.20767918
  0.20337036 -0.18110994  0.19338322 -0.20717331  0.21022877 -0.18130558
  0.15836549 -0.19008457  0.24994115 -0.18009821  0.11989867 -0.20563545
  0.25097315 -0.16977123  0.10343193 -0.16418878  0.23394131]",0.8348188405797101,0.4118478260869565,0.0,0.8627573529411765,0.49003676470588237,0.0,0.8422692307692308,0.4165384615384615,0.0,0.8658333333333333,0.5035833333333334,0.0,0.8332272727272727,0.39440909090909093,0.0,0.0
3.9,0.16666666666666666,2029,0.7652142857142858,0.05922677793439211,0.30942857142857144,0.08069140004248486,1.9335138633421896,2.0,0.34714417421637134,0.6835571476869206,0.011170460607904761,2.0,0.21886514369933677,0.7808080751685369,0.0073028490057150015,4,0.4771308472947819,4,0.33961493891572514,0.00044897635227150766,28.0,1.387572069186419,"[ 1.         -0.35087393 -0.10714649 -0.16006152  0.33961494 -0.11107595
 -0.03519369 -0.15554456  0.29990916 -0.19168204  0.05468453 -0.10155794
  0.20449319 -0.15360232  0.09430637 -0.15659076  0.24356651 -0.18264813
  0.07732786 -0.10555357  0.19357375 -0.12348667  0.03720834 -0.11334213
  0.21553971 -0.15702402  0.09527277 -0.1286751   0.15522862 -0.10783924
  0.07291256 -0.06173101  0.09951251 -0.1362331   0.12426005 -0.10548326
  0.11403749 -0.15728942  0.13306168 -0.11598304  0.14663208 -0.14999855
  0.12026441 -0.1008061   0.12725265 -0.15172211  0.1802126  -0.16800966
  0.12312817 -0.13215707  0.16072973 -0.17696733  0.13840853 -0.11622476
  0.15931648 -0.13131185  0.08293063 -0.09117458  0.12828348 -0.10208043
  0.12145544 -0.16036532  0.1536753  -0.14672283  0.13608385 -0.14247717
  0.1118789  -0.11807127  0.13192803 -0.08321228  0.09383471 -0.14852441
  0.10531448 -0.06158796  0.10733475 -0.13523124  0.07373297 -0.08775642
  0.14236161 -0.12786827  0.11081911 -0.11542625  0.10121715 -0.1065856
  0.12257018 -0.1222933   0.13658566 -0.13957444  0.14103819 -0.10361842
  0.06290337 -0.10718672  0.12789928 -0.11367312  0.06807228 -0.09046768
  0.14448354 -0.16928579  0.1192129  -0.03055084  0.11721805 -0.24056716
  0.14117886 -0.0119794   0.07213056 -0.21308472  0.16688099 -0.0597781
  0.11055193 -0.16118871  0.10986098 -0.10178138  0.13875842 -0.12180509
  0.09264426 -0.13850638  0.13703486 -0.0856812   0.06767625 -0.11348754
  0.10775083 -0.07996378  0.09598617 -0.1215864   0.1201852  -0.15892434
  0.16598312 -0.08700462  0.0665597  -0.07398274  0.09230084 -0.09969846
  0.09699158 -0.09833014  0.12184256 -0.1313834   0.09132499 -0.08215961
  0.10661302 -0.15724156  0.16385765 -0.0891301   0.09391919 -0.12276322
  0.08400694 -0.05204396  0.08043863 -0.13966964  0.13305694 -0.11105116
  0.11128425 -0.13624971  0.15413274 -0.08678771  0.08947255 -0.16406371
  0.1481245  -0.04651392  0.08346431 -0.1478211   0.07869555]",0.8055797101449276,0.32992753623188403,0.0,0.8283088235294118,0.3876470588235294,0.0,0.8225384615384616,0.37653846153846154,0.0,0.8254583333333333,0.38358333333333333,0.0,0.8194545454545454,0.3609545454545455,0.0,0.0
3.9,0.16666666666666666,3001,0.7586428571428571,0.05484016664408507,0.33771428571428574,0.08971656048071502,2.167714924957414,4.046242774566474,0.03738568343834362,0.8762141750381861,0.03566435124216098,4.046242774566474,0.057604520727354565,0.8666286732531995,0.025103486589076712,4,0.3118899484830281,4,0.3239007138438179,0.0020060995714939584,9.0,1.3028382474510884,"[ 1.00000000e+00 -1.37918393e-01 -2.58960689e-01 -1.54498172e-01
  3.23900714e-01  5.53142753e-02 -1.84540203e-01 -7.86375392e-02
  2.09519869e-01  1.38256929e-02 -1.02117770e-01 -5.95562491e-02
  1.72024653e-01  5.04220183e-02 -9.54755023e-02 -4.13775867e-02
  1.52604813e-01  6.10576537e-02 -8.31664559e-02 -4.72605465e-02
  1.14883941e-01 -7.60610947e-03 -5.43236015e-02 -2.25124781e-02
  1.12456828e-01 -5.48712198e-03 -1.30195709e-01  5.51305913e-02
  1.33297735e-01  2.63374466e-02 -1.16228465e-01 -4.59314235e-02
  1.39394877e-01  1.41335570e-02 -6.29816997e-02 -8.22045415e-02
  9.24803863e-02  6.82677371e-02 -3.63573826e-02 -8.12062323e-02
  1.11670702e-01  5.99481895e-02 -4.87869291e-02 -7.73276278e-02
  6.82830513e-02  1.11622962e-01 -4.20280293e-02 -9.02008818e-02
 -1.85727180e-02  9.92010223e-02  7.68874410e-02 -8.22122783e-02
  2.72710940e-03  2.48933001e-02  4.36112500e-02 -5.73627912e-02
 -3.83177655e-02  6.80286059e-02  2.57405822e-02 -2.30940283e-02
 -4.18731627e-02  1.85532891e-02  2.74006494e-02 -2.06555714e-02
  9.37311560e-03  6.13134900e-03  6.19026756e-02 -2.53164341e-02
 -2.75617605e-02  4.25172303e-02  8.54301681e-03 -6.00403792e-02
  3.93573232e-03  1.73367990e-02  4.34887505e-02 -5.01603142e-02
 -2.05753346e-02  2.78634091e-02  6.22201456e-02 -1.41243279e-02
 -2.36946307e-02  3.31897677e-02  6.08908922e-02 -3.36455875e-02
  3.26436852e-03  2.00984632e-02  6.59915938e-02 -6.20409964e-02
 -6.36245648e-02  7.96661581e-02  1.21882276e-02 -5.80457602e-02
  2.47841155e-02  3.80609440e-02  4.01284542e-02 -5.26331955e-02
  1.83332102e-02  7.75886075e-03 -1.72245718e-02 -1.68000469e-02
  2.29978108e-02  8.87067213e-04  4.74495622e-02 -6.02815097e-02
  4.66252008e-02 -2.47370716e-02 -1.41899459e-04 -7.94832999e-02
  2.94162911e-02  5.49064846e-02  9.73055909e-03 -4.98696623e-02
  1.52195211e-02 -1.07603516e-02 -4.35718560e-03 -5.62977484e-02
  4.96049156e-02 -1.61996039e-02  4.84590855e-03 -4.09993813e-02
  1.27714584e-02  2.88271634e-02  2.91350566e-02 -5.48614691e-02
  4.01580975e-03 -1.35412275e-02  8.13853815e-02 -3.58892043e-02
 -5.05583397e-02  1.16429419e-02  2.44760630e-02 -3.25633324e-02
  6.89984309e-03  8.20417643e-03  2.18156872e-02 -5.81874713e-02
  1.79943988e-02 -1.42049849e-02  7.69463074e-02 -2.71336860e-02
 -4.60218456e-02 -3.53996555e-02  1.18088733e-01 -8.40229091e-03
 -5.60148043e-02 -6.95708679e-02  5.26399471e-02  4.19565724e-02
 -4.94739549e-02 -2.67626379e-02  7.55979728e-02 -5.77667135e-02
 -6.92132650e-02  4.01224270e-02  6.88275981e-02 -5.85107077e-03
 -9.98348177e-02 -6.36956449e-02  1.20299533e-01  2.56464220e-02
 -4.84795141e-02]",0.7726811594202898,0.27452898550724636,0.0,0.7971691176470588,0.3255882352941176,0.0,0.7933076923076923,0.31934615384615384,0.0,0.7840416666666666,0.29620833333333335,0.0,0.7868181818181819,0.30586363636363634,0.0,0.0
3.9,0.16666666666666666,4099,0.8223214285714285,0.06009638304508884,0.25635714285714284,0.09437168699415333,3.4429323636941667,2.0,0.582744619487471,0.483418994993553,0.0017194468230210477,2.0,0.34667958575566243,0.6806451890810045,0.0032423678308747903,8,0.5140468181021247,4,0.3706384741927217,0.0013010097785823881,20.0,1.4678936605316972,"[ 1.         -0.26966486 -0.14631227 -0.29684474  0.37063847 -0.05203579
  0.04043879 -0.31416522  0.32294297 -0.17557374  0.20808731 -0.26917571
  0.17358722 -0.17033552  0.24636157 -0.27386084  0.17897841 -0.19391925
  0.26809232 -0.21312985  0.14717047 -0.19304118  0.22681303 -0.17280642
  0.21235672 -0.24144361  0.18312766 -0.21227772  0.29203729 -0.23299728
  0.13983643 -0.193558    0.2631894  -0.18760676  0.16086712 -0.24922278
  0.22586926 -0.18322155  0.24635895 -0.22112681  0.12980413 -0.22113977
  0.309095   -0.16686302  0.10932654 -0.2636221   0.2688148  -0.10072179
  0.1503569  -0.28209463  0.2215713  -0.15889461  0.20321371 -0.21835949
  0.1739709  -0.17275893  0.21441615 -0.20720804  0.17414891 -0.23524093
  0.20957806 -0.12983844  0.18169125 -0.25927666  0.19356259 -0.14529994
  0.21319927 -0.25213534  0.17458707 -0.12693025  0.20615217 -0.24218693
  0.13686592 -0.18710814  0.2703903  -0.16085819  0.15678867 -0.22372824
  0.18895872 -0.15140589  0.20468724 -0.16585533  0.15359265 -0.22842633
  0.19193086 -0.13069408  0.19061288 -0.218624    0.15085551 -0.13046508
  0.18312066 -0.20656855  0.18160562 -0.17565253  0.17808551 -0.21355779
  0.19546906 -0.13457118  0.13565416 -0.16115298  0.19629615 -0.19399803
  0.16760731 -0.16283395  0.15476192 -0.17036419  0.18051577 -0.15824479
  0.18055379 -0.21610561  0.18775906 -0.15019947  0.17731975 -0.21517656
  0.14868878 -0.15237655  0.21118287 -0.17034001  0.13893656 -0.17997041
  0.17176256 -0.15552158  0.17530772 -0.13262581  0.15579808 -0.20963329
  0.11873895 -0.07796101  0.22409733 -0.22289265  0.10061645 -0.13864188
  0.22642649 -0.17419205  0.12119514 -0.14754109  0.16188157 -0.16670071
  0.11726105 -0.15307923  0.19253657 -0.16196547  0.13362567 -0.1534042
  0.20138392 -0.17236675  0.1282846  -0.16701359  0.17273998 -0.12692524
  0.15397449 -0.17190266  0.16744989 -0.1425397   0.14562926 -0.17057259
  0.15690252 -0.14837688  0.11823934 -0.15761315  0.21016035]",0.8377536231884058,0.45909420289855074,0.0,0.845110294117647,0.47393382352941177,0.0,0.8522307692307692,0.49353846153846154,0.0,0.8446666666666667,0.47725,0.0,0.8473181818181819,0.47804545454545455,0.0,0.0
3.9,0.16666666666666666,5003,0.8313928571428572,0.03913378088202632,0.24092857142857144,0.06876353299087937,2.6101610577468946,4.1420118343195265,0.052546022201321825,0.8725397689102887,0.00853719342756642,4.1420118343195265,0.07809489554200122,0.8636172128930439,0.012433119316665762,4,0.20724777690537322,4,0.282836681645967,0.0004078830343747682,28.0,1.850246845858475,"[ 1.00000000e+00 -8.57504620e-02 -4.03142829e-01 -1.41486003e-01
  2.82836682e-01  1.37447970e-01 -2.33708487e-01 -6.24148684e-02
  1.76649538e-01 -2.11296781e-02 -6.25595905e-02 -4.94701018e-02
  7.12177041e-02  4.04991756e-02 -4.17175117e-02 -2.96574034e-02
  6.71345318e-02 -2.64118151e-02 -7.77978009e-02 -1.66425008e-02
  6.51802564e-02  1.31004455e-01 -1.29876649e-01 -9.39908056e-02
  7.90875046e-02  1.28157834e-01 -3.71430236e-02 -1.60557590e-01
  4.63726638e-02  1.00867203e-01 -1.09436342e-02 -1.02361084e-01
  2.38879662e-02  6.90447078e-02 -6.24042062e-02 -2.81660194e-02
  5.13908059e-02  5.75454639e-02 -8.79101464e-02 -3.21790558e-02
  8.51433017e-02  2.40753125e-02 -4.04951601e-02 -9.41470778e-02
  9.10162026e-02  4.45731855e-02 -2.41797134e-03 -4.02083655e-02
 -5.77424073e-02  4.09712540e-02  6.02402628e-02 -3.49537403e-02
 -3.86181206e-02  2.89238704e-02  6.81751618e-02 -8.64143122e-02
 -5.89739213e-02 -1.53278010e-02  1.49168022e-01 -3.29255478e-03
 -5.00096418e-02 -5.42922978e-02  3.48094960e-02  6.78812673e-02
 -4.16636380e-02 -3.02218054e-02  1.20507285e-02  2.50031823e-02
 -5.04157091e-02 -3.15578051e-02  2.06210596e-03  6.15697498e-02
 -1.61150736e-02 -4.03098762e-02  2.47590120e-02  4.29986403e-02
 -3.34496316e-02 -6.55417466e-02 -1.52348654e-02  9.94104554e-02
 -4.22899971e-03 -4.40112560e-02 -4.71943955e-02  4.41733302e-02
  2.46474264e-02 -3.66946327e-02  1.18307235e-03  4.63398140e-02
  5.66521210e-03 -4.40731175e-02 -9.00948408e-03  2.70835298e-02
 -2.78049393e-02 -1.93843494e-02 -1.15820351e-02  3.88618810e-02
  5.74038555e-03 -4.55085653e-02 -4.99282563e-02  7.81756211e-02
  6.54475131e-02 -5.96848459e-02 -8.13396467e-02  2.78814646e-02
  1.40123819e-01 -2.09893814e-02 -9.88112397e-02 -8.95413523e-03
  6.05095819e-02  4.23572644e-02 -8.27341074e-03 -1.99020023e-02
  1.52285300e-02 -2.01588973e-02 -5.34174277e-02  2.96418810e-02
  7.43173818e-02 -2.67820715e-02 -6.97226052e-02  2.67952601e-02
  1.03056773e-01 -1.30118582e-02 -8.43099906e-02 -2.41709734e-03
  7.71397280e-02  6.36563093e-02 -9.43655121e-02 -6.89838821e-02
  2.93186743e-02  4.16528524e-02  9.76790845e-03 -5.96084978e-02
  4.77577864e-02  5.09132245e-03 -8.45899519e-03  1.47221605e-03
 -6.35093613e-02  3.65778863e-02  3.14730207e-02  3.63869977e-03
 -1.19736159e-02 -1.47456507e-02 -3.98327989e-02  9.29113788e-04
  2.64477787e-02  7.90874907e-02 -3.48522435e-02 -8.54127827e-02
  4.33762694e-02  3.25698874e-02 -1.64131315e-02 -3.44953130e-02
  1.11646011e-03  7.25019033e-02 -1.52091293e-02 -4.46911065e-02
 -2.76178936e-02  1.66465024e-02  3.96920645e-02  2.09214713e-02
 -2.27743731e-02]",0.8435507246376811,0.42478260869565215,0.0,0.8698529411764706,0.4984558823529412,0.0,0.8640384615384615,0.4821153846153846,0.0,0.87,0.49954166666666666,0.0,0.8561363636363636,0.4570909090909091,0.0,0.0
3.95,0.16666666666666666,101,0.5906071428571429,0.0488089125977991,0.7757857142857142,0.08028580960848435,0.2116116783041171,2.0,0.5795966325203623,0.3938536891256591,0.07385576370659243,2.0,0.4515782300585599,0.45672874285123555,0.307756274103597,12,0.7398245495278953,4,0.803520802998489,0.1809876492148833,11.0,1.1025276621662776,"[ 1.          0.00998103  0.67167861  0.08614793  0.8035208   0.04424574
  0.67130526  0.0478295   0.78071633  0.02783919  0.66959026  0.029475
  0.76346997  0.0230681   0.64735727  0.03523124  0.72600877  0.00941448
  0.63840454  0.01103289  0.70097061  0.00684226  0.62115818  0.00322312
  0.69316084 -0.0056858   0.61084639 -0.00487238  0.68174092 -0.0146037
  0.60746919 -0.00353129  0.66368957 -0.01299428  0.59274226 -0.03434365
  0.66971414 -0.03354765  0.56221564 -0.0213671   0.64115288 -0.04134
  0.54611224 -0.06184956  0.66771285 -0.0613393   0.52500481 -0.03391312
  0.6139153  -0.04918514  0.51249416 -0.04090049  0.61441659 -0.08525246
  0.53737451 -0.07585966  0.60356815 -0.06921981  0.50631123 -0.06756658
  0.60217372 -0.07283052  0.51850021 -0.07146303  0.60020781 -0.07451069
  0.50073461 -0.07148099  0.59325527 -0.08673559  0.49987684 -0.08536811
  0.58464052 -0.09509943  0.47712461 -0.08263313  0.56104848 -0.09181038
  0.46849245 -0.10316909  0.54964597 -0.10680564  0.45128091 -0.09961171
  0.5329885  -0.11238171  0.44182635 -0.10490204  0.54376619 -0.12680548
  0.43876971 -0.10379445  0.52880576 -0.11350836  0.43876917 -0.10767349
  0.52880522 -0.13207895  0.44623985 -0.11378621  0.50939482 -0.11131059
  0.41242364 -0.12488557  0.49581086 -0.12324975  0.42541761 -0.13072997
  0.48830425 -0.11965755  0.39825024 -0.12243688  0.47111013 -0.12550195
  0.39714155 -0.13712898  0.48883981 -0.13574408  0.38772182 -0.11938189
  0.4661224  -0.12298361  0.38911515 -0.12933828  0.48247562 -0.12852486
  0.37665674 -0.10828418  0.47057128 -0.13765885  0.37443992 -0.11437949
  0.45561085 -0.13462072  0.35835394 -0.13266434  0.46113359 -0.13933957
  0.34117723 -0.11579188  0.43950691 -0.1557287   0.33946223 -0.13191269
  0.39898962 -0.15356521  0.32278735 -0.15191198  0.3906432  -0.1680064
  0.30280547 -0.16469096  0.3775959  -0.16469994  0.27369014 -0.15444993
  0.34876631 -0.17081267  0.27451199 -0.18327951  0.36120621]",0.830036231884058,0.31416666666666665,0.0,0.9622426470588236,0.8675367647058824,0.0,0.8256538461538462,0.3060769230769231,0.0,0.947125,0.8255833333333333,0.0,0.8168181818181818,0.3014090909090909,0.0,0.0
3.95,0.16666666666666666,707,0.6263214285714286,0.07557543703924882,0.7223571428571427,0.12568447292602966,0.28409585361901696,2.0,0.9909274461598091,0.01691157237350906,0.0007316784970410752,2.0,0.9928235206094851,0.013346668463882778,0.0012869578535667824,4,0.9776607047189555,4,0.9848734362799433,0.007446010929654476,4.0,1.1676480775891929,"[ 1.         -0.98545441  0.98282795 -0.97808389  0.98487344 -0.97593732
  0.9754895  -0.97208312  0.97889151 -0.96971046  0.97018584 -0.96721279
  0.97439111 -0.96471513  0.9645789  -0.96231856  0.96762983 -0.95891655
  0.95904915 -0.95699606  0.96300444 -0.95449839  0.95364439 -0.95167355
  0.95704641 -0.95040743  0.95127989 -0.94768367  0.9508384  -0.94360339
  0.94338816 -0.94145681  0.94395212 -0.93725154  0.93640079 -0.93477778
  0.93797019 -0.93114967  0.93119822 -0.928777    0.93166109 -0.92660652
  0.92556738 -0.92322841  0.92532808 -0.92027857  0.9205909  -0.91722764
  0.91866789 -0.91314735  0.9142818  -0.91235731  0.91552402 -0.91086509
  0.91056076 -0.90726089  0.90896492 -0.90431105  0.90445384 -0.90148621
  0.902983   -0.89876246  0.89915018 -0.89435499  0.89564454 -0.89163124
  0.89181172 -0.88767595  0.88898435 -0.88585656  0.88753741 -0.88438824
  0.8854894  -0.8814384   0.88200767 -0.87816138  0.87953138 -0.87689526
  0.87750727 -0.87394542  0.8746799  -0.8725782   0.87391122 -0.87065771
  0.8701795  -0.8671307   0.86702494 -0.86407977  0.86351931 -0.86067775
  0.86059084 -0.85830508  0.85776347 -0.85535524  0.85518609 -0.85388693
  0.85384024 -0.85194254  0.85078679 -0.84854052  0.84740614 -0.84513851
  0.84379941 -0.84196258  0.84041877 -0.83913773  0.8375914  -0.83631289
  0.83476403 -0.83348804  0.83193666 -0.8306632   0.82910929 -0.82783836
  0.82628191 -0.82501351  0.82345454 -0.82218867  0.82062717 -0.81936382
  0.8177998  -0.81653898  0.81497243 -0.81371413  0.81214506 -0.81088929
  0.80931769 -0.80806444  0.80649032 -0.8052396   0.80366294 -0.80241476
  0.80083557 -0.79958991  0.7980082  -0.79676507  0.79518083 -0.79394022
  0.79235346 -0.79111538  0.78952609 -0.78829053  0.78669872 -0.78546569
  0.78387135 -0.78264084  0.78104398 -0.779816    0.7782166  -0.77699115
  0.77538923 -0.77416631  0.77256186 -0.77134147  0.76973449 -0.76851662
  0.76690712 -0.76569178  0.76407975 -0.76286693  0.76125238]",0.7489855072463768,0.051992753623188406,0.0,0.9960294117647058,0.9803676470588235,0.0,0.7500384615384615,0.054038461538461535,0.0,0.9945833333333334,0.973,0.0,0.7503181818181818,0.05545454545454546,0.0,0.0
3.95,0.16666666666666666,1313,0.6012142857142857,0.030769137068146196,0.7907857142857142,0.06162174775124742,0.19670889475705178,2.0,0.8596195269744991,0.19499469713376036,0.008308522130747792,2.0,0.8305059444306514,0.20725036054102927,0.07922143146026243,6,0.8153708099069468,6,0.8583334065925206,0.023931556446325067,6.0,1.1379381231370131,"[ 1.         -0.60987744  0.81858661 -0.53682699  0.84641759 -0.60861859
  0.85833341 -0.60558812  0.82493032 -0.59179124  0.82291147 -0.60279486
  0.8271297  -0.6004577   0.81689329 -0.59718     0.81017177 -0.59578337
  0.82344868 -0.62294938  0.79851039 -0.59393065  0.77844809 -0.61263186
  0.80523911 -0.61200244  0.76807389 -0.59367622  0.77323265 -0.61579291
  0.78198022 -0.59028908  0.75763581 -0.59941164  0.78536736 -0.59818833
  0.74520722 -0.58251038  0.75541529 -0.61574014  0.76621725 -0.6008294
  0.72939869 -0.60225437  0.73567131 -0.60803535  0.74724047 -0.61092083
  0.72683152 -0.59336181  0.71805562 -0.60530597  0.70833918 -0.60997309
  0.69938995 -0.60857646  0.70378151 -0.61675848  0.69824775 -0.6114264
  0.68288812 -0.61114363  0.68975462 -0.62873098  0.70020992 -0.61528075
  0.65834204 -0.61140918  0.67384667 -0.6260016   0.65591266 -0.59879004
  0.66713517 -0.62330777  0.67177395 -0.59797727  0.65195888 -0.59539288
  0.65001393 -0.6092181   0.67457723 -0.61133638  0.64612403 -0.58301095
  0.63982307 -0.59153963  0.65874317 -0.61100805  0.6445713  -0.56669356
  0.62886501 -0.60343823  0.64607737 -0.5935768   0.61591644 -0.5774783
  0.61337761 -0.59447177  0.62177852 -0.59042687  0.60777997 -0.58185263
  0.61071101 -0.58491144  0.60876607 -0.58274761  0.60511338 -0.56981736
  0.5909415  -0.57611832  0.60533226 -0.58370646  0.59663026 -0.56666743
  0.57998344 -0.57237451  0.57932568 -0.56362694  0.5772074  -0.57292283
  0.5933059  -0.56845737  0.57143644 -0.54953727  0.57077867 -0.56747128
  0.57747185 -0.56607465  0.55971117 -0.55750041  0.55999394 -0.56414802
  0.55616792 -0.56292472  0.55345577 -0.56110754  0.55151082 -0.55929036
  0.54956587 -0.55747317  0.54762092 -0.55565599  0.54567597 -0.55383881
  0.54373102 -0.55202163  0.54178608 -0.55020444  0.53984113 -0.54838726
  0.53789618 -0.54657008  0.53595123 -0.5447529   0.53400628 -0.54293572
  0.53206133 -0.54111853  0.53011638 -0.53930135  0.52817143]",0.803731884057971,0.28289855072463765,0.0,0.9879044117647059,0.9463602941176471,0.0,0.8025384615384615,0.27976923076923077,0.0,0.985875,0.934375,0.0,0.803,0.2802727272727273,0.0,0.0
3.95,0.16666666666666666,2029,0.65525,0.016260436209225324,0.6866428571428572,0.03065034873457428,0.3628496801243582,2.0,0.22722141452150862,0.694149904198027,0.021489405914569257,2.0,0.36574953403745447,0.5755967522370566,0.00890452533171721,48,0.4382980447776312,4,0.5475350546233775,0.004390328155374804,3.0,1.191054392268616,"[ 1.00000000e+00 -3.64044923e-01 -1.89440732e-01 -9.46710067e-02
  5.47535055e-01 -2.99486662e-01 -2.88258592e-02 -2.26782508e-01
  4.97289182e-01 -2.37714461e-01 -4.41020640e-02 -2.24820985e-01
  5.09640047e-01 -2.63380008e-01  3.38922832e-02 -2.38066028e-01
  4.23148240e-01 -1.94004525e-01  1.96316598e-02 -2.29516804e-01
  4.02299915e-01 -1.88241361e-01  1.60210626e-02 -2.27555281e-01
  4.18452422e-01 -1.79692137e-01  6.31697774e-03 -2.58038051e-01
  4.53613134e-01 -1.97754402e-01 -2.11084189e-03 -2.58862588e-01
  4.55574657e-01 -1.78555151e-01 -8.65714860e-02 -2.16098593e-01
  4.90735369e-01 -2.23228905e-01 -3.62042086e-02 -2.30359216e-01
  4.65069822e-01 -1.69059986e-01 -2.00517023e-02 -2.82636252e-01
  5.27857604e-01 -1.82305028e-01 -1.10345150e-01 -2.03626323e-01
  5.19429785e-01 -2.38383705e-01 -6.45344114e-02 -1.78854953e-01
  4.30151918e-01 -2.06009053e-01 -1.13810742e-02 -2.18711484e-01
  4.35915082e-01 -2.04047530e-01 -4.74359637e-02 -1.97741755e-01
  4.45479887e-01 -2.09689290e-01 -3.68555772e-02 -1.64351521e-01
  3.67606944e-01 -1.92521202e-01  4.77264711e-02 -2.43240046e-01
  3.64751245e-01 -1.53558848e-01 -2.45743520e-02 -2.16698197e-01
  3.92308675e-01 -1.56414548e-01 -3.02161117e-02 -2.18538316e-01
  4.23667746e-01 -1.77262873e-01  4.94460078e-03 -2.26211238e-01
  4.35003030e-01 -1.84935795e-01 -2.93398101e-02 -2.12089894e-01
  4.14909602e-01 -1.73600511e-01 -1.69889450e-02 -2.22548876e-01
  4.38665391e-01 -2.03067699e-01 -5.65366117e-03 -2.11213592e-01
  4.35809691e-01 -2.13526682e-01 -9.06078514e-04 -1.64647956e-01
  3.86318716e-01 -2.28802886e-01  2.28497103e-02 -1.67503656e-01
  3.39874484e-01 -1.67030685e-01  1.13751467e-02 -2.26368393e-01
  4.43464738e-01 -2.04101156e-01 -2.08781015e-02 -1.59778969e-01
  3.76996719e-01 -1.75528145e-01 -2.06870574e-02 -2.14842065e-01
  3.81744302e-01 -1.42137911e-01 -6.53608107e-02 -1.75879711e-01
  4.11332894e-01 -1.67803458e-01 -3.50173207e-02 -1.98759199e-01
  4.32041939e-01 -1.71674739e-01 -7.69050141e-02 -1.53209144e-01
  4.01559169e-01 -2.09760791e-01 -1.13311718e-02 -1.48461561e-01
  3.28503449e-01 -1.51790232e-01 -1.14008117e-02 -2.07326298e-01
  3.90275650e-01 -1.73654138e-01 -2.74319138e-02 -1.70134423e-01
  3.69427325e-01 -1.62058170e-01 -5.10662983e-02 -1.46378634e-01
  3.72404429e-01 -1.64913870e-01 -5.87392206e-02 -1.42646633e-01
  3.58898703e-01 -1.76388433e-01 -1.59752257e-02 -1.75915462e-01
  3.53256944e-01 -1.44013781e-01 -4.54424141e-02 -1.72938358e-01
  3.63837330e-01 -1.39266198e-01 -6.80612173e-02 -1.51968629e-01
  3.64783272e-01 -1.55297300e-01 -5.19087110e-02 -1.54824329e-01
  3.58125931e-01]",0.6940579710144927,0.08532608695652173,0.0,0.9910661764705883,0.9626838235294117,0.0,0.6941538461538461,0.08273076923076923,0.0,0.9901666666666666,0.9547916666666667,0.0,0.6959090909090909,0.08413636363636363,0.0,0.0
3.95,0.16666666666666666,3001,0.6060714285714286,0.06131530254781928,0.7342857142857143,0.06635556664282055,0.2636306379600371,2.0,0.9183930788899687,0.07625615303968668,0.00047562750052605106,2.0,0.8901920237856413,0.1261306020921003,0.00391755947098415,4,0.9586784926693324,4,0.9093434861777852,0.008890104944038938,3.0,1.1050198860582607,"[ 1.         -0.8191763   0.68725575 -0.77365867  0.90934349 -0.80818739
  0.71203377 -0.79323754  0.89138686 -0.78964344  0.71029962 -0.80333786
  0.89046383 -0.77865453  0.69669988 -0.79098163  0.90418739 -0.79007582
  0.69770038 -0.77431485  0.88354246 -0.7834438   0.71082139 -0.78497136
  0.86771793 -0.76084423  0.69397716 -0.78209369  0.8673511  -0.76202218
  0.69224301 -0.7816494   0.87752889 -0.7656335   0.67945439 -0.76199305
  0.85419566 -0.76600033  0.69936567 -0.76266115  0.8457176  -0.74634398
  0.68140904 -0.75760503  0.84509585 -0.75426585  0.68078729 -0.75067174
  0.84229565 -0.75518888  0.67337527 -0.74211621  0.8340725  -0.75231121
  0.6862877  -0.750293    0.82290614 -0.72996656  0.6664539  -0.73768184
  0.82172819 -0.73626618  0.66852044 -0.73049363  0.81756067 -0.73800033
  0.66572024 -0.73111538  0.80639431 -0.72782255  0.65643105 -0.72610561
  0.81332759 -0.7284443   0.65013144 -0.72074822  0.81027247 -0.72582155
  0.65032081 -0.70758086  0.79586161 -0.70778745  0.64483231 -0.7211806
  0.8065956  -0.70409866  0.63067638 -0.71155901  0.7999947  -0.71095448
  0.62351928 -0.69681576  0.78827214 -0.7129899   0.63719649 -0.69961596
  0.77868168 -0.70063367  0.6284635  -0.70023771  0.78454892 -0.697756
  0.62485218 -0.69360569  0.78012647 -0.69594438  0.61744016 -0.69072803
  0.76921503 -0.69392418  0.61732826 -0.68866148  0.76530243 -0.69185764
  0.62020593 -0.69146168  0.76493561 -0.67950141  0.61091674 -0.68371727
  0.76405893 -0.67931203  0.60649429 -0.67409568  0.75583579 -0.68104618
  0.60476014 -0.67365138  0.74761265 -0.67330177  0.5976494  -0.67102864
  0.74861314 -0.66824565  0.59134978 -0.66029465  0.7388141  -0.66668896
  0.59478365 -0.65660586  0.72709154 -0.65924582  0.59573779 -0.65752889
  0.72262274 -0.65504718  0.58725973 -0.65439629  0.72332197 -0.65379176
  0.58471445 -0.64584075  0.71377785 -0.64630227  0.57760371 -0.64321801
  0.70828936 -0.64124615  0.57591591 -0.63679457  0.70117861]",0.7928985507246377,0.23670289855072463,0.0,0.9920955882352941,0.9637132352941177,0.0,0.7928076923076923,0.23734615384615385,0.0,0.9922916666666667,0.9608333333333333,0.0,0.7945454545454546,0.2365909090909091,0.0,0.0
3.95,0.16666666666666666,4099,0.6089285714285714,0.03768661051679892,0.7609285714285714,0.07918239729142032,0.2400104872476117,2.0,0.637740521071897,0.42666985849217154,0.04637565481746395,2.0,0.6656847522774405,0.3215095139247297,0.17644684492881935,4,0.6227147347488616,4,0.8118638954030212,0.15715796939488574,8.0,1.1371690862510675,"[ 1.         -0.3001474   0.76399869 -0.22355223  0.8118639  -0.27264681
  0.77086849 -0.26801978  0.7748014  -0.2592093   0.74614151 -0.28616033
  0.76899636 -0.2489405   0.73191668 -0.27279443  0.7569255  -0.2534818
  0.73332057 -0.27562688  0.75649604 -0.26840075  0.74232563 -0.28338978
  0.74974787 -0.28287459  0.73842556 -0.27919068  0.7107804  -0.27867549
  0.73224701 -0.29094093  0.71396477 -0.28814725  0.73441663 -0.28978603
  0.71145293 -0.28186579  0.72734785 -0.29160374  0.71305294 -0.29988184
  0.71970945 -0.28158395  0.69768887 -0.29189152  0.71130531 -0.28909785
  0.67979732 -0.29187587  0.7122112  -0.29022144  0.67208731 -0.28262181
  0.70551592 -0.30603062  0.68760718 -0.30013985  0.69426369 -0.29519221
  0.67281273 -0.29328877  0.68003886 -0.29562167  0.67156465 -0.29839969
  0.68530559 -0.29332754  0.66898121 -0.29256334  0.66184234 -0.29685411
  0.65747997 -0.3046342   0.66515121 -0.30937008  0.64370026 -0.2943654
  0.639783   -0.30113075  0.64282567 -0.30720199  0.64175651 -0.3009906
  0.6184722  -0.29453021  0.62309923 -0.30711626  0.62032121 -0.29382043
  0.61811281 -0.31096344  0.61932213 -0.29311066  0.60116439 -0.28791401
  0.61433571 -0.30607175  0.62136572 -0.30473793  0.60491684 -0.2972628
  0.61251647 -0.30402816  0.61246204 -0.30224922  0.61265662 -0.31129305
  0.61203258 -0.31419558  0.61438113 -0.30045464  0.60065584 -0.30892885
  0.60255928 -0.29860562  0.58643101 -0.30264738  0.58776483 -0.29972921
  0.57961123 -0.31459374  0.58721086 -0.29629584  0.55924509 -0.30546418
  0.57412527 -0.30767258  0.56324808 -0.31785565  0.54749332 -0.29329194
  0.55256547 -0.32739902  0.54307652 -0.28118978  0.5343533  -0.32168718
  0.55163646 -0.30782173  0.53974453 -0.31983816  0.53981461 -0.31065418
  0.5312159  -0.30843013  0.53014674 -0.312917    0.53794248 -0.31423517
  0.51396404 -0.3290997   0.53327667 -0.32333343  0.49859997 -0.32326335
  0.5090477  -0.32135991  0.4919047  -0.3144544   0.49564149]",0.7928260869565218,0.2318840579710145,0.0,0.9669485294117647,0.8698529411764706,0.0,0.7937307692307692,0.2311923076923077,0.0,0.9564583333333333,0.8337083333333334,0.0,0.7896818181818182,0.2273181818181818,0.0,0.0
3.95,0.16666666666666666,5003,0.5999999999999999,0.007440238091428456,0.7987142857142856,0.013827656404201442,0.18948403643398598,2.482269503546099,0.013609648271229822,0.9160326262415834,0.04904963089468028,2.0,0.021121554546414584,0.8979042476960297,0.11589152863351175,10,0.2580645161290319,10,0.42372108625711,-0.0013934144141105366,3.0,1.1404385517593065,"[ 1.00000000e+00 -3.07996127e-01  2.53310767e-01  1.41706997e-01
  1.41694646e-01  4.87694982e-02  1.98666423e-01 -4.46483083e-02
  1.99602336e-01 -1.55784121e-01  4.23721086e-01 -1.93166064e-01
  1.99552933e-01 -5.44394127e-03  1.25294055e-01 -4.98833539e-03
  2.00944452e-01 -4.23702789e-02  1.45844502e-01  5.19587393e-02
  1.45819801e-01 -7.88163091e-02  1.64473720e-01  1.55127091e-02
  5.28576003e-02 -3.19061342e-03  1.27547383e-01 -2.18939359e-02
  9.01654392e-02  1.27030023e-01  7.09818093e-02 -7.79792019e-02
  2.02668069e-01  3.40678225e-02 -2.10197765e-02  9.15199061e-02
  1.67930714e-02 -3.87748349e-02  7.37648476e-02  1.72363265e-02
 -1.96529588e-02 -5.06381227e-04 -5.18731988e-04 -5.31082750e-04
 -5.43433512e-04 -5.55784273e-04 -5.68135035e-04 -5.80485797e-04
 -5.92836558e-04 -6.05187320e-04 -6.17538082e-04 -6.29888843e-04
 -6.42239605e-04 -6.54590366e-04 -6.66941128e-04 -6.79291890e-04
 -6.91642651e-04 -7.03993413e-04 -7.16344175e-04 -7.28694936e-04
 -7.41045698e-04 -7.53396459e-04 -7.65747221e-04 -7.78097983e-04
 -7.90448744e-04 -8.02799506e-04 -8.15150268e-04 -8.27501029e-04
 -8.39851791e-04 -8.52202552e-04 -8.64553314e-04 -8.76904076e-04
 -8.89254837e-04 -9.01605599e-04 -9.13956361e-04 -9.26307122e-04
 -9.38657884e-04 -9.51008646e-04 -9.63359407e-04 -9.75710169e-04
 -9.88060930e-04 -1.00041169e-03 -1.01276245e-03 -1.02511322e-03
 -1.03746398e-03 -1.04981474e-03 -1.06216550e-03 -1.07451626e-03
 -1.08686702e-03 -1.09921779e-03 -1.11156855e-03 -1.12391931e-03
 -1.13627007e-03 -1.14862083e-03 -1.16097159e-03 -1.17332235e-03
 -1.18567312e-03 -1.19802388e-03 -1.21037464e-03 -1.22272540e-03
 -1.23507616e-03 -1.24742692e-03 -1.25977769e-03 -1.27212845e-03
 -1.28447921e-03 -1.29682997e-03 -1.30918073e-03 -1.32153149e-03
 -1.33388226e-03 -1.34623302e-03 -1.35858378e-03 -1.37093454e-03
 -1.38328530e-03 -1.39563606e-03 -1.40798683e-03 -1.42033759e-03
 -1.43268835e-03 -1.44503911e-03 -1.45738987e-03 -1.46974063e-03
 -1.48209140e-03 -1.49444216e-03 -1.50679292e-03 -1.51914368e-03
 -1.53149444e-03 -1.54384520e-03 -1.55619597e-03 -1.56854673e-03
 -1.58089749e-03 -1.59324825e-03 -1.60559901e-03 -1.61794977e-03
 -1.63030054e-03 -1.64265130e-03 -1.65500206e-03 -1.66735282e-03
 -1.67970358e-03 -1.69205434e-03 -1.70440510e-03 -1.71675587e-03
 -1.72910663e-03 -1.74145739e-03 -1.75380815e-03 -1.76615891e-03
 -1.77850967e-03 -1.79086044e-03 -1.80321120e-03 -1.81556196e-03
 -1.82791272e-03 -1.84026348e-03 -1.85261424e-03 -1.86496501e-03
 -1.87731577e-03 -1.88966653e-03 -1.90201729e-03 -1.91436805e-03
 -1.92671881e-03 -1.93906958e-03 -1.95142034e-03 -1.96377110e-03
 -1.97612186e-03]",0.8019202898550725,0.3297463768115942,0.0,0.9979411764705882,0.9903308823529412,0.0,0.8013076923076923,0.3267307692307692,0.0,0.9976666666666667,0.9873333333333333,0.0,0.8015454545454546,0.32681818181818184,0.0,0.0
4.0,0.16666666666666666,101,0.5943214285714286,0.04698864115889268,0.7586428571428571,0.08066872924219783,0.2333402238429378,2.0,0.41868994787489233,0.6085240829928842,0.07191617080369692,2.0,0.4185453373175781,0.5069014102307913,0.27496936561399893,2,0.4949170220381334,4,0.7534725437217954,0.016214126337904484,11.0,1.1063541666666667,"[ 1.         -0.09794507  0.72663345 -0.05802911  0.75347254 -0.04526965
  0.68006695 -0.05410398  0.68998743 -0.06155607  0.66094155 -0.07690178
  0.68355942 -0.1107922   0.64592212 -0.11743124  0.65958949 -0.13741137
  0.61939781 -0.14980285  0.62364034 -0.14308044  0.59158613 -0.16114988
  0.61742245 -0.16953026  0.559289   -0.15841726  0.56601142 -0.16367406
  0.53870687 -0.16885638  0.54824788 -0.18783373  0.51848383 -0.18586097
  0.5413863  -0.22168245  0.5136278  -0.22199985  0.5349042  -0.2409772
  0.48106646 -0.23554217  0.49921927 -0.24199148  0.46504425 -0.25056159
  0.48520262 -0.28134881  0.45689529 -0.27810906  0.46817764 -0.29873287
  0.44216047 -0.29659077  0.44649786 -0.30339917  0.41480274 -0.30280866
  0.41949922 -0.31045048  0.39367179 -0.31725888  0.41430449 -0.33120196
  0.38728455 -0.31586774  0.40161599 -0.33720973  0.38227956 -0.31767467
  0.38544482 -0.34020917  0.37013988 -0.33219937  0.38125287 -0.34010541
  0.36191644 -0.33529368  0.3715727  -0.34374854  0.33777715 -0.33583361
  0.33471564 -0.32837264  0.3076957  -0.34541892  0.34818086 -0.36256007
  0.33177827 -0.33679823  0.33632579 -0.36692137  0.32934804 -0.34361904
  0.32282425 -0.34775781  0.30112317 -0.32619681  0.32643106 -0.33847304
  0.30198587 -0.34418379  0.31641218 -0.36075574  0.30678519 -0.3408412
  0.30978111 -0.34836777  0.28889307 -0.32315476  0.32691873 -0.36580594
  0.30283263 -0.32787515  0.30609277 -0.33833556  0.28658698 -0.32775101
  0.3118     -0.32833262  0.27883788 -0.32168469  0.30304812 -0.32921126
  0.27292498 -0.32568691  0.30033328 -0.34400018  0.29335553 -0.33544156
  0.30685355 -0.33528462  0.26575397 -0.31885276  0.28896143 -0.32454313
  0.26900169 -0.30169475  0.26870468 -0.29705237  0.27215455 -0.31135454
  0.28219028 -0.30332436  0.28618898 -0.28615393  0.29028254 -0.31444087
  0.29785877 -0.28061605  0.29262235 -0.29873959  0.29105834 -0.27679913
  0.28966368 -0.27389808  0.272902   -0.26651158  0.27589792]",0.8168478260869565,0.3755072463768116,0.0,0.917610294117647,0.7075,0.0,0.799923076923077,0.3559230769230769,0.0,0.8780416666666667,0.6072916666666667,0.0,0.7875909090909091,0.35009090909090906,0.0,0.0
4.0,0.16666666666666666,707,0.6371071428571429,0.055684275342399524,0.6424285714285715,0.08787061453045143,0.4283490452481869,2.0,0.29380317435362596,0.6961160308653113,0.08960550721731933,700.0,0.3139875674487509,0.5625991521035046,0.4017820794759869,2,0.4399238554860879,4,0.7220654081144484,0.22572581345451218,14.0,1.1759937238493723,"[ 1.          0.1405795   0.67964475  0.21424313  0.72206541  0.21464218
  0.60405275  0.24510669  0.61555289  0.23333946  0.5856063   0.19058167
  0.62372396  0.19447095  0.57904594  0.17807826  0.61591605  0.17762225
  0.56443993  0.17482577  0.60355273  0.17212708  0.5687983   0.1598973
  0.57599544  0.17232253  0.53423278  0.15354707  0.56964521  0.16714981
  0.55905549  0.13204517  0.57219569  0.17603584  0.53332064  0.15818547
  0.54058782  0.20523159  0.47687539  0.17745763  0.51709565  0.19739593
  0.48145842  0.15688082  0.52889704  0.13942296  0.49557254  0.11773214
  0.51188051  0.14336107  0.47791108  0.11697475  0.4895936   0.14121604
  0.45210618  0.09732303  0.49306916  0.1162239   0.45988474  0.08574472
  0.49046159  0.1116961   0.44895135  0.12238348  0.45647095  0.12025967
  0.43328017  0.11226285  0.43663686  0.12124013  0.42995763  0.1047774
  0.44989593  0.09927568  0.43514329  0.09317133  0.45526396  0.07874116
  0.44189897  0.07647726  0.4427328   0.09481779  0.42434985  0.08284043
  0.43827505  0.10291881  0.40523072  0.08731113  0.42893942  0.06622295
  0.42244257  0.07684028  0.43160222  0.08428985  0.40283314  0.08512368
  0.41181042  0.09150807  0.39585252  0.08070822  0.40447959  0.08140197
  0.37756069  0.07233997  0.38903308  0.06147008  0.37520553  0.04877775
  0.37671204  0.05854004  0.36124445  0.06189674  0.37299701  0.07411184
  0.34369533  0.04832815  0.36345125  0.06680877  0.34083534  0.05351381
  0.36394141  0.05110983  0.31805813  0.04930848  0.3411642   0.04466181
  0.31015243  0.04246795  0.32706303  0.04522201  0.29704639  0.00926232
  0.31559705  0.03838149  0.29383619  0.01807831  0.29004457  0.0235376
  0.27323162  0.00600969  0.2767284   0.01385176  0.27279669 -0.01630497
  0.28440917 -0.01600372  0.27353928 -0.02904626  0.26526228 -0.00573006
  0.25751788 -0.0306587   0.25664162  0.00963161  0.24313654 -0.03116367
  0.27239579 -0.02887215  0.25558284 -0.04223715  0.24612834]",0.7271376811594202,0.12134057971014493,0.0,0.8816911764705883,0.5940808823529412,0.0,0.7134615384615385,0.1123076923076923,0.0,0.83675,0.4881666666666667,0.0,0.6894090909090909,0.08072727272727273,0.0,0.0
4.0,0.16666666666666666,1313,0.5852857142857143,0.034814669673713626,0.7995,0.04828967650691871,0.18449629576712384,2.005730659025788,0.27054190511534026,0.7023106510892146,0.0240488917914819,2.005730659025788,0.3137193185530253,0.6191558910975217,0.18108760546817154,20,0.4744007629823666,4,0.7273821083423948,0.039160286125365054,10.0,1.0972453681011665,"[ 1.         -0.34319161  0.58186911 -0.26511311  0.72738211 -0.2865399
  0.52979554 -0.25592437  0.64772518 -0.26664558  0.53590584 -0.27738211
  0.62473588 -0.26359839  0.52209058 -0.24984531  0.61092062 -0.26362964
  0.52817025 -0.28358614  0.60320096 -0.29891734  0.52506057 -0.30201139
  0.59855972 -0.30202702  0.49286662 -0.306622    0.60620158 -0.33420566
  0.48827133 -0.33420596  0.60313786 -0.30204356  0.437714   -0.31278008
  0.55717519 -0.29133858  0.40859847 -0.31585913  0.55714395 -0.31281163
  0.42081969 -0.31589037  0.54792336 -0.31131132  0.39014198 -0.27917954
  0.51724565 -0.32667346  0.40236319 -0.30829507  0.48659856 -0.33125343
  0.39623635 -0.33892684  0.48200328 -0.33894246  0.37019926 -0.31903251
  0.48658202 -0.35427397  0.36862114 -0.32520531  0.4421356  -0.33745807
  0.35480588 -0.3558677   0.44055749 -0.33903619  0.33025439 -0.37429296
  0.44358936 -0.34364679  0.31951756 -0.30998346  0.40989448 -0.30537378
  0.29652826 -0.31459406  0.42364725 -0.31765748  0.29804389 -0.29929441
  0.41748978 -0.32840963  0.30262264 -0.29623191  0.3945158  -0.3008422
  0.3072167  -0.29931095  0.39909454 -0.27788477  0.28725989 -0.29782595
  0.40061017 -0.27022759  0.28725928 -0.28404255  0.38988866 -0.27636975
  0.30409048 -0.27486913  0.38218431 -0.25956917  0.28874366 -0.2121065
  0.34692724 -0.24580108  0.27799152 -0.22592177  0.36989999 -0.26571194
  0.2779909  -0.23969108  0.36069471 -0.25960164  0.23202824 -0.21062273
  0.33770542 -0.23972263  0.25497036 -0.23208047  0.34226885 -0.21831207
  0.2411551  -0.24434886  0.35605226 -0.2213758   0.24731135 -0.23822324
  0.3284836  -0.20757708  0.22588424 -0.20754675  0.30094558 -0.18455838
  0.22283583 -0.19068491  0.3193543  -0.19218615  0.22136492 -0.16919777
  0.29950469 -0.21817729  0.20303157 -0.17834178  0.28882912 -0.2058795
  0.20154534 -0.18137488  0.28273291 -0.19054922  0.18471291 -0.15224526
  0.26130581 -0.18745608  0.17705451 -0.16601458  0.2398787 ]",0.8339492753623189,0.3332246376811594,0.0,0.9684191176470588,0.8699264705882352,0.0,0.8278846153846153,0.3275769230769231,0.0,0.9465,0.7928333333333333,0.0,0.8192727272727273,0.31922727272727275,0.0,0.0
4.0,0.16666666666666666,2029,0.5927142857142856,0.05285212331378475,0.7459285714285716,0.08828441399874637,0.24144099502038419,2.0,0.2647187001301074,0.7281502226532276,0.15042891217197016,700.0,0.22563798053254633,0.6182067396819798,0.4148416200041705,2,0.4314447489766393,4,0.671023312448795,0.11027570500536749,11.0,1.10625,"[ 1.00000000e+00  2.03536252e-01  6.27535816e-01  2.84288804e-01
  6.71023312e-01  2.83328976e-01  5.37637950e-01  3.06233891e-01
  5.89980872e-01  2.75639022e-01  5.53850052e-01  2.90295980e-01
  5.62550152e-01  2.79329940e-01  5.17713156e-01  2.88067352e-01
  5.13124881e-01  2.57930703e-01  5.04103656e-01  2.37949514e-01
  5.47665777e-01  1.95328992e-01  5.23027765e-01  2.33467099e-01
  5.25771008e-01  1.71255060e-01  4.91201408e-01  2.13479834e-01
  4.85734006e-01  1.84222312e-01  4.45553832e-01  2.22509667e-01
  4.38749082e-01  1.75344259e-01  4.14073759e-01  2.05197097e-01
  4.43010156e-01  1.57536157e-01  3.93132742e-01  2.12591085e-01
  4.06947885e-01  1.68633216e-01  3.88192107e-01  1.74200402e-01
  4.28855660e-01  1.23145362e-01  4.07659534e-01  1.62892475e-01
  4.04829514e-01  1.17559947e-01  3.99362111e-01  1.67499833e-01
  3.85684064e-01  9.88354043e-02  3.89418370e-01  1.39685518e-01
  3.72879067e-01  1.09895152e-01  3.59584615e-01  1.36007606e-01
  3.39454178e-01  1.04805268e-01  3.40364541e-01  1.25493709e-01
  3.15998188e-01  8.68479169e-02  3.35695565e-01  9.55480174e-02
  2.95291518e-01  6.56830267e-02  3.25032419e-01  8.44266515e-02
  2.97954060e-01  4.00478746e-02  3.29144245e-01  5.59302438e-02
  3.10351154e-01  1.98740485e-02  3.29590311e-01  4.72492259e-02
  3.00679072e-01  3.74957650e-03  3.13428527e-01  3.52114203e-02
  2.55958409e-01 -6.67922283e-03  2.97921997e-01  1.64973516e-02
  2.38693625e-01 -1.94945517e-03  2.58774597e-01  2.54257222e-02
  2.34829152e-01  1.42929990e-04  2.55826564e-01 -2.76171437e-03
  2.42345551e-01 -3.72462156e-02  2.48642615e-01 -1.35741092e-02
  2.04077278e-01 -2.82805328e-02  2.23241810e-01 -3.84793825e-02
  1.88757309e-01 -4.86036078e-02  2.23005784e-01 -5.15082521e-02
  1.89933254e-01 -7.12177819e-02  2.02720021e-01 -6.86611003e-02
  1.66019045e-01 -7.14164959e-02  2.02175024e-01 -6.91314733e-02
  1.77883296e-01 -8.74663435e-02  2.01704651e-01 -9.48412497e-02
  1.35182073e-01 -5.78061435e-02  1.54383917e-01 -7.93485526e-02
  1.17682941e-01 -7.20604239e-02  1.51547821e-01 -1.06012081e-01
  1.33671170e-01 -1.05559938e-01  1.53789455e-01 -1.13393064e-01
  1.26711095e-01 -1.03318304e-01  1.29491650e-01 -1.04128883e-01
  8.78621922e-02 -8.95092372e-02  1.19015065e-01 -1.17924944e-01
  8.96829184e-02 -1.00939574e-01  1.17393906e-01 -1.12710118e-01
  6.74791784e-02 -1.01148762e-01  9.74066403e-02 -1.19792603e-01
  3.89349849e-02 -8.89113894e-02  6.74504751e-02 -1.24051145e-01
  6.29741367e-02 -1.01988045e-01  7.41145851e-02 -1.33499354e-01
  7.88772679e-02 -1.15410983e-01  6.37872487e-02 -1.34587669e-01
  5.56451516e-02]",0.8241666666666667,0.33416666666666667,0.0,0.8860294117647058,0.5692647058823529,0.0,0.8077307692307693,0.30280769230769233,0.0,0.84325,0.46870833333333334,0.0,0.7773181818181818,0.2690909090909091,0.0,0.0
4.0,0.16666666666666666,3001,0.5828571428571427,0.020019123510345006,0.8126428571428572,0.02238017982455884,0.16861973687901485,4.0,0.1907573507573508,0.6244635366328921,0.005318898433321225,2.0,0.5004277029297649,0.1965347984435768,0.00107496167059786,36,0.7143566427207427,4,0.9465420250670479,0.006594233080299596,7.0,1.0946791109400558,"[ 1.         -0.3552348  -0.24873447 -0.35967106  0.94654203 -0.34091309
 -0.27186781 -0.32043363  0.93406357 -0.31954245 -0.28434626 -0.31865126
  0.91625767 -0.3159571  -0.28076092 -0.31686889  0.91090962 -0.31417473
 -0.27897855 -0.31508652  0.90556158 -0.31239236 -0.27719618 -0.31330415
  0.90021353 -0.31060999 -0.2754138  -0.31152178  0.89486549 -0.30882761
 -0.27363143 -0.30973941  0.88951745 -0.30704524 -0.27184906 -0.30795703
  0.8841694  -0.30526287 -0.27006669 -0.30617466  0.87882136 -0.3034805
 -0.26828432 -0.30439229  0.87347331 -0.30169813 -0.26650195 -0.30260992
  0.86812527 -0.29991576 -0.26471958 -0.30082755  0.86277722 -0.29813339
 -0.26293721 -0.29904518  0.85742918 -0.29635102 -0.26115484 -0.29726281
  0.85208114 -0.29456865 -0.25937247 -0.29548044  0.84673309 -0.29278628
 -0.25759009 -0.29369807  0.84138505 -0.2910039  -0.25580772 -0.2919157
  0.836037   -0.28922153 -0.25402535 -0.29013332  0.83068896 -0.28743916
 -0.25224298 -0.28835095  0.82534091 -0.28565679 -0.25046061 -0.28656858
  0.81999287 -0.28387442 -0.24867824 -0.28478621  0.81464483 -0.28209205
 -0.24689587 -0.28300384  0.80929678 -0.28030968 -0.2451135  -0.28122147
  0.80394874 -0.27852731 -0.24333113 -0.2794391   0.79860069 -0.27674494
 -0.24154876 -0.27765673  0.79325265 -0.27496257 -0.23976638 -0.27587436
  0.7879046  -0.27318019 -0.23798401 -0.27409199  0.78255656 -0.27139782
 -0.23620164 -0.27230961  0.77720852 -0.26961545 -0.23441927 -0.27052724
  0.77186047 -0.26783308 -0.2326369  -0.26874487  0.76651243 -0.26605071
 -0.23085453 -0.2669625   0.76116438 -0.26426834 -0.22907216 -0.26518013
  0.75581634 -0.26248597 -0.22728979 -0.26339776  0.75046829 -0.2607036
 -0.22550742 -0.26161539  0.74512025 -0.25892123 -0.22372505 -0.25983302
  0.73977221 -0.25713886 -0.22194267 -0.25805065  0.73442416 -0.25535648
 -0.2201603  -0.25626828  0.72907612 -0.25357411 -0.21837793 -0.2544859
  0.72372807 -0.25179174 -0.21659556 -0.25270353  0.71838003]",0.8345289855072464,0.4097826086956522,0.0,0.9882352941176471,0.9441911764705883,0.0,0.8345384615384616,0.4234230769230769,0.0,0.9862083333333334,0.9242916666666666,0.0,0.834590909090909,0.4245,0.0,0.0
4.0,0.16666666666666666,4099,0.5592142857142857,0.04203430328982775,0.8520714285714286,0.08052946602306005,0.12464271077543244,2.0,0.4740500514438423,0.4808766158590041,0.21496974301680088,2.0,0.35417729517515345,0.36526908909459294,0.513804739826805,8,0.6705350341540561,4,0.908048481058483,0.2776940409811181,14.0,1.0561310314298362,"[1.         0.36721962 0.81993487 0.39037086 0.90804848 0.37657811
 0.79955438 0.3837356  0.87665355 0.36443563 0.79181768 0.36996377
 0.86396035 0.35892463 0.76973939 0.35394343 0.83961073 0.33127068
 0.75589912 0.32794164 0.81640819 0.32624195 0.7360009  0.32293573
 0.79488062 0.325619   0.72326207 0.30856755 0.79154969 0.3178823
 0.69787945 0.30631525 0.77279855 0.31292202 0.67917394 0.30798645
 0.75682384 0.29749803 0.68247449 0.29203455 0.74580562 0.28978414
 0.66370054 0.28425222 0.72480596 0.2842047  0.64049799 0.2693105
 0.70988706 0.25108915 0.62062259 0.25055936 0.68505516 0.24170029
 0.60570369 0.22845826 0.66293124 0.22175644 0.57531894 0.2079865
 0.63750299 0.1941253  0.54603564 0.19304478 0.61652615 0.16986694
 0.5471333  0.16933715 0.59832573 0.1610288  0.52397639 0.15884683
 0.56908806 0.15712433 0.49641369 0.14723226 0.55148399 0.14560102
 0.47883244 0.13628249 0.54271429 0.13242555 0.47222    0.11922915
 0.52345806 0.11424794 0.4507837  0.10050082 0.50803407 0.10043049
 0.42923332 0.09714708 0.48815867 0.09269378 0.4110329  0.09324261
 0.46222533 0.08546217 0.38562746 0.08215595 0.44340574 0.07437551
 0.3695843  0.07437362 0.42571041 0.06058086 0.35801536 0.0633554
 0.4169179  0.04960827 0.34534498 0.05841793 0.39878593 0.04081576
 0.3393517  0.05132322 0.38343038 0.04638764 0.32619904 0.04643139
 0.37961718 0.03982083 0.31963223 0.04096602 0.36809387 0.0404134
 0.30973827 0.03219632 0.36320204 0.03552157 0.30211565 0.0223708
 0.3577823  0.03615978 0.28843508 0.02906695 0.35178902 0.03181867
 0.28354325 0.02527656 0.34579575 0.02527467 0.27201994 0.02586913
 0.33096811 0.02146147 0.27593966 0.01712225 0.3370679  0.01489466
 0.27047429 0.01441049 0.32501669 0.01608358 0.26780817 0.01725158
 0.31959695 0.01562034 0.26734493 0.01846332 0.32025797]",0.8847101449275362,0.5865217391304348,0.0,0.9584191176470588,0.8420588235294117,0.0,0.8732692307692308,0.5778076923076924,0.0,0.93925,0.809125,0.0,0.8586363636363636,0.5398181818181819,0.0,0.0
4.0,0.16666666666666666,5003,0.5902499999999999,0.04996900825225857,0.7781428571428572,0.1007159067752012,0.21626810336100918,2.0,0.46030039373980447,0.5313589143284544,0.14945714461242904,2.0,0.3118247431434149,0.42785077523446335,0.5387841248589953,8,0.6103289433691033,4,0.8829910093648499,0.2294488820257407,18.0,1.101962371029739,"[ 1.          0.41296504  0.82349266  0.42931101  0.88299101  0.43533691
  0.77650405  0.42199821  0.8735657   0.41323659  0.75913473  0.41001979
  0.83130809  0.4079035   0.71687712  0.39256194  0.79378147  0.38983001
  0.70318254  0.38685564  0.78983559  0.36878594  0.68526296  0.35656887
  0.75723815  0.35696143  0.6445676   0.35218238  0.71599252  0.32702674
  0.63912486  0.31062893  0.71521539  0.29834648  0.61667245  0.29623019
  0.68587523  0.29495085  0.60201015  0.28321866  0.68498845  0.27340079
  0.58398092  0.27590585  0.66363656  0.25788041  0.5571496   0.24414536
  0.6380154   0.2505676   0.53141879  0.2367229   0.6207346   0.22268003
  0.52285156  0.20406007  0.60657829  0.2077099   0.50158819  0.20904906
  0.58742742  0.20495306  0.49823683  0.18829169  0.58940158  0.18787043
  0.47783154  0.19112392  0.54762883  0.19105474  0.44631348  0.18350329
  0.5298863   0.18367655  0.43636105  0.17691779  0.51430053  0.17357021
  0.41725445  0.16797734  0.49761425  0.16115319  0.40041426  0.16037985
  0.4899725   0.13978018  0.40615168  0.12804798  0.4772034   0.11404937
  0.38042087  0.10920493  0.45444317  0.10229226  0.36142392  0.08945955
  0.43650247  0.07620937  0.34610171  0.06055999  0.42098209  0.06002908
  0.33007533  0.04809871  0.40202939  0.04490505  0.30901014  0.03407519
  0.38554128  0.0206711   0.29850745  0.01109567  0.35939301  0.02163326
  0.26652767  0.01472059  0.34204682  0.0091066   0.25908408 -0.01283602
  0.33757382 -0.01437892  0.25289492 -0.01812284  0.32172449 -0.0140324
  0.23383258 -0.02486226  0.30473039 -0.03278692  0.21120514 -0.04326469
  0.28351128 -0.04203518  0.19410139 -0.04276426  0.26680388 -0.05189909
  0.18333514 -0.06303677  0.26131889 -0.07201768  0.1829775  -0.07642151
  0.25748466 -0.07299097  0.17370811 -0.07970548  0.244958   -0.0929114
  0.17139187 -0.10525924  0.24534878 -0.10468963  0.1582053  -0.11160231
  0.21983928 -0.11384937  0.13918722 -0.12040996  0.21349621]",0.8217391304347826,0.38307971014492753,0.0,0.9469117647058823,0.8065808823529412,0.0,0.8158846153846154,0.3870769230769231,0.0,0.935125,0.7825416666666667,0.0,0.8052272727272727,0.361,0.0,0.0
4.0,0.14,101,0.5322142857142856,0.04208525118550368,0.9100714285714286,0.09205197622284168,0.07707294832389505,700.0,0.3833318893847,0.666042245967706,0.4871082599276776,700.0,0.6445352178338083,0.3880766016851469,0.8142068568319991,7,0.562151957804862,3,0.8457723543109071,0.4309519506468622,11.0,1.0256802447270972,"[1.         0.79008646 0.80414795 0.84577235 0.83142497 0.77880792
 0.80837923 0.82050012 0.7830563  0.78430364 0.80198865 0.77575496
 0.76865762 0.78592115 0.77182545 0.74500351 0.77322549 0.75382036
 0.74158037 0.73743338 0.75056702 0.72998236 0.73890121 0.72506021
 0.71239874 0.71878872 0.72416595 0.69650104 0.70255444 0.71063033
 0.6913101  0.67283283 0.69203396 0.68021546 0.65212907 0.67925641
 0.65690093 0.65191098 0.65872244 0.65229826 0.63280824 0.63464685
 0.64449355 0.62542501 0.61588369 0.63213748 0.61618908 0.59948262
 0.6199512  0.61040988 0.5823235  0.60059978 0.58979403 0.58708127
 0.57838291 0.57684969 0.56899429 0.56838892 0.57570676 0.56953727
 0.5570456  0.55879931 0.55768757 0.5452808  0.53624586 0.54212946
 0.53595997 0.52768309 0.51426357 0.51905253 0.51195519 0.50966391
 0.49346383 0.49260377 0.51855157 0.4762198  0.47763693 0.4962498
 0.486287   0.47160304 0.47681348 0.46980103 0.4644745  0.47221382
 0.46739367 0.44638752 0.44982715 0.45377315 0.44625433 0.43174017
 0.4550742  0.44342548 0.43641304 0.43867313 0.43031135 0.43434225
 0.43238755 0.42773419 0.43041575 0.42921911 0.42920201 0.41072474
 0.42057145 0.41819527 0.41446976 0.41538051 0.42269835 0.40801439
 0.39796669 0.42534571 0.39312643 0.39909493 0.40792888 0.39071605
 0.38336401 0.38739492 0.39201408 0.38028047 0.37942041 0.38581039
 0.36463445 0.37009658 0.37387279 0.36567779 0.35099383 0.36876374
 0.36655434 0.35380798 0.35050395 0.33784248 0.34431435 0.34041904
 0.32489212 0.3413127  0.32106461 0.32998346 0.32364418 0.31688342
 0.31770928 0.31541499 0.31674722 0.31015625 0.29597566 0.31450362
 0.30563547 0.28833774 0.2951492  0.30221234 0.2849995  0.2849824
 0.28209985 0.28958447 0.26520649 0.27521999 0.2669431  0.26009745
 0.26260922 0.26343507 0.24824474 0.25025013 0.24854712]",0.9397101449275362,0.8000362318840579,0.0,0.9337867647058824,0.7883823529411764,0.0,0.9155,0.755,0.0,0.897125,0.716375,0.0,0.8893636363636364,0.6993636363636364,0.0,0.0
4.0,0.14,707,0.5624285714285714,0.043945931529086775,0.8397142857142856,0.07883928369195921,0.13589877865379799,350.0,0.06795680069343905,0.8521744860276571,0.2284325976898839,350.0,0.19076217196592316,0.6900968270970135,0.5454479712750987,3,0.2983014173851214,3,0.6345218535790039,-0.0022259324067619365,10.0,1.0634102216191768,"[ 1.00000000e+00  4.84924759e-01  4.98470573e-01  6.34521854e-01
  5.94174587e-01  4.35107568e-01  5.03121050e-01  5.48387410e-01
  4.53792460e-01  4.56995688e-01  4.52611069e-01  4.68928039e-01
  4.23173077e-01  4.32358588e-01  4.64071236e-01  3.84077390e-01
  3.89358985e-01  3.97158917e-01  3.89901358e-01  3.75866943e-01
  3.47247840e-01  3.71710828e-01  3.31701747e-01  3.04789992e-01
  3.16950227e-01  2.82923429e-01  2.70950964e-01  2.84378577e-01
  2.66440246e-01  1.94017830e-01  2.33420108e-01  2.50869837e-01
  1.96614255e-01  2.18880674e-01  2.01871534e-01  1.95306764e-01
  1.94589660e-01  1.82160808e-01  1.55941841e-01  1.67983876e-01
  1.68534148e-01  1.19686261e-01  1.35412226e-01  1.10106034e-01
  1.23060843e-01  1.10395589e-01  9.08352776e-02  1.22413308e-01
  9.34231848e-02  8.89203654e-02  8.48739330e-02  1.20017693e-01
  4.03620327e-02  1.10792069e-01  4.49265231e-02  5.83541358e-02
  5.39695173e-02  1.30476622e-02  3.75106498e-02  3.18586541e-02
  1.97217399e-03 -1.66589461e-02  2.52616698e-02  7.36786115e-05
 -1.21801420e-03 -3.44502388e-02  4.59743654e-03  1.91742254e-02
 -3.88834885e-02 -4.32681070e-02  1.76185129e-03 -9.75422639e-03
 -6.67809651e-02 -2.53167364e-02 -1.83277938e-02 -5.27091946e-02
 -6.07777437e-02 -1.82825397e-02 -5.08219753e-02 -7.81901178e-02
 -2.82252686e-02 -2.30782913e-02 -7.40045460e-02 -5.66730176e-02
  6.43276006e-04 -5.31723361e-02 -5.96353218e-02 -2.69081156e-02
 -3.07345628e-02 -4.36362187e-02 -4.81390381e-02 -2.24250901e-02
 -1.73963138e-02 -2.92505776e-02 -3.03058685e-02  1.42512859e-02
 -4.63411824e-02 -4.30236561e-03  3.27851435e-02 -1.77011410e-02
  9.73657129e-03  3.03974273e-02  1.81885606e-02  2.03443964e-02
  5.92738707e-02  7.89122883e-03  4.91190556e-02  5.81699486e-02
  1.93100440e-02  3.92781110e-02  3.39643014e-02  2.30228119e-02
  2.18493200e-02  4.19355880e-02  2.85775450e-02  3.17643560e-02
  2.77179237e-02  6.36562565e-02  1.93886570e-02  2.94705253e-02
  7.52950569e-02  4.01026660e-02 -7.73066312e-03  6.28011569e-02
  3.50784113e-02 -7.70182583e-03  2.95038842e-02 -8.67964814e-03
  1.39249574e-02  1.66553813e-02 -2.53138658e-02  7.86972751e-03
  9.45097520e-03 -3.05745224e-02 -1.61159345e-02  1.47693064e-02
 -3.65115513e-02 -2.67678692e-02  5.51642102e-04 -3.62463121e-02
 -3.78761910e-02 -7.51305323e-02 -2.48274969e-02 -6.85205083e-02
 -8.19803355e-02 -7.10874772e-02 -5.88254575e-02 -9.22940840e-02
 -9.55295263e-02 -7.94653751e-02 -8.23626312e-02 -7.64046639e-02
 -1.32282226e-01 -5.56499225e-02 -9.75009686e-02 -1.04538542e-01
 -8.43340735e-02 -8.07926595e-02 -1.32175301e-01 -8.64689708e-02
 -1.26359851e-01]",0.8950724637681159,0.5984782608695652,0.0,0.8879044117647059,0.5884191176470588,0.0,0.8651153846153846,0.5381538461538462,0.0,0.8407083333333333,0.49525,0.0,0.8241818181818181,0.4700909090909091,0.0,0.0
4.0,0.14,1313,0.5,0.0,1.0,0.0,0.0,,0.0,0.0,0.0,,0.0,0.0,0.0,1,1.0,1,1.0,1.0,1.0,1.0,"[1. 1. 1. 1. 1. 1. 1. 1. 1. 1. 1. 1. 1. 1. 1. 1. 1. 1. 1. 1. 1. 1. 1. 1.
 1. 1. 1. 1. 1. 1. 1. 1. 1. 1. 1. 1. 1. 1. 1. 1. 1. 1. 1. 1. 1. 1. 1. 1.
 1. 1. 1. 1. 1. 1. 1. 1. 1. 1. 1. 1. 1. 1. 1. 1. 1. 1. 1. 1. 1. 1. 1. 1.
 1. 1. 1. 1. 1. 1. 1. 1. 1. 1. 1. 1. 1. 1. 1. 1. 1. 1. 1. 1. 1. 1. 1. 1.
 1. 1. 1. 1. 1. 1. 1. 1. 1. 1. 1. 1. 1. 1. 1. 1. 1. 1. 1. 1. 1. 1. 1. 1.
 1. 1. 1. 1. 1. 1. 1. 1. 1. 1. 1. 1. 1. 1. 1. 1. 1. 1. 1. 1. 1. 1. 1. 1.
 1. 1. 1. 1. 1. 1. 1. 1. 1. 1. 1. 1. 1. 1. 1. 1. 1.]",1.0,1.0,0.0,1.0,1.0,0.0,1.0,1.0,0.0,1.0,1.0,0.0,1.0,1.0,0.0,0.0
4.0,0.14,2029,0.519,0.02738091097305358,0.9475714285714285,0.056389860139307066,0.038179114667225726,700.0,0.31739752023444523,0.7199537806864679,0.40210599657975604,700.0,0.5752928043219147,0.4710261912678899,0.73577219006609,13,0.4932012195121946,3,0.7674988378777592,0.4134956909052101,10.0,1.0178776950817157,"[1.         0.7001148  0.76306342 0.76749884 0.7495257  0.69785789
 0.72705729 0.70790644 0.66185441 0.70233991 0.64612493 0.65286121
 0.63488807 0.68318112 0.60118811 0.66065815 0.61904419 0.63695748
 0.61556032 0.63695218 0.60656977 0.6010059  0.61891919 0.59190625
 0.61880478 0.59858533 0.60756792 0.5929097  0.61643876 0.58167284
 0.59060088 0.60177524 0.59722541 0.58155314 0.59053573 0.58710906
 0.59839252 0.57929623 0.58266304 0.58939933 0.59624472 0.59169489
 0.58500786 0.59623677 0.57377101 0.57831553 0.5726971  0.58392601
 0.55589902 0.57044284 0.55477057 0.56824579 0.54364282 0.56615784
 0.55599223 0.54149767 0.5572192  0.52689134 0.54255832 0.53806305
 0.527952   0.51554008 0.54356177 0.50756359 0.5210388  0.53109
 0.51648633 0.51305966 0.52321996 0.50412367 0.50075155 0.52989639
 0.49967765 0.51208427 0.50528813 0.48961585 0.49303722 0.51100506
 0.49190877 0.49415243 0.47724789 0.49746204 0.47606488 0.47488453
 0.47819679 0.47819414 0.47813694 0.46471097 0.44561468 0.47139005
 0.44560938 0.44336042 0.44335777 0.44110881 0.43099776 0.43099511
 0.44003226 0.41532018 0.41312577 0.4086305  0.40862785 0.38728525
 0.42097726 0.39963466 0.39283852 0.40519058 0.39171007 0.3983918
 0.38603444 0.3893467  0.38255056 0.37249407 0.37810719 0.38265172
 0.36248682 0.36590819 0.36253608 0.36488884 0.35472324 0.36932161
 0.35359479 0.3660014  0.33791986 0.3548191  0.34358489 0.3447054
 0.31667841 0.33908432 0.32672696 0.31656136 0.3244208  0.30414679
 0.32660725 0.297348   0.31526129 0.27920856 0.32525529 0.28476448
 0.30604723 0.28245832 0.29812529 0.27683724 0.28694299 0.27683194
 0.2599274  0.27789524 0.26216841 0.25761859 0.24638438 0.28237727
 0.22172421 0.26097746 0.2385117  0.23289327 0.23401377 0.24187321
 0.23507708 0.22389742 0.24523473 0.2193995  0.2485989 ]",0.963731884057971,0.8730797101449276,0.0,0.9603308823529412,0.8665441176470589,0.0,0.9560384615384615,0.8575,0.0,0.946875,0.8367916666666667,0.0,0.9331818181818182,0.8125454545454546,0.0,0.0
4.0,0.14,3001,0.5728928571428571,0.04529690882366689,0.8080714285714286,0.07579951402568894,0.1781559573583617,350.0,0.07473237724560554,0.8835916390221557,0.18947547127811198,350.0,0.23295150313725832,0.7557849811970114,0.45661944916872593,2,0.23368433064990168,4,0.4798394097007492,-0.013074622666870176,13.0,1.069281663516068,"[ 1.00000000e+00  3.10933416e-01  4.51297866e-01  4.78211039e-01
  4.79839410e-01  3.67213755e-01  4.45619161e-01  4.25912536e-01
  4.08792644e-01  3.32941574e-01  4.05852948e-01  3.72571525e-01
  3.21584348e-01  3.11522249e-01  3.54697295e-01  2.63205949e-01
  2.80073222e-01  3.16410698e-01  2.74025539e-01  2.72244892e-01
  2.99578976e-01  2.22264488e-01  2.45868987e-01  2.48018612e-01
  2.27068792e-01  2.48487933e-01  2.44220897e-01  2.09175026e-01
  2.51948699e-01  2.09142630e-01  2.17207196e-01  1.91605165e-01
  2.43081200e-01  2.25860964e-01  1.74151845e-01  2.32044540e-01
  2.31526624e-01  2.33996815e-01  1.85496026e-01  2.60913326e-01
  1.90035034e-01  2.19233909e-01  2.45846052e-01  2.37849432e-01
  1.75352936e-01  2.50349325e-01  2.08064510e-01  1.78412328e-01
  2.17035506e-01  1.85939442e-01  1.75777000e-01  1.54004896e-01
  1.67563495e-01  2.00692641e-01  1.74148445e-01  1.66151826e-01
  1.60019998e-01  1.12762404e-01  1.28386482e-01  1.48782651e-01
  8.23558842e-02  1.43978163e-01  1.41255353e-01  9.40981023e-02
  1.07336135e-01  1.29797783e-01  5.38463693e-02  8.95622483e-02
  1.20726259e-01  5.93726142e-02  8.25562035e-02  3.42561022e-02
  7.04932349e-02  6.32185560e-02  4.25893029e-02  2.99209354e-02
  3.82865328e-02 -3.43562072e-02  2.77873254e-02  1.32541659e-02
  8.88678645e-03  1.30210822e-02  1.69351548e-02 -1.70682084e-02
  1.29724872e-02 -2.34169217e-02  1.15770165e-02  3.05914295e-03
 -2.45108759e-03 -1.41772912e-02  1.81295706e-02  1.12955775e-03
 -2.05422028e-02  2.30537541e-02  5.53248753e-03  8.72461933e-03
 -4.86637624e-03 -1.42065342e-02  2.04863733e-02 -3.66164340e-02
  3.78587013e-02  1.03918778e-02 -2.88852946e-02 -9.29613999e-04
 -3.24215008e-04 -2.68684105e-02  2.12977759e-03 -5.34558844e-03
 -1.59289410e-02 -2.63116065e-02  1.59408123e-02 -5.78447788e-02
 -3.69468916e-02 -3.44767007e-02 -4.94112344e-02 -8.83873761e-02
 -5.67021117e-02 -6.32548497e-02 -8.79342533e-02 -1.10007388e-01
 -1.01742134e-01 -6.73697934e-02 -1.42398579e-01 -8.77142142e-02
 -1.05235481e-01 -1.45033907e-01 -1.00916696e-01 -1.12943931e-01
 -1.06643812e-01 -1.17748419e-01 -1.38798582e-01 -1.27525685e-01
 -1.16874385e-01 -1.61023993e-01 -1.15142334e-01 -1.28212076e-01
 -1.50605777e-01 -1.08874612e-01 -1.60904297e-01 -1.38944367e-01
 -1.43933343e-01 -1.46235244e-01 -1.38792274e-01 -1.51742137e-01
 -1.63568684e-01 -1.49689518e-01 -1.58187856e-01 -1.97565372e-01
 -1.40494961e-01 -1.63811291e-01 -1.92721996e-01 -1.72947424e-01
 -1.82067359e-01 -1.67987506e-01 -1.88195849e-01 -1.82617672e-01
 -1.72688313e-01 -2.09479096e-01 -2.12904312e-01 -1.86492857e-01
 -1.98921465e-01]",0.8726811594202899,0.5441666666666667,0.0,0.8627573529411765,0.5223897058823529,0.0,0.8374230769230769,0.4736153846153846,0.0,0.8120416666666667,0.43145833333333333,0.0,0.7979545454545455,0.40536363636363637,0.0,0.0
4.0,0.14,4099,0.5374285714285714,0.04848595420430581,0.8967142857142858,0.11079223062718313,0.09511005441342678,700.0,0.30691645176606935,0.644903661958635,0.5807585836556104,700.0,0.4261217352855433,0.4481911623673633,0.844358309897521,2,0.6355859860644418,2,0.8699795810129313,0.3539843846080176,9.0,1.0322315408649894,"[1.         0.82775436 0.86997958 0.85692366 0.86159678 0.80984407
 0.85645271 0.82124609 0.81629863 0.81282505 0.81926301 0.78407552
 0.79867929 0.77720485 0.77489508 0.76996674 0.77380524 0.74529055
 0.76449222 0.74474437 0.73632459 0.73403394 0.73581665 0.7285798
 0.71061591 0.73361909 0.7077421  0.70314295 0.69530508 0.6971069
 0.68317812 0.68323423 0.67366975 0.67341578 0.65397801 0.65810746
 0.64305311 0.64514588 0.61988904 0.62871199 0.60954605 0.61020318
 0.58987343 0.60362346 0.57539973 0.5888588  0.57956616 0.57876852
 0.55669305 0.57977271 0.54894952 0.54931569 0.54267987 0.54271685
 0.53229863 0.53441053 0.52688273 0.526667   0.51681156 0.51310439
 0.49713894 0.49315994 0.48797888 0.48830682 0.48341671 0.46832412
 0.47243445 0.46577951 0.46032662 0.44612601 0.45025546 0.44036179
 0.45087309 0.43114437 0.43636115 0.42239413 0.42648534 0.41397309
 0.41313722 0.41290237 0.39548215 0.40217282 0.39959122 0.40133568
 0.38480745 0.38750125 0.37622929 0.36660746 0.3684284  0.36578944
 0.35447924 0.34456645 0.35827824 0.34256551 0.33474675 0.33649121
 0.33241661 0.32277565 0.32570305 0.3253726  0.31483967 0.31683684
 0.3109974  0.303374   0.3103365  0.3070774  0.30558314 0.30697929
 0.31048859 0.29473761 0.29646296 0.30317275 0.28480319 0.28800242
 0.29234635 0.29118128 0.27628404 0.28731989 0.28409903 0.27620379
 0.2793839  0.28491076 0.27528892 0.27817808 0.27175673 0.26593641
 0.26535324 0.26096857 0.26122002 0.25681623 0.26583452 0.25299308
 0.25177065 0.2474051  0.24680281 0.23196294 0.23981742 0.22990463
 0.22404607 0.23071762 0.23595352 0.21091116 0.21732999 0.21527294
 0.21148929 0.20652271 0.21874149 0.1983735  0.20359029 0.20356991
 0.20471335 0.19365587 0.19829074 0.19623369 0.1918299  0.20286575
 0.19295296 0.1885874  0.1923303  0.18674357 0.18759605]",0.9314855072463768,0.7639855072463768,0.0,0.9201838235294117,0.7394117647058823,0.0,0.9046923076923077,0.7146538461538462,0.0,0.8945416666666667,0.6989166666666666,0.0,0.869,0.6691818181818182,0.0,0.0
4.0,0.14,5003,0.5,0.0,1.0,0.0,0.0,,0.0,0.0,0.0,,0.0,0.0,0.0,1,1.0,1,1.0,1.0,1.0,1.0,"[1. 1. 1. 1. 1. 1. 1. 1. 1. 1. 1. 1. 1. 1. 1. 1. 1. 1. 1. 1. 1. 1. 1. 1.
 1. 1. 1. 1. 1. 1. 1. 1. 1. 1. 1. 1. 1. 1. 1. 1. 1. 1. 1. 1. 1. 1. 1. 1.
 1. 1. 1. 1. 1. 1. 1. 1. 1. 1. 1. 1. 1. 1. 1. 1. 1. 1. 1. 1. 1. 1. 1. 1.
 1. 1. 1. 1. 1. 1. 1. 1. 1. 1. 1. 1. 1. 1. 1. 1. 1. 1. 1. 1. 1. 1. 1. 1.
 1. 1. 1. 1. 1. 1. 1. 1. 1. 1. 1. 1. 1. 1. 1. 1. 1. 1. 1. 1. 1. 1. 1. 1.
 1. 1. 1. 1. 1. 1. 1. 1. 1. 1. 1. 1. 1. 1. 1. 1. 1. 1. 1. 1. 1. 1. 1. 1.
 1. 1. 1. 1. 1. 1. 1. 1. 1. 1. 1. 1. 1. 1. 1. 1. 1.]",1.0,1.0,0.0,1.0,1.0,0.0,1.0,1.0,0.0,1.0,1.0,0.0,1.0,1.0,0.0,0.0
4.0,0.18,101,0.7726071428571429,0.05518303264443459,0.41592857142857137,0.07810154954171093,1.1608281243474377,2.005730659025788,0.1797725508535528,0.7127182801451577,0.1106571359036034,2.005730659025788,0.19182483784134044,0.709831897604381,0.10762298015804381,2,0.6450921832418934,4,0.6267765229214438,0.031452233120420336,256.0,1.6651415498999143,"[ 1.         -0.55199235  0.61675544 -0.42644236  0.62677652 -0.28742601
  0.39458949 -0.23625974  0.45006668 -0.15305187  0.28015449 -0.10380266
  0.33153322 -0.08619608  0.20843465 -0.06270863  0.29278758 -0.04023157
  0.1827564  -0.05344374  0.29465349 -0.06937093  0.19731667 -0.07731365
  0.30394431 -0.08781079  0.23803766 -0.14120961  0.35850471 -0.13179995
  0.24964453 -0.15517797  0.33830837 -0.10771118  0.22867617 -0.12659177
  0.30757312 -0.11718211  0.25688932 -0.15245654  0.33461529 -0.14520233
  0.26125781 -0.14143516  0.31652255 -0.13966286  0.24183348 -0.15383356
  0.30960605 -0.13388501  0.21695318 -0.13245981  0.28549776 -0.11386877
  0.18933193 -0.09897721  0.22157587 -0.04467101  0.13224944 -0.05067072
  0.1887111  -0.04730253  0.12397543 -0.05641623  0.18959254 -0.08993418
  0.16858243 -0.13359205  0.26387323 -0.14624465  0.19365567 -0.16608377
  0.26707073 -0.15747206  0.20717961 -0.17928012  0.29036155 -0.19954414
  0.26232551 -0.22252319  0.31993222 -0.21037258  0.24074572 -0.19295252
  0.27650263 -0.1669625   0.18893268 -0.143102    0.20126982 -0.10694613
  0.13829063 -0.07917369  0.15219773 -0.08927186  0.11282484 -0.06131291
  0.14115684 -0.07258207  0.09536944 -0.07544186  0.1512456  -0.06776275
  0.10271726 -0.09209931  0.15393539 -0.10374152  0.13723619 -0.13781903
  0.19995176 -0.17482401  0.19573446 -0.1876372   0.25161062 -0.20944526
  0.23956944 -0.21171956  0.25837294 -0.19525804  0.19794819 -0.1885634
  0.2325341  -0.15296709  0.18751872 -0.17631918  0.20296985 -0.13939129
  0.14038964 -0.14012155  0.13827593 -0.0811314   0.08897557 -0.06506885
  0.09215725 -0.03048293  0.04714187 -0.05694902  0.09929261 -0.06196426
  0.0907644  -0.08512983  0.1165679  -0.0567719   0.09145933 -0.09633131
  0.13094165 -0.10310304  0.11794193 -0.12919608  0.16327919 -0.11273456
  0.14189604 -0.15072401  0.15521763 -0.10323129  0.14261689 -0.13499275
  0.14909908 -0.08827205  0.12497497 -0.11963454  0.1359546 ]",0.6275,0.07608695652173914,0.0,0.9071691176470589,0.6841176470588235,0.0,0.6285384615384615,0.07523076923076923,0.0,0.8818333333333334,0.6134166666666667,0.0,0.6261363636363636,0.07190909090909091,0.0,0.0
4.0,0.18,707,0.7415714285714284,0.06389468375573118,0.4122857142857143,0.0907456638644739,1.3859412980121135,2.0,0.14813726227601728,0.7934469610301893,0.04390706785126653,2.0,0.11791923691360472,0.796443628302556,0.07095810812152209,2,0.46237604869785787,4,0.44573222853517486,-0.0026119364379838857,400.0,1.417137245273754,"[ 1.00000000e+00 -4.34708369e-01  3.05486113e-01 -2.52294146e-01
  4.45732229e-01 -8.24423762e-02  1.53272476e-02 -2.09166700e-02
  2.64432259e-01  1.13453858e-02 -2.69679040e-02 -5.40818147e-03
  2.34394731e-01 -2.55173537e-02  2.17224117e-02 -5.45211094e-02
  2.71481692e-01 -2.99591011e-02 -1.14575887e-02 -1.98306549e-02
  2.03491628e-01 -7.41970340e-03 -7.55988965e-03 -2.51472388e-02
  2.05007690e-01 -4.49597242e-03 -1.74266143e-02 -2.95964211e-02
  2.01859610e-01 -4.37552186e-02  2.86466270e-02 -5.63849110e-02
  2.19095467e-01 -5.94806212e-02  1.21603893e-02 -2.70054324e-02
  1.59999986e-01 -1.68769862e-02 -2.40555165e-02  2.67678564e-02
  1.06649182e-01  2.75754533e-02 -5.98451564e-02  3.82516017e-02
  1.26373242e-01 -4.11754460e-02  3.95658460e-02 -6.90986671e-02
  2.25243977e-01 -1.05049070e-01  1.20239559e-02 -6.16247954e-02
  1.83496528e-01 -4.75856072e-02  1.80901588e-02 -2.72540403e-02
  1.48034022e-01 -2.86149473e-02 -2.38778585e-02 -2.76933491e-02
  1.59525202e-01 -5.05187274e-02  2.26365184e-02 -7.88682144e-02
  2.20891972e-01 -7.65389474e-02  2.07969756e-02 -5.20983754e-02
  1.97473957e-01 -7.94738944e-02 -4.03614338e-03 -3.90929600e-02
  1.54851671e-01 -2.34255352e-02 -4.85072338e-02 -8.41237899e-03
  1.26434944e-01 -3.91509378e-02 -6.11673172e-03 -5.92675449e-02
  1.48121810e-01 -3.34118692e-02 -1.46823540e-02 -3.17368707e-02
  9.30362029e-02 -1.94324857e-02 -4.75426549e-02 -2.25281959e-02
  1.05060215e-01 -2.47490696e-02 -9.16946123e-03 -7.22953924e-02
  1.58940071e-01 -7.56042355e-02  1.47850402e-02 -8.30369534e-02
  1.43108102e-01 -6.10845848e-02 -9.82751100e-03 -9.30251143e-02
  1.68470272e-01 -9.82893283e-02  1.62880595e-02 -1.42913747e-01
  1.53711402e-01 -9.24511281e-02  1.45402134e-02 -1.26225592e-01
  1.41562173e-01 -8.56240901e-02 -2.53733013e-02 -8.10197527e-02
  9.44888774e-02 -4.59497941e-02 -3.68756975e-02 -1.08896212e-01
  1.31347836e-01 -1.14046425e-01  1.85258280e-02 -1.71027598e-01
  1.83713456e-01 -1.33028301e-01  3.26192128e-02 -1.64413693e-01
  1.55844431e-01 -9.49673715e-02 -3.03795749e-02 -9.35055061e-02
  9.70760849e-02 -1.71274068e-02 -8.52446143e-02 -5.94693202e-02
  5.42481009e-02 -6.44950236e-04 -6.63805209e-02 -7.74697932e-02
  9.12136258e-02 -6.25632035e-02 -3.14694986e-02 -1.11403194e-01
  1.00756870e-01 -6.61375494e-02 -4.00351209e-02 -1.08913164e-01
  1.23957971e-01 -7.36226371e-02 -9.46854129e-03 -1.31577779e-01
  1.19402222e-01 -8.20816929e-02  2.95270573e-04 -1.33744456e-01
  9.70721763e-02 -3.46999145e-02 -1.54427218e-03 -1.25494879e-01
  9.79488396e-02 -5.91910294e-02  1.35379504e-02 -9.24177916e-02
  5.75099273e-02]",0.6577173913043478,0.059347826086956525,0.0,0.8084926470588235,0.4116544117647059,0.0,0.6536153846153846,0.06111538461538461,0.0,0.75375,0.30775,0.0,0.6490454545454546,0.06263636363636364,0.0,0.0
4.0,0.18,1313,0.7226428571428571,0.04191591437092863,0.5075714285714286,0.06491611541686954,0.8086286547659938,4.0,0.1323187405054552,0.7663428407803585,0.028811189928211755,4.0,0.34392516212958896,0.6404952310525006,0.06582314399098241,4,0.36174618247379065,4,0.5721941807218163,0.029983014030524797,9.0,1.4118815815616927,"[ 1.         -0.29981942 -0.0591504  -0.12455525  0.57219418 -0.00823069
 -0.30643988  0.05444504  0.43364068  0.05466284 -0.31617421  0.03936907
  0.4608111   0.01149122 -0.27993801 -0.0013884   0.5031081  -0.06825101
 -0.20797871 -0.06150992  0.52180358 -0.05959713 -0.21118975 -0.02476038
  0.49486269 -0.02297592 -0.27203042  0.0466081   0.41198716  0.03580847
 -0.32452449  0.03466544  0.43224929 -0.02554554 -0.25074186 -0.0059637
  0.44259816 -0.00561756 -0.28022523  0.03913245  0.41129146 -0.04200923
 -0.21394172 -0.05391302  0.50299981 -0.0654318  -0.21630527 -0.00432273
  0.44906743 -0.0235973  -0.23972785  0.00772113  0.43509563 -0.05138568
 -0.22827481  0.02243581  0.38442489  0.0191353  -0.29432879  0.06570863
  0.38688964 -0.00467228 -0.23266775 -0.01996605  0.44346571 -0.09373695
 -0.16422676 -0.06326601  0.46457534 -0.08898638 -0.17799275 -0.00681828
  0.38300979 -0.00796131 -0.23726676  0.00568807  0.38645037 -0.04591963
 -0.21857128 -0.01786284  0.38298266 -0.05858145 -0.22979478  0.02456249
  0.35082846 -0.00611452 -0.25575984  0.00583987  0.35935401 -0.01610552
 -0.2463868   0.02368786  0.35419131 -0.00829913 -0.26654774  0.02666595
  0.3471278  -0.01392432 -0.23488317 -0.01794399  0.39319977 -0.06094841
 -0.23190508 -0.00407681  0.36130225 -0.00822481 -0.2698634   0.03436772
  0.32601475  0.00238073 -0.2484971   0.02111507  0.34327191 -0.02188935
 -0.20073013 -0.05400467  0.43569942 -0.09544244 -0.15381066 -0.05480157
  0.40041192 -0.06064456 -0.19274481 -0.02144201  0.35130783 -0.03321746
 -0.24654886  0.01530753  0.34254933 -0.03799516 -0.22009759 -0.01430418
  0.37141475 -0.08103845 -0.1809339  -0.03628844  0.35875293 -0.03691813
 -0.24614039  0.05359659  0.28180986  0.009488   -0.25286974  0.0306365
  0.29796286 -0.01817205 -0.24010672  0.01242722  0.28771519 -0.02888221
 -0.23386699  0.00777786  0.30425319 -0.02942243 -0.268307    0.06291561
  0.2511683   0.00876543 -0.25372065  0.02991392  0.29456946]",0.5764855072463768,0.01217391304347826,0.0,0.9422426470588235,0.8015808823529412,0.0,0.5728846153846154,0.009653846153846153,0.0,0.924375,0.757625,0.0,0.5793636363636364,0.012,0.0,0.0
4.0,0.18,2029,0.7264642857142857,0.0332012071024718,0.5191428571428571,0.07448380182760463,0.7648046636244061,4.0,0.5955897010304667,0.30616789372343545,0.01030617849031305,4.0,0.6692598877431143,0.23029878558417846,0.01546294544756217,16,0.8494890498159112,4,0.9190027894149377,0.013366645086241078,5.0,1.3352930369281646,"[ 1.         -0.14814986 -0.6166489  -0.12353392  0.91900279 -0.11069679
 -0.63198345 -0.10974883  0.91862535 -0.11107423 -0.62760817 -0.11131813
  0.90482476 -0.10363101 -0.62491767 -0.12432414  0.91266527 -0.1131718
 -0.61272173 -0.11534695  0.89628968 -0.10275629 -0.62419377 -0.11780647
  0.89472038 -0.10110683 -0.61080597 -0.11833474  0.89419211 -0.1071824
 -0.61663507 -0.10856298  0.87885756 -0.09958836 -0.61225978 -0.10626977
  0.86352301 -0.08442012 -0.62284161 -0.09996324  0.86556975 -0.09960385
 -0.59979753 -0.11722904  0.87058878 -0.10463837 -0.60225705 -0.10577249
  0.85203547 -0.09333265 -0.59981302 -0.10927305  0.85086346 -0.08460193
 -0.6110386  -0.10529505  0.84196642 -0.08859541 -0.6002258  -0.11226083
  0.85238193 -0.09853349 -0.59407009 -0.11640514  0.84719659 -0.09519924
 -0.58920187 -0.12168614  0.84899686 -0.09894627 -0.58136137 -0.11914646
  0.83688107 -0.09561202 -0.57971191 -0.12571496  0.83853052 -0.09331882
 -0.57276163 -0.12342175  0.82319597 -0.08330059 -0.5826997  -0.12395002
  0.82846147 -0.09180034 -0.56995565 -0.12729975  0.81505817 -0.08138483
 -0.57281245 -0.1256503   0.81606388 -0.09181583 -0.56819071 -0.12385002
  0.80409891 -0.08100303 -0.57114316 -0.12373454  0.79495541 -0.08321609
 -0.55637221 -0.12401634  0.78848255 -0.07834788 -0.56180402 -0.12518835
  0.7820097  -0.07590385 -0.55396351 -0.12032014  0.77350995 -0.07465168
 -0.55746407 -0.11376714  0.76396917 -0.07220765 -0.55244504 -0.11944542
  0.76304362 -0.0692707  -0.55321977 -0.11185138  0.74681885 -0.06875792
 -0.55117303 -0.11792694  0.7553031  -0.07072451 -0.5424423  -0.11949624
  0.74239274 -0.06843131 -0.54440889 -0.11938076  0.74443948 -0.06791853
 -0.53954068 -0.11684109  0.73152911 -0.06448865 -0.5394252  -0.12187561
  0.73332939 -0.06694817 -0.53158469 -0.12215741  0.72685654 -0.0627237
 -0.53162003 -0.12565797  0.72657474 -0.06582698 -0.52442327 -0.12143351
  0.71807499 -0.06353377 -0.52406132 -0.12582429  0.71368421]",0.5590942028985507,0.0033695652173913043,0.0,0.9859926470588235,0.9320588235294117,0.0,0.5595,0.003576923076923077,0.0,0.98425,0.9255833333333333,0.0,0.5612272727272727,0.0034545454545454545,0.0,0.0
4.0,0.18,3001,0.8022142857142857,0.026934254800024673,0.3848571428571429,0.05063152200367044,1.007226593546336,2.0,0.3711574039601577,0.6123327920651538,0.05540139097374472,2.0,0.31416626963623073,0.5606179150986437,0.2507190612124137,4,0.5672802296339984,4,0.7526453602760383,0.10669289733363359,695.0,2.531954887218045,"[ 1.00000000e+00 -7.46736146e-02  4.19641896e-01 -7.97317860e-04
  7.52645360e-01  5.44186385e-02  2.96572766e-01  1.03218113e-01
  6.57988668e-01  1.23310595e-01  2.18761330e-01  1.40911318e-01
  6.22815792e-01  9.17678876e-02  2.42101040e-01  1.15490539e-01
  6.46155501e-01  6.59251812e-02  2.61261279e-01  6.63860944e-02
  6.49441714e-01  3.95331731e-02  2.54795394e-01  6.18626677e-02
  6.09118137e-01  6.05084966e-02  2.11685504e-01  7.58722071e-02
  5.85090515e-01  3.92671881e-02  2.24851188e-01  4.11212581e-02
  6.15396009e-01 -1.26235702e-02  2.50005982e-01 -2.83248682e-03
  6.39157646e-01 -3.98594333e-02  2.52448339e-01  1.31195112e-02
  5.77642165e-01  1.59131489e-03  1.92326015e-01  3.78523777e-02
  5.49013145e-01  3.80187377e-02  1.45164029e-01  8.50031275e-02
  5.04215545e-01  2.98651424e-02  1.76018824e-01  2.39095733e-02
  5.36463497e-01 -1.03310595e-02  2.05058535e-01  1.67272074e-02
  5.64110051e-01 -4.30121756e-02  2.16409135e-01 -1.51100537e-02
  5.52620841e-01 -5.49233138e-02  2.19822722e-01 -1.03033101e-02
  5.49617945e-01 -4.26014844e-02  1.87563534e-01 -3.97603543e-03
  5.09421743e-01 -3.40371979e-02  1.83167481e-01 -1.07364739e-02
  5.21321645e-01 -6.90827001e-02  2.12629120e-01 -5.09326758e-02
  5.34065402e-01 -7.72362953e-02  1.84549402e-01 -2.00778803e-02
  5.03621298e-01 -5.47404407e-02  1.51740911e-01  4.78236047e-03
  4.67182639e-01 -4.52049248e-02  1.32020134e-01  3.86308169e-04
  4.69203069e-01 -5.47516769e-02  1.30832323e-01 -1.89125416e-02
  4.70379644e-01 -8.51957812e-02  1.62109046e-01 -6.05019004e-02
  4.79365858e-01 -1.15217958e-01  1.56192463e-01 -4.27348180e-02
  4.48372452e-01 -1.20585240e-01  1.31320986e-01 -4.76801721e-02
  4.30888686e-01 -1.06997628e-01  1.00454954e-01 -4.19021993e-02
  3.91663714e-01 -9.56470275e-02  9.69027565e-02 -5.56284218e-02
  3.94655373e-01 -1.34450073e-01  9.75300296e-02 -6.99039461e-02
  3.75778451e-01 -1.32429643e-01  9.87066046e-02 -6.17615871e-02
  3.54664516e-01 -1.14535186e-01  4.03993640e-02 -6.11343140e-02
  3.46932849e-01 -1.37169651e-01  6.15020619e-02 -8.64277185e-02
  3.54653280e-01 -1.58705513e-01  6.26786368e-02 -1.14929364e-01
  3.69761423e-01 -1.86235929e-01  8.71169501e-02 -1.22955585e-01
  3.70094143e-01 -1.83538823e-01  5.58289909e-02 -1.00332356e-01
  3.19301989e-01 -1.35416844e-01  1.11587653e-02 -5.22103769e-02
  2.80204390e-01 -1.45807451e-01  1.05202559e-02 -9.00421927e-02
  3.11608488e-01 -1.86847508e-01  5.40408371e-02 -1.23989091e-01
  3.32838560e-01 -2.14799852e-01  7.24845957e-02 -1.44553724e-01
  3.28442508e-01 -2.11258891e-01  3.46527798e-02 -1.24844183e-01
  2.85038064e-01]",0.6247101449275362,0.02782608695652174,0.0,0.9751838235294118,0.9096691176470588,0.0,0.6243846153846154,0.024076923076923076,0.0,0.9656666666666667,0.87925,0.0,0.6244545454545455,0.01659090909090909,0.0,0.0
4.0,0.18,4099,0.7561428571428571,0.08703312763610446,0.36242857142857143,0.11349557215133631,2.072175479900802,700.0,0.054711207852344824,0.8181654681990527,0.12359976477874499,700.0,0.03879136890117689,0.8028689695827597,0.09380089098568274,2,0.5476776869030953,2,0.6210229304838304,0.032863160829407656,80.0,1.2568739162744613,"[ 1.         -0.57151564  0.62102293 -0.35099193  0.42378929 -0.14765664
  0.23528849 -0.01412145  0.14701884  0.03187071  0.07676938  0.0693352
  0.10612446  0.06541932  0.07614634  0.07841619  0.05316857  0.12974358
 -0.00751628  0.12707457  0.03591005  0.0973737   0.05396648  0.06018528
  0.11180864  0.04490182  0.09680245  0.01360632  0.14313919  0.02355493
  0.0894563  -0.00406571  0.13302046  0.00255581  0.10699445  0.0046691
  0.1075147   0.02258928  0.08148869  0.00515668  0.11687295 -0.00361042
  0.0959065   0.00411854  0.09878424  0.00949002  0.05480537  0.03406122
  0.08970562  0.00761853  0.08135362 -0.00204926  0.08831972  0.02307645
  0.08495678 -0.00690326  0.098646   -0.00263923  0.05743971  0.02137745
  0.04624462  0.06209854 -0.01360845  0.06289605  0.02302426  0.04088948
  0.03678398  0.01410061  0.08520096 -0.00735144  0.04739069  0.0036357
  0.07196347  0.02141646  0.03200563  0.0400274   0.01706836  0.03673496
  0.04115396  0.00585297  0.06690311  0.01954219  0.03858853  0.00384364
  0.05699272  0.01469294  0.04780894 -0.02388018  0.08818385 -0.04948952
  0.08801175 -0.04397862  0.09539295 -0.02481316  0.04559166 -0.01126336
  0.05020187  0.0408958   0.01197492  0.03829571  0.0077802   0.07790935
 -0.02143666  0.07038754 -0.00546046  0.06598606  0.01661542  0.00335882
  0.08187463 -0.03507647  0.12294506 -0.08480884  0.12984066 -0.0357716
  0.05834116  0.01298997  0.04104799  0.06411219 -0.0140212   0.06005848
  0.01484829  0.0623817   0.01578522  0.02560996  0.05165508  0.03112086
  0.04981785  0.0262322   0.0249682   0.05600239  0.01217849  0.04667919
  0.0397306   0.03389106  0.04829134  0.00848689  0.02212432  0.04248645
  0.02112045  0.05478938 -0.01107575  0.09412575 -0.05921507  0.09935939
 -0.04573419  0.11298128 -0.05006516  0.10428151 -0.08752926  0.1538091
 -0.11029868  0.17082383 -0.11587968  0.14098354 -0.06801722  0.06650471
 -0.02951262  0.03930074  0.03193706 -0.03697948  0.09941592]",0.7122826086956522,0.16380434782608697,0.0,0.7318382352941176,0.22573529411764706,0.0,0.6828461538461539,0.13153846153846155,0.0,0.6895,0.161625,0.0,0.6552272727272728,0.09559090909090909,0.0,0.0
4.0,0.18,5003,0.7773214285714286,0.05904722902136933,0.3682142857142857,0.0763943514847499,1.35045996961233,700.0,0.06423221718036042,0.825862155102522,0.10305573507468135,2.1604938271604937,0.06420450144293119,0.8092339627296313,0.0801286554601746,2,0.45155815530466775,2,0.4713314079647812,0.006615662677493964,234.0,1.6104342393002187,"[ 1.00000000e+00 -4.87966686e-01  4.71331408e-01 -3.08546544e-01
  4.11866182e-01 -1.42200384e-01  1.30427401e-01 -1.99149820e-02
  1.76607459e-01  6.00887022e-02 -2.99498884e-02  7.77298031e-02
  1.04963642e-01  8.45218165e-02 -2.06495465e-02  2.74475857e-02
  1.56877906e-01  2.05536631e-02  8.25028334e-02 -5.47696583e-03
  2.18640274e-01 -8.19108294e-02  1.26907535e-01 -1.17898840e-01
  2.73671137e-01 -1.49882917e-01  1.62967794e-01 -1.08152645e-01
  1.98578516e-01 -7.05399566e-02  7.78609676e-02 -9.61615436e-03
  1.53860718e-01 -9.94467427e-03 -4.79803925e-03  8.78625287e-02
  4.46647205e-02  9.93272554e-02 -5.31875673e-02  1.18581295e-01
  2.11992444e-02  5.96711991e-02 -4.54433395e-02  8.38208783e-02
  5.21977614e-02  3.14761853e-02 -6.26648141e-03  1.70727009e-02
  1.17408933e-01 -3.46600372e-02  2.54532682e-02 -1.90777276e-02
  1.40618137e-01 -7.54831790e-02  7.00808967e-02 -1.31693648e-02
  1.48305540e-01 -8.85454205e-02  6.47511435e-02 -2.42296392e-02
  1.38246249e-01 -4.37516899e-02  2.69309521e-02  9.32597530e-03
  8.25132616e-02  4.93669700e-03 -5.85649031e-02  8.35503692e-02
 -2.59356511e-03  8.12198823e-02 -1.00000000e-01  9.76370732e-02
  8.21043758e-03  5.07431506e-02 -5.80431178e-02  6.37115382e-02
  1.95695709e-02  4.63534040e-03 -3.01225471e-03 -7.76617700e-03
  1.10871880e-01 -8.28100286e-02  7.70519381e-02 -5.10939632e-02
  8.91854442e-02 -7.56777557e-02  9.69180574e-03  2.90838784e-02
  1.26459872e-02  6.05429539e-04 -4.00877344e-02  8.28908316e-02
 -3.44628066e-02  4.01144918e-02 -9.82685421e-02  8.91882230e-02
 -4.32981876e-02  3.31718001e-02 -9.09701672e-02  1.05053968e-01
 -5.59714005e-02  6.63952105e-02 -7.74954181e-02  6.58437641e-02
 -2.49728835e-02 -3.17855972e-02 -2.04057636e-02  1.72881340e-02
  2.76669841e-02 -5.90889052e-02 -1.08256709e-02 -1.38530059e-02
  4.94293520e-02 -8.95088125e-02  2.11170052e-02 -2.00744649e-02
  2.30133787e-02 -5.26704966e-02 -2.62715394e-02  6.51651186e-02
 -1.90336731e-02  1.58230951e-03 -8.70662691e-02  4.57604009e-02
 -1.73521707e-02 -2.95063771e-02 -4.21588897e-02  3.24184086e-02
  4.58570336e-02 -8.55715691e-02  3.31233121e-02 -5.74704092e-02
  1.26869757e-01 -1.50260955e-01  1.15303121e-01 -1.01576252e-01
  1.64153925e-01 -1.79234026e-01  1.39181104e-01 -1.20924146e-01
  1.29896186e-01 -1.31489798e-01  5.07915763e-02 -3.85782350e-02
  6.18672745e-02 -4.83090060e-02  6.68573302e-03  3.20312534e-02
 -1.46153582e-02 -6.90725448e-03 -2.81839612e-02  4.98989650e-02
 -2.16148743e-02 -2.26970667e-02  1.51629330e-02 -2.97570913e-02
  7.38050174e-02 -1.08861701e-01  5.51178482e-02 -4.01485864e-02
  6.37457265e-02]",0.6691304347826087,0.13057971014492753,0.0,0.8501838235294118,0.542610294117647,0.0,0.668923076923077,0.13223076923076924,0.0,0.8034166666666667,0.423375,0.0,0.6906818181818182,0.16536363636363635,0.0,0.0
