{
    "cycle": "03",
    "ca_density": 0.1284,
    "rd_variance": 0.08281481747868814,
    "resonance_score": 1.5504284556877375
}