{"ca_density": 0.1284, "cycle": "03", "rd_variance": 0.0828148174786881, "resonance_score": 1.55042845568774}
